weather_id,location,date,day_of_year,hour,outdoor_temperature_C,relative_humidity_pct,wind_speed_mps,wind_direction_deg,ghi_W_m2,dni_W_m2,dhi_W_m2,cloud_fraction,snow_depth_m,snow_albedo,longwave_down_W_m2,air_pressure_Pa,air_density_kg_m3,weather_source,synthetic_flag
WX_LEH_NORMAL_WINTER,Leh,2026-01-15,15,0,-12.0,60.0,1.45,220.0,0.0,0.0,0.0,0.15,0.25,0.75,177.4,65764.1,0.8773,SYNTHETIC_CLIMATOLOGY,True
WX_LEH_NORMAL_WINTER,Leh,2026-01-15,15,1,-13.81,63.9,1.32,220.0,0.0,0.0,0.0,0.15,0.25,0.75,170.5,65764.1,0.8834,SYNTHETIC_CLIMATOLOGY,True
WX_LEH_NORMAL_WINTER,Leh,2026-01-15,15,2,-15.5,67.5,1.28,220.0,0.0,0.0,0.0,0.15,0.25,0.75,164.2,65764.1,0.8892,SYNTHETIC_CLIMATOLOGY,True
WX_LEH_NORMAL_WINTER,Leh,2026-01-15,15,3,-16.95,70.6,1.32,220.0,0.0,0.0,0.0,0.15,0.25,0.75,159.0,65764.1,0.8942,SYNTHETIC_CLIMATOLOGY,True
WX_LEH_NORMAL_WINTER,Leh,2026-01-15,15,4,-18.06,73.0,1.45,220.0,0.0,0.0,0.0,0.15,0.25,0.75,155.1,65764.1,0.8981,SYNTHETIC_CLIMATOLOGY,True
WX_LEH_NORMAL_WINTER,Leh,2026-01-15,15,5,-18.76,74.5,1.65,220.0,0.0,0.0,0.0,0.15,0.25,0.75,152.7,65764.1,0.9006,SYNTHETIC_CLIMATOLOGY,True
WX_LEH_NORMAL_WINTER,Leh,2026-01-15,15,6,-19.0,75.0,1.92,220.0,0.0,0.0,0.0,0.15,0.25,0.75,151.9,65764.1,0.9014,SYNTHETIC_CLIMATOLOGY,True
WX_LEH_NORMAL_WINTER,Leh,2026-01-15,15,7,-18.76,74.5,2.23,220.0,0.0,0.0,0.0,0.15,0.25,0.75,152.7,65764.1,0.9006,SYNTHETIC_CLIMATOLOGY,True
WX_LEH_NORMAL_WINTER,Leh,2026-01-15,15,8,-18.06,73.0,2.56,220.0,111.8,487.4,21.4,0.15,0.25,0.75,155.1,65764.1,0.8981,SYNTHETIC_CLIMATOLOGY,True
WX_LEH_NORMAL_WINTER,Leh,2026-01-15,15,9,-16.95,70.6,2.89,220.0,256.0,640.7,35.3,0.15,0.25,0.75,159.0,65764.1,0.8942,SYNTHETIC_CLIMATOLOGY,True
WX_LEH_NORMAL_WINTER,Leh,2026-01-15,15,10,-15.5,67.5,3.2,220.0,375.2,708.1,45.2,0.15,0.25,0.75,164.2,65764.1,0.8892,SYNTHETIC_CLIMATOLOGY,True
WX_LEH_NORMAL_WINTER,Leh,2026-01-15,15,11,-13.81,63.9,3.47,220.0,451.8,739.3,51.1,0.15,0.25,0.75,170.5,65764.1,0.8834,SYNTHETIC_CLIMATOLOGY,True
WX_LEH_NORMAL_WINTER,Leh,2026-01-15,15,12,-12.0,60.0,3.67,220.0,477.5,748.3,53.0,0.15,0.25,0.75,177.4,65764.1,0.8773,SYNTHETIC_CLIMATOLOGY,True
WX_LEH_NORMAL_WINTER,Leh,2026-01-15,15,13,-10.19,56.1,3.8,220.0,449.7,738.5,50.9,0.15,0.25,0.75,184.6,65764.1,0.8712,SYNTHETIC_CLIMATOLOGY,True
WX_LEH_NORMAL_WINTER,Leh,2026-01-15,15,14,-8.5,52.5,3.84,220.0,371.1,706.2,44.8,0.15,0.25,0.75,191.5,65764.1,0.8657,SYNTHETIC_CLIMATOLOGY,True
WX_LEH_NORMAL_WINTER,Leh,2026-01-15,15,15,-7.05,49.4,3.8,220.0,250.5,636.7,34.9,0.15,0.25,0.75,197.5,65764.1,0.861,SYNTHETIC_CLIMATOLOGY,True
WX_LEH_NORMAL_WINTER,Leh,2026-01-15,15,16,-5.94,47.0,3.67,220.0,105.9,477.4,20.8,0.15,0.25,0.75,202.3,65764.1,0.8574,SYNTHETIC_CLIMATOLOGY,True
WX_LEH_NORMAL_WINTER,Leh,2026-01-15,15,17,-5.24,45.5,3.47,220.0,0.0,0.0,0.0,0.15,0.25,0.75,205.4,65764.1,0.8551,SYNTHETIC_CLIMATOLOGY,True
WX_LEH_NORMAL_WINTER,Leh,2026-01-15,15,18,-5.0,45.0,3.2,220.0,0.0,0.0,0.0,0.15,0.25,0.75,206.4,65764.1,0.8544,SYNTHETIC_CLIMATOLOGY,True
WX_LEH_NORMAL_WINTER,Leh,2026-01-15,15,19,-5.24,45.5,2.89,220.0,0.0,0.0,0.0,0.15,0.25,0.75,205.4,65764.1,0.8551,SYNTHETIC_CLIMATOLOGY,True
WX_LEH_NORMAL_WINTER,Leh,2026-01-15,15,20,-5.94,47.0,2.56,220.0,0.0,0.0,0.0,0.15,0.25,0.75,202.3,65764.1,0.8574,SYNTHETIC_CLIMATOLOGY,True
WX_LEH_NORMAL_WINTER,Leh,2026-01-15,15,21,-7.05,49.4,2.23,220.0,0.0,0.0,0.0,0.15,0.25,0.75,197.5,65764.1,0.861,SYNTHETIC_CLIMATOLOGY,True
WX_LEH_NORMAL_WINTER,Leh,2026-01-15,15,22,-8.5,52.5,1.92,220.0,0.0,0.0,0.0,0.15,0.25,0.75,191.5,65764.1,0.8657,SYNTHETIC_CLIMATOLOGY,True
WX_LEH_NORMAL_WINTER,Leh,2026-01-15,15,23,-10.19,56.1,1.65,220.0,0.0,0.0,0.0,0.15,0.25,0.75,184.6,65764.1,0.8712,SYNTHETIC_CLIMATOLOGY,True
WX_LEH_COLD_WINTER,Leh,2026-01-15,15,0,-18.0,60.0,1.74,220.0,0.0,0.0,0.0,0.1,0.4,0.75,151.9,65764.1,0.8979,SYNTHETIC_CLIMATOLOGY,True
WX_LEH_COLD_WINTER,Leh,2026-01-15,15,1,-19.81,63.9,1.59,220.0,0.0,0.0,0.0,0.1,0.4,0.75,145.8,65764.1,0.9043,SYNTHETIC_CLIMATOLOGY,True
WX_LEH_COLD_WINTER,Leh,2026-01-15,15,2,-21.5,67.5,1.54,220.0,0.0,0.0,0.0,0.1,0.4,0.75,140.2,65764.1,0.9104,SYNTHETIC_CLIMATOLOGY,True
WX_LEH_COLD_WINTER,Leh,2026-01-15,15,3,-22.95,70.6,1.59,220.0,0.0,0.0,0.0,0.1,0.4,0.75,135.6,65764.1,0.9157,SYNTHETIC_CLIMATOLOGY,True
WX_LEH_COLD_WINTER,Leh,2026-01-15,15,4,-24.06,73.0,1.74,220.0,0.0,0.0,0.0,0.1,0.4,0.75,132.1,65764.1,0.9198,SYNTHETIC_CLIMATOLOGY,True
WX_LEH_COLD_WINTER,Leh,2026-01-15,15,5,-24.76,74.5,1.99,220.0,0.0,0.0,0.0,0.1,0.4,0.75,130.0,65764.1,0.9224,SYNTHETIC_CLIMATOLOGY,True
WX_LEH_COLD_WINTER,Leh,2026-01-15,15,6,-25.0,75.0,2.3,220.0,0.0,0.0,0.0,0.1,0.4,0.75,129.2,65764.1,0.9232,SYNTHETIC_CLIMATOLOGY,True
WX_LEH_COLD_WINTER,Leh,2026-01-15,15,7,-24.76,74.5,2.67,220.0,0.0,0.0,0.0,0.1,0.4,0.75,130.0,65764.1,0.9224,SYNTHETIC_CLIMATOLOGY,True
WX_LEH_COLD_WINTER,Leh,2026-01-15,15,8,-24.06,73.0,3.07,220.0,118.6,531.0,20.1,0.1,0.4,0.75,132.1,65764.1,0.9198,SYNTHETIC_CLIMATOLOGY,True
WX_LEH_COLD_WINTER,Leh,2026-01-15,15,9,-22.95,70.6,3.47,220.0,272.2,698.0,31.7,0.1,0.4,0.75,135.6,65764.1,0.9157,SYNTHETIC_CLIMATOLOGY,True
WX_LEH_COLD_WINTER,Leh,2026-01-15,15,10,-21.5,67.5,3.84,220.0,399.1,771.5,39.6,0.1,0.4,0.75,140.2,65764.1,0.9104,SYNTHETIC_CLIMATOLOGY,True
WX_LEH_COLD_WINTER,Leh,2026-01-15,15,11,-19.81,63.9,4.16,220.0,480.8,805.4,44.2,0.1,0.4,0.75,145.8,65764.1,0.9043,SYNTHETIC_CLIMATOLOGY,True
WX_LEH_COLD_WINTER,Leh,2026-01-15,15,12,-18.0,60.0,4.4,220.0,508.2,815.3,45.7,0.1,0.4,0.75,151.9,65764.1,0.8979,SYNTHETIC_CLIMATOLOGY,True
WX_LEH_COLD_WINTER,Leh,2026-01-15,15,13,-16.19,56.1,4.56,220.0,478.5,804.6,44.1,0.1,0.4,0.75,158.3,65764.1,0.8916,SYNTHETIC_CLIMATOLOGY,True
WX_LEH_COLD_WINTER,Leh,2026-01-15,15,14,-14.5,52.5,4.61,220.0,394.8,769.4,39.3,0.1,0.4,0.75,164.4,65764.1,0.8858,SYNTHETIC_CLIMATOLOGY,True
WX_LEH_COLD_WINTER,Leh,2026-01-15,15,15,-13.05,49.4,4.56,220.0,266.3,693.7,31.3,0.1,0.4,0.75,169.9,65764.1,0.8808,SYNTHETIC_CLIMATOLOGY,True
WX_LEH_COLD_WINTER,Leh,2026-01-15,15,16,-11.94,47.0,4.4,220.0,112.3,520.2,19.6,0.1,0.4,0.75,174.1,65764.1,0.8771,SYNTHETIC_CLIMATOLOGY,True
WX_LEH_COLD_WINTER,Leh,2026-01-15,15,17,-11.24,45.5,4.16,220.0,0.0,0.0,0.0,0.1,0.4,0.75,176.9,65764.1,0.8747,SYNTHETIC_CLIMATOLOGY,True
WX_LEH_COLD_WINTER,Leh,2026-01-15,15,18,-11.0,45.0,3.84,220.0,0.0,0.0,0.0,0.1,0.4,0.75,177.8,65764.1,0.8739,SYNTHETIC_CLIMATOLOGY,True
WX_LEH_COLD_WINTER,Leh,2026-01-15,15,19,-11.24,45.5,3.47,220.0,0.0,0.0,0.0,0.1,0.4,0.75,176.9,65764.1,0.8747,SYNTHETIC_CLIMATOLOGY,True
WX_LEH_COLD_WINTER,Leh,2026-01-15,15,20,-11.94,47.0,3.07,220.0,0.0,0.0,0.0,0.1,0.4,0.75,174.1,65764.1,0.8771,SYNTHETIC_CLIMATOLOGY,True
WX_LEH_COLD_WINTER,Leh,2026-01-15,15,21,-13.05,49.4,2.67,220.0,0.0,0.0,0.0,0.1,0.4,0.75,169.9,65764.1,0.8808,SYNTHETIC_CLIMATOLOGY,True
WX_LEH_COLD_WINTER,Leh,2026-01-15,15,22,-14.5,52.5,2.3,220.0,0.0,0.0,0.0,0.1,0.4,0.75,164.4,65764.1,0.8858,SYNTHETIC_CLIMATOLOGY,True
WX_LEH_COLD_WINTER,Leh,2026-01-15,15,23,-16.19,56.1,1.99,220.0,0.0,0.0,0.0,0.1,0.4,0.75,158.3,65764.1,0.8916,SYNTHETIC_CLIMATOLOGY,True
WX_LEH_EXTREME_WINTER,Leh,2026-01-15,15,0,-24.0,60.0,2.18,220.0,0.0,0.0,0.0,0.05,0.6,0.75,129.1,65764.1,0.9195,SYNTHETIC_CLIMATOLOGY,True
WX_LEH_EXTREME_WINTER,Leh,2026-01-15,15,1,-25.81,63.9,1.99,220.0,0.0,0.0,0.0,0.05,0.6,0.75,123.6,65764.1,0.9263,SYNTHETIC_CLIMATOLOGY,True
WX_LEH_EXTREME_WINTER,Leh,2026-01-15,15,2,-27.5,67.5,1.92,220.0,0.0,0.0,0.0,0.05,0.6,0.75,118.7,65764.1,0.9326,SYNTHETIC_CLIMATOLOGY,True
WX_LEH_EXTREME_WINTER,Leh,2026-01-15,15,3,-28.95,70.6,1.99,220.0,0.0,0.0,0.0,0.05,0.6,0.75,114.7,65764.1,0.9382,SYNTHETIC_CLIMATOLOGY,True
WX_LEH_EXTREME_WINTER,Leh,2026-01-15,15,4,-30.06,73.0,2.18,220.0,0.0,0.0,0.0,0.05,0.6,0.75,111.6,65764.1,0.9425,SYNTHETIC_CLIMATOLOGY,True
WX_LEH_EXTREME_WINTER,Leh,2026-01-15,15,5,-30.76,74.5,2.48,220.0,0.0,0.0,0.0,0.05,0.6,0.75,109.7,65764.1,0.9452,SYNTHETIC_CLIMATOLOGY,True
WX_LEH_EXTREME_WINTER,Leh,2026-01-15,15,6,-31.0,75.0,2.88,220.0,0.0,0.0,0.0,0.05,0.6,0.75,109.1,65764.1,0.9461,SYNTHETIC_CLIMATOLOGY,True
WX_LEH_EXTREME_WINTER,Leh,2026-01-15,15,7,-30.76,74.5,3.34,220.0,0.0,0.0,0.0,0.05,0.6,0.75,109.7,65764.1,0.9452,SYNTHETIC_CLIMATOLOGY,True
WX_LEH_EXTREME_WINTER,Leh,2026-01-15,15,8,-30.06,73.0,3.84,220.0,125.6,575.9,18.8,0.05,0.6,0.75,111.6,65764.1,0.9425,SYNTHETIC_CLIMATOLOGY,True
WX_LEH_EXTREME_WINTER,Leh,2026-01-15,15,9,-28.95,70.6,4.34,220.0,288.9,757.0,28.1,0.05,0.6,0.75,114.7,65764.1,0.9382,SYNTHETIC_CLIMATOLOGY,True
WX_LEH_EXTREME_WINTER,Leh,2026-01-15,15,10,-27.5,67.5,4.8,220.0,423.9,836.7,34.0,0.05,0.6,0.75,118.7,65764.1,0.9326,SYNTHETIC_CLIMATOLOGY,True
WX_LEH_EXTREME_WINTER,Leh,2026-01-15,15,11,-25.81,63.9,5.2,220.0,510.8,873.5,37.3,0.05,0.6,0.75,123.6,65764.1,0.9263,SYNTHETIC_CLIMATOLOGY,True
WX_LEH_EXTREME_WINTER,Leh,2026-01-15,15,12,-24.0,60.0,5.5,220.0,539.9,884.2,38.4,0.05,0.6,0.75,129.1,65764.1,0.9195,SYNTHETIC_CLIMATOLOGY,True
WX_LEH_EXTREME_WINTER,Leh,2026-01-15,15,13,-22.19,56.1,5.69,220.0,508.4,872.6,37.2,0.05,0.6,0.75,134.7,65764.1,0.9129,SYNTHETIC_CLIMATOLOGY,True
WX_LEH_EXTREME_WINTER,Leh,2026-01-15,15,14,-20.5,52.5,5.76,220.0,419.3,834.4,33.8,0.05,0.6,0.75,140.2,65764.1,0.9068,SYNTHETIC_CLIMATOLOGY,True
WX_LEH_EXTREME_WINTER,Leh,2026-01-15,15,15,-19.05,49.4,5.69,220.0,282.6,752.3,27.8,0.05,0.6,0.75,145.0,65764.1,0.9016,SYNTHETIC_CLIMATOLOGY,True
WX_LEH_EXTREME_WINTER,Leh,2026-01-15,15,16,-17.94,47.0,5.5,220.0,119.0,564.1,18.4,0.05,0.6,0.75,148.8,65764.1,0.8977,SYNTHETIC_CLIMATOLOGY,True
WX_LEH_EXTREME_WINTER,Leh,2026-01-15,15,17,-17.24,45.5,5.2,220.0,0.0,0.0,0.0,0.05,0.6,0.75,151.2,65764.1,0.8952,SYNTHETIC_CLIMATOLOGY,True
WX_LEH_EXTREME_WINTER,Leh,2026-01-15,15,18,-17.0,45.0,4.8,220.0,0.0,0.0,0.0,0.05,0.6,0.75,152.0,65764.1,0.8944,SYNTHETIC_CLIMATOLOGY,True
WX_LEH_EXTREME_WINTER,Leh,2026-01-15,15,19,-17.24,45.5,4.34,220.0,0.0,0.0,0.0,0.05,0.6,0.75,151.2,65764.1,0.8952,SYNTHETIC_CLIMATOLOGY,True
WX_LEH_EXTREME_WINTER,Leh,2026-01-15,15,20,-17.94,47.0,3.84,220.0,0.0,0.0,0.0,0.05,0.6,0.75,148.8,65764.1,0.8977,SYNTHETIC_CLIMATOLOGY,True
WX_LEH_EXTREME_WINTER,Leh,2026-01-15,15,21,-19.05,49.4,3.34,220.0,0.0,0.0,0.0,0.05,0.6,0.75,145.0,65764.1,0.9016,SYNTHETIC_CLIMATOLOGY,True
WX_LEH_EXTREME_WINTER,Leh,2026-01-15,15,22,-20.5,52.5,2.88,220.0,0.0,0.0,0.0,0.05,0.6,0.75,140.2,65764.1,0.9068,SYNTHETIC_CLIMATOLOGY,True
WX_LEH_EXTREME_WINTER,Leh,2026-01-15,15,23,-22.19,56.1,2.48,220.0,0.0,0.0,0.0,0.05,0.6,0.75,134.7,65764.1,0.9129,SYNTHETIC_CLIMATOLOGY,True
WX_LEH_CLEAR_SKY_NIGHT,Leh,2026-01-15,15,0,-16.0,60.0,1.16,220.0,0.0,0.0,0.0,0.0,0.3,0.75,152.2,65764.1,0.8909,SYNTHETIC_CLIMATOLOGY,True
WX_LEH_CLEAR_SKY_NIGHT,Leh,2026-01-15,15,1,-17.81,63.9,1.06,220.0,0.0,0.0,0.0,0.0,0.3,0.75,145.9,65764.1,0.8973,SYNTHETIC_CLIMATOLOGY,True
WX_LEH_CLEAR_SKY_NIGHT,Leh,2026-01-15,15,2,-19.5,67.5,1.02,220.0,0.0,0.0,0.0,0.0,0.3,0.75,140.2,65764.1,0.9032,SYNTHETIC_CLIMATOLOGY,True
WX_LEH_CLEAR_SKY_NIGHT,Leh,2026-01-15,15,3,-20.95,70.6,1.06,220.0,0.0,0.0,0.0,0.0,0.3,0.75,135.5,65764.1,0.9084,SYNTHETIC_CLIMATOLOGY,True
WX_LEH_CLEAR_SKY_NIGHT,Leh,2026-01-15,15,4,-22.06,73.0,1.16,220.0,0.0,0.0,0.0,0.0,0.3,0.75,131.9,65764.1,0.9124,SYNTHETIC_CLIMATOLOGY,True
WX_LEH_CLEAR_SKY_NIGHT,Leh,2026-01-15,15,5,-22.76,74.5,1.32,220.0,0.0,0.0,0.0,0.0,0.3,0.75,129.7,65764.1,0.915,SYNTHETIC_CLIMATOLOGY,True
WX_LEH_CLEAR_SKY_NIGHT,Leh,2026-01-15,15,6,-23.0,75.0,1.54,220.0,0.0,0.0,0.0,0.0,0.3,0.75,129.0,65764.1,0.9159,SYNTHETIC_CLIMATOLOGY,True
WX_LEH_CLEAR_SKY_NIGHT,Leh,2026-01-15,15,7,-22.76,74.5,1.78,220.0,0.0,0.0,0.0,0.0,0.3,0.75,129.7,65764.1,0.915,SYNTHETIC_CLIMATOLOGY,True
WX_LEH_CLEAR_SKY_NIGHT,Leh,2026-01-15,15,8,-22.06,73.0,2.05,220.0,132.9,621.9,17.6,0.0,0.3,0.75,131.9,65764.1,0.9124,SYNTHETIC_CLIMATOLOGY,True
WX_LEH_CLEAR_SKY_NIGHT,Leh,2026-01-15,15,9,-20.95,70.6,2.31,220.0,306.1,817.5,24.5,0.0,0.3,0.75,135.5,65764.1,0.9084,SYNTHETIC_CLIMATOLOGY,True
WX_LEH_CLEAR_SKY_NIGHT,Leh,2026-01-15,15,10,-19.5,67.5,2.56,220.0,449.5,903.6,28.4,0.0,0.3,0.75,140.2,65764.1,0.9032,SYNTHETIC_CLIMATOLOGY,True
WX_LEH_CLEAR_SKY_NIGHT,Leh,2026-01-15,15,11,-17.81,63.9,2.77,220.0,541.8,943.3,30.4,0.0,0.3,0.75,145.9,65764.1,0.8973,SYNTHETIC_CLIMATOLOGY,True
WX_LEH_CLEAR_SKY_NIGHT,Leh,2026-01-15,15,12,-16.0,60.0,2.93,220.0,572.7,954.9,31.0,0.0,0.3,0.75,152.2,65764.1,0.8909,SYNTHETIC_CLIMATOLOGY,True
WX_LEH_CLEAR_SKY_NIGHT,Leh,2026-01-15,15,13,-14.19,56.1,3.04,220.0,539.2,942.3,30.3,0.0,0.3,0.75,158.8,65764.1,0.8847,SYNTHETIC_CLIMATOLOGY,True
WX_LEH_CLEAR_SKY_NIGHT,Leh,2026-01-15,15,14,-12.5,52.5,3.07,220.0,444.6,901.2,28.2,0.0,0.3,0.75,165.1,65764.1,0.879,SYNTHETIC_CLIMATOLOGY,True
WX_LEH_CLEAR_SKY_NIGHT,Leh,2026-01-15,15,15,-11.05,49.4,3.04,220.0,299.5,812.5,24.3,0.0,0.3,0.75,170.7,65764.1,0.8741,SYNTHETIC_CLIMATOLOGY,True
WX_LEH_CLEAR_SKY_NIGHT,Leh,2026-01-15,15,16,-9.94,47.0,2.93,220.0,125.8,609.2,17.2,0.0,0.3,0.75,175.1,65764.1,0.8704,SYNTHETIC_CLIMATOLOGY,True
WX_LEH_CLEAR_SKY_NIGHT,Leh,2026-01-15,15,17,-9.24,45.5,2.77,220.0,0.0,0.0,0.0,0.0,0.3,0.75,177.9,65764.1,0.8681,SYNTHETIC_CLIMATOLOGY,True
WX_LEH_CLEAR_SKY_NIGHT,Leh,2026-01-15,15,18,-9.0,45.0,2.56,220.0,0.0,0.0,0.0,0.0,0.3,0.75,178.8,65764.1,0.8673,SYNTHETIC_CLIMATOLOGY,True
WX_LEH_CLEAR_SKY_NIGHT,Leh,2026-01-15,15,19,-9.24,45.5,2.31,220.0,0.0,0.0,0.0,0.0,0.3,0.75,177.9,65764.1,0.8681,SYNTHETIC_CLIMATOLOGY,True
WX_LEH_CLEAR_SKY_NIGHT,Leh,2026-01-15,15,20,-9.94,47.0,2.05,220.0,0.0,0.0,0.0,0.0,0.3,0.75,175.1,65764.1,0.8704,SYNTHETIC_CLIMATOLOGY,True
WX_LEH_CLEAR_SKY_NIGHT,Leh,2026-01-15,15,21,-11.05,49.4,1.78,220.0,0.0,0.0,0.0,0.0,0.3,0.75,170.7,65764.1,0.8741,SYNTHETIC_CLIMATOLOGY,True
WX_LEH_CLEAR_SKY_NIGHT,Leh,2026-01-15,15,22,-12.5,52.5,1.54,220.0,0.0,0.0,0.0,0.0,0.3,0.75,165.1,65764.1,0.879,SYNTHETIC_CLIMATOLOGY,True
WX_LEH_CLEAR_SKY_NIGHT,Leh,2026-01-15,15,23,-14.19,56.1,1.32,220.0,0.0,0.0,0.0,0.0,0.3,0.75,158.8,65764.1,0.8847,SYNTHETIC_CLIMATOLOGY,True
WX_LEH_SNOW_COVER,Leh,2026-01-15,15,0,-14.0,60.0,1.6,220.0,0.0,0.0,0.0,0.2,0.8,0.75,173.3,65764.1,0.8841,SYNTHETIC_CLIMATOLOGY,True
WX_LEH_SNOW_COVER,Leh,2026-01-15,15,1,-15.81,63.9,1.46,220.0,0.0,0.0,0.0,0.2,0.8,0.75,166.6,65764.1,0.8903,SYNTHETIC_CLIMATOLOGY,True
WX_LEH_SNOW_COVER,Leh,2026-01-15,15,2,-17.5,67.5,1.41,220.0,0.0,0.0,0.0,0.2,0.8,0.75,160.6,65764.1,0.8962,SYNTHETIC_CLIMATOLOGY,True
WX_LEH_SNOW_COVER,Leh,2026-01-15,15,3,-18.95,70.6,1.46,220.0,0.0,0.0,0.0,0.2,0.8,0.75,155.5,65764.1,0.9013,SYNTHETIC_CLIMATOLOGY,True
WX_LEH_SNOW_COVER,Leh,2026-01-15,15,4,-20.06,73.0,1.6,220.0,0.0,0.0,0.0,0.2,0.8,0.75,151.7,65764.1,0.9052,SYNTHETIC_CLIMATOLOGY,True
WX_LEH_SNOW_COVER,Leh,2026-01-15,15,5,-20.76,74.5,1.82,220.0,0.0,0.0,0.0,0.2,0.8,0.75,149.4,65764.1,0.9077,SYNTHETIC_CLIMATOLOGY,True
WX_LEH_SNOW_COVER,Leh,2026-01-15,15,6,-21.0,75.0,2.11,220.0,0.0,0.0,0.0,0.2,0.8,0.75,148.6,65764.1,0.9086,SYNTHETIC_CLIMATOLOGY,True
WX_LEH_SNOW_COVER,Leh,2026-01-15,15,7,-20.76,74.5,2.45,220.0,0.0,0.0,0.0,0.2,0.8,0.75,149.4,65764.1,0.9077,SYNTHETIC_CLIMATOLOGY,True
WX_LEH_SNOW_COVER,Leh,2026-01-15,15,8,-20.06,73.0,2.82,220.0,105.2,445.0,22.7,0.2,0.8,0.75,151.7,65764.1,0.9052,SYNTHETIC_CLIMATOLOGY,True
WX_LEH_SNOW_COVER,Leh,2026-01-15,15,9,-18.95,70.6,3.18,220.0,240.4,585.0,38.9,0.2,0.8,0.75,155.5,65764.1,0.9013,SYNTHETIC_CLIMATOLOGY,True
WX_LEH_SNOW_COVER,Leh,2026-01-15,15,10,-17.5,67.5,3.52,220.0,352.1,646.5,50.7,0.2,0.8,0.75,160.6,65764.1,0.8962,SYNTHETIC_CLIMATOLOGY,True
WX_LEH_SNOW_COVER,Leh,2026-01-15,15,11,-15.81,63.9,3.81,220.0,423.9,675.0,57.9,0.2,0.8,0.75,166.6,65764.1,0.8903,SYNTHETIC_CLIMATOLOGY,True
WX_LEH_SNOW_COVER,Leh,2026-01-15,15,12,-14.0,60.0,4.04,220.0,447.9,683.2,60.3,0.2,0.8,0.75,173.3,65764.1,0.8841,SYNTHETIC_CLIMATOLOGY,True
WX_LEH_SNOW_COVER,Leh,2026-01-15,15,13,-12.19,56.1,4.18,220.0,421.8,674.3,57.7,0.2,0.8,0.75,180.3,65764.1,0.8779,SYNTHETIC_CLIMATOLOGY,True
WX_LEH_SNOW_COVER,Leh,2026-01-15,15,14,-10.5,52.5,4.22,220.0,348.2,644.8,50.3,0.2,0.8,0.75,186.9,65764.1,0.8723,SYNTHETIC_CLIMATOLOGY,True
WX_LEH_SNOW_COVER,Leh,2026-01-15,15,15,-9.05,49.4,4.18,220.0,235.2,581.4,38.3,0.2,0.8,0.75,192.8,65764.1,0.8675,SYNTHETIC_CLIMATOLOGY,True
WX_LEH_SNOW_COVER,Leh,2026-01-15,15,16,-7.94,47.0,4.04,220.0,99.7,435.9,21.9,0.2,0.8,0.75,197.4,65764.1,0.8638,SYNTHETIC_CLIMATOLOGY,True
WX_LEH_SNOW_COVER,Leh,2026-01-15,15,17,-7.24,45.5,3.81,220.0,0.0,0.0,0.0,0.2,0.8,0.75,200.4,65764.1,0.8616,SYNTHETIC_CLIMATOLOGY,True
WX_LEH_SNOW_COVER,Leh,2026-01-15,15,18,-7.0,45.0,3.52,220.0,0.0,0.0,0.0,0.2,0.8,0.75,201.4,65764.1,0.8608,SYNTHETIC_CLIMATOLOGY,True
WX_LEH_SNOW_COVER,Leh,2026-01-15,15,19,-7.24,45.5,3.18,220.0,0.0,0.0,0.0,0.2,0.8,0.75,200.4,65764.1,0.8616,SYNTHETIC_CLIMATOLOGY,True
WX_LEH_SNOW_COVER,Leh,2026-01-15,15,20,-7.94,47.0,2.82,220.0,0.0,0.0,0.0,0.2,0.8,0.75,197.4,65764.1,0.8638,SYNTHETIC_CLIMATOLOGY,True
WX_LEH_SNOW_COVER,Leh,2026-01-15,15,21,-9.05,49.4,2.45,220.0,0.0,0.0,0.0,0.2,0.8,0.75,192.8,65764.1,0.8675,SYNTHETIC_CLIMATOLOGY,True
WX_LEH_SNOW_COVER,Leh,2026-01-15,15,22,-10.5,52.5,2.11,220.0,0.0,0.0,0.0,0.2,0.8,0.75,186.9,65764.1,0.8723,SYNTHETIC_CLIMATOLOGY,True
WX_LEH_SNOW_COVER,Leh,2026-01-15,15,23,-12.19,56.1,1.82,220.0,0.0,0.0,0.0,0.2,0.8,0.75,180.3,65764.1,0.8779,SYNTHETIC_CLIMATOLOGY,True
WX_LEH_HIGH_SOLAR_DAY,Leh,2026-01-15,15,0,-10.0,60.0,1.31,220.0,0.0,0.0,0.0,0.0,0.2,0.75,174.8,65764.1,0.8706,SYNTHETIC_CLIMATOLOGY,True
WX_LEH_HIGH_SOLAR_DAY,Leh,2026-01-15,15,1,-11.81,63.9,1.19,220.0,0.0,0.0,0.0,0.0,0.2,0.75,167.7,65764.1,0.8767,SYNTHETIC_CLIMATOLOGY,True
WX_LEH_HIGH_SOLAR_DAY,Leh,2026-01-15,15,2,-13.5,67.5,1.15,220.0,0.0,0.0,0.0,0.0,0.2,0.75,161.3,65764.1,0.8824,SYNTHETIC_CLIMATOLOGY,True
WX_LEH_HIGH_SOLAR_DAY,Leh,2026-01-15,15,3,-14.95,70.6,1.19,220.0,0.0,0.0,0.0,0.0,0.2,0.75,156.0,65764.1,0.8873,SYNTHETIC_CLIMATOLOGY,True
WX_LEH_HIGH_SOLAR_DAY,Leh,2026-01-15,15,4,-16.06,73.0,1.31,220.0,0.0,0.0,0.0,0.0,0.2,0.75,152.0,65764.1,0.8911,SYNTHETIC_CLIMATOLOGY,True
WX_LEH_HIGH_SOLAR_DAY,Leh,2026-01-15,15,5,-16.76,74.5,1.49,220.0,0.0,0.0,0.0,0.0,0.2,0.75,149.5,65764.1,0.8936,SYNTHETIC_CLIMATOLOGY,True
WX_LEH_HIGH_SOLAR_DAY,Leh,2026-01-15,15,6,-17.0,75.0,1.73,220.0,0.0,0.0,0.0,0.0,0.2,0.75,148.7,65764.1,0.8944,SYNTHETIC_CLIMATOLOGY,True
WX_LEH_HIGH_SOLAR_DAY,Leh,2026-01-15,15,7,-16.76,74.5,2.01,220.0,0.0,0.0,0.0,0.0,0.2,0.75,149.5,65764.1,0.8936,SYNTHETIC_CLIMATOLOGY,True
WX_LEH_HIGH_SOLAR_DAY,Leh,2026-01-15,15,8,-16.06,73.0,2.3,220.0,132.9,621.9,17.6,0.0,0.2,0.75,152.0,65764.1,0.8911,SYNTHETIC_CLIMATOLOGY,True
WX_LEH_HIGH_SOLAR_DAY,Leh,2026-01-15,15,9,-14.95,70.6,2.6,220.0,306.1,817.5,24.5,0.0,0.2,0.75,156.0,65764.1,0.8873,SYNTHETIC_CLIMATOLOGY,True
WX_LEH_HIGH_SOLAR_DAY,Leh,2026-01-15,15,10,-13.5,67.5,2.88,220.0,449.5,903.6,28.4,0.0,0.2,0.75,161.3,65764.1,0.8824,SYNTHETIC_CLIMATOLOGY,True
WX_LEH_HIGH_SOLAR_DAY,Leh,2026-01-15,15,11,-11.81,63.9,3.12,220.0,541.8,943.3,30.4,0.0,0.2,0.75,167.7,65764.1,0.8767,SYNTHETIC_CLIMATOLOGY,True
WX_LEH_HIGH_SOLAR_DAY,Leh,2026-01-15,15,12,-10.0,60.0,3.3,220.0,572.7,954.9,31.0,0.0,0.2,0.75,174.8,65764.1,0.8706,SYNTHETIC_CLIMATOLOGY,True
WX_LEH_HIGH_SOLAR_DAY,Leh,2026-01-15,15,13,-8.19,56.1,3.42,220.0,539.2,942.3,30.3,0.0,0.2,0.75,182.2,65764.1,0.8647,SYNTHETIC_CLIMATOLOGY,True
WX_LEH_HIGH_SOLAR_DAY,Leh,2026-01-15,15,14,-6.5,52.5,3.46,220.0,444.6,901.2,28.2,0.0,0.2,0.75,189.2,65764.1,0.8592,SYNTHETIC_CLIMATOLOGY,True
WX_LEH_HIGH_SOLAR_DAY,Leh,2026-01-15,15,15,-5.05,49.4,3.42,220.0,299.5,812.5,24.3,0.0,0.2,0.75,195.5,65764.1,0.8545,SYNTHETIC_CLIMATOLOGY,True
WX_LEH_HIGH_SOLAR_DAY,Leh,2026-01-15,15,16,-3.94,47.0,3.3,220.0,125.8,609.2,17.2,0.0,0.2,0.75,200.4,65764.1,0.851,SYNTHETIC_CLIMATOLOGY,True
WX_LEH_HIGH_SOLAR_DAY,Leh,2026-01-15,15,17,-3.24,45.5,3.12,220.0,0.0,0.0,0.0,0.0,0.2,0.75,203.6,65764.1,0.8488,SYNTHETIC_CLIMATOLOGY,True
WX_LEH_HIGH_SOLAR_DAY,Leh,2026-01-15,15,18,-3.0,45.0,2.88,220.0,0.0,0.0,0.0,0.0,0.2,0.75,204.6,65764.1,0.8481,SYNTHETIC_CLIMATOLOGY,True
WX_LEH_HIGH_SOLAR_DAY,Leh,2026-01-15,15,19,-3.24,45.5,2.6,220.0,0.0,0.0,0.0,0.0,0.2,0.75,203.6,65764.1,0.8488,SYNTHETIC_CLIMATOLOGY,True
WX_LEH_HIGH_SOLAR_DAY,Leh,2026-01-15,15,20,-3.94,47.0,2.3,220.0,0.0,0.0,0.0,0.0,0.2,0.75,200.4,65764.1,0.851,SYNTHETIC_CLIMATOLOGY,True
WX_LEH_HIGH_SOLAR_DAY,Leh,2026-01-15,15,21,-5.05,49.4,2.01,220.0,0.0,0.0,0.0,0.0,0.2,0.75,195.5,65764.1,0.8545,SYNTHETIC_CLIMATOLOGY,True
WX_LEH_HIGH_SOLAR_DAY,Leh,2026-01-15,15,22,-6.5,52.5,1.73,220.0,0.0,0.0,0.0,0.0,0.2,0.75,189.2,65764.1,0.8592,SYNTHETIC_CLIMATOLOGY,True
WX_LEH_HIGH_SOLAR_DAY,Leh,2026-01-15,15,23,-8.19,56.1,1.49,220.0,0.0,0.0,0.0,0.0,0.2,0.75,182.2,65764.1,0.8647,SYNTHETIC_CLIMATOLOGY,True
WX_LEH_CLOUDY_DAY,Leh,2026-01-15,15,0,-13.0,60.0,1.89,220.0,0.0,0.0,0.0,0.85,0.35,0.75,228.6,65764.1,0.8807,SYNTHETIC_CLIMATOLOGY,True
WX_LEH_CLOUDY_DAY,Leh,2026-01-15,15,1,-14.81,63.9,1.72,220.0,0.0,0.0,0.0,0.85,0.35,0.75,221.5,65764.1,0.8868,SYNTHETIC_CLIMATOLOGY,True
WX_LEH_CLOUDY_DAY,Leh,2026-01-15,15,2,-16.5,67.5,1.66,220.0,0.0,0.0,0.0,0.85,0.35,0.75,215.0,65764.1,0.8927,SYNTHETIC_CLIMATOLOGY,True
WX_LEH_CLOUDY_DAY,Leh,2026-01-15,15,3,-17.95,70.6,1.72,220.0,0.0,0.0,0.0,0.85,0.35,0.75,209.6,65764.1,0.8977,SYNTHETIC_CLIMATOLOGY,True
WX_LEH_CLOUDY_DAY,Leh,2026-01-15,15,4,-19.06,73.0,1.89,220.0,0.0,0.0,0.0,0.85,0.35,0.75,205.5,65764.1,0.9017,SYNTHETIC_CLIMATOLOGY,True
WX_LEH_CLOUDY_DAY,Leh,2026-01-15,15,5,-19.76,74.5,2.15,220.0,0.0,0.0,0.0,0.85,0.35,0.75,203.0,65764.1,0.9042,SYNTHETIC_CLIMATOLOGY,True
WX_LEH_CLOUDY_DAY,Leh,2026-01-15,15,6,-20.0,75.0,2.5,220.0,0.0,0.0,0.0,0.85,0.35,0.75,202.1,65764.1,0.905,SYNTHETIC_CLIMATOLOGY,True
WX_LEH_CLOUDY_DAY,Leh,2026-01-15,15,7,-19.76,74.5,2.9,220.0,0.0,0.0,0.0,0.85,0.35,0.75,203.0,65764.1,0.9042,SYNTHETIC_CLIMATOLOGY,True
WX_LEH_CLOUDY_DAY,Leh,2026-01-15,15,8,-19.06,73.0,3.33,220.0,33.5,36.1,26.8,0.85,0.35,0.75,205.5,65764.1,0.9017,SYNTHETIC_CLIMATOLOGY,True
WX_LEH_CLOUDY_DAY,Leh,2026-01-15,15,9,-17.95,70.6,3.76,220.0,71.3,47.5,54.9,0.85,0.35,0.75,209.6,65764.1,0.8977,SYNTHETIC_CLIMATOLOGY,True
WX_LEH_CLOUDY_DAY,Leh,2026-01-15,15,10,-16.5,67.5,4.16,220.0,101.8,52.5,77.3,0.85,0.35,0.75,215.0,65764.1,0.8927,SYNTHETIC_CLIMATOLOGY,True
WX_LEH_CLOUDY_DAY,Leh,2026-01-15,15,11,-14.81,63.9,4.5,220.0,121.3,54.8,91.6,0.85,0.35,0.75,221.5,65764.1,0.8868,SYNTHETIC_CLIMATOLOGY,True
WX_LEH_CLOUDY_DAY,Leh,2026-01-15,15,12,-13.0,60.0,4.77,220.0,127.8,55.5,96.4,0.85,0.35,0.75,228.6,65764.1,0.8807,SYNTHETIC_CLIMATOLOGY,True
WX_LEH_CLOUDY_DAY,Leh,2026-01-15,15,13,-11.19,56.1,4.94,220.0,120.8,54.7,91.2,0.85,0.35,0.75,235.9,65764.1,0.8746,SYNTHETIC_CLIMATOLOGY,True
WX_LEH_CLOUDY_DAY,Leh,2026-01-15,15,14,-9.5,52.5,4.99,220.0,100.8,52.4,76.6,0.85,0.35,0.75,242.9,65764.1,0.869,SYNTHETIC_CLIMATOLOGY,True
WX_LEH_CLOUDY_DAY,Leh,2026-01-15,15,15,-8.05,49.4,4.94,220.0,69.8,47.2,53.9,0.85,0.35,0.75,249.0,65764.1,0.8642,SYNTHETIC_CLIMATOLOGY,True
WX_LEH_CLOUDY_DAY,Leh,2026-01-15,15,16,-6.94,47.0,4.77,220.0,31.9,35.4,25.6,0.85,0.35,0.75,253.8,65764.1,0.8606,SYNTHETIC_CLIMATOLOGY,True
WX_LEH_CLOUDY_DAY,Leh,2026-01-15,15,17,-6.24,45.5,4.5,220.0,0.0,0.0,0.0,0.85,0.35,0.75,256.8,65764.1,0.8583,SYNTHETIC_CLIMATOLOGY,True
WX_LEH_CLOUDY_DAY,Leh,2026-01-15,15,18,-6.0,45.0,4.16,220.0,0.0,0.0,0.0,0.85,0.35,0.75,257.8,65764.1,0.8576,SYNTHETIC_CLIMATOLOGY,True
WX_LEH_CLOUDY_DAY,Leh,2026-01-15,15,19,-6.24,45.5,3.76,220.0,0.0,0.0,0.0,0.85,0.35,0.75,256.8,65764.1,0.8583,SYNTHETIC_CLIMATOLOGY,True
WX_LEH_CLOUDY_DAY,Leh,2026-01-15,15,20,-6.94,47.0,3.33,220.0,0.0,0.0,0.0,0.85,0.35,0.75,253.8,65764.1,0.8606,SYNTHETIC_CLIMATOLOGY,True
WX_LEH_CLOUDY_DAY,Leh,2026-01-15,15,21,-8.05,49.4,2.9,220.0,0.0,0.0,0.0,0.85,0.35,0.75,249.0,65764.1,0.8642,SYNTHETIC_CLIMATOLOGY,True
WX_LEH_CLOUDY_DAY,Leh,2026-01-15,15,22,-9.5,52.5,2.5,220.0,0.0,0.0,0.0,0.85,0.35,0.75,242.9,65764.1,0.869,SYNTHETIC_CLIMATOLOGY,True
WX_LEH_CLOUDY_DAY,Leh,2026-01-15,15,23,-11.19,56.1,2.15,220.0,0.0,0.0,0.0,0.85,0.35,0.75,235.9,65764.1,0.8746,SYNTHETIC_CLIMATOLOGY,True
WX_LEH_COLD_SNAP,Leh,2026-01-15,15,0,-27.0,60.0,2.61,220.0,0.0,0.0,0.0,0.05,0.5,0.75,120.2,65764.1,0.9307,SYNTHETIC_CLIMATOLOGY,True
WX_LEH_COLD_SNAP,Leh,2026-01-15,15,1,-28.81,63.9,2.38,220.0,0.0,0.0,0.0,0.05,0.5,0.75,115.0,65764.1,0.9376,SYNTHETIC_CLIMATOLOGY,True
WX_LEH_COLD_SNAP,Leh,2026-01-15,15,2,-30.5,67.5,2.3,220.0,0.0,0.0,0.0,0.05,0.5,0.75,110.4,65764.1,0.9442,SYNTHETIC_CLIMATOLOGY,True
WX_LEH_COLD_SNAP,Leh,2026-01-15,15,3,-31.95,70.6,2.38,220.0,0.0,0.0,0.0,0.05,0.5,0.75,106.6,65764.1,0.9498,SYNTHETIC_CLIMATOLOGY,True
WX_LEH_COLD_SNAP,Leh,2026-01-15,15,4,-33.06,73.0,2.61,220.0,0.0,0.0,0.0,0.05,0.5,0.75,103.7,65764.1,0.9542,SYNTHETIC_CLIMATOLOGY,True
WX_LEH_COLD_SNAP,Leh,2026-01-15,15,5,-33.76,74.5,2.98,220.0,0.0,0.0,0.0,0.05,0.5,0.75,102.0,65764.1,0.957,SYNTHETIC_CLIMATOLOGY,True
WX_LEH_COLD_SNAP,Leh,2026-01-15,15,6,-34.0,75.0,3.46,220.0,0.0,0.0,0.0,0.05,0.5,0.75,101.4,65764.1,0.958,SYNTHETIC_CLIMATOLOGY,True
WX_LEH_COLD_SNAP,Leh,2026-01-15,15,7,-33.76,74.5,4.01,220.0,0.0,0.0,0.0,0.05,0.5,0.75,102.0,65764.1,0.957,SYNTHETIC_CLIMATOLOGY,True
WX_LEH_COLD_SNAP,Leh,2026-01-15,15,8,-33.06,73.0,4.61,220.0,125.6,575.9,18.8,0.05,0.5,0.75,103.7,65764.1,0.9542,SYNTHETIC_CLIMATOLOGY,True
WX_LEH_COLD_SNAP,Leh,2026-01-15,15,9,-31.95,70.6,5.2,220.0,288.9,757.0,28.1,0.05,0.5,0.75,106.6,65764.1,0.9498,SYNTHETIC_CLIMATOLOGY,True
WX_LEH_COLD_SNAP,Leh,2026-01-15,15,10,-30.5,67.5,5.76,220.0,423.9,836.7,34.0,0.05,0.5,0.75,110.4,65764.1,0.9442,SYNTHETIC_CLIMATOLOGY,True
WX_LEH_COLD_SNAP,Leh,2026-01-15,15,11,-28.81,63.9,6.24,220.0,510.8,873.5,37.3,0.05,0.5,0.75,115.0,65764.1,0.9376,SYNTHETIC_CLIMATOLOGY,True
WX_LEH_COLD_SNAP,Leh,2026-01-15,15,12,-27.0,60.0,6.6,220.0,539.9,884.2,38.4,0.05,0.5,0.75,120.2,65764.1,0.9307,SYNTHETIC_CLIMATOLOGY,True
WX_LEH_COLD_SNAP,Leh,2026-01-15,15,13,-25.19,56.1,6.83,220.0,508.4,872.6,37.2,0.05,0.5,0.75,125.5,65764.1,0.9239,SYNTHETIC_CLIMATOLOGY,True
WX_LEH_COLD_SNAP,Leh,2026-01-15,15,14,-23.5,52.5,6.91,220.0,419.3,834.4,33.8,0.05,0.5,0.75,130.6,65764.1,0.9177,SYNTHETIC_CLIMATOLOGY,True
WX_LEH_COLD_SNAP,Leh,2026-01-15,15,15,-22.05,49.4,6.83,220.0,282.6,752.3,27.8,0.05,0.5,0.75,135.2,65764.1,0.9124,SYNTHETIC_CLIMATOLOGY,True
WX_LEH_COLD_SNAP,Leh,2026-01-15,15,16,-20.94,47.0,6.6,220.0,119.0,564.1,18.4,0.05,0.5,0.75,138.7,65764.1,0.9084,SYNTHETIC_CLIMATOLOGY,True
WX_LEH_COLD_SNAP,Leh,2026-01-15,15,17,-20.24,45.5,6.24,220.0,0.0,0.0,0.0,0.05,0.5,0.75,141.0,65764.1,0.9059,SYNTHETIC_CLIMATOLOGY,True
WX_LEH_COLD_SNAP,Leh,2026-01-15,15,18,-20.0,45.0,5.76,220.0,0.0,0.0,0.0,0.05,0.5,0.75,141.8,65764.1,0.905,SYNTHETIC_CLIMATOLOGY,True
WX_LEH_COLD_SNAP,Leh,2026-01-15,15,19,-20.24,45.5,5.2,220.0,0.0,0.0,0.0,0.05,0.5,0.75,141.0,65764.1,0.9059,SYNTHETIC_CLIMATOLOGY,True
WX_LEH_COLD_SNAP,Leh,2026-01-15,15,20,-20.94,47.0,4.61,220.0,0.0,0.0,0.0,0.05,0.5,0.75,138.7,65764.1,0.9084,SYNTHETIC_CLIMATOLOGY,True
WX_LEH_COLD_SNAP,Leh,2026-01-15,15,21,-22.05,49.4,4.01,220.0,0.0,0.0,0.0,0.05,0.5,0.75,135.2,65764.1,0.9124,SYNTHETIC_CLIMATOLOGY,True
WX_LEH_COLD_SNAP,Leh,2026-01-15,15,22,-23.5,52.5,3.46,220.0,0.0,0.0,0.0,0.05,0.5,0.75,130.6,65764.1,0.9177,SYNTHETIC_CLIMATOLOGY,True
WX_LEH_COLD_SNAP,Leh,2026-01-15,15,23,-25.19,56.1,2.98,220.0,0.0,0.0,0.0,0.05,0.5,0.75,125.5,65764.1,0.9239,SYNTHETIC_CLIMATOLOGY,True
WX_DRAS_NORMAL_WINTER,Dras,2026-01-15,15,0,-22.0,60.0,2.04,220.0,0.0,0.0,0.0,0.15,0.25,0.75,141.9,67647.9,0.9383,SYNTHETIC_CLIMATOLOGY,True
WX_DRAS_NORMAL_WINTER,Dras,2026-01-15,15,1,-24.07,63.9,1.86,220.0,0.0,0.0,0.0,0.15,0.25,0.75,135.4,67647.9,0.9461,SYNTHETIC_CLIMATOLOGY,True
WX_DRAS_NORMAL_WINTER,Dras,2026-01-15,15,2,-26.0,67.5,1.8,220.0,0.0,0.0,0.0,0.15,0.25,0.75,129.5,67647.9,0.9535,SYNTHETIC_CLIMATOLOGY,True
WX_DRAS_NORMAL_WINTER,Dras,2026-01-15,15,3,-27.66,70.6,1.86,220.0,0.0,0.0,0.0,0.15,0.25,0.75,124.6,67647.9,0.96,SYNTHETIC_CLIMATOLOGY,True
WX_DRAS_NORMAL_WINTER,Dras,2026-01-15,15,4,-28.93,73.0,2.04,220.0,0.0,0.0,0.0,0.15,0.25,0.75,120.9,67647.9,0.965,SYNTHETIC_CLIMATOLOGY,True
WX_DRAS_NORMAL_WINTER,Dras,2026-01-15,15,5,-29.73,74.5,2.33,220.0,0.0,0.0,0.0,0.15,0.25,0.75,118.7,67647.9,0.9681,SYNTHETIC_CLIMATOLOGY,True
WX_DRAS_NORMAL_WINTER,Dras,2026-01-15,15,6,-30.0,75.0,2.7,220.0,0.0,0.0,0.0,0.15,0.25,0.75,117.9,67647.9,0.9692,SYNTHETIC_CLIMATOLOGY,True
WX_DRAS_NORMAL_WINTER,Dras,2026-01-15,15,7,-29.73,74.5,3.13,220.0,0.0,0.0,0.0,0.15,0.25,0.75,118.7,67647.9,0.9681,SYNTHETIC_CLIMATOLOGY,True
WX_DRAS_NORMAL_WINTER,Dras,2026-01-15,15,8,-28.93,73.0,3.6,220.0,90.9,444.1,19.2,0.15,0.25,0.75,120.9,67647.9,0.965,SYNTHETIC_CLIMATOLOGY,True
WX_DRAS_NORMAL_WINTER,Dras,2026-01-15,15,9,-27.66,70.6,4.07,220.0,234.3,619.3,33.8,0.15,0.25,0.75,124.6,67647.9,0.96,SYNTHETIC_CLIMATOLOGY,True
WX_DRAS_NORMAL_WINTER,Dras,2026-01-15,15,10,-26.0,67.5,4.5,220.0,356.6,694.4,44.1,0.15,0.25,0.75,129.5,67647.9,0.9535,SYNTHETIC_CLIMATOLOGY,True
WX_DRAS_NORMAL_WINTER,Dras,2026-01-15,15,11,-24.07,63.9,4.87,220.0,438.4,729.6,50.5,0.15,0.25,0.75,135.4,67647.9,0.9461,SYNTHETIC_CLIMATOLOGY,True
WX_DRAS_NORMAL_WINTER,Dras,2026-01-15,15,12,-22.0,60.0,5.16,220.0,470.3,741.2,53.0,0.15,0.25,0.75,141.9,67647.9,0.9383,SYNTHETIC_CLIMATOLOGY,True
WX_DRAS_NORMAL_WINTER,Dras,2026-01-15,15,13,-19.93,56.1,5.34,220.0,449.1,733.6,51.4,0.15,0.25,0.75,148.7,67647.9,0.9307,SYNTHETIC_CLIMATOLOGY,True
WX_DRAS_NORMAL_WINTER,Dras,2026-01-15,15,14,-18.0,52.5,5.4,220.0,376.9,704.0,45.7,0.15,0.25,0.75,155.3,67647.9,0.9236,SYNTHETIC_CLIMATOLOGY,True
WX_DRAS_NORMAL_WINTER,Dras,2026-01-15,15,15,-16.34,49.4,5.34,220.0,261.6,639.4,36.2,0.15,0.25,0.75,161.2,67647.9,0.9177,SYNTHETIC_CLIMATOLOGY,True
WX_DRAS_NORMAL_WINTER,Dras,2026-01-15,15,16,-15.07,47.0,5.16,220.0,120.0,494.9,22.6,0.15,0.25,0.75,165.8,67647.9,0.9132,SYNTHETIC_CLIMATOLOGY,True
WX_DRAS_NORMAL_WINTER,Dras,2026-01-15,15,17,-14.27,45.5,4.87,220.0,3.1,80.3,2.0,0.15,0.25,0.75,168.8,67647.9,0.9103,SYNTHETIC_CLIMATOLOGY,True
WX_DRAS_NORMAL_WINTER,Dras,2026-01-15,15,18,-14.0,45.0,4.5,220.0,0.0,0.0,0.0,0.15,0.25,0.75,169.8,67647.9,0.9094,SYNTHETIC_CLIMATOLOGY,True
WX_DRAS_NORMAL_WINTER,Dras,2026-01-15,15,19,-14.27,45.5,4.07,220.0,0.0,0.0,0.0,0.15,0.25,0.75,168.8,67647.9,0.9103,SYNTHETIC_CLIMATOLOGY,True
WX_DRAS_NORMAL_WINTER,Dras,2026-01-15,15,20,-15.07,47.0,3.6,220.0,0.0,0.0,0.0,0.15,0.25,0.75,165.8,67647.9,0.9132,SYNTHETIC_CLIMATOLOGY,True
WX_DRAS_NORMAL_WINTER,Dras,2026-01-15,15,21,-16.34,49.4,3.13,220.0,0.0,0.0,0.0,0.15,0.25,0.75,161.2,67647.9,0.9177,SYNTHETIC_CLIMATOLOGY,True
WX_DRAS_NORMAL_WINTER,Dras,2026-01-15,15,22,-18.0,52.5,2.7,220.0,0.0,0.0,0.0,0.15,0.25,0.75,155.3,67647.9,0.9236,SYNTHETIC_CLIMATOLOGY,True
WX_DRAS_NORMAL_WINTER,Dras,2026-01-15,15,23,-19.93,56.1,2.33,220.0,0.0,0.0,0.0,0.15,0.25,0.75,148.7,67647.9,0.9307,SYNTHETIC_CLIMATOLOGY,True
WX_DRAS_COLD_WINTER,Dras,2026-01-15,15,0,-28.0,60.0,2.45,220.0,0.0,0.0,0.0,0.1,0.4,0.75,120.4,67647.9,0.9613,SYNTHETIC_CLIMATOLOGY,True
WX_DRAS_COLD_WINTER,Dras,2026-01-15,15,1,-30.07,63.9,2.23,220.0,0.0,0.0,0.0,0.1,0.4,0.75,114.6,67647.9,0.9695,SYNTHETIC_CLIMATOLOGY,True
WX_DRAS_COLD_WINTER,Dras,2026-01-15,15,2,-32.0,67.5,2.16,220.0,0.0,0.0,0.0,0.1,0.4,0.75,109.5,67647.9,0.9773,SYNTHETIC_CLIMATOLOGY,True
WX_DRAS_COLD_WINTER,Dras,2026-01-15,15,3,-33.66,70.6,2.23,220.0,0.0,0.0,0.0,0.1,0.4,0.75,105.2,67647.9,0.984,SYNTHETIC_CLIMATOLOGY,True
WX_DRAS_COLD_WINTER,Dras,2026-01-15,15,4,-34.93,73.0,2.45,220.0,0.0,0.0,0.0,0.1,0.4,0.75,102.0,67647.9,0.9893,SYNTHETIC_CLIMATOLOGY,True
WX_DRAS_COLD_WINTER,Dras,2026-01-15,15,5,-35.73,74.5,2.79,220.0,0.0,0.0,0.0,0.1,0.4,0.75,100.0,67647.9,0.9926,SYNTHETIC_CLIMATOLOGY,True
WX_DRAS_COLD_WINTER,Dras,2026-01-15,15,6,-36.0,75.0,3.24,220.0,0.0,0.0,0.0,0.1,0.4,0.75,99.3,67647.9,0.9937,SYNTHETIC_CLIMATOLOGY,True
WX_DRAS_COLD_WINTER,Dras,2026-01-15,15,7,-35.73,74.5,3.76,220.0,0.0,0.0,0.0,0.1,0.4,0.75,100.0,67647.9,0.9926,SYNTHETIC_CLIMATOLOGY,True
WX_DRAS_COLD_WINTER,Dras,2026-01-15,15,8,-34.93,73.0,4.32,220.0,96.4,483.9,18.3,0.1,0.4,0.75,102.0,67647.9,0.9893,SYNTHETIC_CLIMATOLOGY,True
WX_DRAS_COLD_WINTER,Dras,2026-01-15,15,9,-33.66,70.6,4.88,220.0,249.0,674.7,30.6,0.1,0.4,0.75,105.2,67647.9,0.984,SYNTHETIC_CLIMATOLOGY,True
WX_DRAS_COLD_WINTER,Dras,2026-01-15,15,10,-32.0,67.5,5.4,220.0,379.3,756.6,38.9,0.1,0.4,0.75,109.5,67647.9,0.9773,SYNTHETIC_CLIMATOLOGY,True
WX_DRAS_COLD_WINTER,Dras,2026-01-15,15,11,-30.07,63.9,5.85,220.0,466.5,794.9,43.9,0.1,0.4,0.75,114.6,67647.9,0.9695,SYNTHETIC_CLIMATOLOGY,True
WX_DRAS_COLD_WINTER,Dras,2026-01-15,15,12,-28.0,60.0,6.19,220.0,500.5,807.5,45.8,0.1,0.4,0.75,120.4,67647.9,0.9613,SYNTHETIC_CLIMATOLOGY,True
WX_DRAS_COLD_WINTER,Dras,2026-01-15,15,13,-25.93,56.1,6.41,220.0,477.9,799.2,44.6,0.1,0.4,0.75,126.5,67647.9,0.9533,SYNTHETIC_CLIMATOLOGY,True
WX_DRAS_COLD_WINTER,Dras,2026-01-15,15,14,-24.0,52.5,6.48,220.0,400.9,767.0,40.1,0.1,0.4,0.75,132.3,67647.9,0.9459,SYNTHETIC_CLIMATOLOGY,True
WX_DRAS_COLD_WINTER,Dras,2026-01-15,15,15,-22.34,49.4,6.41,220.0,278.1,696.7,32.5,0.1,0.4,0.75,137.5,67647.9,0.9396,SYNTHETIC_CLIMATOLOGY,True
WX_DRAS_COLD_WINTER,Dras,2026-01-15,15,16,-21.07,47.0,6.19,220.0,127.3,539.2,21.2,0.1,0.4,0.75,141.6,67647.9,0.9349,SYNTHETIC_CLIMATOLOGY,True
WX_DRAS_COLD_WINTER,Dras,2026-01-15,15,17,-20.27,45.5,5.85,220.0,3.3,87.5,2.1,0.1,0.4,0.75,144.2,67647.9,0.9319,SYNTHETIC_CLIMATOLOGY,True
WX_DRAS_COLD_WINTER,Dras,2026-01-15,15,18,-20.0,45.0,5.4,220.0,0.0,0.0,0.0,0.1,0.4,0.75,145.1,67647.9,0.9309,SYNTHETIC_CLIMATOLOGY,True
WX_DRAS_COLD_WINTER,Dras,2026-01-15,15,19,-20.27,45.5,4.88,220.0,0.0,0.0,0.0,0.1,0.4,0.75,144.2,67647.9,0.9319,SYNTHETIC_CLIMATOLOGY,True
WX_DRAS_COLD_WINTER,Dras,2026-01-15,15,20,-21.07,47.0,4.32,220.0,0.0,0.0,0.0,0.1,0.4,0.75,141.6,67647.9,0.9349,SYNTHETIC_CLIMATOLOGY,True
WX_DRAS_COLD_WINTER,Dras,2026-01-15,15,21,-22.34,49.4,3.76,220.0,0.0,0.0,0.0,0.1,0.4,0.75,137.5,67647.9,0.9396,SYNTHETIC_CLIMATOLOGY,True
WX_DRAS_COLD_WINTER,Dras,2026-01-15,15,22,-24.0,52.5,3.24,220.0,0.0,0.0,0.0,0.1,0.4,0.75,132.3,67647.9,0.9459,SYNTHETIC_CLIMATOLOGY,True
WX_DRAS_COLD_WINTER,Dras,2026-01-15,15,23,-25.93,56.1,2.79,220.0,0.0,0.0,0.0,0.1,0.4,0.75,126.5,67647.9,0.9533,SYNTHETIC_CLIMATOLOGY,True
WX_DRAS_EXTREME_WINTER,Dras,2026-01-15,15,0,-34.0,60.0,3.06,220.0,0.0,0.0,0.0,0.05,0.6,0.75,101.4,67647.9,0.9854,SYNTHETIC_CLIMATOLOGY,True
WX_DRAS_EXTREME_WINTER,Dras,2026-01-15,15,1,-36.07,63.9,2.79,220.0,0.0,0.0,0.0,0.05,0.6,0.75,96.3,67647.9,0.994,SYNTHETIC_CLIMATOLOGY,True
WX_DRAS_EXTREME_WINTER,Dras,2026-01-15,15,2,-38.0,67.5,2.7,220.0,0.0,0.0,0.0,0.05,0.6,0.75,91.8,67647.9,1.0022,SYNTHETIC_CLIMATOLOGY,True
WX_DRAS_EXTREME_WINTER,Dras,2026-01-15,15,3,-39.66,70.6,2.79,220.0,0.0,0.0,0.0,0.05,0.6,0.75,88.0,67647.9,1.0093,SYNTHETIC_CLIMATOLOGY,True
WX_DRAS_EXTREME_WINTER,Dras,2026-01-15,15,4,-40.93,73.0,3.06,220.0,0.0,0.0,0.0,0.05,0.6,0.75,85.2,67647.9,1.0148,SYNTHETIC_CLIMATOLOGY,True
WX_DRAS_EXTREME_WINTER,Dras,2026-01-15,15,5,-41.73,74.5,3.49,220.0,0.0,0.0,0.0,0.05,0.6,0.75,83.5,67647.9,1.0183,SYNTHETIC_CLIMATOLOGY,True
WX_DRAS_EXTREME_WINTER,Dras,2026-01-15,15,6,-42.0,75.0,4.05,220.0,0.0,0.0,0.0,0.05,0.6,0.75,82.9,67647.9,1.0195,SYNTHETIC_CLIMATOLOGY,True
WX_DRAS_EXTREME_WINTER,Dras,2026-01-15,15,7,-41.73,74.5,4.7,220.0,0.0,0.0,0.0,0.05,0.6,0.75,83.5,67647.9,1.0183,SYNTHETIC_CLIMATOLOGY,True
WX_DRAS_EXTREME_WINTER,Dras,2026-01-15,15,8,-40.93,73.0,5.4,220.0,102.0,524.8,17.3,0.05,0.6,0.75,85.2,67647.9,1.0148,SYNTHETIC_CLIMATOLOGY,True
WX_DRAS_EXTREME_WINTER,Dras,2026-01-15,15,9,-39.66,70.6,6.1,220.0,264.2,731.7,27.3,0.05,0.6,0.75,88.0,67647.9,1.0093,SYNTHETIC_CLIMATOLOGY,True
WX_DRAS_EXTREME_WINTER,Dras,2026-01-15,15,10,-38.0,67.5,6.75,220.0,402.8,820.5,33.6,0.05,0.6,0.75,91.8,67647.9,1.0022,SYNTHETIC_CLIMATOLOGY,True
WX_DRAS_EXTREME_WINTER,Dras,2026-01-15,15,11,-36.07,63.9,7.31,220.0,495.5,862.0,37.3,0.05,0.6,0.75,96.3,67647.9,0.994,SYNTHETIC_CLIMATOLOGY,True
WX_DRAS_EXTREME_WINTER,Dras,2026-01-15,15,12,-34.0,60.0,7.74,220.0,531.7,875.7,38.6,0.05,0.6,0.75,101.4,67647.9,0.9854,SYNTHETIC_CLIMATOLOGY,True
WX_DRAS_EXTREME_WINTER,Dras,2026-01-15,15,13,-31.93,56.1,8.01,220.0,507.6,866.8,37.7,0.05,0.6,0.75,106.6,67647.9,0.977,SYNTHETIC_CLIMATOLOGY,True
WX_DRAS_EXTREME_WINTER,Dras,2026-01-15,15,14,-30.0,52.5,8.1,220.0,425.8,831.8,34.5,0.05,0.6,0.75,111.8,67647.9,0.9692,SYNTHETIC_CLIMATOLOGY,True
WX_DRAS_EXTREME_WINTER,Dras,2026-01-15,15,15,-28.34,49.4,8.01,220.0,295.2,755.5,28.8,0.05,0.6,0.75,116.4,67647.9,0.9627,SYNTHETIC_CLIMATOLOGY,True
WX_DRAS_EXTREME_WINTER,Dras,2026-01-15,15,16,-27.07,47.0,7.74,220.0,134.8,584.7,19.8,0.05,0.6,0.75,120.0,67647.9,0.9577,SYNTHETIC_CLIMATOLOGY,True
WX_DRAS_EXTREME_WINTER,Dras,2026-01-15,15,17,-26.27,45.5,7.31,220.0,3.4,94.9,2.1,0.05,0.6,0.75,122.3,67647.9,0.9546,SYNTHETIC_CLIMATOLOGY,True
WX_DRAS_EXTREME_WINTER,Dras,2026-01-15,15,18,-26.0,45.0,6.75,220.0,0.0,0.0,0.0,0.05,0.6,0.75,123.1,67647.9,0.9535,SYNTHETIC_CLIMATOLOGY,True
WX_DRAS_EXTREME_WINTER,Dras,2026-01-15,15,19,-26.27,45.5,6.1,220.0,0.0,0.0,0.0,0.05,0.6,0.75,122.3,67647.9,0.9546,SYNTHETIC_CLIMATOLOGY,True
WX_DRAS_EXTREME_WINTER,Dras,2026-01-15,15,20,-27.07,47.0,5.4,220.0,0.0,0.0,0.0,0.05,0.6,0.75,120.0,67647.9,0.9577,SYNTHETIC_CLIMATOLOGY,True
WX_DRAS_EXTREME_WINTER,Dras,2026-01-15,15,21,-28.34,49.4,4.7,220.0,0.0,0.0,0.0,0.05,0.6,0.75,116.4,67647.9,0.9627,SYNTHETIC_CLIMATOLOGY,True
WX_DRAS_EXTREME_WINTER,Dras,2026-01-15,15,22,-30.0,52.5,4.05,220.0,0.0,0.0,0.0,0.05,0.6,0.75,111.8,67647.9,0.9692,SYNTHETIC_CLIMATOLOGY,True
WX_DRAS_EXTREME_WINTER,Dras,2026-01-15,15,23,-31.93,56.1,3.49,220.0,0.0,0.0,0.0,0.05,0.6,0.75,106.6,67647.9,0.977,SYNTHETIC_CLIMATOLOGY,True
WX_DRAS_CLEAR_SKY_NIGHT,Dras,2026-01-15,15,0,-26.0,60.0,1.63,220.0,0.0,0.0,0.0,0.0,0.3,0.75,120.0,67647.9,0.9535,SYNTHETIC_CLIMATOLOGY,True
WX_DRAS_CLEAR_SKY_NIGHT,Dras,2026-01-15,15,1,-28.07,63.9,1.49,220.0,0.0,0.0,0.0,0.0,0.3,0.75,114.1,67647.9,0.9616,SYNTHETIC_CLIMATOLOGY,True
WX_DRAS_CLEAR_SKY_NIGHT,Dras,2026-01-15,15,2,-30.0,67.5,1.44,220.0,0.0,0.0,0.0,0.0,0.3,0.75,108.8,67647.9,0.9692,SYNTHETIC_CLIMATOLOGY,True
WX_DRAS_CLEAR_SKY_NIGHT,Dras,2026-01-15,15,3,-31.66,70.6,1.49,220.0,0.0,0.0,0.0,0.0,0.3,0.75,104.4,67647.9,0.9759,SYNTHETIC_CLIMATOLOGY,True
WX_DRAS_CLEAR_SKY_NIGHT,Dras,2026-01-15,15,4,-32.93,73.0,1.63,220.0,0.0,0.0,0.0,0.0,0.3,0.75,101.2,67647.9,0.981,SYNTHETIC_CLIMATOLOGY,True
WX_DRAS_CLEAR_SKY_NIGHT,Dras,2026-01-15,15,5,-33.73,74.5,1.86,220.0,0.0,0.0,0.0,0.0,0.3,0.75,99.2,67647.9,0.9843,SYNTHETIC_CLIMATOLOGY,True
WX_DRAS_CLEAR_SKY_NIGHT,Dras,2026-01-15,15,6,-34.0,75.0,2.16,220.0,0.0,0.0,0.0,0.0,0.3,0.75,98.5,67647.9,0.9854,SYNTHETIC_CLIMATOLOGY,True
WX_DRAS_CLEAR_SKY_NIGHT,Dras,2026-01-15,15,7,-33.73,74.5,2.51,220.0,0.0,0.0,0.0,0.0,0.3,0.75,99.2,67647.9,0.9843,SYNTHETIC_CLIMATOLOGY,True
WX_DRAS_CLEAR_SKY_NIGHT,Dras,2026-01-15,15,8,-32.93,73.0,2.88,220.0,107.8,566.7,16.3,0.0,0.3,0.75,101.2,67647.9,0.981,SYNTHETIC_CLIMATOLOGY,True
WX_DRAS_CLEAR_SKY_NIGHT,Dras,2026-01-15,15,9,-31.66,70.6,3.25,220.0,279.9,790.2,24.1,0.0,0.3,0.75,104.4,67647.9,0.9759,SYNTHETIC_CLIMATOLOGY,True
WX_DRAS_CLEAR_SKY_NIGHT,Dras,2026-01-15,15,10,-30.0,67.5,3.6,220.0,427.1,886.2,28.3,0.0,0.3,0.75,108.8,67647.9,0.9692,SYNTHETIC_CLIMATOLOGY,True
WX_DRAS_CLEAR_SKY_NIGHT,Dras,2026-01-15,15,11,-28.07,63.9,3.9,220.0,525.5,931.0,30.6,0.0,0.3,0.75,114.1,67647.9,0.9616,SYNTHETIC_CLIMATOLOGY,True
WX_DRAS_CLEAR_SKY_NIGHT,Dras,2026-01-15,15,12,-26.0,60.0,4.13,220.0,563.9,945.8,31.4,0.0,0.3,0.75,120.0,67647.9,0.9535,SYNTHETIC_CLIMATOLOGY,True
WX_DRAS_CLEAR_SKY_NIGHT,Dras,2026-01-15,15,13,-23.93,56.1,4.27,220.0,538.4,936.1,30.9,0.0,0.3,0.75,126.1,67647.9,0.9456,SYNTHETIC_CLIMATOLOGY,True
WX_DRAS_CLEAR_SKY_NIGHT,Dras,2026-01-15,15,14,-22.0,52.5,4.32,220.0,451.5,898.3,28.9,0.0,0.3,0.75,132.1,67647.9,0.9383,SYNTHETIC_CLIMATOLOGY,True
WX_DRAS_CLEAR_SKY_NIGHT,Dras,2026-01-15,15,15,-20.34,49.4,4.27,220.0,312.8,815.9,25.2,0.0,0.3,0.75,137.4,67647.9,0.9322,SYNTHETIC_CLIMATOLOGY,True
WX_DRAS_CLEAR_SKY_NIGHT,Dras,2026-01-15,15,16,-19.07,47.0,4.13,220.0,142.6,631.5,18.4,0.0,0.3,0.75,141.6,67647.9,0.9275,SYNTHETIC_CLIMATOLOGY,True
WX_DRAS_CLEAR_SKY_NIGHT,Dras,2026-01-15,15,17,-18.27,45.5,3.9,220.0,3.5,102.5,2.1,0.0,0.3,0.75,144.3,67647.9,0.9246,SYNTHETIC_CLIMATOLOGY,True
WX_DRAS_CLEAR_SKY_NIGHT,Dras,2026-01-15,15,18,-18.0,45.0,3.6,220.0,0.0,0.0,0.0,0.0,0.3,0.75,145.3,67647.9,0.9236,SYNTHETIC_CLIMATOLOGY,True
WX_DRAS_CLEAR_SKY_NIGHT,Dras,2026-01-15,15,19,-18.27,45.5,3.25,220.0,0.0,0.0,0.0,0.0,0.3,0.75,144.3,67647.9,0.9246,SYNTHETIC_CLIMATOLOGY,True
WX_DRAS_CLEAR_SKY_NIGHT,Dras,2026-01-15,15,20,-19.07,47.0,2.88,220.0,0.0,0.0,0.0,0.0,0.3,0.75,141.6,67647.9,0.9275,SYNTHETIC_CLIMATOLOGY,True
WX_DRAS_CLEAR_SKY_NIGHT,Dras,2026-01-15,15,21,-20.34,49.4,2.51,220.0,0.0,0.0,0.0,0.0,0.3,0.75,137.4,67647.9,0.9322,SYNTHETIC_CLIMATOLOGY,True
WX_DRAS_CLEAR_SKY_NIGHT,Dras,2026-01-15,15,22,-22.0,52.5,2.16,220.0,0.0,0.0,0.0,0.0,0.3,0.75,132.1,67647.9,0.9383,SYNTHETIC_CLIMATOLOGY,True
WX_DRAS_CLEAR_SKY_NIGHT,Dras,2026-01-15,15,23,-23.93,56.1,1.86,220.0,0.0,0.0,0.0,0.0,0.3,0.75,126.1,67647.9,0.9456,SYNTHETIC_CLIMATOLOGY,True
WX_DRAS_SNOW_COVER,Dras,2026-01-15,15,0,-24.0,60.0,2.25,220.0,0.0,0.0,0.0,0.2,0.8,0.75,138.9,67647.9,0.9459,SYNTHETIC_CLIMATOLOGY,True
WX_DRAS_SNOW_COVER,Dras,2026-01-15,15,1,-26.07,63.9,2.05,220.0,0.0,0.0,0.0,0.2,0.8,0.75,132.5,67647.9,0.9538,SYNTHETIC_CLIMATOLOGY,True
WX_DRAS_SNOW_COVER,Dras,2026-01-15,15,2,-28.0,67.5,1.98,220.0,0.0,0.0,0.0,0.2,0.8,0.75,126.8,67647.9,0.9613,SYNTHETIC_CLIMATOLOGY,True
WX_DRAS_SNOW_COVER,Dras,2026-01-15,15,3,-29.66,70.6,2.05,220.0,0.0,0.0,0.0,0.2,0.8,0.75,122.1,67647.9,0.9679,SYNTHETIC_CLIMATOLOGY,True
WX_DRAS_SNOW_COVER,Dras,2026-01-15,15,4,-30.93,73.0,2.25,220.0,0.0,0.0,0.0,0.2,0.8,0.75,118.5,67647.9,0.9729,SYNTHETIC_CLIMATOLOGY,True
WX_DRAS_SNOW_COVER,Dras,2026-01-15,15,5,-31.73,74.5,2.56,220.0,0.0,0.0,0.0,0.2,0.8,0.75,116.4,67647.9,0.9762,SYNTHETIC_CLIMATOLOGY,True
WX_DRAS_SNOW_COVER,Dras,2026-01-15,15,6,-32.0,75.0,2.97,220.0,0.0,0.0,0.0,0.2,0.8,0.75,115.6,67647.9,0.9773,SYNTHETIC_CLIMATOLOGY,True
WX_DRAS_SNOW_COVER,Dras,2026-01-15,15,7,-31.73,74.5,3.45,220.0,0.0,0.0,0.0,0.2,0.8,0.75,116.4,67647.9,0.9762,SYNTHETIC_CLIMATOLOGY,True
WX_DRAS_SNOW_COVER,Dras,2026-01-15,15,8,-30.93,73.0,3.96,220.0,85.7,405.5,20.2,0.2,0.8,0.75,118.5,67647.9,0.9729,SYNTHETIC_CLIMATOLOGY,True
WX_DRAS_SNOW_COVER,Dras,2026-01-15,15,9,-29.66,70.6,4.47,220.0,220.0,565.4,37.0,0.2,0.8,0.75,122.1,67647.9,0.9679,SYNTHETIC_CLIMATOLOGY,True
WX_DRAS_SNOW_COVER,Dras,2026-01-15,15,10,-28.0,67.5,4.95,220.0,334.7,634.1,49.3,0.2,0.8,0.75,126.8,67647.9,0.9613,SYNTHETIC_CLIMATOLOGY,True
WX_DRAS_SNOW_COVER,Dras,2026-01-15,15,11,-26.07,63.9,5.36,220.0,411.3,666.1,57.1,0.2,0.8,0.75,132.5,67647.9,0.9538,SYNTHETIC_CLIMATOLOGY,True
WX_DRAS_SNOW_COVER,Dras,2026-01-15,15,12,-24.0,60.0,5.67,220.0,441.2,676.7,60.1,0.2,0.8,0.75,138.9,67647.9,0.9459,SYNTHETIC_CLIMATOLOGY,True
WX_DRAS_SNOW_COVER,Dras,2026-01-15,15,13,-21.93,56.1,5.87,220.0,421.3,669.8,58.1,0.2,0.8,0.75,145.5,67647.9,0.9381,SYNTHETIC_CLIMATOLOGY,True
WX_DRAS_SNOW_COVER,Dras,2026-01-15,15,14,-20.0,52.5,5.94,220.0,353.7,642.8,51.3,0.2,0.8,0.75,151.9,67647.9,0.9309,SYNTHETIC_CLIMATOLOGY,True
WX_DRAS_SNOW_COVER,Dras,2026-01-15,15,15,-18.34,49.4,5.87,220.0,245.7,583.8,39.8,0.2,0.8,0.75,157.6,67647.9,0.9249,SYNTHETIC_CLIMATOLOGY,True
WX_DRAS_SNOW_COVER,Dras,2026-01-15,15,16,-17.07,47.0,5.67,220.0,112.9,451.9,24.0,0.2,0.8,0.75,162.1,67647.9,0.9203,SYNTHETIC_CLIMATOLOGY,True
WX_DRAS_SNOW_COVER,Dras,2026-01-15,15,17,-16.27,45.5,5.36,220.0,3.0,73.4,2.0,0.2,0.8,0.75,164.9,67647.9,0.9174,SYNTHETIC_CLIMATOLOGY,True
WX_DRAS_SNOW_COVER,Dras,2026-01-15,15,18,-16.0,45.0,4.95,220.0,0.0,0.0,0.0,0.2,0.8,0.75,165.9,67647.9,0.9165,SYNTHETIC_CLIMATOLOGY,True
WX_DRAS_SNOW_COVER,Dras,2026-01-15,15,19,-16.27,45.5,4.47,220.0,0.0,0.0,0.0,0.2,0.8,0.75,164.9,67647.9,0.9174,SYNTHETIC_CLIMATOLOGY,True
WX_DRAS_SNOW_COVER,Dras,2026-01-15,15,20,-17.07,47.0,3.96,220.0,0.0,0.0,0.0,0.2,0.8,0.75,162.1,67647.9,0.9203,SYNTHETIC_CLIMATOLOGY,True
WX_DRAS_SNOW_COVER,Dras,2026-01-15,15,21,-18.34,49.4,3.45,220.0,0.0,0.0,0.0,0.2,0.8,0.75,157.6,67647.9,0.9249,SYNTHETIC_CLIMATOLOGY,True
WX_DRAS_SNOW_COVER,Dras,2026-01-15,15,22,-20.0,52.5,2.97,220.0,0.0,0.0,0.0,0.2,0.8,0.75,151.9,67647.9,0.9309,SYNTHETIC_CLIMATOLOGY,True
WX_DRAS_SNOW_COVER,Dras,2026-01-15,15,23,-21.93,56.1,2.56,220.0,0.0,0.0,0.0,0.2,0.8,0.75,145.5,67647.9,0.9381,SYNTHETIC_CLIMATOLOGY,True
WX_DRAS_HIGH_SOLAR_DAY,Dras,2026-01-15,15,0,-20.0,60.0,1.84,220.0,0.0,0.0,0.0,0.0,0.2,0.75,138.6,67647.9,0.9309,SYNTHETIC_CLIMATOLOGY,True
WX_DRAS_HIGH_SOLAR_DAY,Dras,2026-01-15,15,1,-22.07,63.9,1.68,220.0,0.0,0.0,0.0,0.0,0.2,0.75,131.9,67647.9,0.9386,SYNTHETIC_CLIMATOLOGY,True
WX_DRAS_HIGH_SOLAR_DAY,Dras,2026-01-15,15,2,-24.0,67.5,1.62,220.0,0.0,0.0,0.0,0.0,0.2,0.75,125.9,67647.9,0.9459,SYNTHETIC_CLIMATOLOGY,True
WX_DRAS_HIGH_SOLAR_DAY,Dras,2026-01-15,15,3,-25.66,70.6,1.68,220.0,0.0,0.0,0.0,0.0,0.2,0.75,121.0,67647.9,0.9522,SYNTHETIC_CLIMATOLOGY,True
WX_DRAS_HIGH_SOLAR_DAY,Dras,2026-01-15,15,4,-26.93,73.0,1.84,220.0,0.0,0.0,0.0,0.0,0.2,0.75,117.3,67647.9,0.9571,SYNTHETIC_CLIMATOLOGY,True
WX_DRAS_HIGH_SOLAR_DAY,Dras,2026-01-15,15,5,-27.73,74.5,2.09,220.0,0.0,0.0,0.0,0.0,0.2,0.75,115.0,67647.9,0.9602,SYNTHETIC_CLIMATOLOGY,True
WX_DRAS_HIGH_SOLAR_DAY,Dras,2026-01-15,15,6,-28.0,75.0,2.43,220.0,0.0,0.0,0.0,0.0,0.2,0.75,114.3,67647.9,0.9613,SYNTHETIC_CLIMATOLOGY,True
WX_DRAS_HIGH_SOLAR_DAY,Dras,2026-01-15,15,7,-27.73,74.5,2.82,220.0,0.0,0.0,0.0,0.0,0.2,0.75,115.0,67647.9,0.9602,SYNTHETIC_CLIMATOLOGY,True
WX_DRAS_HIGH_SOLAR_DAY,Dras,2026-01-15,15,8,-26.93,73.0,3.24,220.0,107.8,566.7,16.3,0.0,0.2,0.75,117.3,67647.9,0.9571,SYNTHETIC_CLIMATOLOGY,True
WX_DRAS_HIGH_SOLAR_DAY,Dras,2026-01-15,15,9,-25.66,70.6,3.66,220.0,279.9,790.2,24.1,0.0,0.2,0.75,121.0,67647.9,0.9522,SYNTHETIC_CLIMATOLOGY,True
WX_DRAS_HIGH_SOLAR_DAY,Dras,2026-01-15,15,10,-24.0,67.5,4.05,220.0,427.1,886.2,28.3,0.0,0.2,0.75,125.9,67647.9,0.9459,SYNTHETIC_CLIMATOLOGY,True
WX_DRAS_HIGH_SOLAR_DAY,Dras,2026-01-15,15,11,-22.07,63.9,4.39,220.0,525.5,931.0,30.6,0.0,0.2,0.75,131.9,67647.9,0.9386,SYNTHETIC_CLIMATOLOGY,True
WX_DRAS_HIGH_SOLAR_DAY,Dras,2026-01-15,15,12,-20.0,60.0,4.64,220.0,563.9,945.8,31.4,0.0,0.2,0.75,138.6,67647.9,0.9309,SYNTHETIC_CLIMATOLOGY,True
WX_DRAS_HIGH_SOLAR_DAY,Dras,2026-01-15,15,13,-17.93,56.1,4.8,220.0,538.4,936.1,30.9,0.0,0.2,0.75,145.5,67647.9,0.9234,SYNTHETIC_CLIMATOLOGY,True
WX_DRAS_HIGH_SOLAR_DAY,Dras,2026-01-15,15,14,-16.0,52.5,4.86,220.0,451.5,898.3,28.9,0.0,0.2,0.75,152.2,67647.9,0.9165,SYNTHETIC_CLIMATOLOGY,True
WX_DRAS_HIGH_SOLAR_DAY,Dras,2026-01-15,15,15,-14.34,49.4,4.8,220.0,312.8,815.9,25.2,0.0,0.2,0.75,158.2,67647.9,0.9106,SYNTHETIC_CLIMATOLOGY,True
WX_DRAS_HIGH_SOLAR_DAY,Dras,2026-01-15,15,16,-13.07,47.0,4.64,220.0,142.6,631.5,18.4,0.0,0.2,0.75,162.9,67647.9,0.9061,SYNTHETIC_CLIMATOLOGY,True
WX_DRAS_HIGH_SOLAR_DAY,Dras,2026-01-15,15,17,-12.27,45.5,4.39,220.0,3.5,102.5,2.1,0.0,0.2,0.75,166.0,67647.9,0.9034,SYNTHETIC_CLIMATOLOGY,True
WX_DRAS_HIGH_SOLAR_DAY,Dras,2026-01-15,15,18,-12.0,45.0,4.05,220.0,0.0,0.0,0.0,0.0,0.2,0.75,167.0,67647.9,0.9024,SYNTHETIC_CLIMATOLOGY,True
WX_DRAS_HIGH_SOLAR_DAY,Dras,2026-01-15,15,19,-12.27,45.5,3.66,220.0,0.0,0.0,0.0,0.0,0.2,0.75,166.0,67647.9,0.9034,SYNTHETIC_CLIMATOLOGY,True
WX_DRAS_HIGH_SOLAR_DAY,Dras,2026-01-15,15,20,-13.07,47.0,3.24,220.0,0.0,0.0,0.0,0.0,0.2,0.75,162.9,67647.9,0.9061,SYNTHETIC_CLIMATOLOGY,True
WX_DRAS_HIGH_SOLAR_DAY,Dras,2026-01-15,15,21,-14.34,49.4,2.82,220.0,0.0,0.0,0.0,0.0,0.2,0.75,158.2,67647.9,0.9106,SYNTHETIC_CLIMATOLOGY,True
WX_DRAS_HIGH_SOLAR_DAY,Dras,2026-01-15,15,22,-16.0,52.5,2.43,220.0,0.0,0.0,0.0,0.0,0.2,0.75,152.2,67647.9,0.9165,SYNTHETIC_CLIMATOLOGY,True
WX_DRAS_HIGH_SOLAR_DAY,Dras,2026-01-15,15,23,-17.93,56.1,2.09,220.0,0.0,0.0,0.0,0.0,0.2,0.75,145.5,67647.9,0.9234,SYNTHETIC_CLIMATOLOGY,True
WX_DRAS_CLOUDY_DAY,Dras,2026-01-15,15,0,-23.0,60.0,2.65,220.0,0.0,0.0,0.0,0.85,0.35,0.75,191.5,67647.9,0.9421,SYNTHETIC_CLIMATOLOGY,True
WX_DRAS_CLOUDY_DAY,Dras,2026-01-15,15,1,-25.07,63.9,2.42,220.0,0.0,0.0,0.0,0.85,0.35,0.75,184.4,67647.9,0.95,SYNTHETIC_CLIMATOLOGY,True
WX_DRAS_CLOUDY_DAY,Dras,2026-01-15,15,2,-27.0,67.5,2.34,220.0,0.0,0.0,0.0,0.85,0.35,0.75,178.1,67647.9,0.9574,SYNTHETIC_CLIMATOLOGY,True
WX_DRAS_CLOUDY_DAY,Dras,2026-01-15,15,3,-28.66,70.6,2.42,220.0,0.0,0.0,0.0,0.85,0.35,0.75,172.7,67647.9,0.9639,SYNTHETIC_CLIMATOLOGY,True
WX_DRAS_CLOUDY_DAY,Dras,2026-01-15,15,4,-29.93,73.0,2.65,220.0,0.0,0.0,0.0,0.85,0.35,0.75,168.7,67647.9,0.9689,SYNTHETIC_CLIMATOLOGY,True
WX_DRAS_CLOUDY_DAY,Dras,2026-01-15,15,5,-30.73,74.5,3.03,220.0,0.0,0.0,0.0,0.85,0.35,0.75,166.2,67647.9,0.9721,SYNTHETIC_CLIMATOLOGY,True
WX_DRAS_CLOUDY_DAY,Dras,2026-01-15,15,6,-31.0,75.0,3.51,220.0,0.0,0.0,0.0,0.85,0.35,0.75,165.4,67647.9,0.9732,SYNTHETIC_CLIMATOLOGY,True
WX_DRAS_CLOUDY_DAY,Dras,2026-01-15,15,7,-30.73,74.5,4.07,220.0,0.0,0.0,0.0,0.85,0.35,0.75,166.2,67647.9,0.9721,SYNTHETIC_CLIMATOLOGY,True
WX_DRAS_CLOUDY_DAY,Dras,2026-01-15,15,8,-29.93,73.0,4.68,220.0,28.0,32.9,22.7,0.85,0.35,0.75,168.7,67647.9,0.9689,SYNTHETIC_CLIMATOLOGY,True
WX_DRAS_CLOUDY_DAY,Dras,2026-01-15,15,9,-28.66,70.6,5.29,220.0,65.8,45.9,50.9,0.85,0.35,0.75,172.7,67647.9,0.9639,SYNTHETIC_CLIMATOLOGY,True
WX_DRAS_CLOUDY_DAY,Dras,2026-01-15,15,10,-27.0,67.5,5.85,220.0,97.2,51.5,74.1,0.85,0.35,0.75,178.1,67647.9,0.9574,SYNTHETIC_CLIMATOLOGY,True
WX_DRAS_CLOUDY_DAY,Dras,2026-01-15,15,11,-25.07,63.9,6.33,220.0,118.1,54.1,89.3,0.85,0.35,0.75,184.4,67647.9,0.95,SYNTHETIC_CLIMATOLOGY,True
WX_DRAS_CLOUDY_DAY,Dras,2026-01-15,15,12,-23.0,60.0,6.71,220.0,126.2,54.9,95.2,0.85,0.35,0.75,191.5,67647.9,0.9421,SYNTHETIC_CLIMATOLOGY,True
WX_DRAS_CLOUDY_DAY,Dras,2026-01-15,15,13,-20.93,56.1,6.94,220.0,120.8,54.4,91.3,0.85,0.35,0.75,198.8,67647.9,0.9344,SYNTHETIC_CLIMATOLOGY,True
WX_DRAS_CLOUDY_DAY,Dras,2026-01-15,15,14,-19.0,52.5,7.02,220.0,102.4,52.2,77.9,0.85,0.35,0.75,205.7,67647.9,0.9273,SYNTHETIC_CLIMATOLOGY,True
WX_DRAS_CLOUDY_DAY,Dras,2026-01-15,15,15,-17.34,49.4,6.94,220.0,72.9,47.4,56.2,0.85,0.35,0.75,211.9,67647.9,0.9213,SYNTHETIC_CLIMATOLOGY,True
WX_DRAS_CLOUDY_DAY,Dras,2026-01-15,15,16,-16.07,47.0,6.71,220.0,35.8,36.7,28.6,0.85,0.35,0.75,216.7,67647.9,0.9167,SYNTHETIC_CLIMATOLOGY,True
WX_DRAS_CLOUDY_DAY,Dras,2026-01-15,15,17,-15.27,45.5,6.33,220.0,1.5,6.0,1.4,0.85,0.35,0.75,219.7,67647.9,0.9139,SYNTHETIC_CLIMATOLOGY,True
WX_DRAS_CLOUDY_DAY,Dras,2026-01-15,15,18,-15.0,45.0,5.85,220.0,0.0,0.0,0.0,0.85,0.35,0.75,220.8,67647.9,0.9129,SYNTHETIC_CLIMATOLOGY,True
WX_DRAS_CLOUDY_DAY,Dras,2026-01-15,15,19,-15.27,45.5,5.29,220.0,0.0,0.0,0.0,0.85,0.35,0.75,219.7,67647.9,0.9139,SYNTHETIC_CLIMATOLOGY,True
WX_DRAS_CLOUDY_DAY,Dras,2026-01-15,15,20,-16.07,47.0,4.68,220.0,0.0,0.0,0.0,0.85,0.35,0.75,216.7,67647.9,0.9167,SYNTHETIC_CLIMATOLOGY,True
WX_DRAS_CLOUDY_DAY,Dras,2026-01-15,15,21,-17.34,49.4,4.07,220.0,0.0,0.0,0.0,0.85,0.35,0.75,211.9,67647.9,0.9213,SYNTHETIC_CLIMATOLOGY,True
WX_DRAS_CLOUDY_DAY,Dras,2026-01-15,15,22,-19.0,52.5,3.51,220.0,0.0,0.0,0.0,0.85,0.35,0.75,205.7,67647.9,0.9273,SYNTHETIC_CLIMATOLOGY,True
WX_DRAS_CLOUDY_DAY,Dras,2026-01-15,15,23,-20.93,56.1,3.03,220.0,0.0,0.0,0.0,0.85,0.35,0.75,198.8,67647.9,0.9344,SYNTHETIC_CLIMATOLOGY,True
WX_DRAS_COLD_SNAP,Dras,2026-01-15,15,0,-37.0,60.0,3.67,220.0,0.0,0.0,0.0,0.05,0.5,0.75,94.1,67647.9,0.998,SYNTHETIC_CLIMATOLOGY,True
WX_DRAS_COLD_SNAP,Dras,2026-01-15,15,1,-39.07,63.9,3.35,220.0,0.0,0.0,0.0,0.05,0.5,0.75,89.3,67647.9,1.0068,SYNTHETIC_CLIMATOLOGY,True
WX_DRAS_COLD_SNAP,Dras,2026-01-15,15,2,-41.0,67.5,3.24,220.0,0.0,0.0,0.0,0.05,0.5,0.75,85.1,67647.9,1.0151,SYNTHETIC_CLIMATOLOGY,True
WX_DRAS_COLD_SNAP,Dras,2026-01-15,15,3,-42.66,70.6,3.35,220.0,0.0,0.0,0.0,0.05,0.5,0.75,81.5,67647.9,1.0224,SYNTHETIC_CLIMATOLOGY,True
WX_DRAS_COLD_SNAP,Dras,2026-01-15,15,4,-43.93,73.0,3.67,220.0,0.0,0.0,0.0,0.05,0.5,0.75,78.9,67647.9,1.0281,SYNTHETIC_CLIMATOLOGY,True
WX_DRAS_COLD_SNAP,Dras,2026-01-15,15,5,-44.73,74.5,4.19,220.0,0.0,0.0,0.0,0.05,0.5,0.75,77.3,67647.9,1.0317,SYNTHETIC_CLIMATOLOGY,True
WX_DRAS_COLD_SNAP,Dras,2026-01-15,15,6,-45.0,75.0,4.86,220.0,0.0,0.0,0.0,0.05,0.5,0.75,76.8,67647.9,1.0329,SYNTHETIC_CLIMATOLOGY,True
WX_DRAS_COLD_SNAP,Dras,2026-01-15,15,7,-44.73,74.5,5.64,220.0,0.0,0.0,0.0,0.05,0.5,0.75,77.3,67647.9,1.0317,SYNTHETIC_CLIMATOLOGY,True
WX_DRAS_COLD_SNAP,Dras,2026-01-15,15,8,-43.93,73.0,6.48,220.0,102.0,524.8,17.3,0.05,0.5,0.75,78.9,67647.9,1.0281,SYNTHETIC_CLIMATOLOGY,True
WX_DRAS_COLD_SNAP,Dras,2026-01-15,15,9,-42.66,70.6,7.32,220.0,264.2,731.7,27.3,0.05,0.5,0.75,81.5,67647.9,1.0224,SYNTHETIC_CLIMATOLOGY,True
WX_DRAS_COLD_SNAP,Dras,2026-01-15,15,10,-41.0,67.5,8.1,220.0,402.8,820.5,33.6,0.05,0.5,0.75,85.1,67647.9,1.0151,SYNTHETIC_CLIMATOLOGY,True
WX_DRAS_COLD_SNAP,Dras,2026-01-15,15,11,-39.07,63.9,8.77,220.0,495.5,862.0,37.3,0.05,0.5,0.75,89.3,67647.9,1.0068,SYNTHETIC_CLIMATOLOGY,True
WX_DRAS_COLD_SNAP,Dras,2026-01-15,15,12,-37.0,60.0,9.29,220.0,531.7,875.7,38.6,0.05,0.5,0.75,94.1,67647.9,0.998,SYNTHETIC_CLIMATOLOGY,True
WX_DRAS_COLD_SNAP,Dras,2026-01-15,15,13,-34.93,56.1,9.61,220.0,507.6,866.8,37.7,0.05,0.5,0.75,99.1,67647.9,0.9893,SYNTHETIC_CLIMATOLOGY,True
WX_DRAS_COLD_SNAP,Dras,2026-01-15,15,14,-33.0,52.5,9.72,220.0,425.8,831.8,34.5,0.05,0.5,0.75,103.9,67647.9,0.9813,SYNTHETIC_CLIMATOLOGY,True
WX_DRAS_COLD_SNAP,Dras,2026-01-15,15,15,-31.34,49.4,9.61,220.0,295.2,755.5,28.8,0.05,0.5,0.75,108.2,67647.9,0.9746,SYNTHETIC_CLIMATOLOGY,True
WX_DRAS_COLD_SNAP,Dras,2026-01-15,15,16,-30.07,47.0,9.29,220.0,134.8,584.7,19.8,0.05,0.5,0.75,111.6,67647.9,0.9695,SYNTHETIC_CLIMATOLOGY,True
WX_DRAS_COLD_SNAP,Dras,2026-01-15,15,17,-29.27,45.5,8.77,220.0,3.4,94.9,2.1,0.05,0.5,0.75,113.8,67647.9,0.9663,SYNTHETIC_CLIMATOLOGY,True
WX_DRAS_COLD_SNAP,Dras,2026-01-15,15,18,-29.0,45.0,8.1,220.0,0.0,0.0,0.0,0.05,0.5,0.75,114.5,67647.9,0.9653,SYNTHETIC_CLIMATOLOGY,True
WX_DRAS_COLD_SNAP,Dras,2026-01-15,15,19,-29.27,45.5,7.32,220.0,0.0,0.0,0.0,0.05,0.5,0.75,113.8,67647.9,0.9663,SYNTHETIC_CLIMATOLOGY,True
WX_DRAS_COLD_SNAP,Dras,2026-01-15,15,20,-30.07,47.0,6.48,220.0,0.0,0.0,0.0,0.05,0.5,0.75,111.6,67647.9,0.9695,SYNTHETIC_CLIMATOLOGY,True
WX_DRAS_COLD_SNAP,Dras,2026-01-15,15,21,-31.34,49.4,5.64,220.0,0.0,0.0,0.0,0.05,0.5,0.75,108.2,67647.9,0.9746,SYNTHETIC_CLIMATOLOGY,True
WX_DRAS_COLD_SNAP,Dras,2026-01-15,15,22,-33.0,52.5,4.86,220.0,0.0,0.0,0.0,0.05,0.5,0.75,103.9,67647.9,0.9813,SYNTHETIC_CLIMATOLOGY,True
WX_DRAS_COLD_SNAP,Dras,2026-01-15,15,23,-34.93,56.1,4.19,220.0,0.0,0.0,0.0,0.05,0.5,0.75,99.1,67647.9,0.9893,SYNTHETIC_CLIMATOLOGY,True
WX_SIACHEN_NORMAL_WINTER,Siachen,2026-01-15,15,0,-32.0,60.0,3.63,220.0,0.0,0.0,0.0,0.15,0.25,0.75,112.5,51194.2,0.7396,SYNTHETIC_CLIMATOLOGY,True
WX_SIACHEN_NORMAL_WINTER,Siachen,2026-01-15,15,1,-33.55,63.9,3.31,220.0,0.0,0.0,0.0,0.15,0.25,0.75,108.4,51194.2,0.7444,SYNTHETIC_CLIMATOLOGY,True
WX_SIACHEN_NORMAL_WINTER,Siachen,2026-01-15,15,2,-35.0,67.5,3.2,220.0,0.0,0.0,0.0,0.15,0.25,0.75,104.7,51194.2,0.7489,SYNTHETIC_CLIMATOLOGY,True
WX_SIACHEN_NORMAL_WINTER,Siachen,2026-01-15,15,3,-36.24,70.6,3.31,220.0,0.0,0.0,0.0,0.15,0.25,0.75,101.7,51194.2,0.7528,SYNTHETIC_CLIMATOLOGY,True
WX_SIACHEN_NORMAL_WINTER,Siachen,2026-01-15,15,4,-37.2,73.0,3.63,220.0,0.0,0.0,0.0,0.15,0.25,0.75,99.3,51194.2,0.7559,SYNTHETIC_CLIMATOLOGY,True
WX_SIACHEN_NORMAL_WINTER,Siachen,2026-01-15,15,5,-37.8,74.5,4.14,220.0,0.0,0.0,0.0,0.15,0.25,0.75,97.9,51194.2,0.7578,SYNTHETIC_CLIMATOLOGY,True
WX_SIACHEN_NORMAL_WINTER,Siachen,2026-01-15,15,6,-38.0,75.0,4.8,220.0,0.0,0.0,0.0,0.15,0.25,0.75,97.4,51194.2,0.7584,SYNTHETIC_CLIMATOLOGY,True
WX_SIACHEN_NORMAL_WINTER,Siachen,2026-01-15,15,7,-37.8,74.5,5.57,220.0,0.0,0.0,0.0,0.15,0.25,0.75,97.9,51194.2,0.7578,SYNTHETIC_CLIMATOLOGY,True
WX_SIACHEN_NORMAL_WINTER,Siachen,2026-01-15,15,8,-37.2,73.0,6.4,220.0,107.4,528.8,18.8,0.15,0.25,0.75,99.3,51194.2,0.7559,SYNTHETIC_CLIMATOLOGY,True
WX_SIACHEN_NORMAL_WINTER,Siachen,2026-01-15,15,9,-36.24,70.6,7.23,220.0,254.9,685.1,32.1,0.15,0.25,0.75,101.7,51194.2,0.7528,SYNTHETIC_CLIMATOLOGY,True
WX_SIACHEN_NORMAL_WINTER,Siachen,2026-01-15,15,10,-35.0,67.5,8.0,220.0,376.5,750.7,41.6,0.15,0.25,0.75,104.7,51194.2,0.7489,SYNTHETIC_CLIMATOLOGY,True
WX_SIACHEN_NORMAL_WINTER,Siachen,2026-01-15,15,11,-33.55,63.9,8.66,220.0,455.3,780.5,47.4,0.15,0.25,0.75,108.4,51194.2,0.7444,SYNTHETIC_CLIMATOLOGY,True
WX_SIACHEN_NORMAL_WINTER,Siachen,2026-01-15,15,12,-32.0,60.0,9.17,220.0,482.8,789.5,49.4,0.15,0.25,0.75,112.5,51194.2,0.7396,SYNTHETIC_CLIMATOLOGY,True
WX_SIACHEN_NORMAL_WINTER,Siachen,2026-01-15,15,13,-30.45,56.1,9.49,220.0,456.4,780.9,47.5,0.15,0.25,0.75,116.7,51194.2,0.7348,SYNTHETIC_CLIMATOLOGY,True
WX_SIACHEN_NORMAL_WINTER,Siachen,2026-01-15,15,14,-29.0,52.5,9.6,220.0,378.8,751.6,41.8,0.15,0.25,0.75,120.7,51194.2,0.7305,SYNTHETIC_CLIMATOLOGY,True
WX_SIACHEN_NORMAL_WINTER,Siachen,2026-01-15,15,15,-27.76,49.4,9.49,220.0,257.9,687.2,32.4,0.15,0.25,0.75,124.3,51194.2,0.7268,SYNTHETIC_CLIMATOLOGY,True
WX_SIACHEN_NORMAL_WINTER,Siachen,2026-01-15,15,16,-26.8,47.0,9.17,220.0,110.7,534.4,19.1,0.15,0.25,0.75,127.1,51194.2,0.724,SYNTHETIC_CLIMATOLOGY,True
WX_SIACHEN_NORMAL_WINTER,Siachen,2026-01-15,15,17,-26.2,45.5,8.66,220.0,0.0,0.0,0.0,0.15,0.25,0.75,128.9,51194.2,0.7222,SYNTHETIC_CLIMATOLOGY,True
WX_SIACHEN_NORMAL_WINTER,Siachen,2026-01-15,15,18,-26.0,45.0,8.0,220.0,0.0,0.0,0.0,0.15,0.25,0.75,129.5,51194.2,0.7216,SYNTHETIC_CLIMATOLOGY,True
WX_SIACHEN_NORMAL_WINTER,Siachen,2026-01-15,15,19,-26.2,45.5,7.23,220.0,0.0,0.0,0.0,0.15,0.25,0.75,128.9,51194.2,0.7222,SYNTHETIC_CLIMATOLOGY,True
WX_SIACHEN_NORMAL_WINTER,Siachen,2026-01-15,15,20,-26.8,47.0,6.4,220.0,0.0,0.0,0.0,0.15,0.25,0.75,127.1,51194.2,0.724,SYNTHETIC_CLIMATOLOGY,True
WX_SIACHEN_NORMAL_WINTER,Siachen,2026-01-15,15,21,-27.76,49.4,5.57,220.0,0.0,0.0,0.0,0.15,0.25,0.75,124.3,51194.2,0.7268,SYNTHETIC_CLIMATOLOGY,True
WX_SIACHEN_NORMAL_WINTER,Siachen,2026-01-15,15,22,-29.0,52.5,4.8,220.0,0.0,0.0,0.0,0.15,0.25,0.75,120.7,51194.2,0.7305,SYNTHETIC_CLIMATOLOGY,True
WX_SIACHEN_NORMAL_WINTER,Siachen,2026-01-15,15,23,-30.45,56.1,4.14,220.0,0.0,0.0,0.0,0.15,0.25,0.75,116.7,51194.2,0.7348,SYNTHETIC_CLIMATOLOGY,True
WX_SIACHEN_COLD_WINTER,Siachen,2026-01-15,15,0,-38.0,60.0,4.35,220.0,0.0,0.0,0.0,0.1,0.4,0.75,94.6,51194.2,0.7584,SYNTHETIC_CLIMATOLOGY,True
WX_SIACHEN_COLD_WINTER,Siachen,2026-01-15,15,1,-39.55,63.9,3.97,220.0,0.0,0.0,0.0,0.1,0.4,0.75,91.0,51194.2,0.7635,SYNTHETIC_CLIMATOLOGY,True
WX_SIACHEN_COLD_WINTER,Siachen,2026-01-15,15,2,-41.0,67.5,3.84,220.0,0.0,0.0,0.0,0.1,0.4,0.75,87.8,51194.2,0.7682,SYNTHETIC_CLIMATOLOGY,True
WX_SIACHEN_COLD_WINTER,Siachen,2026-01-15,15,3,-42.24,70.6,3.97,220.0,0.0,0.0,0.0,0.1,0.4,0.75,85.1,51194.2,0.7724,SYNTHETIC_CLIMATOLOGY,True
WX_SIACHEN_COLD_WINTER,Siachen,2026-01-15,15,4,-43.2,73.0,4.35,220.0,0.0,0.0,0.0,0.1,0.4,0.75,83.1,51194.2,0.7756,SYNTHETIC_CLIMATOLOGY,True
WX_SIACHEN_COLD_WINTER,Siachen,2026-01-15,15,5,-43.8,74.5,4.96,220.0,0.0,0.0,0.0,0.1,0.4,0.75,81.8,51194.2,0.7776,SYNTHETIC_CLIMATOLOGY,True
WX_SIACHEN_COLD_WINTER,Siachen,2026-01-15,15,6,-44.0,75.0,5.76,220.0,0.0,0.0,0.0,0.1,0.4,0.75,81.4,51194.2,0.7783,SYNTHETIC_CLIMATOLOGY,True
WX_SIACHEN_COLD_WINTER,Siachen,2026-01-15,15,7,-43.8,74.5,6.69,220.0,0.0,0.0,0.0,0.1,0.4,0.75,81.8,51194.2,0.7776,SYNTHETIC_CLIMATOLOGY,True
WX_SIACHEN_COLD_WINTER,Siachen,2026-01-15,15,8,-43.2,73.0,7.68,220.0,114.0,576.2,17.4,0.1,0.4,0.75,83.1,51194.2,0.7756,SYNTHETIC_CLIMATOLOGY,True
WX_SIACHEN_COLD_WINTER,Siachen,2026-01-15,15,9,-42.24,70.6,8.67,220.0,271.1,746.5,28.4,0.1,0.4,0.75,85.1,51194.2,0.7724,SYNTHETIC_CLIMATOLOGY,True
WX_SIACHEN_COLD_WINTER,Siachen,2026-01-15,15,10,-41.0,67.5,9.6,220.0,400.7,817.8,35.8,0.1,0.4,0.75,87.8,51194.2,0.7682,SYNTHETIC_CLIMATOLOGY,True
WX_SIACHEN_COLD_WINTER,Siachen,2026-01-15,15,11,-39.55,63.9,10.4,220.0,484.6,850.4,40.3,0.1,0.4,0.75,91.0,51194.2,0.7635,SYNTHETIC_CLIMATOLOGY,True
WX_SIACHEN_COLD_WINTER,Siachen,2026-01-15,15,12,-38.0,60.0,11.01,220.0,514.0,860.1,41.8,0.1,0.4,0.75,94.6,51194.2,0.7584,SYNTHETIC_CLIMATOLOGY,True
WX_SIACHEN_COLD_WINTER,Siachen,2026-01-15,15,13,-36.45,56.1,11.39,220.0,485.9,850.8,40.4,0.1,0.4,0.75,98.2,51194.2,0.7535,SYNTHETIC_CLIMATOLOGY,True
WX_SIACHEN_COLD_WINTER,Siachen,2026-01-15,15,14,-35.0,52.5,11.52,220.0,403.1,818.9,36.0,0.1,0.4,0.75,101.8,51194.2,0.7489,SYNTHETIC_CLIMATOLOGY,True
WX_SIACHEN_COLD_WINTER,Siachen,2026-01-15,15,15,-33.76,49.4,11.39,220.0,274.3,748.7,28.6,0.1,0.4,0.75,104.9,51194.2,0.745,SYNTHETIC_CLIMATOLOGY,True
WX_SIACHEN_COLD_WINTER,Siachen,2026-01-15,15,16,-32.8,47.0,11.01,220.0,117.5,582.2,17.7,0.1,0.4,0.75,107.4,51194.2,0.742,SYNTHETIC_CLIMATOLOGY,True
WX_SIACHEN_COLD_WINTER,Siachen,2026-01-15,15,17,-32.2,45.5,10.4,220.0,0.0,0.0,0.0,0.1,0.4,0.75,108.9,51194.2,0.7402,SYNTHETIC_CLIMATOLOGY,True
WX_SIACHEN_COLD_WINTER,Siachen,2026-01-15,15,18,-32.0,45.0,9.6,220.0,0.0,0.0,0.0,0.1,0.4,0.75,109.5,51194.2,0.7396,SYNTHETIC_CLIMATOLOGY,True
WX_SIACHEN_COLD_WINTER,Siachen,2026-01-15,15,19,-32.2,45.5,8.67,220.0,0.0,0.0,0.0,0.1,0.4,0.75,108.9,51194.2,0.7402,SYNTHETIC_CLIMATOLOGY,True
WX_SIACHEN_COLD_WINTER,Siachen,2026-01-15,15,20,-32.8,47.0,7.68,220.0,0.0,0.0,0.0,0.1,0.4,0.75,107.4,51194.2,0.742,SYNTHETIC_CLIMATOLOGY,True
WX_SIACHEN_COLD_WINTER,Siachen,2026-01-15,15,21,-33.76,49.4,6.69,220.0,0.0,0.0,0.0,0.1,0.4,0.75,104.9,51194.2,0.745,SYNTHETIC_CLIMATOLOGY,True
WX_SIACHEN_COLD_WINTER,Siachen,2026-01-15,15,22,-35.0,52.5,5.76,220.0,0.0,0.0,0.0,0.1,0.4,0.75,101.8,51194.2,0.7489,SYNTHETIC_CLIMATOLOGY,True
WX_SIACHEN_COLD_WINTER,Siachen,2026-01-15,15,23,-36.45,56.1,4.96,220.0,0.0,0.0,0.0,0.1,0.4,0.75,98.2,51194.2,0.7535,SYNTHETIC_CLIMATOLOGY,True
WX_SIACHEN_EXTREME_WINTER,Siachen,2026-01-15,15,0,-44.0,60.0,5.44,220.0,0.0,0.0,0.0,0.05,0.6,0.75,78.8,51194.2,0.7783,SYNTHETIC_CLIMATOLOGY,True
WX_SIACHEN_EXTREME_WINTER,Siachen,2026-01-15,15,1,-45.55,63.9,4.96,220.0,0.0,0.0,0.0,0.05,0.6,0.75,75.7,51194.2,0.7836,SYNTHETIC_CLIMATOLOGY,True
WX_SIACHEN_EXTREME_WINTER,Siachen,2026-01-15,15,2,-47.0,67.5,4.8,220.0,0.0,0.0,0.0,0.05,0.6,0.75,72.9,51194.2,0.7886,SYNTHETIC_CLIMATOLOGY,True
WX_SIACHEN_EXTREME_WINTER,Siachen,2026-01-15,15,3,-48.24,70.6,4.96,220.0,0.0,0.0,0.0,0.05,0.6,0.75,70.6,51194.2,0.793,SYNTHETIC_CLIMATOLOGY,True
WX_SIACHEN_EXTREME_WINTER,Siachen,2026-01-15,15,4,-49.2,73.0,5.44,220.0,0.0,0.0,0.0,0.05,0.6,0.75,68.8,51194.2,0.7964,SYNTHETIC_CLIMATOLOGY,True
WX_SIACHEN_EXTREME_WINTER,Siachen,2026-01-15,15,5,-49.8,74.5,6.21,220.0,0.0,0.0,0.0,0.05,0.6,0.75,67.7,51194.2,0.7985,SYNTHETIC_CLIMATOLOGY,True
WX_SIACHEN_EXTREME_WINTER,Siachen,2026-01-15,15,6,-50.0,75.0,7.2,220.0,0.0,0.0,0.0,0.05,0.6,0.75,67.4,51194.2,0.7992,SYNTHETIC_CLIMATOLOGY,True
WX_SIACHEN_EXTREME_WINTER,Siachen,2026-01-15,15,7,-49.8,74.5,8.36,220.0,0.0,0.0,0.0,0.05,0.6,0.75,67.7,51194.2,0.7985,SYNTHETIC_CLIMATOLOGY,True
WX_SIACHEN_EXTREME_WINTER,Siachen,2026-01-15,15,8,-49.2,73.0,9.6,220.0,120.8,624.9,16.1,0.05,0.6,0.75,68.8,51194.2,0.7964,SYNTHETIC_CLIMATOLOGY,True
WX_SIACHEN_EXTREME_WINTER,Siachen,2026-01-15,15,9,-48.24,70.6,10.84,220.0,287.8,809.5,24.7,0.05,0.6,0.75,70.6,51194.2,0.793,SYNTHETIC_CLIMATOLOGY,True
WX_SIACHEN_EXTREME_WINTER,Siachen,2026-01-15,15,10,-47.0,67.5,12.0,220.0,425.8,886.9,30.0,0.05,0.6,0.75,72.9,51194.2,0.7886,SYNTHETIC_CLIMATOLOGY,True
WX_SIACHEN_EXTREME_WINTER,Siachen,2026-01-15,15,11,-45.55,63.9,12.99,220.0,515.0,922.2,33.2,0.05,0.6,0.75,75.7,51194.2,0.7836,SYNTHETIC_CLIMATOLOGY,True
WX_SIACHEN_EXTREME_WINTER,Siachen,2026-01-15,15,12,-44.0,60.0,13.76,220.0,546.2,932.8,34.2,0.05,0.6,0.75,78.8,51194.2,0.7783,SYNTHETIC_CLIMATOLOGY,True
WX_SIACHEN_EXTREME_WINTER,Siachen,2026-01-15,15,13,-42.45,56.1,14.24,220.0,516.4,922.7,33.2,0.05,0.6,0.75,82.0,51194.2,0.7731,SYNTHETIC_CLIMATOLOGY,True
WX_SIACHEN_EXTREME_WINTER,Siachen,2026-01-15,15,14,-41.0,52.5,14.4,220.0,428.3,888.1,30.1,0.05,0.6,0.75,85.1,51194.2,0.7682,SYNTHETIC_CLIMATOLOGY,True
WX_SIACHEN_EXTREME_WINTER,Siachen,2026-01-15,15,15,-39.76,49.4,14.24,220.0,291.3,812.0,24.8,0.05,0.6,0.75,87.8,51194.2,0.7641,SYNTHETIC_CLIMATOLOGY,True
WX_SIACHEN_EXTREME_WINTER,Siachen,2026-01-15,15,16,-38.8,47.0,13.76,220.0,124.5,631.4,16.4,0.05,0.6,0.75,89.9,51194.2,0.761,SYNTHETIC_CLIMATOLOGY,True
WX_SIACHEN_EXTREME_WINTER,Siachen,2026-01-15,15,17,-38.2,45.5,12.99,220.0,0.0,0.0,0.0,0.05,0.6,0.75,91.3,51194.2,0.7591,SYNTHETIC_CLIMATOLOGY,True
WX_SIACHEN_EXTREME_WINTER,Siachen,2026-01-15,15,18,-38.0,45.0,12.0,220.0,0.0,0.0,0.0,0.05,0.6,0.75,91.8,51194.2,0.7584,SYNTHETIC_CLIMATOLOGY,True
WX_SIACHEN_EXTREME_WINTER,Siachen,2026-01-15,15,19,-38.2,45.5,10.84,220.0,0.0,0.0,0.0,0.05,0.6,0.75,91.3,51194.2,0.7591,SYNTHETIC_CLIMATOLOGY,True
WX_SIACHEN_EXTREME_WINTER,Siachen,2026-01-15,15,20,-38.8,47.0,9.6,220.0,0.0,0.0,0.0,0.05,0.6,0.75,89.9,51194.2,0.761,SYNTHETIC_CLIMATOLOGY,True
WX_SIACHEN_EXTREME_WINTER,Siachen,2026-01-15,15,21,-39.76,49.4,8.36,220.0,0.0,0.0,0.0,0.05,0.6,0.75,87.8,51194.2,0.7641,SYNTHETIC_CLIMATOLOGY,True
WX_SIACHEN_EXTREME_WINTER,Siachen,2026-01-15,15,22,-41.0,52.5,7.2,220.0,0.0,0.0,0.0,0.05,0.6,0.75,85.1,51194.2,0.7682,SYNTHETIC_CLIMATOLOGY,True
WX_SIACHEN_EXTREME_WINTER,Siachen,2026-01-15,15,23,-42.45,56.1,6.21,220.0,0.0,0.0,0.0,0.05,0.6,0.75,82.0,51194.2,0.7731,SYNTHETIC_CLIMATOLOGY,True
WX_SIACHEN_CLEAR_SKY_NIGHT,Siachen,2026-01-15,15,0,-36.0,60.0,2.9,220.0,0.0,0.0,0.0,0.0,0.3,0.75,93.6,51194.2,0.752,SYNTHETIC_CLIMATOLOGY,True
WX_SIACHEN_CLEAR_SKY_NIGHT,Siachen,2026-01-15,15,1,-37.55,63.9,2.65,220.0,0.0,0.0,0.0,0.0,0.3,0.75,90.0,51194.2,0.757,SYNTHETIC_CLIMATOLOGY,True
WX_SIACHEN_CLEAR_SKY_NIGHT,Siachen,2026-01-15,15,2,-39.0,67.5,2.56,220.0,0.0,0.0,0.0,0.0,0.3,0.75,86.8,51194.2,0.7617,SYNTHETIC_CLIMATOLOGY,True
WX_SIACHEN_CLEAR_SKY_NIGHT,Siachen,2026-01-15,15,3,-40.24,70.6,2.65,220.0,0.0,0.0,0.0,0.0,0.3,0.75,84.0,51194.2,0.7657,SYNTHETIC_CLIMATOLOGY,True
WX_SIACHEN_CLEAR_SKY_NIGHT,Siachen,2026-01-15,15,4,-41.2,73.0,2.9,220.0,0.0,0.0,0.0,0.0,0.3,0.75,82.0,51194.2,0.7689,SYNTHETIC_CLIMATOLOGY,True
WX_SIACHEN_CLEAR_SKY_NIGHT,Siachen,2026-01-15,15,5,-41.8,74.5,3.31,220.0,0.0,0.0,0.0,0.0,0.3,0.75,80.7,51194.2,0.7709,SYNTHETIC_CLIMATOLOGY,True
WX_SIACHEN_CLEAR_SKY_NIGHT,Siachen,2026-01-15,15,6,-42.0,75.0,3.84,220.0,0.0,0.0,0.0,0.0,0.3,0.75,80.3,51194.2,0.7716,SYNTHETIC_CLIMATOLOGY,True
WX_SIACHEN_CLEAR_SKY_NIGHT,Siachen,2026-01-15,15,7,-41.8,74.5,4.46,220.0,0.0,0.0,0.0,0.0,0.3,0.75,80.7,51194.2,0.7709,SYNTHETIC_CLIMATOLOGY,True
WX_SIACHEN_CLEAR_SKY_NIGHT,Siachen,2026-01-15,15,8,-41.2,73.0,5.12,220.0,127.9,674.8,14.8,0.0,0.3,0.75,82.0,51194.2,0.7689,SYNTHETIC_CLIMATOLOGY,True
WX_SIACHEN_CLEAR_SKY_NIGHT,Siachen,2026-01-15,15,9,-40.24,70.6,5.78,220.0,305.1,874.3,20.9,0.0,0.3,0.75,84.0,51194.2,0.7657,SYNTHETIC_CLIMATOLOGY,True
WX_SIACHEN_CLEAR_SKY_NIGHT,Siachen,2026-01-15,15,10,-39.0,67.5,6.4,220.0,451.6,957.9,24.2,0.0,0.3,0.75,86.8,51194.2,0.7617,SYNTHETIC_CLIMATOLOGY,True
WX_SIACHEN_CLEAR_SKY_NIGHT,Siachen,2026-01-15,15,11,-37.55,63.9,6.93,220.0,546.4,996.0,26.0,0.0,0.3,0.75,90.0,51194.2,0.757,SYNTHETIC_CLIMATOLOGY,True
WX_SIACHEN_CLEAR_SKY_NIGHT,Siachen,2026-01-15,15,12,-36.0,60.0,7.34,220.0,579.6,1007.4,26.6,0.0,0.3,0.75,93.6,51194.2,0.752,SYNTHETIC_CLIMATOLOGY,True
WX_SIACHEN_CLEAR_SKY_NIGHT,Siachen,2026-01-15,15,13,-34.45,56.1,7.59,220.0,547.8,996.5,26.0,0.0,0.3,0.75,97.4,51194.2,0.7471,SYNTHETIC_CLIMATOLOGY,True
WX_SIACHEN_CLEAR_SKY_NIGHT,Siachen,2026-01-15,15,14,-33.0,52.5,7.68,220.0,454.3,959.1,24.3,0.0,0.3,0.75,101.0,51194.2,0.7426,SYNTHETIC_CLIMATOLOGY,True
WX_SIACHEN_CLEAR_SKY_NIGHT,Siachen,2026-01-15,15,15,-31.76,49.4,7.59,220.0,308.8,876.9,21.0,0.0,0.3,0.75,104.2,51194.2,0.7388,SYNTHETIC_CLIMATOLOGY,True
WX_SIACHEN_CLEAR_SKY_NIGHT,Siachen,2026-01-15,15,16,-30.8,47.0,7.34,220.0,131.8,681.9,15.0,0.0,0.3,0.75,106.7,51194.2,0.7359,SYNTHETIC_CLIMATOLOGY,True
WX_SIACHEN_CLEAR_SKY_NIGHT,Siachen,2026-01-15,15,17,-30.2,45.5,6.93,220.0,0.0,0.0,0.0,0.0,0.3,0.75,108.2,51194.2,0.7341,SYNTHETIC_CLIMATOLOGY,True
WX_SIACHEN_CLEAR_SKY_NIGHT,Siachen,2026-01-15,15,18,-30.0,45.0,6.4,220.0,0.0,0.0,0.0,0.0,0.3,0.75,108.8,51194.2,0.7335,SYNTHETIC_CLIMATOLOGY,True
WX_SIACHEN_CLEAR_SKY_NIGHT,Siachen,2026-01-15,15,19,-30.2,45.5,5.78,220.0,0.0,0.0,0.0,0.0,0.3,0.75,108.2,51194.2,0.7341,SYNTHETIC_CLIMATOLOGY,True
WX_SIACHEN_CLEAR_SKY_NIGHT,Siachen,2026-01-15,15,20,-30.8,47.0,5.12,220.0,0.0,0.0,0.0,0.0,0.3,0.75,106.7,51194.2,0.7359,SYNTHETIC_CLIMATOLOGY,True
WX_SIACHEN_CLEAR_SKY_NIGHT,Siachen,2026-01-15,15,21,-31.76,49.4,4.46,220.0,0.0,0.0,0.0,0.0,0.3,0.75,104.2,51194.2,0.7388,SYNTHETIC_CLIMATOLOGY,True
WX_SIACHEN_CLEAR_SKY_NIGHT,Siachen,2026-01-15,15,22,-33.0,52.5,3.84,220.0,0.0,0.0,0.0,0.0,0.3,0.75,101.0,51194.2,0.7426,SYNTHETIC_CLIMATOLOGY,True
WX_SIACHEN_CLEAR_SKY_NIGHT,Siachen,2026-01-15,15,23,-34.45,56.1,3.31,220.0,0.0,0.0,0.0,0.0,0.3,0.75,97.4,51194.2,0.7471,SYNTHETIC_CLIMATOLOGY,True
WX_SIACHEN_SNOW_COVER,Siachen,2026-01-15,15,0,-34.0,60.0,3.99,220.0,0.0,0.0,0.0,0.2,0.8,0.75,110.3,51194.2,0.7457,SYNTHETIC_CLIMATOLOGY,True
WX_SIACHEN_SNOW_COVER,Siachen,2026-01-15,15,1,-35.55,63.9,3.64,220.0,0.0,0.0,0.0,0.2,0.8,0.75,106.4,51194.2,0.7506,SYNTHETIC_CLIMATOLOGY,True
WX_SIACHEN_SNOW_COVER,Siachen,2026-01-15,15,2,-37.0,67.5,3.52,220.0,0.0,0.0,0.0,0.2,0.8,0.75,102.8,51194.2,0.7552,SYNTHETIC_CLIMATOLOGY,True
WX_SIACHEN_SNOW_COVER,Siachen,2026-01-15,15,3,-38.24,70.6,3.64,220.0,0.0,0.0,0.0,0.2,0.8,0.75,99.8,51194.2,0.7592,SYNTHETIC_CLIMATOLOGY,True
WX_SIACHEN_SNOW_COVER,Siachen,2026-01-15,15,4,-39.2,73.0,3.99,220.0,0.0,0.0,0.0,0.2,0.8,0.75,97.5,51194.2,0.7623,SYNTHETIC_CLIMATOLOGY,True
WX_SIACHEN_SNOW_COVER,Siachen,2026-01-15,15,5,-39.8,74.5,4.55,220.0,0.0,0.0,0.0,0.2,0.8,0.75,96.1,51194.2,0.7643,SYNTHETIC_CLIMATOLOGY,True
WX_SIACHEN_SNOW_COVER,Siachen,2026-01-15,15,6,-40.0,75.0,5.28,220.0,0.0,0.0,0.0,0.2,0.8,0.75,95.7,51194.2,0.7649,SYNTHETIC_CLIMATOLOGY,True
WX_SIACHEN_SNOW_COVER,Siachen,2026-01-15,15,7,-39.8,74.5,6.13,220.0,0.0,0.0,0.0,0.2,0.8,0.75,96.1,51194.2,0.7643,SYNTHETIC_CLIMATOLOGY,True
WX_SIACHEN_SNOW_COVER,Siachen,2026-01-15,15,8,-39.2,73.0,7.04,220.0,101.0,482.9,20.1,0.2,0.8,0.75,97.5,51194.2,0.7623,SYNTHETIC_CLIMATOLOGY,True
WX_SIACHEN_SNOW_COVER,Siachen,2026-01-15,15,9,-38.24,70.6,7.95,220.0,239.2,625.6,35.8,0.2,0.8,0.75,99.8,51194.2,0.7592,SYNTHETIC_CLIMATOLOGY,True
WX_SIACHEN_SNOW_COVER,Siachen,2026-01-15,15,10,-37.0,67.5,8.8,220.0,353.2,685.4,47.4,0.2,0.8,0.75,102.8,51194.2,0.7552,SYNTHETIC_CLIMATOLOGY,True
WX_SIACHEN_SNOW_COVER,Siachen,2026-01-15,15,11,-35.55,63.9,9.53,220.0,426.9,712.7,54.5,0.2,0.8,0.75,106.4,51194.2,0.7506,SYNTHETIC_CLIMATOLOGY,True
WX_SIACHEN_SNOW_COVER,Siachen,2026-01-15,15,12,-34.0,60.0,10.09,220.0,452.7,720.8,57.0,0.2,0.8,0.75,110.3,51194.2,0.7457,SYNTHETIC_CLIMATOLOGY,True
WX_SIACHEN_SNOW_COVER,Siachen,2026-01-15,15,13,-32.45,56.1,10.44,220.0,428.0,713.0,54.6,0.2,0.8,0.75,114.4,51194.2,0.7409,SYNTHETIC_CLIMATOLOGY,True
WX_SIACHEN_SNOW_COVER,Siachen,2026-01-15,15,14,-31.0,52.5,10.56,220.0,355.3,686.3,47.6,0.2,0.8,0.75,118.3,51194.2,0.7365,SYNTHETIC_CLIMATOLOGY,True
WX_SIACHEN_SNOW_COVER,Siachen,2026-01-15,15,15,-29.76,49.4,10.44,220.0,242.1,627.5,36.1,0.2,0.8,0.75,121.8,51194.2,0.7327,SYNTHETIC_CLIMATOLOGY,True
WX_SIACHEN_SNOW_COVER,Siachen,2026-01-15,15,16,-28.8,47.0,10.09,220.0,104.1,487.9,20.5,0.2,0.8,0.75,124.5,51194.2,0.7299,SYNTHETIC_CLIMATOLOGY,True
WX_SIACHEN_SNOW_COVER,Siachen,2026-01-15,15,17,-28.2,45.5,9.53,220.0,0.0,0.0,0.0,0.2,0.8,0.75,126.2,51194.2,0.7281,SYNTHETIC_CLIMATOLOGY,True
WX_SIACHEN_SNOW_COVER,Siachen,2026-01-15,15,18,-28.0,45.0,8.8,220.0,0.0,0.0,0.0,0.2,0.8,0.75,126.8,51194.2,0.7275,SYNTHETIC_CLIMATOLOGY,True
WX_SIACHEN_SNOW_COVER,Siachen,2026-01-15,15,19,-28.2,45.5,7.95,220.0,0.0,0.0,0.0,0.2,0.8,0.75,126.2,51194.2,0.7281,SYNTHETIC_CLIMATOLOGY,True
WX_SIACHEN_SNOW_COVER,Siachen,2026-01-15,15,20,-28.8,47.0,7.04,220.0,0.0,0.0,0.0,0.2,0.8,0.75,124.5,51194.2,0.7299,SYNTHETIC_CLIMATOLOGY,True
WX_SIACHEN_SNOW_COVER,Siachen,2026-01-15,15,21,-29.76,49.4,6.13,220.0,0.0,0.0,0.0,0.2,0.8,0.75,121.8,51194.2,0.7327,SYNTHETIC_CLIMATOLOGY,True
WX_SIACHEN_SNOW_COVER,Siachen,2026-01-15,15,22,-31.0,52.5,5.28,220.0,0.0,0.0,0.0,0.2,0.8,0.75,118.3,51194.2,0.7365,SYNTHETIC_CLIMATOLOGY,True
WX_SIACHEN_SNOW_COVER,Siachen,2026-01-15,15,23,-32.45,56.1,4.55,220.0,0.0,0.0,0.0,0.2,0.8,0.75,114.4,51194.2,0.7409,SYNTHETIC_CLIMATOLOGY,True
WX_SIACHEN_HIGH_SOLAR_DAY,Siachen,2026-01-15,15,0,-30.0,60.0,3.27,220.0,0.0,0.0,0.0,0.0,0.2,0.75,108.8,51194.2,0.7335,SYNTHETIC_CLIMATOLOGY,True
WX_SIACHEN_HIGH_SOLAR_DAY,Siachen,2026-01-15,15,1,-31.55,63.9,2.98,220.0,0.0,0.0,0.0,0.0,0.2,0.75,104.7,51194.2,0.7382,SYNTHETIC_CLIMATOLOGY,True
WX_SIACHEN_HIGH_SOLAR_DAY,Siachen,2026-01-15,15,2,-33.0,67.5,2.88,220.0,0.0,0.0,0.0,0.0,0.2,0.75,101.0,51194.2,0.7426,SYNTHETIC_CLIMATOLOGY,True
WX_SIACHEN_HIGH_SOLAR_DAY,Siachen,2026-01-15,15,3,-34.24,70.6,2.98,220.0,0.0,0.0,0.0,0.0,0.2,0.75,97.9,51194.2,0.7465,SYNTHETIC_CLIMATOLOGY,True
WX_SIACHEN_HIGH_SOLAR_DAY,Siachen,2026-01-15,15,4,-35.2,73.0,3.27,220.0,0.0,0.0,0.0,0.0,0.2,0.75,95.6,51194.2,0.7495,SYNTHETIC_CLIMATOLOGY,True
WX_SIACHEN_HIGH_SOLAR_DAY,Siachen,2026-01-15,15,5,-35.8,74.5,3.72,220.0,0.0,0.0,0.0,0.0,0.2,0.75,94.1,51194.2,0.7514,SYNTHETIC_CLIMATOLOGY,True
WX_SIACHEN_HIGH_SOLAR_DAY,Siachen,2026-01-15,15,6,-36.0,75.0,4.32,220.0,0.0,0.0,0.0,0.0,0.2,0.75,93.6,51194.2,0.752,SYNTHETIC_CLIMATOLOGY,True
WX_SIACHEN_HIGH_SOLAR_DAY,Siachen,2026-01-15,15,7,-35.8,74.5,5.01,220.0,0.0,0.0,0.0,0.0,0.2,0.75,94.1,51194.2,0.7514,SYNTHETIC_CLIMATOLOGY,True
WX_SIACHEN_HIGH_SOLAR_DAY,Siachen,2026-01-15,15,8,-35.2,73.0,5.76,220.0,127.9,674.8,14.8,0.0,0.2,0.75,95.6,51194.2,0.7495,SYNTHETIC_CLIMATOLOGY,True
WX_SIACHEN_HIGH_SOLAR_DAY,Siachen,2026-01-15,15,9,-34.24,70.6,6.51,220.0,305.1,874.3,20.9,0.0,0.2,0.75,97.9,51194.2,0.7465,SYNTHETIC_CLIMATOLOGY,True
WX_SIACHEN_HIGH_SOLAR_DAY,Siachen,2026-01-15,15,10,-33.0,67.5,7.2,220.0,451.6,957.9,24.2,0.0,0.2,0.75,101.0,51194.2,0.7426,SYNTHETIC_CLIMATOLOGY,True
WX_SIACHEN_HIGH_SOLAR_DAY,Siachen,2026-01-15,15,11,-31.55,63.9,7.8,220.0,546.4,996.0,26.0,0.0,0.2,0.75,104.7,51194.2,0.7382,SYNTHETIC_CLIMATOLOGY,True
WX_SIACHEN_HIGH_SOLAR_DAY,Siachen,2026-01-15,15,12,-30.0,60.0,8.25,220.0,579.6,1007.4,26.6,0.0,0.2,0.75,108.8,51194.2,0.7335,SYNTHETIC_CLIMATOLOGY,True
WX_SIACHEN_HIGH_SOLAR_DAY,Siachen,2026-01-15,15,13,-28.45,56.1,8.54,220.0,547.8,996.5,26.0,0.0,0.2,0.75,113.0,51194.2,0.7288,SYNTHETIC_CLIMATOLOGY,True
WX_SIACHEN_HIGH_SOLAR_DAY,Siachen,2026-01-15,15,14,-27.0,52.5,8.64,220.0,454.3,959.1,24.3,0.0,0.2,0.75,117.1,51194.2,0.7245,SYNTHETIC_CLIMATOLOGY,True
WX_SIACHEN_HIGH_SOLAR_DAY,Siachen,2026-01-15,15,15,-25.76,49.4,8.54,220.0,308.8,876.9,21.0,0.0,0.2,0.75,120.7,51194.2,0.7209,SYNTHETIC_CLIMATOLOGY,True
WX_SIACHEN_HIGH_SOLAR_DAY,Siachen,2026-01-15,15,16,-24.8,47.0,8.25,220.0,131.8,681.9,15.0,0.0,0.2,0.75,123.5,51194.2,0.7181,SYNTHETIC_CLIMATOLOGY,True
WX_SIACHEN_HIGH_SOLAR_DAY,Siachen,2026-01-15,15,17,-24.2,45.5,7.8,220.0,0.0,0.0,0.0,0.0,0.2,0.75,125.3,51194.2,0.7164,SYNTHETIC_CLIMATOLOGY,True
WX_SIACHEN_HIGH_SOLAR_DAY,Siachen,2026-01-15,15,18,-24.0,45.0,7.2,220.0,0.0,0.0,0.0,0.0,0.2,0.75,125.9,51194.2,0.7158,SYNTHETIC_CLIMATOLOGY,True
WX_SIACHEN_HIGH_SOLAR_DAY,Siachen,2026-01-15,15,19,-24.2,45.5,6.51,220.0,0.0,0.0,0.0,0.0,0.2,0.75,125.3,51194.2,0.7164,SYNTHETIC_CLIMATOLOGY,True
WX_SIACHEN_HIGH_SOLAR_DAY,Siachen,2026-01-15,15,20,-24.8,47.0,5.76,220.0,0.0,0.0,0.0,0.0,0.2,0.75,123.5,51194.2,0.7181,SYNTHETIC_CLIMATOLOGY,True
WX_SIACHEN_HIGH_SOLAR_DAY,Siachen,2026-01-15,15,21,-25.76,49.4,5.01,220.0,0.0,0.0,0.0,0.0,0.2,0.75,120.7,51194.2,0.7209,SYNTHETIC_CLIMATOLOGY,True
WX_SIACHEN_HIGH_SOLAR_DAY,Siachen,2026-01-15,15,22,-27.0,52.5,4.32,220.0,0.0,0.0,0.0,0.0,0.2,0.75,117.1,51194.2,0.7245,SYNTHETIC_CLIMATOLOGY,True
WX_SIACHEN_HIGH_SOLAR_DAY,Siachen,2026-01-15,15,23,-28.45,56.1,3.72,220.0,0.0,0.0,0.0,0.0,0.2,0.75,113.0,51194.2,0.7288,SYNTHETIC_CLIMATOLOGY,True
WX_SIACHEN_CLOUDY_DAY,Siachen,2026-01-15,15,0,-33.0,60.0,4.72,220.0,0.0,0.0,0.0,0.85,0.35,0.75,159.3,51194.2,0.7426,SYNTHETIC_CLIMATOLOGY,True
WX_SIACHEN_CLOUDY_DAY,Siachen,2026-01-15,15,1,-34.55,63.9,4.3,220.0,0.0,0.0,0.0,0.85,0.35,0.75,154.7,51194.2,0.7475,SYNTHETIC_CLIMATOLOGY,True
WX_SIACHEN_CLOUDY_DAY,Siachen,2026-01-15,15,2,-36.0,67.5,4.16,220.0,0.0,0.0,0.0,0.85,0.35,0.75,150.5,51194.2,0.752,SYNTHETIC_CLIMATOLOGY,True
WX_SIACHEN_CLOUDY_DAY,Siachen,2026-01-15,15,3,-37.24,70.6,4.3,220.0,0.0,0.0,0.0,0.85,0.35,0.75,147.0,51194.2,0.756,SYNTHETIC_CLIMATOLOGY,True
WX_SIACHEN_CLOUDY_DAY,Siachen,2026-01-15,15,4,-38.2,73.0,4.72,220.0,0.0,0.0,0.0,0.85,0.35,0.75,144.3,51194.2,0.7591,SYNTHETIC_CLIMATOLOGY,True
WX_SIACHEN_CLOUDY_DAY,Siachen,2026-01-15,15,5,-38.8,74.5,5.38,220.0,0.0,0.0,0.0,0.85,0.35,0.75,142.7,51194.2,0.761,SYNTHETIC_CLIMATOLOGY,True
WX_SIACHEN_CLOUDY_DAY,Siachen,2026-01-15,15,6,-39.0,75.0,6.24,220.0,0.0,0.0,0.0,0.85,0.35,0.75,142.1,51194.2,0.7617,SYNTHETIC_CLIMATOLOGY,True
WX_SIACHEN_CLOUDY_DAY,Siachen,2026-01-15,15,7,-38.8,74.5,7.24,220.0,0.0,0.0,0.0,0.85,0.35,0.75,142.7,51194.2,0.761,SYNTHETIC_CLIMATOLOGY,True
WX_SIACHEN_CLOUDY_DAY,Siachen,2026-01-15,15,8,-38.2,73.0,8.32,220.0,31.5,39.2,24.9,0.85,0.35,0.75,144.3,51194.2,0.7591,SYNTHETIC_CLIMATOLOGY,True
WX_SIACHEN_CLOUDY_DAY,Siachen,2026-01-15,15,9,-37.24,70.6,9.4,220.0,69.7,50.8,53.2,0.85,0.35,0.75,147.0,51194.2,0.756,SYNTHETIC_CLIMATOLOGY,True
WX_SIACHEN_CLOUDY_DAY,Siachen,2026-01-15,15,10,-36.0,67.5,10.4,220.0,100.7,55.6,75.9,0.85,0.35,0.75,150.5,51194.2,0.752,SYNTHETIC_CLIMATOLOGY,True
WX_SIACHEN_CLOUDY_DAY,Siachen,2026-01-15,15,11,-34.55,63.9,11.26,220.0,120.6,57.9,90.4,0.85,0.35,0.75,154.7,51194.2,0.7475,SYNTHETIC_CLIMATOLOGY,True
WX_SIACHEN_CLOUDY_DAY,Siachen,2026-01-15,15,12,-33.0,60.0,11.92,220.0,127.5,58.5,95.4,0.85,0.35,0.75,159.3,51194.2,0.7426,SYNTHETIC_CLIMATOLOGY,True
WX_SIACHEN_CLOUDY_DAY,Siachen,2026-01-15,15,13,-31.45,56.1,12.34,220.0,120.9,57.9,90.6,0.85,0.35,0.75,164.0,51194.2,0.7379,SYNTHETIC_CLIMATOLOGY,True
WX_SIACHEN_CLOUDY_DAY,Siachen,2026-01-15,15,14,-30.0,52.5,12.48,220.0,101.3,55.7,76.3,0.85,0.35,0.75,168.5,51194.2,0.7335,SYNTHETIC_CLIMATOLOGY,True
WX_SIACHEN_CLOUDY_DAY,Siachen,2026-01-15,15,15,-28.76,49.4,12.34,220.0,70.5,50.9,53.8,0.85,0.35,0.75,172.4,51194.2,0.7298,SYNTHETIC_CLIMATOLOGY,True
WX_SIACHEN_CLOUDY_DAY,Siachen,2026-01-15,15,16,-27.8,47.0,11.92,220.0,32.3,39.6,25.5,0.85,0.35,0.75,175.4,51194.2,0.7269,SYNTHETIC_CLIMATOLOGY,True
WX_SIACHEN_CLOUDY_DAY,Siachen,2026-01-15,15,17,-27.2,45.5,11.26,220.0,0.0,0.0,0.0,0.85,0.35,0.75,177.4,51194.2,0.7251,SYNTHETIC_CLIMATOLOGY,True
WX_SIACHEN_CLOUDY_DAY,Siachen,2026-01-15,15,18,-27.0,45.0,10.4,220.0,0.0,0.0,0.0,0.85,0.35,0.75,178.1,51194.2,0.7245,SYNTHETIC_CLIMATOLOGY,True
WX_SIACHEN_CLOUDY_DAY,Siachen,2026-01-15,15,19,-27.2,45.5,9.4,220.0,0.0,0.0,0.0,0.85,0.35,0.75,177.4,51194.2,0.7251,SYNTHETIC_CLIMATOLOGY,True
WX_SIACHEN_CLOUDY_DAY,Siachen,2026-01-15,15,20,-27.8,47.0,8.32,220.0,0.0,0.0,0.0,0.85,0.35,0.75,175.4,51194.2,0.7269,SYNTHETIC_CLIMATOLOGY,True
WX_SIACHEN_CLOUDY_DAY,Siachen,2026-01-15,15,21,-28.76,49.4,7.24,220.0,0.0,0.0,0.0,0.85,0.35,0.75,172.4,51194.2,0.7298,SYNTHETIC_CLIMATOLOGY,True
WX_SIACHEN_CLOUDY_DAY,Siachen,2026-01-15,15,22,-30.0,52.5,6.24,220.0,0.0,0.0,0.0,0.85,0.35,0.75,168.5,51194.2,0.7335,SYNTHETIC_CLIMATOLOGY,True
WX_SIACHEN_CLOUDY_DAY,Siachen,2026-01-15,15,23,-31.45,56.1,5.38,220.0,0.0,0.0,0.0,0.85,0.35,0.75,164.0,51194.2,0.7379,SYNTHETIC_CLIMATOLOGY,True
WX_SIACHEN_COLD_SNAP,Siachen,2026-01-15,15,0,-47.0,60.0,6.53,220.0,0.0,0.0,0.0,0.05,0.5,0.75,72.9,51194.2,0.7886,SYNTHETIC_CLIMATOLOGY,True
WX_SIACHEN_COLD_SNAP,Siachen,2026-01-15,15,1,-48.55,63.9,5.96,220.0,0.0,0.0,0.0,0.05,0.5,0.75,70.0,51194.2,0.7941,SYNTHETIC_CLIMATOLOGY,True
WX_SIACHEN_COLD_SNAP,Siachen,2026-01-15,15,2,-50.0,67.5,5.76,220.0,0.0,0.0,0.0,0.05,0.5,0.75,67.4,51194.2,0.7992,SYNTHETIC_CLIMATOLOGY,True
WX_SIACHEN_COLD_SNAP,Siachen,2026-01-15,15,3,-51.24,70.6,5.96,220.0,0.0,0.0,0.0,0.05,0.5,0.75,65.2,51194.2,0.8037,SYNTHETIC_CLIMATOLOGY,True
WX_SIACHEN_COLD_SNAP,Siachen,2026-01-15,15,4,-52.2,73.0,6.53,220.0,0.0,0.0,0.0,0.05,0.5,0.75,63.5,51194.2,0.8072,SYNTHETIC_CLIMATOLOGY,True
WX_SIACHEN_COLD_SNAP,Siachen,2026-01-15,15,5,-52.8,74.5,7.45,220.0,0.0,0.0,0.0,0.05,0.5,0.75,62.5,51194.2,0.8094,SYNTHETIC_CLIMATOLOGY,True
WX_SIACHEN_COLD_SNAP,Siachen,2026-01-15,15,6,-53.0,75.0,8.64,220.0,0.0,0.0,0.0,0.05,0.5,0.75,62.2,51194.2,0.8101,SYNTHETIC_CLIMATOLOGY,True
WX_SIACHEN_COLD_SNAP,Siachen,2026-01-15,15,7,-52.8,74.5,10.03,220.0,0.0,0.0,0.0,0.05,0.5,0.75,62.5,51194.2,0.8094,SYNTHETIC_CLIMATOLOGY,True
WX_SIACHEN_COLD_SNAP,Siachen,2026-01-15,15,8,-52.2,73.0,11.52,220.0,120.8,624.9,16.1,0.05,0.5,0.75,63.5,51194.2,0.8072,SYNTHETIC_CLIMATOLOGY,True
WX_SIACHEN_COLD_SNAP,Siachen,2026-01-15,15,9,-51.24,70.6,13.01,220.0,287.8,809.5,24.7,0.05,0.5,0.75,65.2,51194.2,0.8037,SYNTHETIC_CLIMATOLOGY,True
WX_SIACHEN_COLD_SNAP,Siachen,2026-01-15,15,10,-50.0,67.5,14.4,220.0,425.8,886.9,30.0,0.05,0.5,0.75,67.4,51194.2,0.7992,SYNTHETIC_CLIMATOLOGY,True
WX_SIACHEN_COLD_SNAP,Siachen,2026-01-15,15,11,-48.55,63.9,15.59,220.0,515.0,922.2,33.2,0.05,0.5,0.75,70.0,51194.2,0.7941,SYNTHETIC_CLIMATOLOGY,True
WX_SIACHEN_COLD_SNAP,Siachen,2026-01-15,15,12,-47.0,60.0,16.51,220.0,546.2,932.8,34.2,0.05,0.5,0.75,72.9,51194.2,0.7886,SYNTHETIC_CLIMATOLOGY,True
WX_SIACHEN_COLD_SNAP,Siachen,2026-01-15,15,13,-45.45,56.1,17.08,220.0,516.4,922.7,33.2,0.05,0.5,0.75,75.9,51194.2,0.7832,SYNTHETIC_CLIMATOLOGY,True
WX_SIACHEN_COLD_SNAP,Siachen,2026-01-15,15,14,-44.0,52.5,17.28,220.0,428.3,888.1,30.1,0.05,0.5,0.75,78.8,51194.2,0.7783,SYNTHETIC_CLIMATOLOGY,True
WX_SIACHEN_COLD_SNAP,Siachen,2026-01-15,15,15,-42.76,49.4,17.08,220.0,291.3,812.0,24.8,0.05,0.5,0.75,81.3,51194.2,0.7741,SYNTHETIC_CLIMATOLOGY,True
WX_SIACHEN_COLD_SNAP,Siachen,2026-01-15,15,16,-41.8,47.0,16.51,220.0,124.5,631.4,16.4,0.05,0.5,0.75,83.3,51194.2,0.7709,SYNTHETIC_CLIMATOLOGY,True
WX_SIACHEN_COLD_SNAP,Siachen,2026-01-15,15,17,-41.2,45.5,15.59,220.0,0.0,0.0,0.0,0.05,0.5,0.75,84.6,51194.2,0.7689,SYNTHETIC_CLIMATOLOGY,True
WX_SIACHEN_COLD_SNAP,Siachen,2026-01-15,15,18,-41.0,45.0,14.4,220.0,0.0,0.0,0.0,0.05,0.5,0.75,85.1,51194.2,0.7682,SYNTHETIC_CLIMATOLOGY,True
WX_SIACHEN_COLD_SNAP,Siachen,2026-01-15,15,19,-41.2,45.5,13.01,220.0,0.0,0.0,0.0,0.05,0.5,0.75,84.6,51194.2,0.7689,SYNTHETIC_CLIMATOLOGY,True
WX_SIACHEN_COLD_SNAP,Siachen,2026-01-15,15,20,-41.8,47.0,11.52,220.0,0.0,0.0,0.0,0.05,0.5,0.75,83.3,51194.2,0.7709,SYNTHETIC_CLIMATOLOGY,True
WX_SIACHEN_COLD_SNAP,Siachen,2026-01-15,15,21,-42.76,49.4,10.03,220.0,0.0,0.0,0.0,0.05,0.5,0.75,81.3,51194.2,0.7741,SYNTHETIC_CLIMATOLOGY,True
WX_SIACHEN_COLD_SNAP,Siachen,2026-01-15,15,22,-44.0,52.5,8.64,220.0,0.0,0.0,0.0,0.05,0.5,0.75,78.8,51194.2,0.7783,SYNTHETIC_CLIMATOLOGY,True
WX_SIACHEN_COLD_SNAP,Siachen,2026-01-15,15,23,-45.45,56.1,7.45,220.0,0.0,0.0,0.0,0.05,0.5,0.75,75.9,51194.2,0.7832,SYNTHETIC_CLIMATOLOGY,True
WX_DAULAT_BEG_OLDIE_NORMAL_WINTER,Daulat Beg Oldie,2026-01-15,15,0,-30.0,60.0,3.4,220.0,0.0,0.0,0.0,0.15,0.25,0.75,117.9,53552.3,0.7673,SYNTHETIC_CLIMATOLOGY,True
WX_DAULAT_BEG_OLDIE_NORMAL_WINTER,Daulat Beg Oldie,2026-01-15,15,1,-31.94,63.9,3.1,220.0,0.0,0.0,0.0,0.15,0.25,0.75,112.7,53552.3,0.7734,SYNTHETIC_CLIMATOLOGY,True
WX_DAULAT_BEG_OLDIE_NORMAL_WINTER,Daulat Beg Oldie,2026-01-15,15,2,-33.75,67.5,3.0,220.0,0.0,0.0,0.0,0.15,0.25,0.75,107.9,53552.3,0.7793,SYNTHETIC_CLIMATOLOGY,True
WX_DAULAT_BEG_OLDIE_NORMAL_WINTER,Daulat Beg Oldie,2026-01-15,15,3,-35.3,70.6,3.1,220.0,0.0,0.0,0.0,0.15,0.25,0.75,104.0,53552.3,0.7844,SYNTHETIC_CLIMATOLOGY,True
WX_DAULAT_BEG_OLDIE_NORMAL_WINTER,Daulat Beg Oldie,2026-01-15,15,4,-36.5,73.0,3.4,220.0,0.0,0.0,0.0,0.15,0.25,0.75,101.0,53552.3,0.7883,SYNTHETIC_CLIMATOLOGY,True
WX_DAULAT_BEG_OLDIE_NORMAL_WINTER,Daulat Beg Oldie,2026-01-15,15,5,-37.24,74.5,3.88,220.0,0.0,0.0,0.0,0.15,0.25,0.75,99.2,53552.3,0.7908,SYNTHETIC_CLIMATOLOGY,True
WX_DAULAT_BEG_OLDIE_NORMAL_WINTER,Daulat Beg Oldie,2026-01-15,15,6,-37.5,75.0,4.5,220.0,0.0,0.0,0.0,0.15,0.25,0.75,98.6,53552.3,0.7917,SYNTHETIC_CLIMATOLOGY,True
WX_DAULAT_BEG_OLDIE_NORMAL_WINTER,Daulat Beg Oldie,2026-01-15,15,7,-37.24,74.5,5.22,220.0,0.0,0.0,0.0,0.15,0.25,0.75,99.2,53552.3,0.7908,SYNTHETIC_CLIMATOLOGY,True
WX_DAULAT_BEG_OLDIE_NORMAL_WINTER,Daulat Beg Oldie,2026-01-15,15,8,-36.5,73.0,6.0,220.0,113.8,530.7,19.8,0.15,0.25,0.75,101.0,53552.3,0.7883,SYNTHETIC_CLIMATOLOGY,True
WX_DAULAT_BEG_OLDIE_NORMAL_WINTER,Daulat Beg Oldie,2026-01-15,15,9,-35.3,70.6,6.78,220.0,259.5,680.3,33.0,0.15,0.25,0.75,104.0,53552.3,0.7844,SYNTHETIC_CLIMATOLOGY,True
WX_DAULAT_BEG_OLDIE_NORMAL_WINTER,Daulat Beg Oldie,2026-01-15,15,10,-33.75,67.5,7.5,220.0,378.6,744.2,42.4,0.15,0.25,0.75,107.9,53552.3,0.7793,SYNTHETIC_CLIMATOLOGY,True
WX_DAULAT_BEG_OLDIE_NORMAL_WINTER,Daulat Beg Oldie,2026-01-15,15,11,-31.94,63.9,8.12,220.0,454.3,773.2,48.0,0.15,0.25,0.75,112.7,53552.3,0.7734,SYNTHETIC_CLIMATOLOGY,True
WX_DAULAT_BEG_OLDIE_NORMAL_WINTER,Daulat Beg Oldie,2026-01-15,15,12,-30.0,60.0,8.6,220.0,478.8,781.3,49.8,0.15,0.25,0.75,117.9,53552.3,0.7673,SYNTHETIC_CLIMATOLOGY,True
WX_DAULAT_BEG_OLDIE_NORMAL_WINTER,Daulat Beg Oldie,2026-01-15,15,13,-28.06,56.1,8.9,220.0,449.7,771.6,47.7,0.15,0.25,0.75,123.4,53552.3,0.7612,SYNTHETIC_CLIMATOLOGY,True
WX_DAULAT_BEG_OLDIE_NORMAL_WINTER,Daulat Beg Oldie,2026-01-15,15,14,-26.25,52.5,9.0,220.0,369.7,740.3,41.7,0.15,0.25,0.75,128.7,53552.3,0.7556,SYNTHETIC_CLIMATOLOGY,True
WX_DAULAT_BEG_OLDIE_NORMAL_WINTER,Daulat Beg Oldie,2026-01-15,15,15,-24.7,49.4,8.9,220.0,247.5,672.0,32.0,0.15,0.25,0.75,133.4,53552.3,0.7509,SYNTHETIC_CLIMATOLOGY,True
WX_DAULAT_BEG_OLDIE_NORMAL_WINTER,Daulat Beg Oldie,2026-01-15,15,16,-23.5,47.0,8.6,220.0,100.8,508.6,18.4,0.15,0.25,0.75,137.1,53552.3,0.7473,SYNTHETIC_CLIMATOLOGY,True
WX_DAULAT_BEG_OLDIE_NORMAL_WINTER,Daulat Beg Oldie,2026-01-15,15,17,-22.76,45.5,8.12,220.0,0.0,0.0,0.0,0.15,0.25,0.75,139.5,53552.3,0.7451,SYNTHETIC_CLIMATOLOGY,True
WX_DAULAT_BEG_OLDIE_NORMAL_WINTER,Daulat Beg Oldie,2026-01-15,15,18,-22.5,45.0,7.5,220.0,0.0,0.0,0.0,0.15,0.25,0.75,140.3,53552.3,0.7443,SYNTHETIC_CLIMATOLOGY,True
WX_DAULAT_BEG_OLDIE_NORMAL_WINTER,Daulat Beg Oldie,2026-01-15,15,19,-22.76,45.5,6.78,220.0,0.0,0.0,0.0,0.15,0.25,0.75,139.5,53552.3,0.7451,SYNTHETIC_CLIMATOLOGY,True
WX_DAULAT_BEG_OLDIE_NORMAL_WINTER,Daulat Beg Oldie,2026-01-15,15,20,-23.5,47.0,6.0,220.0,0.0,0.0,0.0,0.15,0.25,0.75,137.1,53552.3,0.7473,SYNTHETIC_CLIMATOLOGY,True
WX_DAULAT_BEG_OLDIE_NORMAL_WINTER,Daulat Beg Oldie,2026-01-15,15,21,-24.7,49.4,5.22,220.0,0.0,0.0,0.0,0.15,0.25,0.75,133.4,53552.3,0.7509,SYNTHETIC_CLIMATOLOGY,True
WX_DAULAT_BEG_OLDIE_NORMAL_WINTER,Daulat Beg Oldie,2026-01-15,15,22,-26.25,52.5,4.5,220.0,0.0,0.0,0.0,0.15,0.25,0.75,128.7,53552.3,0.7556,SYNTHETIC_CLIMATOLOGY,True
WX_DAULAT_BEG_OLDIE_NORMAL_WINTER,Daulat Beg Oldie,2026-01-15,15,23,-28.06,56.1,3.88,220.0,0.0,0.0,0.0,0.15,0.25,0.75,123.4,53552.3,0.7612,SYNTHETIC_CLIMATOLOGY,True
WX_DAULAT_BEG_OLDIE_COLD_WINTER,Daulat Beg Oldie,2026-01-15,15,0,-36.0,60.0,4.08,220.0,0.0,0.0,0.0,0.1,0.4,0.75,99.3,53552.3,0.7867,SYNTHETIC_CLIMATOLOGY,True
WX_DAULAT_BEG_OLDIE_COLD_WINTER,Daulat Beg Oldie,2026-01-15,15,1,-37.94,63.9,3.72,220.0,0.0,0.0,0.0,0.1,0.4,0.75,94.7,53552.3,0.7932,SYNTHETIC_CLIMATOLOGY,True
WX_DAULAT_BEG_OLDIE_COLD_WINTER,Daulat Beg Oldie,2026-01-15,15,2,-39.75,67.5,3.6,220.0,0.0,0.0,0.0,0.1,0.4,0.75,90.5,53552.3,0.7993,SYNTHETIC_CLIMATOLOGY,True
WX_DAULAT_BEG_OLDIE_COLD_WINTER,Daulat Beg Oldie,2026-01-15,15,3,-41.3,70.6,3.72,220.0,0.0,0.0,0.0,0.1,0.4,0.75,87.1,53552.3,0.8047,SYNTHETIC_CLIMATOLOGY,True
WX_DAULAT_BEG_OLDIE_COLD_WINTER,Daulat Beg Oldie,2026-01-15,15,4,-42.5,73.0,4.08,220.0,0.0,0.0,0.0,0.1,0.4,0.75,84.5,53552.3,0.8088,SYNTHETIC_CLIMATOLOGY,True
WX_DAULAT_BEG_OLDIE_COLD_WINTER,Daulat Beg Oldie,2026-01-15,15,5,-43.24,74.5,4.65,220.0,0.0,0.0,0.0,0.1,0.4,0.75,83.0,53552.3,0.8115,SYNTHETIC_CLIMATOLOGY,True
WX_DAULAT_BEG_OLDIE_COLD_WINTER,Daulat Beg Oldie,2026-01-15,15,6,-43.5,75.0,5.4,220.0,0.0,0.0,0.0,0.1,0.4,0.75,82.4,53552.3,0.8124,SYNTHETIC_CLIMATOLOGY,True
WX_DAULAT_BEG_OLDIE_COLD_WINTER,Daulat Beg Oldie,2026-01-15,15,7,-43.24,74.5,6.27,220.0,0.0,0.0,0.0,0.1,0.4,0.75,83.0,53552.3,0.8115,SYNTHETIC_CLIMATOLOGY,True
WX_DAULAT_BEG_OLDIE_COLD_WINTER,Daulat Beg Oldie,2026-01-15,15,8,-42.5,73.0,7.2,220.0,120.8,578.2,18.4,0.1,0.4,0.75,84.5,53552.3,0.8088,SYNTHETIC_CLIMATOLOGY,True
WX_DAULAT_BEG_OLDIE_COLD_WINTER,Daulat Beg Oldie,2026-01-15,15,9,-41.3,70.6,8.13,220.0,276.0,741.2,29.3,0.1,0.4,0.75,87.1,53552.3,0.8047,SYNTHETIC_CLIMATOLOGY,True
WX_DAULAT_BEG_OLDIE_COLD_WINTER,Daulat Beg Oldie,2026-01-15,15,10,-39.75,67.5,9.0,220.0,402.9,810.8,36.6,0.1,0.4,0.75,90.5,53552.3,0.7993,SYNTHETIC_CLIMATOLOGY,True
WX_DAULAT_BEG_OLDIE_COLD_WINTER,Daulat Beg Oldie,2026-01-15,15,11,-37.94,63.9,9.75,220.0,483.6,842.4,40.9,0.1,0.4,0.75,94.7,53552.3,0.7932,SYNTHETIC_CLIMATOLOGY,True
WX_DAULAT_BEG_OLDIE_COLD_WINTER,Daulat Beg Oldie,2026-01-15,15,12,-36.0,60.0,10.32,220.0,509.7,851.3,42.3,0.1,0.4,0.75,99.3,53552.3,0.7867,SYNTHETIC_CLIMATOLOGY,True
WX_DAULAT_BEG_OLDIE_COLD_WINTER,Daulat Beg Oldie,2026-01-15,15,13,-34.06,56.1,10.68,220.0,478.7,840.7,40.7,0.1,0.4,0.75,104.1,53552.3,0.7803,SYNTHETIC_CLIMATOLOGY,True
WX_DAULAT_BEG_OLDIE_COLD_WINTER,Daulat Beg Oldie,2026-01-15,15,14,-32.25,52.5,10.8,220.0,393.5,806.6,36.1,0.1,0.4,0.75,108.8,53552.3,0.7744,SYNTHETIC_CLIMATOLOGY,True
WX_DAULAT_BEG_OLDIE_COLD_WINTER,Daulat Beg Oldie,2026-01-15,15,15,-30.7,49.4,10.68,220.0,263.2,732.2,28.5,0.1,0.4,0.75,112.9,53552.3,0.7695,SYNTHETIC_CLIMATOLOGY,True
WX_DAULAT_BEG_OLDIE_COLD_WINTER,Daulat Beg Oldie,2026-01-15,15,16,-29.5,47.0,10.32,220.0,107.0,554.1,17.2,0.1,0.4,0.75,116.2,53552.3,0.7657,SYNTHETIC_CLIMATOLOGY,True
WX_DAULAT_BEG_OLDIE_COLD_WINTER,Daulat Beg Oldie,2026-01-15,15,17,-28.76,45.5,9.75,220.0,0.0,0.0,0.0,0.1,0.4,0.75,118.3,53552.3,0.7634,SYNTHETIC_CLIMATOLOGY,True
WX_DAULAT_BEG_OLDIE_COLD_WINTER,Daulat Beg Oldie,2026-01-15,15,18,-28.5,45.0,9.0,220.0,0.0,0.0,0.0,0.1,0.4,0.75,119.0,53552.3,0.7626,SYNTHETIC_CLIMATOLOGY,True
WX_DAULAT_BEG_OLDIE_COLD_WINTER,Daulat Beg Oldie,2026-01-15,15,19,-28.76,45.5,8.13,220.0,0.0,0.0,0.0,0.1,0.4,0.75,118.3,53552.3,0.7634,SYNTHETIC_CLIMATOLOGY,True
WX_DAULAT_BEG_OLDIE_COLD_WINTER,Daulat Beg Oldie,2026-01-15,15,20,-29.5,47.0,7.2,220.0,0.0,0.0,0.0,0.1,0.4,0.75,116.2,53552.3,0.7657,SYNTHETIC_CLIMATOLOGY,True
WX_DAULAT_BEG_OLDIE_COLD_WINTER,Daulat Beg Oldie,2026-01-15,15,21,-30.7,49.4,6.27,220.0,0.0,0.0,0.0,0.1,0.4,0.75,112.9,53552.3,0.7695,SYNTHETIC_CLIMATOLOGY,True
WX_DAULAT_BEG_OLDIE_COLD_WINTER,Daulat Beg Oldie,2026-01-15,15,22,-32.25,52.5,5.4,220.0,0.0,0.0,0.0,0.1,0.4,0.75,108.8,53552.3,0.7744,SYNTHETIC_CLIMATOLOGY,True
WX_DAULAT_BEG_OLDIE_COLD_WINTER,Daulat Beg Oldie,2026-01-15,15,23,-34.06,56.1,4.65,220.0,0.0,0.0,0.0,0.1,0.4,0.75,104.1,53552.3,0.7803,SYNTHETIC_CLIMATOLOGY,True
WX_DAULAT_BEG_OLDIE_EXTREME_WINTER,Daulat Beg Oldie,2026-01-15,15,0,-42.0,60.0,5.1,220.0,0.0,0.0,0.0,0.05,0.6,0.75,82.9,53552.3,0.8071,SYNTHETIC_CLIMATOLOGY,True
WX_DAULAT_BEG_OLDIE_EXTREME_WINTER,Daulat Beg Oldie,2026-01-15,15,1,-43.94,63.9,4.65,220.0,0.0,0.0,0.0,0.05,0.6,0.75,78.9,53552.3,0.8139,SYNTHETIC_CLIMATOLOGY,True
WX_DAULAT_BEG_OLDIE_EXTREME_WINTER,Daulat Beg Oldie,2026-01-15,15,2,-45.75,67.5,4.5,220.0,0.0,0.0,0.0,0.05,0.6,0.75,75.3,53552.3,0.8204,SYNTHETIC_CLIMATOLOGY,True
WX_DAULAT_BEG_OLDIE_EXTREME_WINTER,Daulat Beg Oldie,2026-01-15,15,3,-47.3,70.6,4.65,220.0,0.0,0.0,0.0,0.05,0.6,0.75,72.3,53552.3,0.8261,SYNTHETIC_CLIMATOLOGY,True
WX_DAULAT_BEG_OLDIE_EXTREME_WINTER,Daulat Beg Oldie,2026-01-15,15,4,-48.5,73.0,5.1,220.0,0.0,0.0,0.0,0.05,0.6,0.75,70.1,53552.3,0.8304,SYNTHETIC_CLIMATOLOGY,True
WX_DAULAT_BEG_OLDIE_EXTREME_WINTER,Daulat Beg Oldie,2026-01-15,15,5,-49.24,74.5,5.82,220.0,0.0,0.0,0.0,0.05,0.6,0.75,68.7,53552.3,0.8332,SYNTHETIC_CLIMATOLOGY,True
WX_DAULAT_BEG_OLDIE_EXTREME_WINTER,Daulat Beg Oldie,2026-01-15,15,6,-49.5,75.0,6.75,220.0,0.0,0.0,0.0,0.05,0.6,0.75,68.3,53552.3,0.8342,SYNTHETIC_CLIMATOLOGY,True
WX_DAULAT_BEG_OLDIE_EXTREME_WINTER,Daulat Beg Oldie,2026-01-15,15,7,-49.24,74.5,7.84,220.0,0.0,0.0,0.0,0.05,0.6,0.75,68.7,53552.3,0.8332,SYNTHETIC_CLIMATOLOGY,True
WX_DAULAT_BEG_OLDIE_EXTREME_WINTER,Daulat Beg Oldie,2026-01-15,15,8,-48.5,73.0,9.0,220.0,128.0,627.0,17.0,0.05,0.6,0.75,70.1,53552.3,0.8304,SYNTHETIC_CLIMATOLOGY,True
WX_DAULAT_BEG_OLDIE_EXTREME_WINTER,Daulat Beg Oldie,2026-01-15,15,9,-47.3,70.6,10.16,220.0,293.1,803.8,25.5,0.05,0.6,0.75,72.3,53552.3,0.8261,SYNTHETIC_CLIMATOLOGY,True
WX_DAULAT_BEG_OLDIE_EXTREME_WINTER,Daulat Beg Oldie,2026-01-15,15,10,-45.75,67.5,11.25,220.0,428.0,879.3,30.8,0.05,0.6,0.75,75.3,53552.3,0.8204,SYNTHETIC_CLIMATOLOGY,True
WX_DAULAT_BEG_OLDIE_EXTREME_WINTER,Daulat Beg Oldie,2026-01-15,15,11,-43.94,63.9,12.18,220.0,513.9,913.6,33.8,0.05,0.6,0.75,78.9,53552.3,0.8139,SYNTHETIC_CLIMATOLOGY,True
WX_DAULAT_BEG_OLDIE_EXTREME_WINTER,Daulat Beg Oldie,2026-01-15,15,12,-42.0,60.0,12.9,220.0,541.7,923.2,34.8,0.05,0.6,0.75,82.9,53552.3,0.8071,SYNTHETIC_CLIMATOLOGY,True
WX_DAULAT_BEG_OLDIE_EXTREME_WINTER,Daulat Beg Oldie,2026-01-15,15,13,-40.06,56.1,13.35,220.0,508.7,911.7,33.7,0.05,0.6,0.75,87.1,53552.3,0.8004,SYNTHETIC_CLIMATOLOGY,True
WX_DAULAT_BEG_OLDIE_EXTREME_WINTER,Daulat Beg Oldie,2026-01-15,15,14,-38.25,52.5,13.5,220.0,418.0,874.7,30.4,0.05,0.6,0.75,91.2,53552.3,0.7942,SYNTHETIC_CLIMATOLOGY,True
WX_DAULAT_BEG_OLDIE_EXTREME_WINTER,Daulat Beg Oldie,2026-01-15,15,15,-36.7,49.4,13.35,220.0,279.5,794.0,24.9,0.05,0.6,0.75,94.8,53552.3,0.789,SYNTHETIC_CLIMATOLOGY,True
WX_DAULAT_BEG_OLDIE_EXTREME_WINTER,Daulat Beg Oldie,2026-01-15,15,16,-35.5,47.0,12.9,220.0,113.4,600.9,16.0,0.05,0.6,0.75,97.7,53552.3,0.785,SYNTHETIC_CLIMATOLOGY,True
WX_DAULAT_BEG_OLDIE_EXTREME_WINTER,Daulat Beg Oldie,2026-01-15,15,17,-34.76,45.5,12.18,220.0,0.0,0.0,0.0,0.05,0.6,0.75,99.5,53552.3,0.7826,SYNTHETIC_CLIMATOLOGY,True
WX_DAULAT_BEG_OLDIE_EXTREME_WINTER,Daulat Beg Oldie,2026-01-15,15,18,-34.5,45.0,11.25,220.0,0.0,0.0,0.0,0.05,0.6,0.75,100.1,53552.3,0.7817,SYNTHETIC_CLIMATOLOGY,True
WX_DAULAT_BEG_OLDIE_EXTREME_WINTER,Daulat Beg Oldie,2026-01-15,15,19,-34.76,45.5,10.16,220.0,0.0,0.0,0.0,0.05,0.6,0.75,99.5,53552.3,0.7826,SYNTHETIC_CLIMATOLOGY,True
WX_DAULAT_BEG_OLDIE_EXTREME_WINTER,Daulat Beg Oldie,2026-01-15,15,20,-35.5,47.0,9.0,220.0,0.0,0.0,0.0,0.05,0.6,0.75,97.7,53552.3,0.785,SYNTHETIC_CLIMATOLOGY,True
WX_DAULAT_BEG_OLDIE_EXTREME_WINTER,Daulat Beg Oldie,2026-01-15,15,21,-36.7,49.4,7.84,220.0,0.0,0.0,0.0,0.05,0.6,0.75,94.8,53552.3,0.789,SYNTHETIC_CLIMATOLOGY,True
WX_DAULAT_BEG_OLDIE_EXTREME_WINTER,Daulat Beg Oldie,2026-01-15,15,22,-38.25,52.5,6.75,220.0,0.0,0.0,0.0,0.05,0.6,0.75,91.2,53552.3,0.7942,SYNTHETIC_CLIMATOLOGY,True
WX_DAULAT_BEG_OLDIE_EXTREME_WINTER,Daulat Beg Oldie,2026-01-15,15,23,-40.06,56.1,5.82,220.0,0.0,0.0,0.0,0.05,0.6,0.75,87.1,53552.3,0.8004,SYNTHETIC_CLIMATOLOGY,True
WX_DAULAT_BEG_OLDIE_CLEAR_SKY_NIGHT,Daulat Beg Oldie,2026-01-15,15,0,-34.0,60.0,2.72,220.0,0.0,0.0,0.0,0.0,0.3,0.75,98.5,53552.3,0.7801,SYNTHETIC_CLIMATOLOGY,True
WX_DAULAT_BEG_OLDIE_CLEAR_SKY_NIGHT,Daulat Beg Oldie,2026-01-15,15,1,-35.94,63.9,2.48,220.0,0.0,0.0,0.0,0.0,0.3,0.75,93.8,53552.3,0.7865,SYNTHETIC_CLIMATOLOGY,True
WX_DAULAT_BEG_OLDIE_CLEAR_SKY_NIGHT,Daulat Beg Oldie,2026-01-15,15,2,-37.75,67.5,2.4,220.0,0.0,0.0,0.0,0.0,0.3,0.75,89.6,53552.3,0.7925,SYNTHETIC_CLIMATOLOGY,True
WX_DAULAT_BEG_OLDIE_CLEAR_SKY_NIGHT,Daulat Beg Oldie,2026-01-15,15,3,-39.3,70.6,2.48,220.0,0.0,0.0,0.0,0.0,0.3,0.75,86.1,53552.3,0.7978,SYNTHETIC_CLIMATOLOGY,True
WX_DAULAT_BEG_OLDIE_CLEAR_SKY_NIGHT,Daulat Beg Oldie,2026-01-15,15,4,-40.5,73.0,2.72,220.0,0.0,0.0,0.0,0.0,0.3,0.75,83.5,53552.3,0.8019,SYNTHETIC_CLIMATOLOGY,True
WX_DAULAT_BEG_OLDIE_CLEAR_SKY_NIGHT,Daulat Beg Oldie,2026-01-15,15,5,-41.24,74.5,3.1,220.0,0.0,0.0,0.0,0.0,0.3,0.75,81.9,53552.3,0.8045,SYNTHETIC_CLIMATOLOGY,True
WX_DAULAT_BEG_OLDIE_CLEAR_SKY_NIGHT,Daulat Beg Oldie,2026-01-15,15,6,-41.5,75.0,3.6,220.0,0.0,0.0,0.0,0.0,0.3,0.75,81.4,53552.3,0.8054,SYNTHETIC_CLIMATOLOGY,True
WX_DAULAT_BEG_OLDIE_CLEAR_SKY_NIGHT,Daulat Beg Oldie,2026-01-15,15,7,-41.24,74.5,4.18,220.0,0.0,0.0,0.0,0.0,0.3,0.75,81.9,53552.3,0.8045,SYNTHETIC_CLIMATOLOGY,True
WX_DAULAT_BEG_OLDIE_CLEAR_SKY_NIGHT,Daulat Beg Oldie,2026-01-15,15,8,-40.5,73.0,4.8,220.0,135.5,677.2,15.6,0.0,0.3,0.75,83.5,53552.3,0.8019,SYNTHETIC_CLIMATOLOGY,True
WX_DAULAT_BEG_OLDIE_CLEAR_SKY_NIGHT,Daulat Beg Oldie,2026-01-15,15,9,-39.3,70.6,5.42,220.0,310.7,868.1,21.7,0.0,0.3,0.75,86.1,53552.3,0.7978,SYNTHETIC_CLIMATOLOGY,True
WX_DAULAT_BEG_OLDIE_CLEAR_SKY_NIGHT,Daulat Beg Oldie,2026-01-15,15,10,-37.75,67.5,6.0,220.0,454.0,949.6,25.0,0.0,0.3,0.75,89.6,53552.3,0.7925,SYNTHETIC_CLIMATOLOGY,True
WX_DAULAT_BEG_OLDIE_CLEAR_SKY_NIGHT,Daulat Beg Oldie,2026-01-15,15,11,-35.94,63.9,6.5,220.0,545.2,986.7,26.7,0.0,0.3,0.75,93.8,53552.3,0.7865,SYNTHETIC_CLIMATOLOGY,True
WX_DAULAT_BEG_OLDIE_CLEAR_SKY_NIGHT,Daulat Beg Oldie,2026-01-15,15,12,-34.0,60.0,6.88,220.0,574.7,997.0,27.3,0.0,0.3,0.75,98.5,53552.3,0.7801,SYNTHETIC_CLIMATOLOGY,True
WX_DAULAT_BEG_OLDIE_CLEAR_SKY_NIGHT,Daulat Beg Oldie,2026-01-15,15,13,-32.06,56.1,7.12,220.0,539.6,984.6,26.6,0.0,0.3,0.75,103.4,53552.3,0.7738,SYNTHETIC_CLIMATOLOGY,True
WX_DAULAT_BEG_OLDIE_CLEAR_SKY_NIGHT,Daulat Beg Oldie,2026-01-15,15,14,-30.25,52.5,7.2,220.0,443.3,944.7,24.8,0.0,0.3,0.75,108.1,53552.3,0.7681,SYNTHETIC_CLIMATOLOGY,True
WX_DAULAT_BEG_OLDIE_CLEAR_SKY_NIGHT,Daulat Beg Oldie,2026-01-15,15,15,-28.7,49.4,7.12,220.0,296.2,857.5,21.3,0.0,0.3,0.75,112.3,53552.3,0.7632,SYNTHETIC_CLIMATOLOGY,True
WX_DAULAT_BEG_OLDIE_CLEAR_SKY_NIGHT,Daulat Beg Oldie,2026-01-15,15,16,-27.5,47.0,6.88,220.0,120.0,649.0,14.8,0.0,0.3,0.75,115.7,53552.3,0.7595,SYNTHETIC_CLIMATOLOGY,True
WX_DAULAT_BEG_OLDIE_CLEAR_SKY_NIGHT,Daulat Beg Oldie,2026-01-15,15,17,-26.76,45.5,6.5,220.0,0.0,0.0,0.0,0.0,0.3,0.75,117.8,53552.3,0.7572,SYNTHETIC_CLIMATOLOGY,True
WX_DAULAT_BEG_OLDIE_CLEAR_SKY_NIGHT,Daulat Beg Oldie,2026-01-15,15,18,-26.5,45.0,6.0,220.0,0.0,0.0,0.0,0.0,0.3,0.75,118.5,53552.3,0.7564,SYNTHETIC_CLIMATOLOGY,True
WX_DAULAT_BEG_OLDIE_CLEAR_SKY_NIGHT,Daulat Beg Oldie,2026-01-15,15,19,-26.76,45.5,5.42,220.0,0.0,0.0,0.0,0.0,0.3,0.75,117.8,53552.3,0.7572,SYNTHETIC_CLIMATOLOGY,True
WX_DAULAT_BEG_OLDIE_CLEAR_SKY_NIGHT,Daulat Beg Oldie,2026-01-15,15,20,-27.5,47.0,4.8,220.0,0.0,0.0,0.0,0.0,0.3,0.75,115.7,53552.3,0.7595,SYNTHETIC_CLIMATOLOGY,True
WX_DAULAT_BEG_OLDIE_CLEAR_SKY_NIGHT,Daulat Beg Oldie,2026-01-15,15,21,-28.7,49.4,4.18,220.0,0.0,0.0,0.0,0.0,0.3,0.75,112.3,53552.3,0.7632,SYNTHETIC_CLIMATOLOGY,True
WX_DAULAT_BEG_OLDIE_CLEAR_SKY_NIGHT,Daulat Beg Oldie,2026-01-15,15,22,-30.25,52.5,3.6,220.0,0.0,0.0,0.0,0.0,0.3,0.75,108.1,53552.3,0.7681,SYNTHETIC_CLIMATOLOGY,True
WX_DAULAT_BEG_OLDIE_CLEAR_SKY_NIGHT,Daulat Beg Oldie,2026-01-15,15,23,-32.06,56.1,3.1,220.0,0.0,0.0,0.0,0.0,0.3,0.75,103.4,53552.3,0.7738,SYNTHETIC_CLIMATOLOGY,True
WX_DAULAT_BEG_OLDIE_SNOW_COVER,Daulat Beg Oldie,2026-01-15,15,0,-32.0,60.0,3.74,220.0,0.0,0.0,0.0,0.2,0.8,0.75,115.6,53552.3,0.7736,SYNTHETIC_CLIMATOLOGY,True
WX_DAULAT_BEG_OLDIE_SNOW_COVER,Daulat Beg Oldie,2026-01-15,15,1,-33.94,63.9,3.41,220.0,0.0,0.0,0.0,0.2,0.8,0.75,110.5,53552.3,0.7799,SYNTHETIC_CLIMATOLOGY,True
WX_DAULAT_BEG_OLDIE_SNOW_COVER,Daulat Beg Oldie,2026-01-15,15,2,-35.75,67.5,3.3,220.0,0.0,0.0,0.0,0.2,0.8,0.75,105.9,53552.3,0.7859,SYNTHETIC_CLIMATOLOGY,True
WX_DAULAT_BEG_OLDIE_SNOW_COVER,Daulat Beg Oldie,2026-01-15,15,3,-37.3,70.6,3.41,220.0,0.0,0.0,0.0,0.2,0.8,0.75,102.0,53552.3,0.791,SYNTHETIC_CLIMATOLOGY,True
WX_DAULAT_BEG_OLDIE_SNOW_COVER,Daulat Beg Oldie,2026-01-15,15,4,-38.5,73.0,3.74,220.0,0.0,0.0,0.0,0.2,0.8,0.75,99.2,53552.3,0.795,SYNTHETIC_CLIMATOLOGY,True
WX_DAULAT_BEG_OLDIE_SNOW_COVER,Daulat Beg Oldie,2026-01-15,15,5,-39.24,74.5,4.27,220.0,0.0,0.0,0.0,0.2,0.8,0.75,97.4,53552.3,0.7976,SYNTHETIC_CLIMATOLOGY,True
WX_DAULAT_BEG_OLDIE_SNOW_COVER,Daulat Beg Oldie,2026-01-15,15,6,-39.5,75.0,4.95,220.0,0.0,0.0,0.0,0.2,0.8,0.75,96.8,53552.3,0.7985,SYNTHETIC_CLIMATOLOGY,True
WX_DAULAT_BEG_OLDIE_SNOW_COVER,Daulat Beg Oldie,2026-01-15,15,7,-39.24,74.5,5.75,220.0,0.0,0.0,0.0,0.2,0.8,0.75,97.4,53552.3,0.7976,SYNTHETIC_CLIMATOLOGY,True
WX_DAULAT_BEG_OLDIE_SNOW_COVER,Daulat Beg Oldie,2026-01-15,15,8,-38.5,73.0,6.6,220.0,107.0,484.5,21.2,0.2,0.8,0.75,99.2,53552.3,0.795,SYNTHETIC_CLIMATOLOGY,True
WX_DAULAT_BEG_OLDIE_SNOW_COVER,Daulat Beg Oldie,2026-01-15,15,9,-37.3,70.6,7.45,220.0,243.6,621.2,36.8,0.2,0.8,0.75,102.0,53552.3,0.791,SYNTHETIC_CLIMATOLOGY,True
WX_DAULAT_BEG_OLDIE_SNOW_COVER,Daulat Beg Oldie,2026-01-15,15,10,-35.75,67.5,8.25,220.0,355.1,679.5,48.2,0.2,0.8,0.75,105.9,53552.3,0.7859,SYNTHETIC_CLIMATOLOGY,True
WX_DAULAT_BEG_OLDIE_SNOW_COVER,Daulat Beg Oldie,2026-01-15,15,11,-33.94,63.9,8.93,220.0,426.1,706.0,55.1,0.2,0.8,0.75,110.5,53552.3,0.7799,SYNTHETIC_CLIMATOLOGY,True
WX_DAULAT_BEG_OLDIE_SNOW_COVER,Daulat Beg Oldie,2026-01-15,15,12,-32.0,60.0,9.46,220.0,449.0,713.4,57.3,0.2,0.8,0.75,115.6,53552.3,0.7736,SYNTHETIC_CLIMATOLOGY,True
WX_DAULAT_BEG_OLDIE_SNOW_COVER,Daulat Beg Oldie,2026-01-15,15,13,-30.06,56.1,9.79,220.0,421.7,704.5,54.7,0.2,0.8,0.75,121.0,53552.3,0.7675,SYNTHETIC_CLIMATOLOGY,True
WX_DAULAT_BEG_OLDIE_SNOW_COVER,Daulat Beg Oldie,2026-01-15,15,14,-28.25,52.5,9.9,220.0,346.8,676.0,47.3,0.2,0.8,0.75,126.1,53552.3,0.7618,SYNTHETIC_CLIMATOLOGY,True
WX_DAULAT_BEG_OLDIE_SNOW_COVER,Daulat Beg Oldie,2026-01-15,15,15,-26.7,49.4,9.79,220.0,232.3,613.6,35.6,0.2,0.8,0.75,130.7,53552.3,0.757,SYNTHETIC_CLIMATOLOGY,True
WX_DAULAT_BEG_OLDIE_SNOW_COVER,Daulat Beg Oldie,2026-01-15,15,16,-25.5,47.0,9.46,220.0,94.9,464.4,19.6,0.2,0.8,0.75,134.3,53552.3,0.7533,SYNTHETIC_CLIMATOLOGY,True
WX_DAULAT_BEG_OLDIE_SNOW_COVER,Daulat Beg Oldie,2026-01-15,15,17,-24.76,45.5,8.93,220.0,0.0,0.0,0.0,0.2,0.8,0.75,136.6,53552.3,0.7511,SYNTHETIC_CLIMATOLOGY,True
WX_DAULAT_BEG_OLDIE_SNOW_COVER,Daulat Beg Oldie,2026-01-15,15,18,-24.5,45.0,8.25,220.0,0.0,0.0,0.0,0.2,0.8,0.75,137.3,53552.3,0.7503,SYNTHETIC_CLIMATOLOGY,True
WX_DAULAT_BEG_OLDIE_SNOW_COVER,Daulat Beg Oldie,2026-01-15,15,19,-24.76,45.5,7.45,220.0,0.0,0.0,0.0,0.2,0.8,0.75,136.6,53552.3,0.7511,SYNTHETIC_CLIMATOLOGY,True
WX_DAULAT_BEG_OLDIE_SNOW_COVER,Daulat Beg Oldie,2026-01-15,15,20,-25.5,47.0,6.6,220.0,0.0,0.0,0.0,0.2,0.8,0.75,134.3,53552.3,0.7533,SYNTHETIC_CLIMATOLOGY,True
WX_DAULAT_BEG_OLDIE_SNOW_COVER,Daulat Beg Oldie,2026-01-15,15,21,-26.7,49.4,5.75,220.0,0.0,0.0,0.0,0.2,0.8,0.75,130.7,53552.3,0.757,SYNTHETIC_CLIMATOLOGY,True
WX_DAULAT_BEG_OLDIE_SNOW_COVER,Daulat Beg Oldie,2026-01-15,15,22,-28.25,52.5,4.95,220.0,0.0,0.0,0.0,0.2,0.8,0.75,126.1,53552.3,0.7618,SYNTHETIC_CLIMATOLOGY,True
WX_DAULAT_BEG_OLDIE_SNOW_COVER,Daulat Beg Oldie,2026-01-15,15,23,-30.06,56.1,4.27,220.0,0.0,0.0,0.0,0.2,0.8,0.75,121.0,53552.3,0.7675,SYNTHETIC_CLIMATOLOGY,True
WX_DAULAT_BEG_OLDIE_HIGH_SOLAR_DAY,Daulat Beg Oldie,2026-01-15,15,0,-28.0,60.0,3.06,220.0,0.0,0.0,0.0,0.0,0.2,0.75,114.3,53552.3,0.761,SYNTHETIC_CLIMATOLOGY,True
WX_DAULAT_BEG_OLDIE_HIGH_SOLAR_DAY,Daulat Beg Oldie,2026-01-15,15,1,-29.94,63.9,2.79,220.0,0.0,0.0,0.0,0.0,0.2,0.75,109.0,53552.3,0.7671,SYNTHETIC_CLIMATOLOGY,True
WX_DAULAT_BEG_OLDIE_HIGH_SOLAR_DAY,Daulat Beg Oldie,2026-01-15,15,2,-31.75,67.5,2.7,220.0,0.0,0.0,0.0,0.0,0.2,0.75,104.2,53552.3,0.7728,SYNTHETIC_CLIMATOLOGY,True
WX_DAULAT_BEG_OLDIE_HIGH_SOLAR_DAY,Daulat Beg Oldie,2026-01-15,15,3,-33.3,70.6,2.79,220.0,0.0,0.0,0.0,0.0,0.2,0.75,100.2,53552.3,0.7778,SYNTHETIC_CLIMATOLOGY,True
WX_DAULAT_BEG_OLDIE_HIGH_SOLAR_DAY,Daulat Beg Oldie,2026-01-15,15,4,-34.5,73.0,3.06,220.0,0.0,0.0,0.0,0.0,0.2,0.75,97.3,53552.3,0.7817,SYNTHETIC_CLIMATOLOGY,True
WX_DAULAT_BEG_OLDIE_HIGH_SOLAR_DAY,Daulat Beg Oldie,2026-01-15,15,5,-35.24,74.5,3.49,220.0,0.0,0.0,0.0,0.0,0.2,0.75,95.5,53552.3,0.7842,SYNTHETIC_CLIMATOLOGY,True
WX_DAULAT_BEG_OLDIE_HIGH_SOLAR_DAY,Daulat Beg Oldie,2026-01-15,15,6,-35.5,75.0,4.05,220.0,0.0,0.0,0.0,0.0,0.2,0.75,94.8,53552.3,0.785,SYNTHETIC_CLIMATOLOGY,True
WX_DAULAT_BEG_OLDIE_HIGH_SOLAR_DAY,Daulat Beg Oldie,2026-01-15,15,7,-35.24,74.5,4.7,220.0,0.0,0.0,0.0,0.0,0.2,0.75,95.5,53552.3,0.7842,SYNTHETIC_CLIMATOLOGY,True
WX_DAULAT_BEG_OLDIE_HIGH_SOLAR_DAY,Daulat Beg Oldie,2026-01-15,15,8,-34.5,73.0,5.4,220.0,135.5,677.2,15.6,0.0,0.2,0.75,97.3,53552.3,0.7817,SYNTHETIC_CLIMATOLOGY,True
WX_DAULAT_BEG_OLDIE_HIGH_SOLAR_DAY,Daulat Beg Oldie,2026-01-15,15,9,-33.3,70.6,6.1,220.0,310.7,868.1,21.7,0.0,0.2,0.75,100.2,53552.3,0.7778,SYNTHETIC_CLIMATOLOGY,True
WX_DAULAT_BEG_OLDIE_HIGH_SOLAR_DAY,Daulat Beg Oldie,2026-01-15,15,10,-31.75,67.5,6.75,220.0,454.0,949.6,25.0,0.0,0.2,0.75,104.2,53552.3,0.7728,SYNTHETIC_CLIMATOLOGY,True
WX_DAULAT_BEG_OLDIE_HIGH_SOLAR_DAY,Daulat Beg Oldie,2026-01-15,15,11,-29.94,63.9,7.31,220.0,545.2,986.7,26.7,0.0,0.2,0.75,109.0,53552.3,0.7671,SYNTHETIC_CLIMATOLOGY,True
WX_DAULAT_BEG_OLDIE_HIGH_SOLAR_DAY,Daulat Beg Oldie,2026-01-15,15,12,-28.0,60.0,7.74,220.0,574.7,997.0,27.3,0.0,0.2,0.75,114.3,53552.3,0.761,SYNTHETIC_CLIMATOLOGY,True
WX_DAULAT_BEG_OLDIE_HIGH_SOLAR_DAY,Daulat Beg Oldie,2026-01-15,15,13,-26.06,56.1,8.01,220.0,539.6,984.6,26.6,0.0,0.2,0.75,119.8,53552.3,0.755,SYNTHETIC_CLIMATOLOGY,True
WX_DAULAT_BEG_OLDIE_HIGH_SOLAR_DAY,Daulat Beg Oldie,2026-01-15,15,14,-24.25,52.5,8.1,220.0,443.3,944.7,24.8,0.0,0.2,0.75,125.2,53552.3,0.7495,SYNTHETIC_CLIMATOLOGY,True
WX_DAULAT_BEG_OLDIE_HIGH_SOLAR_DAY,Daulat Beg Oldie,2026-01-15,15,15,-22.7,49.4,8.01,220.0,296.2,857.5,21.3,0.0,0.2,0.75,129.9,53552.3,0.7449,SYNTHETIC_CLIMATOLOGY,True
WX_DAULAT_BEG_OLDIE_HIGH_SOLAR_DAY,Daulat Beg Oldie,2026-01-15,15,16,-21.5,47.0,7.74,220.0,120.0,649.0,14.8,0.0,0.2,0.75,133.7,53552.3,0.7414,SYNTHETIC_CLIMATOLOGY,True
WX_DAULAT_BEG_OLDIE_HIGH_SOLAR_DAY,Daulat Beg Oldie,2026-01-15,15,17,-20.76,45.5,7.31,220.0,0.0,0.0,0.0,0.0,0.2,0.75,136.1,53552.3,0.7392,SYNTHETIC_CLIMATOLOGY,True
WX_DAULAT_BEG_OLDIE_HIGH_SOLAR_DAY,Daulat Beg Oldie,2026-01-15,15,18,-20.5,45.0,6.75,220.0,0.0,0.0,0.0,0.0,0.2,0.75,136.9,53552.3,0.7384,SYNTHETIC_CLIMATOLOGY,True
WX_DAULAT_BEG_OLDIE_HIGH_SOLAR_DAY,Daulat Beg Oldie,2026-01-15,15,19,-20.76,45.5,6.1,220.0,0.0,0.0,0.0,0.0,0.2,0.75,136.1,53552.3,0.7392,SYNTHETIC_CLIMATOLOGY,True
WX_DAULAT_BEG_OLDIE_HIGH_SOLAR_DAY,Daulat Beg Oldie,2026-01-15,15,20,-21.5,47.0,5.4,220.0,0.0,0.0,0.0,0.0,0.2,0.75,133.7,53552.3,0.7414,SYNTHETIC_CLIMATOLOGY,True
WX_DAULAT_BEG_OLDIE_HIGH_SOLAR_DAY,Daulat Beg Oldie,2026-01-15,15,21,-22.7,49.4,4.7,220.0,0.0,0.0,0.0,0.0,0.2,0.75,129.9,53552.3,0.7449,SYNTHETIC_CLIMATOLOGY,True
WX_DAULAT_BEG_OLDIE_HIGH_SOLAR_DAY,Daulat Beg Oldie,2026-01-15,15,22,-24.25,52.5,4.05,220.0,0.0,0.0,0.0,0.0,0.2,0.75,125.2,53552.3,0.7495,SYNTHETIC_CLIMATOLOGY,True
WX_DAULAT_BEG_OLDIE_HIGH_SOLAR_DAY,Daulat Beg Oldie,2026-01-15,15,23,-26.06,56.1,3.49,220.0,0.0,0.0,0.0,0.0,0.2,0.75,119.8,53552.3,0.755,SYNTHETIC_CLIMATOLOGY,True
WX_DAULAT_BEG_OLDIE_CLOUDY_DAY,Daulat Beg Oldie,2026-01-15,15,0,-31.0,60.0,4.42,220.0,0.0,0.0,0.0,0.85,0.35,0.75,165.4,53552.3,0.7704,SYNTHETIC_CLIMATOLOGY,True
WX_DAULAT_BEG_OLDIE_CLOUDY_DAY,Daulat Beg Oldie,2026-01-15,15,1,-32.94,63.9,4.03,220.0,0.0,0.0,0.0,0.85,0.35,0.75,159.5,53552.3,0.7767,SYNTHETIC_CLIMATOLOGY,True
WX_DAULAT_BEG_OLDIE_CLOUDY_DAY,Daulat Beg Oldie,2026-01-15,15,2,-34.75,67.5,3.9,220.0,0.0,0.0,0.0,0.85,0.35,0.75,154.1,53552.3,0.7826,SYNTHETIC_CLIMATOLOGY,True
WX_DAULAT_BEG_OLDIE_CLOUDY_DAY,Daulat Beg Oldie,2026-01-15,15,3,-36.3,70.6,4.03,220.0,0.0,0.0,0.0,0.85,0.35,0.75,149.6,53552.3,0.7877,SYNTHETIC_CLIMATOLOGY,True
WX_DAULAT_BEG_OLDIE_CLOUDY_DAY,Daulat Beg Oldie,2026-01-15,15,4,-37.5,73.0,4.42,220.0,0.0,0.0,0.0,0.85,0.35,0.75,146.3,53552.3,0.7917,SYNTHETIC_CLIMATOLOGY,True
WX_DAULAT_BEG_OLDIE_CLOUDY_DAY,Daulat Beg Oldie,2026-01-15,15,5,-38.24,74.5,5.04,220.0,0.0,0.0,0.0,0.85,0.35,0.75,144.2,53552.3,0.7942,SYNTHETIC_CLIMATOLOGY,True
WX_DAULAT_BEG_OLDIE_CLOUDY_DAY,Daulat Beg Oldie,2026-01-15,15,6,-38.5,75.0,5.85,220.0,0.0,0.0,0.0,0.85,0.35,0.75,143.5,53552.3,0.7951,SYNTHETIC_CLIMATOLOGY,True
WX_DAULAT_BEG_OLDIE_CLOUDY_DAY,Daulat Beg Oldie,2026-01-15,15,7,-38.24,74.5,6.79,220.0,0.0,0.0,0.0,0.85,0.35,0.75,144.2,53552.3,0.7942,SYNTHETIC_CLIMATOLOGY,True
WX_DAULAT_BEG_OLDIE_CLOUDY_DAY,Daulat Beg Oldie,2026-01-15,15,8,-37.5,73.0,7.8,220.0,33.3,39.3,26.3,0.85,0.35,0.75,146.3,53552.3,0.7917,SYNTHETIC_CLIMATOLOGY,True
WX_DAULAT_BEG_OLDIE_CLOUDY_DAY,Daulat Beg Oldie,2026-01-15,15,9,-36.3,70.6,8.81,220.0,71.1,50.4,54.4,0.85,0.35,0.75,149.6,53552.3,0.7877,SYNTHETIC_CLIMATOLOGY,True
WX_DAULAT_BEG_OLDIE_CLOUDY_DAY,Daulat Beg Oldie,2026-01-15,15,10,-34.75,67.5,9.75,220.0,101.5,55.2,76.5,0.85,0.35,0.75,154.1,53552.3,0.7826,SYNTHETIC_CLIMATOLOGY,True
WX_DAULAT_BEG_OLDIE_CLOUDY_DAY,Daulat Beg Oldie,2026-01-15,15,11,-32.94,63.9,10.56,220.0,120.6,57.3,90.5,0.85,0.35,0.75,159.5,53552.3,0.7767,SYNTHETIC_CLIMATOLOGY,True
WX_DAULAT_BEG_OLDIE_CLOUDY_DAY,Daulat Beg Oldie,2026-01-15,15,12,-31.0,60.0,11.18,220.0,126.8,57.9,95.0,0.85,0.35,0.75,165.4,53552.3,0.7704,SYNTHETIC_CLIMATOLOGY,True
WX_DAULAT_BEG_OLDIE_CLOUDY_DAY,Daulat Beg Oldie,2026-01-15,15,13,-29.06,56.1,11.57,220.0,119.5,57.2,89.7,0.85,0.35,0.75,171.4,53552.3,0.7643,SYNTHETIC_CLIMATOLOGY,True
WX_DAULAT_BEG_OLDIE_CLOUDY_DAY,Daulat Beg Oldie,2026-01-15,15,14,-27.25,52.5,11.7,220.0,99.2,54.9,74.9,0.85,0.35,0.75,177.2,53552.3,0.7587,SYNTHETIC_CLIMATOLOGY,True
WX_DAULAT_BEG_OLDIE_CLOUDY_DAY,Daulat Beg Oldie,2026-01-15,15,15,-25.7,49.4,11.57,220.0,68.1,49.8,52.1,0.85,0.35,0.75,182.3,53552.3,0.7539,SYNTHETIC_CLIMATOLOGY,True
WX_DAULAT_BEG_OLDIE_CLOUDY_DAY,Daulat Beg Oldie,2026-01-15,15,16,-24.5,47.0,11.18,220.0,29.9,37.7,23.8,0.85,0.35,0.75,186.3,53552.3,0.7503,SYNTHETIC_CLIMATOLOGY,True
WX_DAULAT_BEG_OLDIE_CLOUDY_DAY,Daulat Beg Oldie,2026-01-15,15,17,-23.76,45.5,10.56,220.0,0.0,0.0,0.0,0.85,0.35,0.75,188.9,53552.3,0.7481,SYNTHETIC_CLIMATOLOGY,True
WX_DAULAT_BEG_OLDIE_CLOUDY_DAY,Daulat Beg Oldie,2026-01-15,15,18,-23.5,45.0,9.75,220.0,0.0,0.0,0.0,0.85,0.35,0.75,189.8,53552.3,0.7473,SYNTHETIC_CLIMATOLOGY,True
WX_DAULAT_BEG_OLDIE_CLOUDY_DAY,Daulat Beg Oldie,2026-01-15,15,19,-23.76,45.5,8.81,220.0,0.0,0.0,0.0,0.85,0.35,0.75,188.9,53552.3,0.7481,SYNTHETIC_CLIMATOLOGY,True
WX_DAULAT_BEG_OLDIE_CLOUDY_DAY,Daulat Beg Oldie,2026-01-15,15,20,-24.5,47.0,7.8,220.0,0.0,0.0,0.0,0.85,0.35,0.75,186.3,53552.3,0.7503,SYNTHETIC_CLIMATOLOGY,True
WX_DAULAT_BEG_OLDIE_CLOUDY_DAY,Daulat Beg Oldie,2026-01-15,15,21,-25.7,49.4,6.79,220.0,0.0,0.0,0.0,0.85,0.35,0.75,182.3,53552.3,0.7539,SYNTHETIC_CLIMATOLOGY,True
WX_DAULAT_BEG_OLDIE_CLOUDY_DAY,Daulat Beg Oldie,2026-01-15,15,22,-27.25,52.5,5.85,220.0,0.0,0.0,0.0,0.85,0.35,0.75,177.2,53552.3,0.7587,SYNTHETIC_CLIMATOLOGY,True
WX_DAULAT_BEG_OLDIE_CLOUDY_DAY,Daulat Beg Oldie,2026-01-15,15,23,-29.06,56.1,5.04,220.0,0.0,0.0,0.0,0.85,0.35,0.75,171.4,53552.3,0.7643,SYNTHETIC_CLIMATOLOGY,True
WX_DAULAT_BEG_OLDIE_COLD_SNAP,Daulat Beg Oldie,2026-01-15,15,0,-45.0,60.0,6.12,220.0,0.0,0.0,0.0,0.05,0.5,0.75,76.8,53552.3,0.8177,SYNTHETIC_CLIMATOLOGY,True
WX_DAULAT_BEG_OLDIE_COLD_SNAP,Daulat Beg Oldie,2026-01-15,15,1,-46.94,63.9,5.58,220.0,0.0,0.0,0.0,0.05,0.5,0.75,73.0,53552.3,0.8247,SYNTHETIC_CLIMATOLOGY,True
WX_DAULAT_BEG_OLDIE_COLD_SNAP,Daulat Beg Oldie,2026-01-15,15,2,-48.75,67.5,5.4,220.0,0.0,0.0,0.0,0.05,0.5,0.75,69.6,53552.3,0.8314,SYNTHETIC_CLIMATOLOGY,True
WX_DAULAT_BEG_OLDIE_COLD_SNAP,Daulat Beg Oldie,2026-01-15,15,3,-50.3,70.6,5.58,220.0,0.0,0.0,0.0,0.05,0.5,0.75,66.8,53552.3,0.8372,SYNTHETIC_CLIMATOLOGY,True
WX_DAULAT_BEG_OLDIE_COLD_SNAP,Daulat Beg Oldie,2026-01-15,15,4,-51.5,73.0,6.12,220.0,0.0,0.0,0.0,0.05,0.5,0.75,64.7,53552.3,0.8417,SYNTHETIC_CLIMATOLOGY,True
WX_DAULAT_BEG_OLDIE_COLD_SNAP,Daulat Beg Oldie,2026-01-15,15,5,-52.24,74.5,6.98,220.0,0.0,0.0,0.0,0.05,0.5,0.75,63.5,53552.3,0.8445,SYNTHETIC_CLIMATOLOGY,True
WX_DAULAT_BEG_OLDIE_COLD_SNAP,Daulat Beg Oldie,2026-01-15,15,6,-52.5,75.0,8.1,220.0,0.0,0.0,0.0,0.05,0.5,0.75,63.0,53552.3,0.8455,SYNTHETIC_CLIMATOLOGY,True
WX_DAULAT_BEG_OLDIE_COLD_SNAP,Daulat Beg Oldie,2026-01-15,15,7,-52.24,74.5,9.4,220.0,0.0,0.0,0.0,0.05,0.5,0.75,63.5,53552.3,0.8445,SYNTHETIC_CLIMATOLOGY,True
WX_DAULAT_BEG_OLDIE_COLD_SNAP,Daulat Beg Oldie,2026-01-15,15,8,-51.5,73.0,10.8,220.0,128.0,627.0,17.0,0.05,0.5,0.75,64.7,53552.3,0.8417,SYNTHETIC_CLIMATOLOGY,True
WX_DAULAT_BEG_OLDIE_COLD_SNAP,Daulat Beg Oldie,2026-01-15,15,9,-50.3,70.6,12.2,220.0,293.1,803.8,25.5,0.05,0.5,0.75,66.8,53552.3,0.8372,SYNTHETIC_CLIMATOLOGY,True
WX_DAULAT_BEG_OLDIE_COLD_SNAP,Daulat Beg Oldie,2026-01-15,15,10,-48.75,67.5,13.5,220.0,428.0,879.3,30.8,0.05,0.5,0.75,69.6,53552.3,0.8314,SYNTHETIC_CLIMATOLOGY,True
WX_DAULAT_BEG_OLDIE_COLD_SNAP,Daulat Beg Oldie,2026-01-15,15,11,-46.94,63.9,14.62,220.0,513.9,913.6,33.8,0.05,0.5,0.75,73.0,53552.3,0.8247,SYNTHETIC_CLIMATOLOGY,True
WX_DAULAT_BEG_OLDIE_COLD_SNAP,Daulat Beg Oldie,2026-01-15,15,12,-45.0,60.0,15.48,220.0,541.7,923.2,34.8,0.05,0.5,0.75,76.8,53552.3,0.8177,SYNTHETIC_CLIMATOLOGY,True
WX_DAULAT_BEG_OLDIE_COLD_SNAP,Daulat Beg Oldie,2026-01-15,15,13,-43.06,56.1,16.02,220.0,508.7,911.7,33.7,0.05,0.5,0.75,80.7,53552.3,0.8108,SYNTHETIC_CLIMATOLOGY,True
WX_DAULAT_BEG_OLDIE_COLD_SNAP,Daulat Beg Oldie,2026-01-15,15,14,-41.25,52.5,16.2,220.0,418.0,874.7,30.4,0.05,0.5,0.75,84.5,53552.3,0.8045,SYNTHETIC_CLIMATOLOGY,True
WX_DAULAT_BEG_OLDIE_COLD_SNAP,Daulat Beg Oldie,2026-01-15,15,15,-39.7,49.4,16.02,220.0,279.5,794.0,24.9,0.05,0.5,0.75,87.9,53552.3,0.7991,SYNTHETIC_CLIMATOLOGY,True
WX_DAULAT_BEG_OLDIE_COLD_SNAP,Daulat Beg Oldie,2026-01-15,15,16,-38.5,47.0,15.48,220.0,113.4,600.9,16.0,0.05,0.5,0.75,90.6,53552.3,0.7951,SYNTHETIC_CLIMATOLOGY,True
WX_DAULAT_BEG_OLDIE_COLD_SNAP,Daulat Beg Oldie,2026-01-15,15,17,-37.76,45.5,14.62,220.0,0.0,0.0,0.0,0.05,0.5,0.75,92.3,53552.3,0.7925,SYNTHETIC_CLIMATOLOGY,True
WX_DAULAT_BEG_OLDIE_COLD_SNAP,Daulat Beg Oldie,2026-01-15,15,18,-37.5,45.0,13.5,220.0,0.0,0.0,0.0,0.05,0.5,0.75,92.9,53552.3,0.7917,SYNTHETIC_CLIMATOLOGY,True
WX_DAULAT_BEG_OLDIE_COLD_SNAP,Daulat Beg Oldie,2026-01-15,15,19,-37.76,45.5,12.2,220.0,0.0,0.0,0.0,0.05,0.5,0.75,92.3,53552.3,0.7925,SYNTHETIC_CLIMATOLOGY,True
WX_DAULAT_BEG_OLDIE_COLD_SNAP,Daulat Beg Oldie,2026-01-15,15,20,-38.5,47.0,10.8,220.0,0.0,0.0,0.0,0.05,0.5,0.75,90.6,53552.3,0.7951,SYNTHETIC_CLIMATOLOGY,True
WX_DAULAT_BEG_OLDIE_COLD_SNAP,Daulat Beg Oldie,2026-01-15,15,21,-39.7,49.4,9.4,220.0,0.0,0.0,0.0,0.05,0.5,0.75,87.9,53552.3,0.7991,SYNTHETIC_CLIMATOLOGY,True
WX_DAULAT_BEG_OLDIE_COLD_SNAP,Daulat Beg Oldie,2026-01-15,15,22,-41.25,52.5,8.1,220.0,0.0,0.0,0.0,0.05,0.5,0.75,84.5,53552.3,0.8045,SYNTHETIC_CLIMATOLOGY,True
WX_DAULAT_BEG_OLDIE_COLD_SNAP,Daulat Beg Oldie,2026-01-15,15,23,-43.06,56.1,6.98,220.0,0.0,0.0,0.0,0.05,0.5,0.75,80.7,53552.3,0.8108,SYNTHETIC_CLIMATOLOGY,True
WX_GALWAN_NORMAL_WINTER,Galwan,2026-01-15,15,0,-24.0,60.0,2.27,220.0,0.0,0.0,0.0,0.15,0.25,0.75,135.6,59268.2,0.8287,SYNTHETIC_CLIMATOLOGY,True
WX_GALWAN_NORMAL_WINTER,Galwan,2026-01-15,15,1,-25.81,63.9,2.07,220.0,0.0,0.0,0.0,0.15,0.25,0.75,130.0,59268.2,0.8348,SYNTHETIC_CLIMATOLOGY,True
WX_GALWAN_NORMAL_WINTER,Galwan,2026-01-15,15,2,-27.5,67.5,2.0,220.0,0.0,0.0,0.0,0.15,0.25,0.75,125.0,59268.2,0.8405,SYNTHETIC_CLIMATOLOGY,True
WX_GALWAN_NORMAL_WINTER,Galwan,2026-01-15,15,3,-28.95,70.6,2.07,220.0,0.0,0.0,0.0,0.15,0.25,0.75,120.9,59268.2,0.8455,SYNTHETIC_CLIMATOLOGY,True
WX_GALWAN_NORMAL_WINTER,Galwan,2026-01-15,15,4,-30.06,73.0,2.27,220.0,0.0,0.0,0.0,0.15,0.25,0.75,117.8,59268.2,0.8494,SYNTHETIC_CLIMATOLOGY,True
WX_GALWAN_NORMAL_WINTER,Galwan,2026-01-15,15,5,-30.76,74.5,2.59,220.0,0.0,0.0,0.0,0.15,0.25,0.75,115.8,59268.2,0.8518,SYNTHETIC_CLIMATOLOGY,True
WX_GALWAN_NORMAL_WINTER,Galwan,2026-01-15,15,6,-31.0,75.0,3.0,220.0,0.0,0.0,0.0,0.15,0.25,0.75,115.2,59268.2,0.8527,SYNTHETIC_CLIMATOLOGY,True
WX_GALWAN_NORMAL_WINTER,Galwan,2026-01-15,15,7,-30.76,74.5,3.48,220.0,0.9,71.1,0.6,0.15,0.25,0.75,115.8,59268.2,0.8518,SYNTHETIC_CLIMATOLOGY,True
WX_GALWAN_NORMAL_WINTER,Galwan,2026-01-15,15,8,-30.06,73.0,4.0,220.0,118.1,517.8,21.2,0.15,0.25,0.75,117.8,59268.2,0.8494,SYNTHETIC_CLIMATOLOGY,True
WX_GALWAN_NORMAL_WINTER,Galwan,2026-01-15,15,9,-28.95,70.6,4.52,220.0,262.9,664.4,34.6,0.15,0.25,0.75,120.9,59268.2,0.8455,SYNTHETIC_CLIMATOLOGY,True
WX_GALWAN_NORMAL_WINTER,Galwan,2026-01-15,15,10,-27.5,67.5,5.0,220.0,381.0,728.4,44.0,0.15,0.25,0.75,125.0,59268.2,0.8405,SYNTHETIC_CLIMATOLOGY,True
WX_GALWAN_NORMAL_WINTER,Galwan,2026-01-15,15,11,-25.81,63.9,5.41,220.0,455.7,757.6,49.7,0.15,0.25,0.75,130.0,59268.2,0.8348,SYNTHETIC_CLIMATOLOGY,True
WX_GALWAN_NORMAL_WINTER,Galwan,2026-01-15,15,12,-24.0,60.0,5.73,220.0,479.0,765.5,51.4,0.15,0.25,0.75,135.6,59268.2,0.8287,SYNTHETIC_CLIMATOLOGY,True
WX_GALWAN_NORMAL_WINTER,Galwan,2026-01-15,15,13,-22.19,56.1,5.93,220.0,448.7,755.1,49.2,0.15,0.25,0.75,141.3,59268.2,0.8227,SYNTHETIC_CLIMATOLOGY,True
WX_GALWAN_NORMAL_WINTER,Galwan,2026-01-15,15,14,-20.5,52.5,6.0,220.0,367.8,722.5,43.0,0.15,0.25,0.75,146.8,59268.2,0.8172,SYNTHETIC_CLIMATOLOGY,True
WX_GALWAN_NORMAL_WINTER,Galwan,2026-01-15,15,15,-19.05,49.4,5.93,220.0,245.1,651.9,33.1,0.15,0.25,0.75,151.7,59268.2,0.8126,SYNTHETIC_CLIMATOLOGY,True
WX_GALWAN_NORMAL_WINTER,Galwan,2026-01-15,15,16,-17.94,47.0,5.73,220.0,99.0,485.3,19.1,0.15,0.25,0.75,155.5,59268.2,0.809,SYNTHETIC_CLIMATOLOGY,True
WX_GALWAN_NORMAL_WINTER,Galwan,2026-01-15,15,17,-17.24,45.5,5.41,220.0,0.0,0.0,0.0,0.15,0.25,0.75,158.0,59268.2,0.8068,SYNTHETIC_CLIMATOLOGY,True
WX_GALWAN_NORMAL_WINTER,Galwan,2026-01-15,15,18,-17.0,45.0,5.0,220.0,0.0,0.0,0.0,0.15,0.25,0.75,158.8,59268.2,0.8061,SYNTHETIC_CLIMATOLOGY,True
WX_GALWAN_NORMAL_WINTER,Galwan,2026-01-15,15,19,-17.24,45.5,4.52,220.0,0.0,0.0,0.0,0.15,0.25,0.75,158.0,59268.2,0.8068,SYNTHETIC_CLIMATOLOGY,True
WX_GALWAN_NORMAL_WINTER,Galwan,2026-01-15,15,20,-17.94,47.0,4.0,220.0,0.0,0.0,0.0,0.15,0.25,0.75,155.5,59268.2,0.809,SYNTHETIC_CLIMATOLOGY,True
WX_GALWAN_NORMAL_WINTER,Galwan,2026-01-15,15,21,-19.05,49.4,3.48,220.0,0.0,0.0,0.0,0.15,0.25,0.75,151.7,59268.2,0.8126,SYNTHETIC_CLIMATOLOGY,True
WX_GALWAN_NORMAL_WINTER,Galwan,2026-01-15,15,22,-20.5,52.5,3.0,220.0,0.0,0.0,0.0,0.15,0.25,0.75,146.8,59268.2,0.8172,SYNTHETIC_CLIMATOLOGY,True
WX_GALWAN_NORMAL_WINTER,Galwan,2026-01-15,15,23,-22.19,56.1,2.59,220.0,0.0,0.0,0.0,0.15,0.25,0.75,141.3,59268.2,0.8227,SYNTHETIC_CLIMATOLOGY,True
WX_GALWAN_COLD_WINTER,Galwan,2026-01-15,15,0,-30.0,60.0,2.72,220.0,0.0,0.0,0.0,0.1,0.4,0.75,114.8,59268.2,0.8492,SYNTHETIC_CLIMATOLOGY,True
WX_GALWAN_COLD_WINTER,Galwan,2026-01-15,15,1,-31.81,63.9,2.48,220.0,0.0,0.0,0.0,0.1,0.4,0.75,110.0,59268.2,0.8555,SYNTHETIC_CLIMATOLOGY,True
WX_GALWAN_COLD_WINTER,Galwan,2026-01-15,15,2,-33.5,67.5,2.4,220.0,0.0,0.0,0.0,0.1,0.4,0.75,105.6,59268.2,0.8616,SYNTHETIC_CLIMATOLOGY,True
WX_GALWAN_COLD_WINTER,Galwan,2026-01-15,15,3,-34.95,70.6,2.48,220.0,0.0,0.0,0.0,0.1,0.4,0.75,101.9,59268.2,0.8668,SYNTHETIC_CLIMATOLOGY,True
WX_GALWAN_COLD_WINTER,Galwan,2026-01-15,15,4,-36.06,73.0,2.72,220.0,0.0,0.0,0.0,0.1,0.4,0.75,99.2,59268.2,0.8709,SYNTHETIC_CLIMATOLOGY,True
WX_GALWAN_COLD_WINTER,Galwan,2026-01-15,15,5,-36.76,74.5,3.1,220.0,0.0,0.0,0.0,0.1,0.4,0.75,97.5,59268.2,0.8734,SYNTHETIC_CLIMATOLOGY,True
WX_GALWAN_COLD_WINTER,Galwan,2026-01-15,15,6,-37.0,75.0,3.6,220.0,0.0,0.0,0.0,0.1,0.4,0.75,96.9,59268.2,0.8743,SYNTHETIC_CLIMATOLOGY,True
WX_GALWAN_COLD_WINTER,Galwan,2026-01-15,15,7,-36.76,74.5,4.18,220.0,0.9,77.5,0.6,0.1,0.4,0.75,97.5,59268.2,0.8734,SYNTHETIC_CLIMATOLOGY,True
WX_GALWAN_COLD_WINTER,Galwan,2026-01-15,15,8,-36.06,73.0,4.8,220.0,125.4,564.2,19.7,0.1,0.4,0.75,99.2,59268.2,0.8709,SYNTHETIC_CLIMATOLOGY,True
WX_GALWAN_COLD_WINTER,Galwan,2026-01-15,15,9,-34.95,70.6,5.42,220.0,279.6,723.9,30.8,0.1,0.4,0.75,101.9,59268.2,0.8668,SYNTHETIC_CLIMATOLOGY,True
WX_GALWAN_COLD_WINTER,Galwan,2026-01-15,15,10,-33.5,67.5,6.0,220.0,405.4,793.6,38.3,0.1,0.4,0.75,105.6,59268.2,0.8616,SYNTHETIC_CLIMATOLOGY,True
WX_GALWAN_COLD_WINTER,Galwan,2026-01-15,15,11,-31.81,63.9,6.5,220.0,485.0,825.4,42.7,0.1,0.4,0.75,110.0,59268.2,0.8555,SYNTHETIC_CLIMATOLOGY,True
WX_GALWAN_COLD_WINTER,Galwan,2026-01-15,15,12,-30.0,60.0,6.88,220.0,509.9,834.0,44.0,0.1,0.4,0.75,114.8,59268.2,0.8492,SYNTHETIC_CLIMATOLOGY,True
WX_GALWAN_COLD_WINTER,Galwan,2026-01-15,15,13,-28.19,56.1,7.12,220.0,477.6,822.7,42.3,0.1,0.4,0.75,119.9,59268.2,0.8429,SYNTHETIC_CLIMATOLOGY,True
WX_GALWAN_COLD_WINTER,Galwan,2026-01-15,15,14,-26.5,52.5,7.2,220.0,391.3,787.2,37.5,0.1,0.4,0.75,124.8,59268.2,0.8371,SYNTHETIC_CLIMATOLOGY,True
WX_GALWAN_COLD_WINTER,Galwan,2026-01-15,15,15,-25.05,49.4,7.12,220.0,260.6,710.2,29.6,0.1,0.4,0.75,129.1,59268.2,0.8322,SYNTHETIC_CLIMATOLOGY,True
WX_GALWAN_COLD_WINTER,Galwan,2026-01-15,15,16,-23.94,47.0,6.88,220.0,105.0,528.8,17.9,0.1,0.4,0.75,132.5,59268.2,0.8285,SYNTHETIC_CLIMATOLOGY,True
WX_GALWAN_COLD_WINTER,Galwan,2026-01-15,15,17,-23.24,45.5,6.5,220.0,0.0,0.0,0.0,0.1,0.4,0.75,134.7,59268.2,0.8262,SYNTHETIC_CLIMATOLOGY,True
WX_GALWAN_COLD_WINTER,Galwan,2026-01-15,15,18,-23.0,45.0,6.0,220.0,0.0,0.0,0.0,0.1,0.4,0.75,135.4,59268.2,0.8254,SYNTHETIC_CLIMATOLOGY,True
WX_GALWAN_COLD_WINTER,Galwan,2026-01-15,15,19,-23.24,45.5,5.42,220.0,0.0,0.0,0.0,0.1,0.4,0.75,134.7,59268.2,0.8262,SYNTHETIC_CLIMATOLOGY,True
WX_GALWAN_COLD_WINTER,Galwan,2026-01-15,15,20,-23.94,47.0,4.8,220.0,0.0,0.0,0.0,0.1,0.4,0.75,132.5,59268.2,0.8285,SYNTHETIC_CLIMATOLOGY,True
WX_GALWAN_COLD_WINTER,Galwan,2026-01-15,15,21,-25.05,49.4,4.18,220.0,0.0,0.0,0.0,0.1,0.4,0.75,129.1,59268.2,0.8322,SYNTHETIC_CLIMATOLOGY,True
WX_GALWAN_COLD_WINTER,Galwan,2026-01-15,15,22,-26.5,52.5,3.6,220.0,0.0,0.0,0.0,0.1,0.4,0.75,124.8,59268.2,0.8371,SYNTHETIC_CLIMATOLOGY,True
WX_GALWAN_COLD_WINTER,Galwan,2026-01-15,15,23,-28.19,56.1,3.1,220.0,0.0,0.0,0.0,0.1,0.4,0.75,119.9,59268.2,0.8429,SYNTHETIC_CLIMATOLOGY,True
WX_GALWAN_EXTREME_WINTER,Galwan,2026-01-15,15,0,-36.0,60.0,3.4,220.0,0.0,0.0,0.0,0.05,0.6,0.75,96.5,59268.2,0.8706,SYNTHETIC_CLIMATOLOGY,True
WX_GALWAN_EXTREME_WINTER,Galwan,2026-01-15,15,1,-37.81,63.9,3.1,220.0,0.0,0.0,0.0,0.05,0.6,0.75,92.2,59268.2,0.8773,SYNTHETIC_CLIMATOLOGY,True
WX_GALWAN_EXTREME_WINTER,Galwan,2026-01-15,15,2,-39.5,67.5,3.0,220.0,0.0,0.0,0.0,0.05,0.6,0.75,88.4,59268.2,0.8837,SYNTHETIC_CLIMATOLOGY,True
WX_GALWAN_EXTREME_WINTER,Galwan,2026-01-15,15,3,-40.95,70.6,3.1,220.0,0.0,0.0,0.0,0.05,0.6,0.75,85.2,59268.2,0.8892,SYNTHETIC_CLIMATOLOGY,True
WX_GALWAN_EXTREME_WINTER,Galwan,2026-01-15,15,4,-42.06,73.0,3.4,220.0,0.0,0.0,0.0,0.05,0.6,0.75,82.8,59268.2,0.8935,SYNTHETIC_CLIMATOLOGY,True
WX_GALWAN_EXTREME_WINTER,Galwan,2026-01-15,15,5,-42.76,74.5,3.88,220.0,0.0,0.0,0.0,0.05,0.6,0.75,81.3,59268.2,0.8962,SYNTHETIC_CLIMATOLOGY,True
WX_GALWAN_EXTREME_WINTER,Galwan,2026-01-15,15,6,-43.0,75.0,4.5,220.0,0.0,0.0,0.0,0.05,0.6,0.75,80.8,59268.2,0.8971,SYNTHETIC_CLIMATOLOGY,True
WX_GALWAN_EXTREME_WINTER,Galwan,2026-01-15,15,7,-42.76,74.5,5.22,220.0,1.0,84.0,0.6,0.05,0.6,0.75,81.3,59268.2,0.8962,SYNTHETIC_CLIMATOLOGY,True
WX_GALWAN_EXTREME_WINTER,Galwan,2026-01-15,15,8,-42.06,73.0,6.0,220.0,132.9,611.8,18.3,0.05,0.6,0.75,82.8,59268.2,0.8935,SYNTHETIC_CLIMATOLOGY,True
WX_GALWAN_EXTREME_WINTER,Galwan,2026-01-15,15,9,-40.95,70.6,6.78,220.0,296.8,785.1,27.0,0.05,0.6,0.75,85.2,59268.2,0.8892,SYNTHETIC_CLIMATOLOGY,True
WX_GALWAN_EXTREME_WINTER,Galwan,2026-01-15,15,10,-39.5,67.5,7.5,220.0,430.6,860.6,32.5,0.05,0.6,0.75,88.4,59268.2,0.8837,SYNTHETIC_CLIMATOLOGY,True
WX_GALWAN_EXTREME_WINTER,Galwan,2026-01-15,15,11,-37.81,63.9,8.12,220.0,515.3,895.1,35.6,0.05,0.6,0.75,92.2,59268.2,0.8773,SYNTHETIC_CLIMATOLOGY,True
WX_GALWAN_EXTREME_WINTER,Galwan,2026-01-15,15,12,-36.0,60.0,8.6,220.0,541.8,904.5,36.5,0.05,0.6,0.75,96.5,59268.2,0.8706,SYNTHETIC_CLIMATOLOGY,True
WX_GALWAN_EXTREME_WINTER,Galwan,2026-01-15,15,13,-34.19,56.1,8.9,220.0,507.4,892.2,35.3,0.05,0.6,0.75,100.9,59268.2,0.864,SYNTHETIC_CLIMATOLOGY,True
WX_GALWAN_EXTREME_WINTER,Galwan,2026-01-15,15,14,-32.5,52.5,9.0,220.0,415.7,853.7,31.9,0.05,0.6,0.75,105.2,59268.2,0.858,SYNTHETIC_CLIMATOLOGY,True
WX_GALWAN_EXTREME_WINTER,Galwan,2026-01-15,15,15,-31.05,49.4,8.9,220.0,276.6,770.2,26.1,0.05,0.6,0.75,109.0,59268.2,0.8528,SYNTHETIC_CLIMATOLOGY,True
WX_GALWAN_EXTREME_WINTER,Galwan,2026-01-15,15,16,-29.94,47.0,8.6,220.0,111.2,573.5,16.8,0.05,0.6,0.75,112.0,59268.2,0.8489,SYNTHETIC_CLIMATOLOGY,True
WX_GALWAN_EXTREME_WINTER,Galwan,2026-01-15,15,17,-29.24,45.5,8.12,220.0,0.0,0.0,0.0,0.05,0.6,0.75,113.9,59268.2,0.8465,SYNTHETIC_CLIMATOLOGY,True
WX_GALWAN_EXTREME_WINTER,Galwan,2026-01-15,15,18,-29.0,45.0,7.5,220.0,0.0,0.0,0.0,0.05,0.6,0.75,114.5,59268.2,0.8457,SYNTHETIC_CLIMATOLOGY,True
WX_GALWAN_EXTREME_WINTER,Galwan,2026-01-15,15,19,-29.24,45.5,6.78,220.0,0.0,0.0,0.0,0.05,0.6,0.75,113.9,59268.2,0.8465,SYNTHETIC_CLIMATOLOGY,True
WX_GALWAN_EXTREME_WINTER,Galwan,2026-01-15,15,20,-29.94,47.0,6.0,220.0,0.0,0.0,0.0,0.05,0.6,0.75,112.0,59268.2,0.8489,SYNTHETIC_CLIMATOLOGY,True
WX_GALWAN_EXTREME_WINTER,Galwan,2026-01-15,15,21,-31.05,49.4,5.22,220.0,0.0,0.0,0.0,0.05,0.6,0.75,109.0,59268.2,0.8528,SYNTHETIC_CLIMATOLOGY,True
WX_GALWAN_EXTREME_WINTER,Galwan,2026-01-15,15,22,-32.5,52.5,4.5,220.0,0.0,0.0,0.0,0.05,0.6,0.75,105.2,59268.2,0.858,SYNTHETIC_CLIMATOLOGY,True
WX_GALWAN_EXTREME_WINTER,Galwan,2026-01-15,15,23,-34.19,56.1,3.88,220.0,0.0,0.0,0.0,0.05,0.6,0.75,100.9,59268.2,0.864,SYNTHETIC_CLIMATOLOGY,True
WX_GALWAN_CLEAR_SKY_NIGHT,Galwan,2026-01-15,15,0,-28.0,60.0,1.81,220.0,0.0,0.0,0.0,0.0,0.3,0.75,114.3,59268.2,0.8422,SYNTHETIC_CLIMATOLOGY,True
WX_GALWAN_CLEAR_SKY_NIGHT,Galwan,2026-01-15,15,1,-29.81,63.9,1.65,220.0,0.0,0.0,0.0,0.0,0.3,0.75,109.3,59268.2,0.8485,SYNTHETIC_CLIMATOLOGY,True
WX_GALWAN_CLEAR_SKY_NIGHT,Galwan,2026-01-15,15,2,-31.5,67.5,1.6,220.0,0.0,0.0,0.0,0.0,0.3,0.75,104.8,59268.2,0.8544,SYNTHETIC_CLIMATOLOGY,True
WX_GALWAN_CLEAR_SKY_NIGHT,Galwan,2026-01-15,15,3,-32.95,70.6,1.65,220.0,0.0,0.0,0.0,0.0,0.3,0.75,101.1,59268.2,0.8596,SYNTHETIC_CLIMATOLOGY,True
WX_GALWAN_CLEAR_SKY_NIGHT,Galwan,2026-01-15,15,4,-34.06,73.0,1.81,220.0,0.0,0.0,0.0,0.0,0.3,0.75,98.3,59268.2,0.8636,SYNTHETIC_CLIMATOLOGY,True
WX_GALWAN_CLEAR_SKY_NIGHT,Galwan,2026-01-15,15,5,-34.76,74.5,2.07,220.0,0.0,0.0,0.0,0.0,0.3,0.75,96.6,59268.2,0.8661,SYNTHETIC_CLIMATOLOGY,True
WX_GALWAN_CLEAR_SKY_NIGHT,Galwan,2026-01-15,15,6,-35.0,75.0,2.4,220.0,0.0,0.0,0.0,0.0,0.3,0.75,96.0,59268.2,0.867,SYNTHETIC_CLIMATOLOGY,True
WX_GALWAN_CLEAR_SKY_NIGHT,Galwan,2026-01-15,15,7,-34.76,74.5,2.79,220.0,1.0,90.7,0.6,0.0,0.3,0.75,96.6,59268.2,0.8661,SYNTHETIC_CLIMATOLOGY,True
WX_GALWAN_CLEAR_SKY_NIGHT,Galwan,2026-01-15,15,8,-34.06,73.0,3.2,220.0,140.6,660.8,16.9,0.0,0.3,0.75,98.3,59268.2,0.8636,SYNTHETIC_CLIMATOLOGY,True
WX_GALWAN_CLEAR_SKY_NIGHT,Galwan,2026-01-15,15,9,-32.95,70.6,3.61,220.0,314.6,847.8,23.2,0.0,0.3,0.75,101.1,59268.2,0.8596,SYNTHETIC_CLIMATOLOGY,True
WX_GALWAN_CLEAR_SKY_NIGHT,Galwan,2026-01-15,15,10,-31.5,67.5,4.0,220.0,456.6,929.4,26.7,0.0,0.3,0.75,104.8,59268.2,0.8544,SYNTHETIC_CLIMATOLOGY,True
WX_GALWAN_CLEAR_SKY_NIGHT,Galwan,2026-01-15,15,11,-29.81,63.9,4.33,220.0,546.6,966.7,28.5,0.0,0.3,0.75,109.3,59268.2,0.8485,SYNTHETIC_CLIMATOLOGY,True
WX_GALWAN_CLEAR_SKY_NIGHT,Galwan,2026-01-15,15,12,-28.0,60.0,4.59,220.0,574.7,976.8,29.1,0.0,0.3,0.75,114.3,59268.2,0.8422,SYNTHETIC_CLIMATOLOGY,True
WX_GALWAN_CLEAR_SKY_NIGHT,Galwan,2026-01-15,15,13,-26.19,56.1,4.75,220.0,538.2,963.6,28.4,0.0,0.3,0.75,119.4,59268.2,0.8361,SYNTHETIC_CLIMATOLOGY,True
WX_GALWAN_CLEAR_SKY_NIGHT,Galwan,2026-01-15,15,14,-24.5,52.5,4.8,220.0,440.8,921.9,26.4,0.0,0.3,0.75,124.4,59268.2,0.8304,SYNTHETIC_CLIMATOLOGY,True
WX_GALWAN_CLEAR_SKY_NIGHT,Galwan,2026-01-15,15,15,-23.05,49.4,4.75,220.0,293.2,831.8,22.6,0.0,0.3,0.75,128.8,59268.2,0.8256,SYNTHETIC_CLIMATOLOGY,True
WX_GALWAN_CLEAR_SKY_NIGHT,Galwan,2026-01-15,15,16,-21.94,47.0,4.59,220.0,117.7,619.3,15.6,0.0,0.3,0.75,132.3,59268.2,0.8219,SYNTHETIC_CLIMATOLOGY,True
WX_GALWAN_CLEAR_SKY_NIGHT,Galwan,2026-01-15,15,17,-21.24,45.5,4.33,220.0,0.0,0.0,0.0,0.0,0.3,0.75,134.5,59268.2,0.8196,SYNTHETIC_CLIMATOLOGY,True
WX_GALWAN_CLEAR_SKY_NIGHT,Galwan,2026-01-15,15,18,-21.0,45.0,4.0,220.0,0.0,0.0,0.0,0.0,0.3,0.75,135.3,59268.2,0.8189,SYNTHETIC_CLIMATOLOGY,True
WX_GALWAN_CLEAR_SKY_NIGHT,Galwan,2026-01-15,15,19,-21.24,45.5,3.61,220.0,0.0,0.0,0.0,0.0,0.3,0.75,134.5,59268.2,0.8196,SYNTHETIC_CLIMATOLOGY,True
WX_GALWAN_CLEAR_SKY_NIGHT,Galwan,2026-01-15,15,20,-21.94,47.0,3.2,220.0,0.0,0.0,0.0,0.0,0.3,0.75,132.3,59268.2,0.8219,SYNTHETIC_CLIMATOLOGY,True
WX_GALWAN_CLEAR_SKY_NIGHT,Galwan,2026-01-15,15,21,-23.05,49.4,2.79,220.0,0.0,0.0,0.0,0.0,0.3,0.75,128.8,59268.2,0.8256,SYNTHETIC_CLIMATOLOGY,True
WX_GALWAN_CLEAR_SKY_NIGHT,Galwan,2026-01-15,15,22,-24.5,52.5,2.4,220.0,0.0,0.0,0.0,0.0,0.3,0.75,124.4,59268.2,0.8304,SYNTHETIC_CLIMATOLOGY,True
WX_GALWAN_CLEAR_SKY_NIGHT,Galwan,2026-01-15,15,23,-26.19,56.1,2.07,220.0,0.0,0.0,0.0,0.0,0.3,0.75,119.4,59268.2,0.8361,SYNTHETIC_CLIMATOLOGY,True
WX_GALWAN_SNOW_COVER,Galwan,2026-01-15,15,0,-26.0,60.0,2.49,220.0,0.0,0.0,0.0,0.2,0.8,0.75,132.7,59268.2,0.8354,SYNTHETIC_CLIMATOLOGY,True
WX_GALWAN_SNOW_COVER,Galwan,2026-01-15,15,1,-27.81,63.9,2.27,220.0,0.0,0.0,0.0,0.2,0.8,0.75,127.4,59268.2,0.8416,SYNTHETIC_CLIMATOLOGY,True
WX_GALWAN_SNOW_COVER,Galwan,2026-01-15,15,2,-29.5,67.5,2.2,220.0,0.0,0.0,0.0,0.2,0.8,0.75,122.5,59268.2,0.8474,SYNTHETIC_CLIMATOLOGY,True
WX_GALWAN_SNOW_COVER,Galwan,2026-01-15,15,3,-30.95,70.6,2.27,220.0,0.0,0.0,0.0,0.2,0.8,0.75,118.5,59268.2,0.8525,SYNTHETIC_CLIMATOLOGY,True
WX_GALWAN_SNOW_COVER,Galwan,2026-01-15,15,4,-32.06,73.0,2.49,220.0,0.0,0.0,0.0,0.2,0.8,0.75,115.5,59268.2,0.8564,SYNTHETIC_CLIMATOLOGY,True
WX_GALWAN_SNOW_COVER,Galwan,2026-01-15,15,5,-32.76,74.5,2.84,220.0,0.0,0.0,0.0,0.2,0.8,0.75,113.6,59268.2,0.8589,SYNTHETIC_CLIMATOLOGY,True
WX_GALWAN_SNOW_COVER,Galwan,2026-01-15,15,6,-33.0,75.0,3.3,220.0,0.0,0.0,0.0,0.2,0.8,0.75,113.0,59268.2,0.8598,SYNTHETIC_CLIMATOLOGY,True
WX_GALWAN_SNOW_COVER,Galwan,2026-01-15,15,7,-32.76,74.5,3.83,220.0,0.9,64.9,0.6,0.2,0.8,0.75,113.6,59268.2,0.8589,SYNTHETIC_CLIMATOLOGY,True
WX_GALWAN_SNOW_COVER,Galwan,2026-01-15,15,8,-32.06,73.0,4.4,220.0,111.1,472.8,22.6,0.2,0.8,0.75,115.5,59268.2,0.8564,SYNTHETIC_CLIMATOLOGY,True
WX_GALWAN_SNOW_COVER,Galwan,2026-01-15,15,9,-30.95,70.6,4.97,220.0,246.8,606.7,38.3,0.2,0.8,0.75,118.5,59268.2,0.8525,SYNTHETIC_CLIMATOLOGY,True
WX_GALWAN_SNOW_COVER,Galwan,2026-01-15,15,10,-29.5,67.5,5.5,220.0,357.4,665.0,49.8,0.2,0.8,0.75,122.5,59268.2,0.8474,SYNTHETIC_CLIMATOLOGY,True
WX_GALWAN_SNOW_COVER,Galwan,2026-01-15,15,11,-27.81,63.9,5.96,220.0,427.3,691.7,56.7,0.2,0.8,0.75,127.4,59268.2,0.8416,SYNTHETIC_CLIMATOLOGY,True
WX_GALWAN_SNOW_COVER,Galwan,2026-01-15,15,12,-26.0,60.0,6.31,220.0,449.2,699.0,58.8,0.2,0.8,0.75,132.7,59268.2,0.8354,SYNTHETIC_CLIMATOLOGY,True
WX_GALWAN_SNOW_COVER,Galwan,2026-01-15,15,13,-24.19,56.1,6.53,220.0,420.9,689.5,56.0,0.2,0.8,0.75,138.3,59268.2,0.8293,SYNTHETIC_CLIMATOLOGY,True
WX_GALWAN_SNOW_COVER,Galwan,2026-01-15,15,14,-22.5,52.5,6.6,220.0,345.1,659.7,48.5,0.2,0.8,0.75,143.7,59268.2,0.8238,SYNTHETIC_CLIMATOLOGY,True
WX_GALWAN_SNOW_COVER,Galwan,2026-01-15,15,15,-21.05,49.4,6.53,220.0,230.1,595.2,36.5,0.2,0.8,0.75,148.4,59268.2,0.819,SYNTHETIC_CLIMATOLOGY,True
WX_GALWAN_SNOW_COVER,Galwan,2026-01-15,15,16,-19.94,47.0,6.31,220.0,93.2,443.2,20.2,0.2,0.8,0.75,152.1,59268.2,0.8154,SYNTHETIC_CLIMATOLOGY,True
WX_GALWAN_SNOW_COVER,Galwan,2026-01-15,15,17,-19.24,45.5,5.96,220.0,0.0,0.0,0.0,0.2,0.8,0.75,154.5,59268.2,0.8132,SYNTHETIC_CLIMATOLOGY,True
WX_GALWAN_SNOW_COVER,Galwan,2026-01-15,15,18,-19.0,45.0,5.5,220.0,0.0,0.0,0.0,0.2,0.8,0.75,155.3,59268.2,0.8124,SYNTHETIC_CLIMATOLOGY,True
WX_GALWAN_SNOW_COVER,Galwan,2026-01-15,15,19,-19.24,45.5,4.97,220.0,0.0,0.0,0.0,0.2,0.8,0.75,154.5,59268.2,0.8132,SYNTHETIC_CLIMATOLOGY,True
WX_GALWAN_SNOW_COVER,Galwan,2026-01-15,15,20,-19.94,47.0,4.4,220.0,0.0,0.0,0.0,0.2,0.8,0.75,152.1,59268.2,0.8154,SYNTHETIC_CLIMATOLOGY,True
WX_GALWAN_SNOW_COVER,Galwan,2026-01-15,15,21,-21.05,49.4,3.83,220.0,0.0,0.0,0.0,0.2,0.8,0.75,148.4,59268.2,0.819,SYNTHETIC_CLIMATOLOGY,True
WX_GALWAN_SNOW_COVER,Galwan,2026-01-15,15,22,-22.5,52.5,3.3,220.0,0.0,0.0,0.0,0.2,0.8,0.75,143.7,59268.2,0.8238,SYNTHETIC_CLIMATOLOGY,True
WX_GALWAN_SNOW_COVER,Galwan,2026-01-15,15,23,-24.19,56.1,2.84,220.0,0.0,0.0,0.0,0.2,0.8,0.75,138.3,59268.2,0.8293,SYNTHETIC_CLIMATOLOGY,True
WX_GALWAN_HIGH_SOLAR_DAY,Galwan,2026-01-15,15,0,-22.0,60.0,2.04,220.0,0.0,0.0,0.0,0.0,0.2,0.75,132.1,59268.2,0.8221,SYNTHETIC_CLIMATOLOGY,True
WX_GALWAN_HIGH_SOLAR_DAY,Galwan,2026-01-15,15,1,-23.81,63.9,1.86,220.0,0.0,0.0,0.0,0.0,0.2,0.75,126.5,59268.2,0.8281,SYNTHETIC_CLIMATOLOGY,True
WX_GALWAN_HIGH_SOLAR_DAY,Galwan,2026-01-15,15,2,-25.5,67.5,1.8,220.0,0.0,0.0,0.0,0.0,0.2,0.75,121.5,59268.2,0.8337,SYNTHETIC_CLIMATOLOGY,True
WX_GALWAN_HIGH_SOLAR_DAY,Galwan,2026-01-15,15,3,-26.95,70.6,1.86,220.0,0.0,0.0,0.0,0.0,0.2,0.75,117.2,59268.2,0.8386,SYNTHETIC_CLIMATOLOGY,True
WX_GALWAN_HIGH_SOLAR_DAY,Galwan,2026-01-15,15,4,-28.06,73.0,2.04,220.0,0.0,0.0,0.0,0.0,0.2,0.75,114.1,59268.2,0.8424,SYNTHETIC_CLIMATOLOGY,True
WX_GALWAN_HIGH_SOLAR_DAY,Galwan,2026-01-15,15,5,-28.76,74.5,2.33,220.0,0.0,0.0,0.0,0.0,0.2,0.75,112.2,59268.2,0.8449,SYNTHETIC_CLIMATOLOGY,True
WX_GALWAN_HIGH_SOLAR_DAY,Galwan,2026-01-15,15,6,-29.0,75.0,2.7,220.0,0.0,0.0,0.0,0.0,0.2,0.75,111.5,59268.2,0.8457,SYNTHETIC_CLIMATOLOGY,True
WX_GALWAN_HIGH_SOLAR_DAY,Galwan,2026-01-15,15,7,-28.76,74.5,3.13,220.0,1.0,90.7,0.6,0.0,0.2,0.75,112.2,59268.2,0.8449,SYNTHETIC_CLIMATOLOGY,True
WX_GALWAN_HIGH_SOLAR_DAY,Galwan,2026-01-15,15,8,-28.06,73.0,3.6,220.0,140.6,660.8,16.9,0.0,0.2,0.75,114.1,59268.2,0.8424,SYNTHETIC_CLIMATOLOGY,True
WX_GALWAN_HIGH_SOLAR_DAY,Galwan,2026-01-15,15,9,-26.95,70.6,4.07,220.0,314.6,847.8,23.2,0.0,0.2,0.75,117.2,59268.2,0.8386,SYNTHETIC_CLIMATOLOGY,True
WX_GALWAN_HIGH_SOLAR_DAY,Galwan,2026-01-15,15,10,-25.5,67.5,4.5,220.0,456.6,929.4,26.7,0.0,0.2,0.75,121.5,59268.2,0.8337,SYNTHETIC_CLIMATOLOGY,True
WX_GALWAN_HIGH_SOLAR_DAY,Galwan,2026-01-15,15,11,-23.81,63.9,4.87,220.0,546.6,966.7,28.5,0.0,0.2,0.75,126.5,59268.2,0.8281,SYNTHETIC_CLIMATOLOGY,True
WX_GALWAN_HIGH_SOLAR_DAY,Galwan,2026-01-15,15,12,-22.0,60.0,5.16,220.0,574.7,976.8,29.1,0.0,0.2,0.75,132.1,59268.2,0.8221,SYNTHETIC_CLIMATOLOGY,True
WX_GALWAN_HIGH_SOLAR_DAY,Galwan,2026-01-15,15,13,-20.19,56.1,5.34,220.0,538.2,963.6,28.4,0.0,0.2,0.75,137.9,59268.2,0.8162,SYNTHETIC_CLIMATOLOGY,True
WX_GALWAN_HIGH_SOLAR_DAY,Galwan,2026-01-15,15,14,-18.5,52.5,5.4,220.0,440.8,921.9,26.4,0.0,0.2,0.75,143.6,59268.2,0.8108,SYNTHETIC_CLIMATOLOGY,True
WX_GALWAN_HIGH_SOLAR_DAY,Galwan,2026-01-15,15,15,-17.05,49.4,5.34,220.0,293.2,831.8,22.6,0.0,0.2,0.75,148.5,59268.2,0.8062,SYNTHETIC_CLIMATOLOGY,True
WX_GALWAN_HIGH_SOLAR_DAY,Galwan,2026-01-15,15,16,-15.94,47.0,5.16,220.0,117.7,619.3,15.6,0.0,0.2,0.75,152.4,59268.2,0.8027,SYNTHETIC_CLIMATOLOGY,True
WX_GALWAN_HIGH_SOLAR_DAY,Galwan,2026-01-15,15,17,-15.24,45.5,4.87,220.0,0.0,0.0,0.0,0.0,0.2,0.75,155.0,59268.2,0.8006,SYNTHETIC_CLIMATOLOGY,True
WX_GALWAN_HIGH_SOLAR_DAY,Galwan,2026-01-15,15,18,-15.0,45.0,4.5,220.0,0.0,0.0,0.0,0.0,0.2,0.75,155.8,59268.2,0.7998,SYNTHETIC_CLIMATOLOGY,True
WX_GALWAN_HIGH_SOLAR_DAY,Galwan,2026-01-15,15,19,-15.24,45.5,4.07,220.0,0.0,0.0,0.0,0.0,0.2,0.75,155.0,59268.2,0.8006,SYNTHETIC_CLIMATOLOGY,True
WX_GALWAN_HIGH_SOLAR_DAY,Galwan,2026-01-15,15,20,-15.94,47.0,3.6,220.0,0.0,0.0,0.0,0.0,0.2,0.75,152.4,59268.2,0.8027,SYNTHETIC_CLIMATOLOGY,True
WX_GALWAN_HIGH_SOLAR_DAY,Galwan,2026-01-15,15,21,-17.05,49.4,3.13,220.0,0.0,0.0,0.0,0.0,0.2,0.75,148.5,59268.2,0.8062,SYNTHETIC_CLIMATOLOGY,True
WX_GALWAN_HIGH_SOLAR_DAY,Galwan,2026-01-15,15,22,-18.5,52.5,2.7,220.0,0.0,0.0,0.0,0.0,0.2,0.75,143.6,59268.2,0.8108,SYNTHETIC_CLIMATOLOGY,True
WX_GALWAN_HIGH_SOLAR_DAY,Galwan,2026-01-15,15,23,-20.19,56.1,2.33,220.0,0.0,0.0,0.0,0.0,0.2,0.75,137.9,59268.2,0.8162,SYNTHETIC_CLIMATOLOGY,True
WX_GALWAN_CLOUDY_DAY,Galwan,2026-01-15,15,0,-25.0,60.0,2.95,220.0,0.0,0.0,0.0,0.85,0.35,0.75,184.7,59268.2,0.8321,SYNTHETIC_CLIMATOLOGY,True
WX_GALWAN_CLOUDY_DAY,Galwan,2026-01-15,15,1,-26.81,63.9,2.69,220.0,0.0,0.0,0.0,0.85,0.35,0.75,178.7,59268.2,0.8382,SYNTHETIC_CLIMATOLOGY,True
WX_GALWAN_CLOUDY_DAY,Galwan,2026-01-15,15,2,-28.5,67.5,2.6,220.0,0.0,0.0,0.0,0.85,0.35,0.75,173.2,59268.2,0.844,SYNTHETIC_CLIMATOLOGY,True
WX_GALWAN_CLOUDY_DAY,Galwan,2026-01-15,15,3,-29.95,70.6,2.69,220.0,0.0,0.0,0.0,0.85,0.35,0.75,168.6,59268.2,0.849,SYNTHETIC_CLIMATOLOGY,True
WX_GALWAN_CLOUDY_DAY,Galwan,2026-01-15,15,4,-31.06,73.0,2.95,220.0,0.0,0.0,0.0,0.85,0.35,0.75,165.2,59268.2,0.8529,SYNTHETIC_CLIMATOLOGY,True
WX_GALWAN_CLOUDY_DAY,Galwan,2026-01-15,15,5,-31.76,74.5,3.36,220.0,0.0,0.0,0.0,0.85,0.35,0.75,163.0,59268.2,0.8554,SYNTHETIC_CLIMATOLOGY,True
WX_GALWAN_CLOUDY_DAY,Galwan,2026-01-15,15,6,-32.0,75.0,3.9,220.0,0.0,0.0,0.0,0.85,0.35,0.75,162.3,59268.2,0.8562,SYNTHETIC_CLIMATOLOGY,True
WX_GALWAN_CLOUDY_DAY,Galwan,2026-01-15,15,7,-31.76,74.5,4.53,220.0,0.4,5.3,0.4,0.85,0.35,0.75,163.0,59268.2,0.8554,SYNTHETIC_CLIMATOLOGY,True
WX_GALWAN_CLOUDY_DAY,Galwan,2026-01-15,15,8,-31.06,73.0,5.2,220.0,34.8,38.4,27.6,0.85,0.35,0.75,165.2,59268.2,0.8529,SYNTHETIC_CLIMATOLOGY,True
WX_GALWAN_CLOUDY_DAY,Galwan,2026-01-15,15,9,-29.95,70.6,5.87,220.0,72.5,49.3,55.6,0.85,0.35,0.75,168.6,59268.2,0.849,SYNTHETIC_CLIMATOLOGY,True
WX_GALWAN_CLOUDY_DAY,Galwan,2026-01-15,15,10,-28.5,67.5,6.5,220.0,102.7,54.0,77.7,0.85,0.35,0.75,173.2,59268.2,0.844,SYNTHETIC_CLIMATOLOGY,True
WX_GALWAN_CLOUDY_DAY,Galwan,2026-01-15,15,11,-26.81,63.9,7.04,220.0,121.6,56.2,91.5,0.85,0.35,0.75,178.7,59268.2,0.8382,SYNTHETIC_CLIMATOLOGY,True
WX_GALWAN_CLOUDY_DAY,Galwan,2026-01-15,15,12,-25.0,60.0,7.45,220.0,127.5,56.7,95.8,0.85,0.35,0.75,184.7,59268.2,0.8321,SYNTHETIC_CLIMATOLOGY,True
WX_GALWAN_CLOUDY_DAY,Galwan,2026-01-15,15,13,-23.19,56.1,7.71,220.0,119.8,56.0,90.2,0.85,0.35,0.75,190.8,59268.2,0.826,SYNTHETIC_CLIMATOLOGY,True
WX_GALWAN_CLOUDY_DAY,Galwan,2026-01-15,15,14,-21.5,52.5,7.8,220.0,99.3,53.6,75.2,0.85,0.35,0.75,196.7,59268.2,0.8205,SYNTHETIC_CLIMATOLOGY,True
WX_GALWAN_CLOUDY_DAY,Galwan,2026-01-15,15,15,-20.05,49.4,7.71,220.0,67.9,48.3,52.2,0.85,0.35,0.75,201.9,59268.2,0.8158,SYNTHETIC_CLIMATOLOGY,True
WX_GALWAN_CLOUDY_DAY,Galwan,2026-01-15,15,16,-18.94,47.0,7.45,220.0,29.7,36.0,23.8,0.85,0.35,0.75,206.0,59268.2,0.8122,SYNTHETIC_CLIMATOLOGY,True
WX_GALWAN_CLOUDY_DAY,Galwan,2026-01-15,15,17,-18.24,45.5,7.04,220.0,0.0,0.0,0.0,0.85,0.35,0.75,208.5,59268.2,0.81,SYNTHETIC_CLIMATOLOGY,True
WX_GALWAN_CLOUDY_DAY,Galwan,2026-01-15,15,18,-18.0,45.0,6.5,220.0,0.0,0.0,0.0,0.85,0.35,0.75,209.4,59268.2,0.8092,SYNTHETIC_CLIMATOLOGY,True
WX_GALWAN_CLOUDY_DAY,Galwan,2026-01-15,15,19,-18.24,45.5,5.87,220.0,0.0,0.0,0.0,0.85,0.35,0.75,208.5,59268.2,0.81,SYNTHETIC_CLIMATOLOGY,True
WX_GALWAN_CLOUDY_DAY,Galwan,2026-01-15,15,20,-18.94,47.0,5.2,220.0,0.0,0.0,0.0,0.85,0.35,0.75,206.0,59268.2,0.8122,SYNTHETIC_CLIMATOLOGY,True
WX_GALWAN_CLOUDY_DAY,Galwan,2026-01-15,15,21,-20.05,49.4,4.53,220.0,0.0,0.0,0.0,0.85,0.35,0.75,201.9,59268.2,0.8158,SYNTHETIC_CLIMATOLOGY,True
WX_GALWAN_CLOUDY_DAY,Galwan,2026-01-15,15,22,-21.5,52.5,3.9,220.0,0.0,0.0,0.0,0.85,0.35,0.75,196.7,59268.2,0.8205,SYNTHETIC_CLIMATOLOGY,True
WX_GALWAN_CLOUDY_DAY,Galwan,2026-01-15,15,23,-23.19,56.1,3.36,220.0,0.0,0.0,0.0,0.85,0.35,0.75,190.8,59268.2,0.826,SYNTHETIC_CLIMATOLOGY,True
WX_GALWAN_COLD_SNAP,Galwan,2026-01-15,15,0,-39.0,60.0,4.08,220.0,0.0,0.0,0.0,0.05,0.5,0.75,89.5,59268.2,0.8818,SYNTHETIC_CLIMATOLOGY,True
WX_GALWAN_COLD_SNAP,Galwan,2026-01-15,15,1,-40.81,63.9,3.72,220.0,0.0,0.0,0.0,0.05,0.5,0.75,85.5,59268.2,0.8887,SYNTHETIC_CLIMATOLOGY,True
WX_GALWAN_COLD_SNAP,Galwan,2026-01-15,15,2,-42.5,67.5,3.6,220.0,0.0,0.0,0.0,0.05,0.5,0.75,81.9,59268.2,0.8952,SYNTHETIC_CLIMATOLOGY,True
WX_GALWAN_COLD_SNAP,Galwan,2026-01-15,15,3,-43.95,70.6,3.72,220.0,0.0,0.0,0.0,0.05,0.5,0.75,78.9,59268.2,0.9008,SYNTHETIC_CLIMATOLOGY,True
WX_GALWAN_COLD_SNAP,Galwan,2026-01-15,15,4,-45.06,73.0,4.08,220.0,0.0,0.0,0.0,0.05,0.5,0.75,76.6,59268.2,0.9052,SYNTHETIC_CLIMATOLOGY,True
WX_GALWAN_COLD_SNAP,Galwan,2026-01-15,15,5,-45.76,74.5,4.65,220.0,0.0,0.0,0.0,0.05,0.5,0.75,75.3,59268.2,0.908,SYNTHETIC_CLIMATOLOGY,True
WX_GALWAN_COLD_SNAP,Galwan,2026-01-15,15,6,-46.0,75.0,5.4,220.0,0.0,0.0,0.0,0.05,0.5,0.75,74.8,59268.2,0.909,SYNTHETIC_CLIMATOLOGY,True
WX_GALWAN_COLD_SNAP,Galwan,2026-01-15,15,7,-45.76,74.5,6.27,220.0,1.0,84.0,0.6,0.05,0.5,0.75,75.3,59268.2,0.908,SYNTHETIC_CLIMATOLOGY,True
WX_GALWAN_COLD_SNAP,Galwan,2026-01-15,15,8,-45.06,73.0,7.2,220.0,132.9,611.8,18.3,0.05,0.5,0.75,76.6,59268.2,0.9052,SYNTHETIC_CLIMATOLOGY,True
WX_GALWAN_COLD_SNAP,Galwan,2026-01-15,15,9,-43.95,70.6,8.13,220.0,296.8,785.1,27.0,0.05,0.5,0.75,78.9,59268.2,0.9008,SYNTHETIC_CLIMATOLOGY,True
WX_GALWAN_COLD_SNAP,Galwan,2026-01-15,15,10,-42.5,67.5,9.0,220.0,430.6,860.6,32.5,0.05,0.5,0.75,81.9,59268.2,0.8952,SYNTHETIC_CLIMATOLOGY,True
WX_GALWAN_COLD_SNAP,Galwan,2026-01-15,15,11,-40.81,63.9,9.75,220.0,515.3,895.1,35.6,0.05,0.5,0.75,85.5,59268.2,0.8887,SYNTHETIC_CLIMATOLOGY,True
WX_GALWAN_COLD_SNAP,Galwan,2026-01-15,15,12,-39.0,60.0,10.32,220.0,541.8,904.5,36.5,0.05,0.5,0.75,89.5,59268.2,0.8818,SYNTHETIC_CLIMATOLOGY,True
WX_GALWAN_COLD_SNAP,Galwan,2026-01-15,15,13,-37.19,56.1,10.68,220.0,507.4,892.2,35.3,0.05,0.5,0.75,93.6,59268.2,0.875,SYNTHETIC_CLIMATOLOGY,True
WX_GALWAN_COLD_SNAP,Galwan,2026-01-15,15,14,-35.5,52.5,10.8,220.0,415.7,853.7,31.9,0.05,0.5,0.75,97.7,59268.2,0.8688,SYNTHETIC_CLIMATOLOGY,True
WX_GALWAN_COLD_SNAP,Galwan,2026-01-15,15,15,-34.05,49.4,10.68,220.0,276.6,770.2,26.1,0.05,0.5,0.75,101.2,59268.2,0.8635,SYNTHETIC_CLIMATOLOGY,True
WX_GALWAN_COLD_SNAP,Galwan,2026-01-15,15,16,-32.94,47.0,10.32,220.0,111.2,573.5,16.8,0.05,0.5,0.75,104.0,59268.2,0.8595,SYNTHETIC_CLIMATOLOGY,True
WX_GALWAN_COLD_SNAP,Galwan,2026-01-15,15,17,-32.24,45.5,9.75,220.0,0.0,0.0,0.0,0.05,0.5,0.75,105.8,59268.2,0.8571,SYNTHETIC_CLIMATOLOGY,True
WX_GALWAN_COLD_SNAP,Galwan,2026-01-15,15,18,-32.0,45.0,9.0,220.0,0.0,0.0,0.0,0.05,0.5,0.75,106.5,59268.2,0.8562,SYNTHETIC_CLIMATOLOGY,True
WX_GALWAN_COLD_SNAP,Galwan,2026-01-15,15,19,-32.24,45.5,8.13,220.0,0.0,0.0,0.0,0.05,0.5,0.75,105.8,59268.2,0.8571,SYNTHETIC_CLIMATOLOGY,True
WX_GALWAN_COLD_SNAP,Galwan,2026-01-15,15,20,-32.94,47.0,7.2,220.0,0.0,0.0,0.0,0.05,0.5,0.75,104.0,59268.2,0.8595,SYNTHETIC_CLIMATOLOGY,True
WX_GALWAN_COLD_SNAP,Galwan,2026-01-15,15,21,-34.05,49.4,6.27,220.0,0.0,0.0,0.0,0.05,0.5,0.75,101.2,59268.2,0.8635,SYNTHETIC_CLIMATOLOGY,True
WX_GALWAN_COLD_SNAP,Galwan,2026-01-15,15,22,-35.5,52.5,5.4,220.0,0.0,0.0,0.0,0.05,0.5,0.75,97.7,59268.2,0.8688,SYNTHETIC_CLIMATOLOGY,True
WX_GALWAN_COLD_SNAP,Galwan,2026-01-15,15,23,-37.19,56.1,4.65,220.0,0.0,0.0,0.0,0.05,0.5,0.75,93.6,59268.2,0.875,SYNTHETIC_CLIMATOLOGY,True
WX_HANLE_NORMAL_WINTER,Hanle,2026-01-15,15,0,-20.0,60.0,1.81,220.0,0.0,0.0,0.0,0.15,0.25,0.75,148.5,57728.3,0.7944,SYNTHETIC_CLIMATOLOGY,True
WX_HANLE_NORMAL_WINTER,Hanle,2026-01-15,15,1,-22.33,63.9,1.65,220.0,0.0,0.0,0.0,0.15,0.25,0.75,140.9,57728.3,0.8018,SYNTHETIC_CLIMATOLOGY,True
WX_HANLE_NORMAL_WINTER,Hanle,2026-01-15,15,2,-24.5,67.5,1.6,220.0,0.0,0.0,0.0,0.15,0.25,0.75,134.0,57728.3,0.8088,SYNTHETIC_CLIMATOLOGY,True
WX_HANLE_NORMAL_WINTER,Hanle,2026-01-15,15,3,-26.36,70.6,1.65,220.0,0.0,0.0,0.0,0.15,0.25,0.75,128.4,57728.3,0.8149,SYNTHETIC_CLIMATOLOGY,True
WX_HANLE_NORMAL_WINTER,Hanle,2026-01-15,15,4,-27.79,73.0,1.81,220.0,0.0,0.0,0.0,0.15,0.25,0.75,124.2,57728.3,0.8197,SYNTHETIC_CLIMATOLOGY,True
WX_HANLE_NORMAL_WINTER,Hanle,2026-01-15,15,5,-28.69,74.5,2.07,220.0,0.0,0.0,0.0,0.15,0.25,0.75,121.6,57728.3,0.8227,SYNTHETIC_CLIMATOLOGY,True
WX_HANLE_NORMAL_WINTER,Hanle,2026-01-15,15,6,-29.0,75.0,2.4,220.0,0.0,0.0,0.0,0.15,0.25,0.75,120.7,57728.3,0.8237,SYNTHETIC_CLIMATOLOGY,True
WX_HANLE_NORMAL_WINTER,Hanle,2026-01-15,15,7,-28.69,74.5,2.79,220.0,8.6,157.5,4.1,0.15,0.25,0.75,121.6,57728.3,0.8227,SYNTHETIC_CLIMATOLOGY,True
WX_HANLE_NORMAL_WINTER,Hanle,2026-01-15,15,8,-27.79,73.0,3.2,220.0,144.0,559.5,23.5,0.15,0.25,0.75,124.2,57728.3,0.8197,SYNTHETIC_CLIMATOLOGY,True
WX_HANLE_NORMAL_WINTER,Hanle,2026-01-15,15,9,-26.36,70.6,3.61,220.0,294.2,688.9,36.8,0.15,0.25,0.75,128.4,57728.3,0.8149,SYNTHETIC_CLIMATOLOGY,True
WX_HANLE_NORMAL_WINTER,Hanle,2026-01-15,15,10,-24.5,67.5,4.0,220.0,414.4,746.6,46.2,0.15,0.25,0.75,134.0,57728.3,0.8088,SYNTHETIC_CLIMATOLOGY,True
WX_HANLE_NORMAL_WINTER,Hanle,2026-01-15,15,11,-22.33,63.9,4.33,220.0,489.1,772.9,51.7,0.15,0.25,0.75,140.9,57728.3,0.8018,SYNTHETIC_CLIMATOLOGY,True
WX_HANLE_NORMAL_WINTER,Hanle,2026-01-15,15,12,-20.0,60.0,4.59,220.0,510.5,779.6,53.3,0.15,0.25,0.75,148.5,57728.3,0.7944,SYNTHETIC_CLIMATOLOGY,True
WX_HANLE_NORMAL_WINTER,Hanle,2026-01-15,15,13,-17.67,56.1,4.75,220.0,476.7,768.9,50.8,0.15,0.25,0.75,156.5,57728.3,0.7872,SYNTHETIC_CLIMATOLOGY,True
WX_HANLE_NORMAL_WINTER,Hanle,2026-01-15,15,14,-15.5,52.5,4.8,220.0,390.9,737.0,44.4,0.15,0.25,0.75,164.2,57728.3,0.7806,SYNTHETIC_CLIMATOLOGY,True
WX_HANLE_NORMAL_WINTER,Hanle,2026-01-15,15,15,-13.64,49.4,4.75,220.0,262.1,668.6,34.2,0.15,0.25,0.75,171.2,57728.3,0.7749,SYNTHETIC_CLIMATOLOGY,True
WX_HANLE_NORMAL_WINTER,Hanle,2026-01-15,15,16,-12.21,47.0,4.59,220.0,108.9,507.9,19.9,0.15,0.25,0.75,176.6,57728.3,0.7707,SYNTHETIC_CLIMATOLOGY,True
WX_HANLE_NORMAL_WINTER,Hanle,2026-01-15,15,17,-11.31,45.5,4.33,220.0,0.0,0.0,0.0,0.15,0.25,0.75,180.1,57728.3,0.7681,SYNTHETIC_CLIMATOLOGY,True
WX_HANLE_NORMAL_WINTER,Hanle,2026-01-15,15,18,-11.0,45.0,4.0,220.0,0.0,0.0,0.0,0.15,0.25,0.75,181.3,57728.3,0.7672,SYNTHETIC_CLIMATOLOGY,True
WX_HANLE_NORMAL_WINTER,Hanle,2026-01-15,15,19,-11.31,45.5,3.61,220.0,0.0,0.0,0.0,0.15,0.25,0.75,180.1,57728.3,0.7681,SYNTHETIC_CLIMATOLOGY,True
WX_HANLE_NORMAL_WINTER,Hanle,2026-01-15,15,20,-12.21,47.0,3.2,220.0,0.0,0.0,0.0,0.15,0.25,0.75,176.6,57728.3,0.7707,SYNTHETIC_CLIMATOLOGY,True
WX_HANLE_NORMAL_WINTER,Hanle,2026-01-15,15,21,-13.64,49.4,2.79,220.0,0.0,0.0,0.0,0.15,0.25,0.75,171.2,57728.3,0.7749,SYNTHETIC_CLIMATOLOGY,True
WX_HANLE_NORMAL_WINTER,Hanle,2026-01-15,15,22,-15.5,52.5,2.4,220.0,0.0,0.0,0.0,0.15,0.25,0.75,164.2,57728.3,0.7806,SYNTHETIC_CLIMATOLOGY,True
WX_HANLE_NORMAL_WINTER,Hanle,2026-01-15,15,23,-17.67,56.1,2.07,220.0,0.0,0.0,0.0,0.15,0.25,0.75,156.5,57728.3,0.7872,SYNTHETIC_CLIMATOLOGY,True
WX_HANLE_COLD_WINTER,Hanle,2026-01-15,15,0,-26.0,60.0,2.18,220.0,0.0,0.0,0.0,0.1,0.4,0.75,126.2,57728.3,0.8137,SYNTHETIC_CLIMATOLOGY,True
WX_HANLE_COLD_WINTER,Hanle,2026-01-15,15,1,-28.33,63.9,1.99,220.0,0.0,0.0,0.0,0.1,0.4,0.75,119.5,57728.3,0.8215,SYNTHETIC_CLIMATOLOGY,True
WX_HANLE_COLD_WINTER,Hanle,2026-01-15,15,2,-30.5,67.5,1.92,220.0,0.0,0.0,0.0,0.1,0.4,0.75,113.5,57728.3,0.8288,SYNTHETIC_CLIMATOLOGY,True
WX_HANLE_COLD_WINTER,Hanle,2026-01-15,15,3,-32.36,70.6,1.99,220.0,0.0,0.0,0.0,0.1,0.4,0.75,108.5,57728.3,0.8352,SYNTHETIC_CLIMATOLOGY,True
WX_HANLE_COLD_WINTER,Hanle,2026-01-15,15,4,-33.79,73.0,2.18,220.0,0.0,0.0,0.0,0.1,0.4,0.75,104.8,57728.3,0.8402,SYNTHETIC_CLIMATOLOGY,True
WX_HANLE_COLD_WINTER,Hanle,2026-01-15,15,5,-34.69,74.5,2.48,220.0,0.0,0.0,0.0,0.1,0.4,0.75,102.5,57728.3,0.8434,SYNTHETIC_CLIMATOLOGY,True
WX_HANLE_COLD_WINTER,Hanle,2026-01-15,15,6,-35.0,75.0,2.88,220.0,0.0,0.0,0.0,0.1,0.4,0.75,101.8,57728.3,0.8445,SYNTHETIC_CLIMATOLOGY,True
WX_HANLE_COLD_WINTER,Hanle,2026-01-15,15,7,-34.69,74.5,3.34,220.0,9.1,171.6,4.1,0.1,0.4,0.75,102.5,57728.3,0.8434,SYNTHETIC_CLIMATOLOGY,True
WX_HANLE_COLD_WINTER,Hanle,2026-01-15,15,8,-33.79,73.0,3.84,220.0,152.9,609.5,21.7,0.1,0.4,0.75,104.8,57728.3,0.8402,SYNTHETIC_CLIMATOLOGY,True
WX_HANLE_COLD_WINTER,Hanle,2026-01-15,15,9,-32.36,70.6,4.34,220.0,312.9,750.6,32.5,0.1,0.4,0.75,108.5,57728.3,0.8352,SYNTHETIC_CLIMATOLOGY,True
WX_HANLE_COLD_WINTER,Hanle,2026-01-15,15,10,-30.5,67.5,4.8,220.0,441.0,813.4,39.8,0.1,0.4,0.75,113.5,57728.3,0.8288,SYNTHETIC_CLIMATOLOGY,True
WX_HANLE_COLD_WINTER,Hanle,2026-01-15,15,11,-28.33,63.9,5.2,220.0,520.6,842.1,44.1,0.1,0.4,0.75,119.5,57728.3,0.8215,SYNTHETIC_CLIMATOLOGY,True
WX_HANLE_COLD_WINTER,Hanle,2026-01-15,15,12,-26.0,60.0,5.5,220.0,543.5,849.4,45.3,0.1,0.4,0.75,126.2,57728.3,0.8137,SYNTHETIC_CLIMATOLOGY,True
WX_HANLE_COLD_WINTER,Hanle,2026-01-15,15,13,-23.67,56.1,5.69,220.0,507.4,837.8,43.4,0.1,0.4,0.75,133.3,57728.3,0.8061,SYNTHETIC_CLIMATOLOGY,True
WX_HANLE_COLD_WINTER,Hanle,2026-01-15,15,14,-21.5,52.5,5.76,220.0,416.0,803.0,38.5,0.1,0.4,0.75,140.2,57728.3,0.7992,SYNTHETIC_CLIMATOLOGY,True
WX_HANLE_COLD_WINTER,Hanle,2026-01-15,15,15,-19.64,49.4,5.69,220.0,278.8,728.5,30.4,0.1,0.4,0.75,146.3,57728.3,0.7933,SYNTHETIC_CLIMATOLOGY,True
WX_HANLE_COLD_WINTER,Hanle,2026-01-15,15,16,-18.21,47.0,5.5,220.0,115.6,553.4,18.6,0.1,0.4,0.75,151.2,57728.3,0.7888,SYNTHETIC_CLIMATOLOGY,True
WX_HANLE_COLD_WINTER,Hanle,2026-01-15,15,17,-17.31,45.5,5.2,220.0,0.0,0.0,0.0,0.1,0.4,0.75,154.3,57728.3,0.7861,SYNTHETIC_CLIMATOLOGY,True
WX_HANLE_COLD_WINTER,Hanle,2026-01-15,15,18,-17.0,45.0,4.8,220.0,0.0,0.0,0.0,0.1,0.4,0.75,155.4,57728.3,0.7851,SYNTHETIC_CLIMATOLOGY,True
WX_HANLE_COLD_WINTER,Hanle,2026-01-15,15,19,-17.31,45.5,4.34,220.0,0.0,0.0,0.0,0.1,0.4,0.75,154.3,57728.3,0.7861,SYNTHETIC_CLIMATOLOGY,True
WX_HANLE_COLD_WINTER,Hanle,2026-01-15,15,20,-18.21,47.0,3.84,220.0,0.0,0.0,0.0,0.1,0.4,0.75,151.2,57728.3,0.7888,SYNTHETIC_CLIMATOLOGY,True
WX_HANLE_COLD_WINTER,Hanle,2026-01-15,15,21,-19.64,49.4,3.34,220.0,0.0,0.0,0.0,0.1,0.4,0.75,146.3,57728.3,0.7933,SYNTHETIC_CLIMATOLOGY,True
WX_HANLE_COLD_WINTER,Hanle,2026-01-15,15,22,-21.5,52.5,2.88,220.0,0.0,0.0,0.0,0.1,0.4,0.75,140.2,57728.3,0.7992,SYNTHETIC_CLIMATOLOGY,True
WX_HANLE_COLD_WINTER,Hanle,2026-01-15,15,23,-23.67,56.1,2.48,220.0,0.0,0.0,0.0,0.1,0.4,0.75,133.3,57728.3,0.8061,SYNTHETIC_CLIMATOLOGY,True
WX_HANLE_EXTREME_WINTER,Hanle,2026-01-15,15,0,-32.0,60.0,2.72,220.0,0.0,0.0,0.0,0.05,0.6,0.75,106.5,57728.3,0.834,SYNTHETIC_CLIMATOLOGY,True
WX_HANLE_EXTREME_WINTER,Hanle,2026-01-15,15,1,-34.33,63.9,2.48,220.0,0.0,0.0,0.0,0.05,0.6,0.75,100.5,57728.3,0.8421,SYNTHETIC_CLIMATOLOGY,True
WX_HANLE_EXTREME_WINTER,Hanle,2026-01-15,15,2,-36.5,67.5,2.4,220.0,0.0,0.0,0.0,0.05,0.6,0.75,95.3,57728.3,0.8498,SYNTHETIC_CLIMATOLOGY,True
WX_HANLE_EXTREME_WINTER,Hanle,2026-01-15,15,3,-38.36,70.6,2.48,220.0,0.0,0.0,0.0,0.05,0.6,0.75,90.9,57728.3,0.8566,SYNTHETIC_CLIMATOLOGY,True
WX_HANLE_EXTREME_WINTER,Hanle,2026-01-15,15,4,-39.79,73.0,2.72,220.0,0.0,0.0,0.0,0.05,0.6,0.75,87.7,57728.3,0.8618,SYNTHETIC_CLIMATOLOGY,True
WX_HANLE_EXTREME_WINTER,Hanle,2026-01-15,15,5,-40.69,74.5,3.1,220.0,0.0,0.0,0.0,0.05,0.6,0.75,85.7,57728.3,0.8651,SYNTHETIC_CLIMATOLOGY,True
WX_HANLE_EXTREME_WINTER,Hanle,2026-01-15,15,6,-41.0,75.0,3.6,220.0,0.0,0.0,0.0,0.05,0.6,0.75,85.1,57728.3,0.8663,SYNTHETIC_CLIMATOLOGY,True
WX_HANLE_EXTREME_WINTER,Hanle,2026-01-15,15,7,-40.69,74.5,4.18,220.0,9.5,186.0,4.2,0.05,0.6,0.75,85.7,57728.3,0.8651,SYNTHETIC_CLIMATOLOGY,True
WX_HANLE_EXTREME_WINTER,Hanle,2026-01-15,15,8,-39.79,73.0,4.8,220.0,162.1,661.0,19.8,0.05,0.6,0.75,87.7,57728.3,0.8618,SYNTHETIC_CLIMATOLOGY,True
WX_HANLE_EXTREME_WINTER,Hanle,2026-01-15,15,9,-38.36,70.6,5.42,220.0,332.3,814.0,28.2,0.05,0.6,0.75,90.9,57728.3,0.8566,SYNTHETIC_CLIMATOLOGY,True
WX_HANLE_EXTREME_WINTER,Hanle,2026-01-15,15,10,-36.5,67.5,6.0,220.0,468.6,882.1,33.5,0.05,0.6,0.75,95.3,57728.3,0.8498,SYNTHETIC_CLIMATOLOGY,True
WX_HANLE_EXTREME_WINTER,Hanle,2026-01-15,15,11,-34.33,63.9,6.5,220.0,553.2,913.3,36.5,0.05,0.6,0.75,100.5,57728.3,0.8421,SYNTHETIC_CLIMATOLOGY,True
WX_HANLE_EXTREME_WINTER,Hanle,2026-01-15,15,12,-32.0,60.0,6.88,220.0,577.6,921.1,37.3,0.05,0.6,0.75,106.5,57728.3,0.834,SYNTHETIC_CLIMATOLOGY,True
WX_HANLE_EXTREME_WINTER,Hanle,2026-01-15,15,13,-29.67,56.1,7.12,220.0,539.2,908.5,36.0,0.05,0.6,0.75,112.7,57728.3,0.826,SYNTHETIC_CLIMATOLOGY,True
WX_HANLE_EXTREME_WINTER,Hanle,2026-01-15,15,14,-27.5,52.5,7.2,220.0,441.9,870.8,32.5,0.05,0.6,0.75,118.7,57728.3,0.8187,SYNTHETIC_CLIMATOLOGY,True
WX_HANLE_EXTREME_WINTER,Hanle,2026-01-15,15,15,-25.64,49.4,7.12,220.0,296.0,790.0,26.6,0.05,0.6,0.75,124.2,57728.3,0.8125,SYNTHETIC_CLIMATOLOGY,True
WX_HANLE_EXTREME_WINTER,Hanle,2026-01-15,15,16,-24.21,47.0,6.88,220.0,122.4,600.2,17.3,0.05,0.6,0.75,128.5,57728.3,0.8078,SYNTHETIC_CLIMATOLOGY,True
WX_HANLE_EXTREME_WINTER,Hanle,2026-01-15,15,17,-23.31,45.5,6.5,220.0,0.0,0.0,0.0,0.05,0.6,0.75,131.2,57728.3,0.8049,SYNTHETIC_CLIMATOLOGY,True
WX_HANLE_EXTREME_WINTER,Hanle,2026-01-15,15,18,-23.0,45.0,6.0,220.0,0.0,0.0,0.0,0.05,0.6,0.75,132.2,57728.3,0.804,SYNTHETIC_CLIMATOLOGY,True
WX_HANLE_EXTREME_WINTER,Hanle,2026-01-15,15,19,-23.31,45.5,5.42,220.0,0.0,0.0,0.0,0.05,0.6,0.75,131.2,57728.3,0.8049,SYNTHETIC_CLIMATOLOGY,True
WX_HANLE_EXTREME_WINTER,Hanle,2026-01-15,15,20,-24.21,47.0,4.8,220.0,0.0,0.0,0.0,0.05,0.6,0.75,128.5,57728.3,0.8078,SYNTHETIC_CLIMATOLOGY,True
WX_HANLE_EXTREME_WINTER,Hanle,2026-01-15,15,21,-25.64,49.4,4.18,220.0,0.0,0.0,0.0,0.05,0.6,0.75,124.2,57728.3,0.8125,SYNTHETIC_CLIMATOLOGY,True
WX_HANLE_EXTREME_WINTER,Hanle,2026-01-15,15,22,-27.5,52.5,3.6,220.0,0.0,0.0,0.0,0.05,0.6,0.75,118.7,57728.3,0.8187,SYNTHETIC_CLIMATOLOGY,True
WX_HANLE_EXTREME_WINTER,Hanle,2026-01-15,15,23,-29.67,56.1,3.1,220.0,0.0,0.0,0.0,0.05,0.6,0.75,112.7,57728.3,0.826,SYNTHETIC_CLIMATOLOGY,True
WX_HANLE_CLEAR_SKY_NIGHT,Hanle,2026-01-15,15,0,-24.0,60.0,1.45,220.0,0.0,0.0,0.0,0.0,0.3,0.75,125.9,57728.3,0.8072,SYNTHETIC_CLIMATOLOGY,True
WX_HANLE_CLEAR_SKY_NIGHT,Hanle,2026-01-15,15,1,-26.33,63.9,1.32,220.0,0.0,0.0,0.0,0.0,0.3,0.75,119.0,57728.3,0.8148,SYNTHETIC_CLIMATOLOGY,True
WX_HANLE_CLEAR_SKY_NIGHT,Hanle,2026-01-15,15,2,-28.5,67.5,1.28,220.0,0.0,0.0,0.0,0.0,0.3,0.75,112.9,57728.3,0.822,SYNTHETIC_CLIMATOLOGY,True
WX_HANLE_CLEAR_SKY_NIGHT,Hanle,2026-01-15,15,3,-30.36,70.6,1.32,220.0,0.0,0.0,0.0,0.0,0.3,0.75,107.8,57728.3,0.8283,SYNTHETIC_CLIMATOLOGY,True
WX_HANLE_CLEAR_SKY_NIGHT,Hanle,2026-01-15,15,4,-31.79,73.0,1.45,220.0,0.0,0.0,0.0,0.0,0.3,0.75,104.1,57728.3,0.8332,SYNTHETIC_CLIMATOLOGY,True
WX_HANLE_CLEAR_SKY_NIGHT,Hanle,2026-01-15,15,5,-32.69,74.5,1.65,220.0,0.0,0.0,0.0,0.0,0.3,0.75,101.8,57728.3,0.8364,SYNTHETIC_CLIMATOLOGY,True
WX_HANLE_CLEAR_SKY_NIGHT,Hanle,2026-01-15,15,6,-33.0,75.0,1.92,220.0,0.0,0.0,0.0,0.0,0.3,0.75,101.0,57728.3,0.8374,SYNTHETIC_CLIMATOLOGY,True
WX_HANLE_CLEAR_SKY_NIGHT,Hanle,2026-01-15,15,7,-32.69,74.5,2.23,220.0,9.9,200.9,4.2,0.0,0.3,0.75,101.8,57728.3,0.8364,SYNTHETIC_CLIMATOLOGY,True
WX_HANLE_CLEAR_SKY_NIGHT,Hanle,2026-01-15,15,8,-31.79,73.0,2.56,220.0,171.6,713.9,18.0,0.0,0.3,0.75,104.1,57728.3,0.8332,SYNTHETIC_CLIMATOLOGY,True
WX_HANLE_CLEAR_SKY_NIGHT,Hanle,2026-01-15,15,9,-30.36,70.6,2.89,220.0,352.3,879.1,23.8,0.0,0.3,0.75,107.8,57728.3,0.8283,SYNTHETIC_CLIMATOLOGY,True
WX_HANLE_CLEAR_SKY_NIGHT,Hanle,2026-01-15,15,10,-28.5,67.5,3.2,220.0,497.0,952.7,27.1,0.0,0.3,0.75,112.9,57728.3,0.822,SYNTHETIC_CLIMATOLOGY,True
WX_HANLE_CLEAR_SKY_NIGHT,Hanle,2026-01-15,15,11,-26.33,63.9,3.47,220.0,586.9,986.3,28.8,0.0,0.3,0.75,119.0,57728.3,0.8148,SYNTHETIC_CLIMATOLOGY,True
WX_HANLE_CLEAR_SKY_NIGHT,Hanle,2026-01-15,15,12,-24.0,60.0,3.67,220.0,612.7,994.8,29.3,0.0,0.3,0.75,125.9,57728.3,0.8072,SYNTHETIC_CLIMATOLOGY,True
WX_HANLE_CLEAR_SKY_NIGHT,Hanle,2026-01-15,15,13,-21.67,56.1,3.8,220.0,572.0,981.2,28.5,0.0,0.3,0.75,133.2,57728.3,0.7997,SYNTHETIC_CLIMATOLOGY,True
WX_HANLE_CLEAR_SKY_NIGHT,Hanle,2026-01-15,15,14,-19.5,52.5,3.84,220.0,468.7,940.5,26.5,0.0,0.3,0.75,140.2,57728.3,0.7929,SYNTHETIC_CLIMATOLOGY,True
WX_HANLE_CLEAR_SKY_NIGHT,Hanle,2026-01-15,15,15,-17.64,49.4,3.8,220.0,313.7,853.2,22.8,0.0,0.3,0.75,146.5,57728.3,0.7871,SYNTHETIC_CLIMATOLOGY,True
WX_HANLE_CLEAR_SKY_NIGHT,Hanle,2026-01-15,15,16,-16.21,47.0,3.67,220.0,129.6,648.2,16.0,0.0,0.3,0.75,151.5,57728.3,0.7827,SYNTHETIC_CLIMATOLOGY,True
WX_HANLE_CLEAR_SKY_NIGHT,Hanle,2026-01-15,15,17,-15.31,45.5,3.47,220.0,0.0,0.0,0.0,0.0,0.3,0.75,154.7,57728.3,0.78,SYNTHETIC_CLIMATOLOGY,True
WX_HANLE_CLEAR_SKY_NIGHT,Hanle,2026-01-15,15,18,-15.0,45.0,3.2,220.0,0.0,0.0,0.0,0.0,0.3,0.75,155.8,57728.3,0.779,SYNTHETIC_CLIMATOLOGY,True
WX_HANLE_CLEAR_SKY_NIGHT,Hanle,2026-01-15,15,19,-15.31,45.5,2.89,220.0,0.0,0.0,0.0,0.0,0.3,0.75,154.7,57728.3,0.78,SYNTHETIC_CLIMATOLOGY,True
WX_HANLE_CLEAR_SKY_NIGHT,Hanle,2026-01-15,15,20,-16.21,47.0,2.56,220.0,0.0,0.0,0.0,0.0,0.3,0.75,151.5,57728.3,0.7827,SYNTHETIC_CLIMATOLOGY,True
WX_HANLE_CLEAR_SKY_NIGHT,Hanle,2026-01-15,15,21,-17.64,49.4,2.23,220.0,0.0,0.0,0.0,0.0,0.3,0.75,146.5,57728.3,0.7871,SYNTHETIC_CLIMATOLOGY,True
WX_HANLE_CLEAR_SKY_NIGHT,Hanle,2026-01-15,15,22,-19.5,52.5,1.92,220.0,0.0,0.0,0.0,0.0,0.3,0.75,140.2,57728.3,0.7929,SYNTHETIC_CLIMATOLOGY,True
WX_HANLE_CLEAR_SKY_NIGHT,Hanle,2026-01-15,15,23,-21.67,56.1,1.65,220.0,0.0,0.0,0.0,0.0,0.3,0.75,133.2,57728.3,0.7997,SYNTHETIC_CLIMATOLOGY,True
WX_HANLE_SNOW_COVER,Hanle,2026-01-15,15,0,-22.0,60.0,2.0,220.0,0.0,0.0,0.0,0.2,0.8,0.75,145.3,57728.3,0.8008,SYNTHETIC_CLIMATOLOGY,True
WX_HANLE_SNOW_COVER,Hanle,2026-01-15,15,1,-24.33,63.9,1.82,220.0,0.0,0.0,0.0,0.2,0.8,0.75,137.9,57728.3,0.8082,SYNTHETIC_CLIMATOLOGY,True
WX_HANLE_SNOW_COVER,Hanle,2026-01-15,15,2,-26.5,67.5,1.76,220.0,0.0,0.0,0.0,0.2,0.8,0.75,131.2,57728.3,0.8154,SYNTHETIC_CLIMATOLOGY,True
WX_HANLE_SNOW_COVER,Hanle,2026-01-15,15,3,-28.36,70.6,1.82,220.0,0.0,0.0,0.0,0.2,0.8,0.75,125.8,57728.3,0.8216,SYNTHETIC_CLIMATOLOGY,True
WX_HANLE_SNOW_COVER,Hanle,2026-01-15,15,4,-29.79,73.0,2.0,220.0,0.0,0.0,0.0,0.2,0.8,0.75,121.7,57728.3,0.8264,SYNTHETIC_CLIMATOLOGY,True
WX_HANLE_SNOW_COVER,Hanle,2026-01-15,15,5,-30.69,74.5,2.28,220.0,0.0,0.0,0.0,0.2,0.8,0.75,119.2,57728.3,0.8295,SYNTHETIC_CLIMATOLOGY,True
WX_HANLE_SNOW_COVER,Hanle,2026-01-15,15,6,-31.0,75.0,2.64,220.0,0.0,0.0,0.0,0.2,0.8,0.75,118.3,57728.3,0.8305,SYNTHETIC_CLIMATOLOGY,True
WX_HANLE_SNOW_COVER,Hanle,2026-01-15,15,7,-30.69,74.5,3.06,220.0,8.2,143.8,4.1,0.2,0.8,0.75,119.2,57728.3,0.8295,SYNTHETIC_CLIMATOLOGY,True
WX_HANLE_SNOW_COVER,Hanle,2026-01-15,15,8,-29.79,73.0,3.52,220.0,135.3,510.8,25.4,0.2,0.8,0.75,121.7,57728.3,0.8264,SYNTHETIC_CLIMATOLOGY,True
WX_HANLE_SNOW_COVER,Hanle,2026-01-15,15,9,-28.36,70.6,3.98,220.0,276.1,629.0,41.1,0.2,0.8,0.75,125.8,57728.3,0.8216,SYNTHETIC_CLIMATOLOGY,True
WX_HANLE_SNOW_COVER,Hanle,2026-01-15,15,10,-26.5,67.5,4.4,220.0,388.7,681.7,52.5,0.2,0.8,0.75,131.2,57728.3,0.8154,SYNTHETIC_CLIMATOLOGY,True
WX_HANLE_SNOW_COVER,Hanle,2026-01-15,15,11,-24.33,63.9,4.76,220.0,458.7,705.7,59.3,0.2,0.8,0.75,137.9,57728.3,0.8082,SYNTHETIC_CLIMATOLOGY,True
WX_HANLE_SNOW_COVER,Hanle,2026-01-15,15,12,-22.0,60.0,5.04,220.0,478.7,711.8,61.2,0.2,0.8,0.75,145.3,57728.3,0.8008,SYNTHETIC_CLIMATOLOGY,True
WX_HANLE_SNOW_COVER,Hanle,2026-01-15,15,13,-19.67,56.1,5.22,220.0,447.1,702.1,58.2,0.2,0.8,0.75,153.0,57728.3,0.7934,SYNTHETIC_CLIMATOLOGY,True
WX_HANLE_SNOW_COVER,Hanle,2026-01-15,15,14,-17.5,52.5,5.28,220.0,366.7,672.9,50.3,0.2,0.8,0.75,160.6,57728.3,0.7867,SYNTHETIC_CLIMATOLOGY,True
WX_HANLE_SNOW_COVER,Hanle,2026-01-15,15,15,-15.64,49.4,5.22,220.0,246.1,610.5,37.9,0.2,0.8,0.75,167.3,57728.3,0.781,SYNTHETIC_CLIMATOLOGY,True
WX_HANLE_SNOW_COVER,Hanle,2026-01-15,15,16,-14.21,47.0,5.04,220.0,102.4,463.8,21.2,0.2,0.8,0.75,172.6,57728.3,0.7766,SYNTHETIC_CLIMATOLOGY,True
WX_HANLE_SNOW_COVER,Hanle,2026-01-15,15,17,-13.31,45.5,4.76,220.0,0.0,0.0,0.0,0.2,0.8,0.75,176.0,57728.3,0.774,SYNTHETIC_CLIMATOLOGY,True
WX_HANLE_SNOW_COVER,Hanle,2026-01-15,15,18,-13.0,45.0,4.4,220.0,0.0,0.0,0.0,0.2,0.8,0.75,177.1,57728.3,0.773,SYNTHETIC_CLIMATOLOGY,True
WX_HANLE_SNOW_COVER,Hanle,2026-01-15,15,19,-13.31,45.5,3.98,220.0,0.0,0.0,0.0,0.2,0.8,0.75,176.0,57728.3,0.774,SYNTHETIC_CLIMATOLOGY,True
WX_HANLE_SNOW_COVER,Hanle,2026-01-15,15,20,-14.21,47.0,3.52,220.0,0.0,0.0,0.0,0.2,0.8,0.75,172.6,57728.3,0.7766,SYNTHETIC_CLIMATOLOGY,True
WX_HANLE_SNOW_COVER,Hanle,2026-01-15,15,21,-15.64,49.4,3.06,220.0,0.0,0.0,0.0,0.2,0.8,0.75,167.3,57728.3,0.781,SYNTHETIC_CLIMATOLOGY,True
WX_HANLE_SNOW_COVER,Hanle,2026-01-15,15,22,-17.5,52.5,2.64,220.0,0.0,0.0,0.0,0.2,0.8,0.75,160.6,57728.3,0.7867,SYNTHETIC_CLIMATOLOGY,True
WX_HANLE_SNOW_COVER,Hanle,2026-01-15,15,23,-19.67,56.1,2.28,220.0,0.0,0.0,0.0,0.2,0.8,0.75,153.0,57728.3,0.7934,SYNTHETIC_CLIMATOLOGY,True
WX_HANLE_HIGH_SOLAR_DAY,Hanle,2026-01-15,15,0,-18.0,60.0,1.63,220.0,0.0,0.0,0.0,0.0,0.2,0.75,145.3,57728.3,0.7882,SYNTHETIC_CLIMATOLOGY,True
WX_HANLE_HIGH_SOLAR_DAY,Hanle,2026-01-15,15,1,-20.33,63.9,1.49,220.0,0.0,0.0,0.0,0.0,0.2,0.75,137.5,57728.3,0.7955,SYNTHETIC_CLIMATOLOGY,True
WX_HANLE_HIGH_SOLAR_DAY,Hanle,2026-01-15,15,2,-22.5,67.5,1.44,220.0,0.0,0.0,0.0,0.0,0.2,0.75,130.5,57728.3,0.8023,SYNTHETIC_CLIMATOLOGY,True
WX_HANLE_HIGH_SOLAR_DAY,Hanle,2026-01-15,15,3,-24.36,70.6,1.49,220.0,0.0,0.0,0.0,0.0,0.2,0.75,124.8,57728.3,0.8084,SYNTHETIC_CLIMATOLOGY,True
WX_HANLE_HIGH_SOLAR_DAY,Hanle,2026-01-15,15,4,-25.79,73.0,1.63,220.0,0.0,0.0,0.0,0.0,0.2,0.75,120.6,57728.3,0.813,SYNTHETIC_CLIMATOLOGY,True
WX_HANLE_HIGH_SOLAR_DAY,Hanle,2026-01-15,15,5,-26.69,74.5,1.86,220.0,0.0,0.0,0.0,0.0,0.2,0.75,118.0,57728.3,0.816,SYNTHETIC_CLIMATOLOGY,True
WX_HANLE_HIGH_SOLAR_DAY,Hanle,2026-01-15,15,6,-27.0,75.0,2.16,220.0,0.0,0.0,0.0,0.0,0.2,0.75,117.1,57728.3,0.817,SYNTHETIC_CLIMATOLOGY,True
WX_HANLE_HIGH_SOLAR_DAY,Hanle,2026-01-15,15,7,-26.69,74.5,2.51,220.0,9.9,200.9,4.2,0.0,0.2,0.75,118.0,57728.3,0.816,SYNTHETIC_CLIMATOLOGY,True
WX_HANLE_HIGH_SOLAR_DAY,Hanle,2026-01-15,15,8,-25.79,73.0,2.88,220.0,171.6,713.9,18.0,0.0,0.2,0.75,120.6,57728.3,0.813,SYNTHETIC_CLIMATOLOGY,True
WX_HANLE_HIGH_SOLAR_DAY,Hanle,2026-01-15,15,9,-24.36,70.6,3.25,220.0,352.3,879.1,23.8,0.0,0.2,0.75,124.8,57728.3,0.8084,SYNTHETIC_CLIMATOLOGY,True
WX_HANLE_HIGH_SOLAR_DAY,Hanle,2026-01-15,15,10,-22.5,67.5,3.6,220.0,497.0,952.7,27.1,0.0,0.2,0.75,130.5,57728.3,0.8023,SYNTHETIC_CLIMATOLOGY,True
WX_HANLE_HIGH_SOLAR_DAY,Hanle,2026-01-15,15,11,-20.33,63.9,3.9,220.0,586.9,986.3,28.8,0.0,0.2,0.75,137.5,57728.3,0.7955,SYNTHETIC_CLIMATOLOGY,True
WX_HANLE_HIGH_SOLAR_DAY,Hanle,2026-01-15,15,12,-18.0,60.0,4.13,220.0,612.7,994.8,29.3,0.0,0.2,0.75,145.3,57728.3,0.7882,SYNTHETIC_CLIMATOLOGY,True
WX_HANLE_HIGH_SOLAR_DAY,Hanle,2026-01-15,15,13,-15.67,56.1,4.27,220.0,572.0,981.2,28.5,0.0,0.2,0.75,153.4,57728.3,0.7811,SYNTHETIC_CLIMATOLOGY,True
WX_HANLE_HIGH_SOLAR_DAY,Hanle,2026-01-15,15,14,-13.5,52.5,4.32,220.0,468.7,940.5,26.5,0.0,0.2,0.75,161.3,57728.3,0.7745,SYNTHETIC_CLIMATOLOGY,True
WX_HANLE_HIGH_SOLAR_DAY,Hanle,2026-01-15,15,15,-11.64,49.4,4.27,220.0,313.7,853.2,22.8,0.0,0.2,0.75,168.4,57728.3,0.769,SYNTHETIC_CLIMATOLOGY,True
WX_HANLE_HIGH_SOLAR_DAY,Hanle,2026-01-15,15,16,-10.21,47.0,4.13,220.0,129.6,648.2,16.0,0.0,0.2,0.75,174.0,57728.3,0.7648,SYNTHETIC_CLIMATOLOGY,True
WX_HANLE_HIGH_SOLAR_DAY,Hanle,2026-01-15,15,17,-9.31,45.5,3.9,220.0,0.0,0.0,0.0,0.0,0.2,0.75,177.6,57728.3,0.7622,SYNTHETIC_CLIMATOLOGY,True
WX_HANLE_HIGH_SOLAR_DAY,Hanle,2026-01-15,15,18,-9.0,45.0,3.6,220.0,0.0,0.0,0.0,0.0,0.2,0.75,178.8,57728.3,0.7613,SYNTHETIC_CLIMATOLOGY,True
WX_HANLE_HIGH_SOLAR_DAY,Hanle,2026-01-15,15,19,-9.31,45.5,3.25,220.0,0.0,0.0,0.0,0.0,0.2,0.75,177.6,57728.3,0.7622,SYNTHETIC_CLIMATOLOGY,True
WX_HANLE_HIGH_SOLAR_DAY,Hanle,2026-01-15,15,20,-10.21,47.0,2.88,220.0,0.0,0.0,0.0,0.0,0.2,0.75,174.0,57728.3,0.7648,SYNTHETIC_CLIMATOLOGY,True
WX_HANLE_HIGH_SOLAR_DAY,Hanle,2026-01-15,15,21,-11.64,49.4,2.51,220.0,0.0,0.0,0.0,0.0,0.2,0.75,168.4,57728.3,0.769,SYNTHETIC_CLIMATOLOGY,True
WX_HANLE_HIGH_SOLAR_DAY,Hanle,2026-01-15,15,22,-13.5,52.5,2.16,220.0,0.0,0.0,0.0,0.0,0.2,0.75,161.3,57728.3,0.7745,SYNTHETIC_CLIMATOLOGY,True
WX_HANLE_HIGH_SOLAR_DAY,Hanle,2026-01-15,15,23,-15.67,56.1,1.86,220.0,0.0,0.0,0.0,0.0,0.2,0.75,153.4,57728.3,0.7811,SYNTHETIC_CLIMATOLOGY,True
WX_HANLE_CLOUDY_DAY,Hanle,2026-01-15,15,0,-21.0,60.0,2.36,220.0,0.0,0.0,0.0,0.85,0.35,0.75,198.5,57728.3,0.7976,SYNTHETIC_CLIMATOLOGY,True
WX_HANLE_CLOUDY_DAY,Hanle,2026-01-15,15,1,-23.33,63.9,2.15,220.0,0.0,0.0,0.0,0.85,0.35,0.75,190.4,57728.3,0.805,SYNTHETIC_CLIMATOLOGY,True
WX_HANLE_CLOUDY_DAY,Hanle,2026-01-15,15,2,-25.5,67.5,2.08,220.0,0.0,0.0,0.0,0.85,0.35,0.75,183.0,57728.3,0.8121,SYNTHETIC_CLIMATOLOGY,True
WX_HANLE_CLOUDY_DAY,Hanle,2026-01-15,15,3,-27.36,70.6,2.15,220.0,0.0,0.0,0.0,0.85,0.35,0.75,176.9,57728.3,0.8182,SYNTHETIC_CLIMATOLOGY,True
WX_HANLE_CLOUDY_DAY,Hanle,2026-01-15,15,4,-28.79,73.0,2.36,220.0,0.0,0.0,0.0,0.85,0.35,0.75,172.3,57728.3,0.823,SYNTHETIC_CLIMATOLOGY,True
WX_HANLE_CLOUDY_DAY,Hanle,2026-01-15,15,5,-29.69,74.5,2.69,220.0,0.0,0.0,0.0,0.85,0.35,0.75,169.4,57728.3,0.8261,SYNTHETIC_CLIMATOLOGY,True
WX_HANLE_CLOUDY_DAY,Hanle,2026-01-15,15,6,-30.0,75.0,3.12,220.0,0.0,0.0,0.0,0.85,0.35,0.75,168.5,57728.3,0.8271,SYNTHETIC_CLIMATOLOGY,True
WX_HANLE_CLOUDY_DAY,Hanle,2026-01-15,15,7,-29.69,74.5,3.62,220.0,3.6,11.7,3.2,0.85,0.35,0.75,169.4,57728.3,0.8261,SYNTHETIC_CLIMATOLOGY,True
WX_HANLE_CLOUDY_DAY,Hanle,2026-01-15,15,8,-28.79,73.0,4.16,220.0,41.5,41.5,32.6,0.85,0.35,0.75,172.3,57728.3,0.823,SYNTHETIC_CLIMATOLOGY,True
WX_HANLE_CLOUDY_DAY,Hanle,2026-01-15,15,9,-27.36,70.6,4.7,220.0,80.4,51.1,61.3,0.85,0.35,0.75,176.9,57728.3,0.8182,SYNTHETIC_CLIMATOLOGY,True
WX_HANLE_CLOUDY_DAY,Hanle,2026-01-15,15,10,-25.5,67.5,5.2,220.0,111.0,55.3,83.7,0.85,0.35,0.75,183.0,57728.3,0.8121,SYNTHETIC_CLIMATOLOGY,True
WX_HANLE_CLOUDY_DAY,Hanle,2026-01-15,15,11,-23.33,63.9,5.63,220.0,129.9,57.3,97.5,0.85,0.35,0.75,190.4,57728.3,0.805,SYNTHETIC_CLIMATOLOGY,True
WX_HANLE_CLOUDY_DAY,Hanle,2026-01-15,15,12,-21.0,60.0,5.96,220.0,135.3,57.8,101.4,0.85,0.35,0.75,198.5,57728.3,0.7976,SYNTHETIC_CLIMATOLOGY,True
WX_HANLE_CLOUDY_DAY,Hanle,2026-01-15,15,13,-18.67,56.1,6.17,220.0,126.8,57.0,95.2,0.85,0.35,0.75,206.9,57728.3,0.7903,SYNTHETIC_CLIMATOLOGY,True
WX_HANLE_CLOUDY_DAY,Hanle,2026-01-15,15,14,-16.5,52.5,6.24,220.0,105.0,54.6,79.3,0.85,0.35,0.75,215.0,57728.3,0.7836,SYNTHETIC_CLIMATOLOGY,True
WX_HANLE_CLOUDY_DAY,Hanle,2026-01-15,15,15,-14.64,49.4,6.17,220.0,72.2,49.6,55.3,0.85,0.35,0.75,222.2,57728.3,0.7779,SYNTHETIC_CLIMATOLOGY,True
WX_HANLE_CLOUDY_DAY,Hanle,2026-01-15,15,16,-13.21,47.0,5.96,220.0,32.3,37.7,25.7,0.85,0.35,0.75,227.8,57728.3,0.7737,SYNTHETIC_CLIMATOLOGY,True
WX_HANLE_CLOUDY_DAY,Hanle,2026-01-15,15,17,-12.31,45.5,5.63,220.0,0.0,0.0,0.0,0.85,0.35,0.75,231.4,57728.3,0.771,SYNTHETIC_CLIMATOLOGY,True
WX_HANLE_CLOUDY_DAY,Hanle,2026-01-15,15,18,-12.0,45.0,5.2,220.0,0.0,0.0,0.0,0.85,0.35,0.75,232.6,57728.3,0.7701,SYNTHETIC_CLIMATOLOGY,True
WX_HANLE_CLOUDY_DAY,Hanle,2026-01-15,15,19,-12.31,45.5,4.7,220.0,0.0,0.0,0.0,0.85,0.35,0.75,231.4,57728.3,0.771,SYNTHETIC_CLIMATOLOGY,True
WX_HANLE_CLOUDY_DAY,Hanle,2026-01-15,15,20,-13.21,47.0,4.16,220.0,0.0,0.0,0.0,0.85,0.35,0.75,227.8,57728.3,0.7737,SYNTHETIC_CLIMATOLOGY,True
WX_HANLE_CLOUDY_DAY,Hanle,2026-01-15,15,21,-14.64,49.4,3.62,220.0,0.0,0.0,0.0,0.85,0.35,0.75,222.2,57728.3,0.7779,SYNTHETIC_CLIMATOLOGY,True
WX_HANLE_CLOUDY_DAY,Hanle,2026-01-15,15,22,-16.5,52.5,3.12,220.0,0.0,0.0,0.0,0.85,0.35,0.75,215.0,57728.3,0.7836,SYNTHETIC_CLIMATOLOGY,True
WX_HANLE_CLOUDY_DAY,Hanle,2026-01-15,15,23,-18.67,56.1,2.69,220.0,0.0,0.0,0.0,0.85,0.35,0.75,206.9,57728.3,0.7903,SYNTHETIC_CLIMATOLOGY,True
WX_HANLE_COLD_SNAP,Hanle,2026-01-15,15,0,-35.0,60.0,3.27,220.0,0.0,0.0,0.0,0.05,0.5,0.75,98.9,57728.3,0.8445,SYNTHETIC_CLIMATOLOGY,True
WX_HANLE_COLD_SNAP,Hanle,2026-01-15,15,1,-37.33,63.9,2.98,220.0,0.0,0.0,0.0,0.05,0.5,0.75,93.3,57728.3,0.8528,SYNTHETIC_CLIMATOLOGY,True
WX_HANLE_COLD_SNAP,Hanle,2026-01-15,15,2,-39.5,67.5,2.88,220.0,0.0,0.0,0.0,0.05,0.5,0.75,88.4,57728.3,0.8607,SYNTHETIC_CLIMATOLOGY,True
WX_HANLE_COLD_SNAP,Hanle,2026-01-15,15,3,-41.36,70.6,2.98,220.0,0.0,0.0,0.0,0.05,0.5,0.75,84.3,57728.3,0.8676,SYNTHETIC_CLIMATOLOGY,True
WX_HANLE_COLD_SNAP,Hanle,2026-01-15,15,4,-42.79,73.0,3.27,220.0,0.0,0.0,0.0,0.05,0.5,0.75,81.3,57728.3,0.873,SYNTHETIC_CLIMATOLOGY,True
WX_HANLE_COLD_SNAP,Hanle,2026-01-15,15,5,-43.69,74.5,3.72,220.0,0.0,0.0,0.0,0.05,0.5,0.75,79.4,57728.3,0.8765,SYNTHETIC_CLIMATOLOGY,True
WX_HANLE_COLD_SNAP,Hanle,2026-01-15,15,6,-44.0,75.0,4.32,220.0,0.0,0.0,0.0,0.05,0.5,0.75,78.8,57728.3,0.8776,SYNTHETIC_CLIMATOLOGY,True
WX_HANLE_COLD_SNAP,Hanle,2026-01-15,15,7,-43.69,74.5,5.01,220.0,9.5,186.0,4.2,0.05,0.5,0.75,79.4,57728.3,0.8765,SYNTHETIC_CLIMATOLOGY,True
WX_HANLE_COLD_SNAP,Hanle,2026-01-15,15,8,-42.79,73.0,5.76,220.0,162.1,661.0,19.8,0.05,0.5,0.75,81.3,57728.3,0.873,SYNTHETIC_CLIMATOLOGY,True
WX_HANLE_COLD_SNAP,Hanle,2026-01-15,15,9,-41.36,70.6,6.51,220.0,332.3,814.0,28.2,0.05,0.5,0.75,84.3,57728.3,0.8676,SYNTHETIC_CLIMATOLOGY,True
WX_HANLE_COLD_SNAP,Hanle,2026-01-15,15,10,-39.5,67.5,7.2,220.0,468.6,882.1,33.5,0.05,0.5,0.75,88.4,57728.3,0.8607,SYNTHETIC_CLIMATOLOGY,True
WX_HANLE_COLD_SNAP,Hanle,2026-01-15,15,11,-37.33,63.9,7.8,220.0,553.2,913.3,36.5,0.05,0.5,0.75,93.3,57728.3,0.8528,SYNTHETIC_CLIMATOLOGY,True
WX_HANLE_COLD_SNAP,Hanle,2026-01-15,15,12,-35.0,60.0,8.25,220.0,577.6,921.1,37.3,0.05,0.5,0.75,98.9,57728.3,0.8445,SYNTHETIC_CLIMATOLOGY,True
WX_HANLE_COLD_SNAP,Hanle,2026-01-15,15,13,-32.67,56.1,8.54,220.0,539.2,908.5,36.0,0.05,0.5,0.75,104.7,57728.3,0.8363,SYNTHETIC_CLIMATOLOGY,True
WX_HANLE_COLD_SNAP,Hanle,2026-01-15,15,14,-30.5,52.5,8.64,220.0,441.9,870.8,32.5,0.05,0.5,0.75,110.4,57728.3,0.8288,SYNTHETIC_CLIMATOLOGY,True
WX_HANLE_COLD_SNAP,Hanle,2026-01-15,15,15,-28.64,49.4,8.54,220.0,296.0,790.0,26.6,0.05,0.5,0.75,115.5,57728.3,0.8225,SYNTHETIC_CLIMATOLOGY,True
WX_HANLE_COLD_SNAP,Hanle,2026-01-15,15,16,-27.21,47.0,8.25,220.0,122.4,600.2,17.3,0.05,0.5,0.75,119.6,57728.3,0.8177,SYNTHETIC_CLIMATOLOGY,True
WX_HANLE_COLD_SNAP,Hanle,2026-01-15,15,17,-26.31,45.5,7.8,220.0,0.0,0.0,0.0,0.05,0.5,0.75,122.2,57728.3,0.8147,SYNTHETIC_CLIMATOLOGY,True
WX_HANLE_COLD_SNAP,Hanle,2026-01-15,15,18,-26.0,45.0,7.2,220.0,0.0,0.0,0.0,0.05,0.5,0.75,123.1,57728.3,0.8137,SYNTHETIC_CLIMATOLOGY,True
WX_HANLE_COLD_SNAP,Hanle,2026-01-15,15,19,-26.31,45.5,6.51,220.0,0.0,0.0,0.0,0.05,0.5,0.75,122.2,57728.3,0.8147,SYNTHETIC_CLIMATOLOGY,True
WX_HANLE_COLD_SNAP,Hanle,2026-01-15,15,20,-27.21,47.0,5.76,220.0,0.0,0.0,0.0,0.05,0.5,0.75,119.6,57728.3,0.8177,SYNTHETIC_CLIMATOLOGY,True
WX_HANLE_COLD_SNAP,Hanle,2026-01-15,15,21,-28.64,49.4,5.01,220.0,0.0,0.0,0.0,0.05,0.5,0.75,115.5,57728.3,0.8225,SYNTHETIC_CLIMATOLOGY,True
WX_HANLE_COLD_SNAP,Hanle,2026-01-15,15,22,-30.5,52.5,4.32,220.0,0.0,0.0,0.0,0.05,0.5,0.75,110.4,57728.3,0.8288,SYNTHETIC_CLIMATOLOGY,True
WX_HANLE_COLD_SNAP,Hanle,2026-01-15,15,23,-32.67,56.1,3.72,220.0,0.0,0.0,0.0,0.05,0.5,0.75,104.7,57728.3,0.8363,SYNTHETIC_CLIMATOLOGY,True
WX_NYOMA_NORMAL_WINTER,Nyoma,2026-01-15,15,0,-18.0,60.0,1.91,220.0,0.0,0.0,0.0,0.15,0.25,0.75,155.3,60207.9,0.8221,SYNTHETIC_CLIMATOLOGY,True
WX_NYOMA_NORMAL_WINTER,Nyoma,2026-01-15,15,1,-20.07,63.9,1.74,220.0,0.0,0.0,0.0,0.15,0.25,0.75,148.3,60207.9,0.8288,SYNTHETIC_CLIMATOLOGY,True
WX_NYOMA_NORMAL_WINTER,Nyoma,2026-01-15,15,2,-22.0,67.5,1.68,220.0,0.0,0.0,0.0,0.15,0.25,0.75,141.9,60207.9,0.8351,SYNTHETIC_CLIMATOLOGY,True
WX_NYOMA_NORMAL_WINTER,Nyoma,2026-01-15,15,3,-23.66,70.6,1.74,220.0,0.0,0.0,0.0,0.15,0.25,0.75,136.6,60207.9,0.8407,SYNTHETIC_CLIMATOLOGY,True
WX_NYOMA_NORMAL_WINTER,Nyoma,2026-01-15,15,4,-24.93,73.0,1.91,220.0,0.0,0.0,0.0,0.15,0.25,0.75,132.7,60207.9,0.845,SYNTHETIC_CLIMATOLOGY,True
WX_NYOMA_NORMAL_WINTER,Nyoma,2026-01-15,15,5,-25.73,74.5,2.17,220.0,0.0,0.0,0.0,0.15,0.25,0.75,130.3,60207.9,0.8477,SYNTHETIC_CLIMATOLOGY,True
WX_NYOMA_NORMAL_WINTER,Nyoma,2026-01-15,15,6,-26.0,75.0,2.52,220.0,0.0,0.0,0.0,0.15,0.25,0.75,129.5,60207.9,0.8487,SYNTHETIC_CLIMATOLOGY,True
WX_NYOMA_NORMAL_WINTER,Nyoma,2026-01-15,15,7,-25.73,74.5,2.93,220.0,5.8,123.8,3.1,0.15,0.25,0.75,130.3,60207.9,0.8477,SYNTHETIC_CLIMATOLOGY,True
WX_NYOMA_NORMAL_WINTER,Nyoma,2026-01-15,15,8,-24.93,73.0,3.36,220.0,134.9,539.3,23.0,0.15,0.25,0.75,132.7,60207.9,0.845,SYNTHETIC_CLIMATOLOGY,True
WX_NYOMA_NORMAL_WINTER,Nyoma,2026-01-15,15,9,-23.66,70.6,3.79,220.0,283.3,674.8,36.5,0.15,0.25,0.75,136.6,60207.9,0.8407,SYNTHETIC_CLIMATOLOGY,True
WX_NYOMA_NORMAL_WINTER,Nyoma,2026-01-15,15,10,-22.0,67.5,4.2,220.0,403.0,735.1,46.0,0.15,0.25,0.75,141.9,60207.9,0.8351,SYNTHETIC_CLIMATOLOGY,True
WX_NYOMA_NORMAL_WINTER,Nyoma,2026-01-15,15,11,-20.07,63.9,4.55,220.0,478.0,762.7,51.6,0.15,0.25,0.75,148.3,60207.9,0.8288,SYNTHETIC_CLIMATOLOGY,True
WX_NYOMA_NORMAL_WINTER,Nyoma,2026-01-15,15,12,-18.0,60.0,4.81,220.0,500.3,769.9,53.2,0.15,0.25,0.75,155.3,60207.9,0.8221,SYNTHETIC_CLIMATOLOGY,True
WX_NYOMA_NORMAL_WINTER,Nyoma,2026-01-15,15,13,-15.93,56.1,4.98,220.0,468.0,759.3,50.9,0.15,0.25,0.75,162.7,60207.9,0.8154,SYNTHETIC_CLIMATOLOGY,True
WX_NYOMA_NORMAL_WINTER,Nyoma,2026-01-15,15,14,-14.0,52.5,5.04,220.0,384.0,727.1,44.5,0.15,0.25,0.75,169.8,60207.9,0.8094,SYNTHETIC_CLIMATOLOGY,True
WX_NYOMA_NORMAL_WINTER,Nyoma,2026-01-15,15,15,-12.34,49.4,4.98,220.0,257.5,657.9,34.3,0.15,0.25,0.75,176.1,60207.9,0.8042,SYNTHETIC_CLIMATOLOGY,True
WX_NYOMA_NORMAL_WINTER,Nyoma,2026-01-15,15,16,-11.07,47.0,4.81,220.0,106.9,496.3,20.1,0.15,0.25,0.75,181.1,60207.9,0.8003,SYNTHETIC_CLIMATOLOGY,True
WX_NYOMA_NORMAL_WINTER,Nyoma,2026-01-15,15,17,-10.27,45.5,4.55,220.0,0.0,0.0,0.0,0.15,0.25,0.75,184.2,60207.9,0.7979,SYNTHETIC_CLIMATOLOGY,True
WX_NYOMA_NORMAL_WINTER,Nyoma,2026-01-15,15,18,-10.0,45.0,4.2,220.0,0.0,0.0,0.0,0.15,0.25,0.75,185.3,60207.9,0.7971,SYNTHETIC_CLIMATOLOGY,True
WX_NYOMA_NORMAL_WINTER,Nyoma,2026-01-15,15,19,-10.27,45.5,3.79,220.0,0.0,0.0,0.0,0.15,0.25,0.75,184.2,60207.9,0.7979,SYNTHETIC_CLIMATOLOGY,True
WX_NYOMA_NORMAL_WINTER,Nyoma,2026-01-15,15,20,-11.07,47.0,3.36,220.0,0.0,0.0,0.0,0.15,0.25,0.75,181.1,60207.9,0.8003,SYNTHETIC_CLIMATOLOGY,True
WX_NYOMA_NORMAL_WINTER,Nyoma,2026-01-15,15,21,-12.34,49.4,2.93,220.0,0.0,0.0,0.0,0.15,0.25,0.75,176.1,60207.9,0.8042,SYNTHETIC_CLIMATOLOGY,True
WX_NYOMA_NORMAL_WINTER,Nyoma,2026-01-15,15,22,-14.0,52.5,2.52,220.0,0.0,0.0,0.0,0.15,0.25,0.75,169.8,60207.9,0.8094,SYNTHETIC_CLIMATOLOGY,True
WX_NYOMA_NORMAL_WINTER,Nyoma,2026-01-15,15,23,-15.93,56.1,2.17,220.0,0.0,0.0,0.0,0.15,0.25,0.75,162.7,60207.9,0.8154,SYNTHETIC_CLIMATOLOGY,True
WX_NYOMA_COLD_WINTER,Nyoma,2026-01-15,15,0,-24.0,60.0,2.29,220.0,0.0,0.0,0.0,0.1,0.4,0.75,132.3,60207.9,0.8419,SYNTHETIC_CLIMATOLOGY,True
WX_NYOMA_COLD_WINTER,Nyoma,2026-01-15,15,1,-26.07,63.9,2.08,220.0,0.0,0.0,0.0,0.1,0.4,0.75,126.0,60207.9,0.8489,SYNTHETIC_CLIMATOLOGY,True
WX_NYOMA_COLD_WINTER,Nyoma,2026-01-15,15,2,-28.0,67.5,2.02,220.0,0.0,0.0,0.0,0.1,0.4,0.75,120.4,60207.9,0.8556,SYNTHETIC_CLIMATOLOGY,True
WX_NYOMA_COLD_WINTER,Nyoma,2026-01-15,15,3,-29.66,70.6,2.08,220.0,0.0,0.0,0.0,0.1,0.4,0.75,115.8,60207.9,0.8614,SYNTHETIC_CLIMATOLOGY,True
WX_NYOMA_COLD_WINTER,Nyoma,2026-01-15,15,4,-30.93,73.0,2.29,220.0,0.0,0.0,0.0,0.1,0.4,0.75,112.3,60207.9,0.8659,SYNTHETIC_CLIMATOLOGY,True
WX_NYOMA_COLD_WINTER,Nyoma,2026-01-15,15,5,-31.73,74.5,2.61,220.0,0.0,0.0,0.0,0.1,0.4,0.75,110.2,60207.9,0.8688,SYNTHETIC_CLIMATOLOGY,True
WX_NYOMA_COLD_WINTER,Nyoma,2026-01-15,15,6,-32.0,75.0,3.02,220.0,0.0,0.0,0.0,0.1,0.4,0.75,109.5,60207.9,0.8698,SYNTHETIC_CLIMATOLOGY,True
WX_NYOMA_COLD_WINTER,Nyoma,2026-01-15,15,7,-31.73,74.5,3.51,220.0,6.0,134.9,3.2,0.1,0.4,0.75,110.2,60207.9,0.8688,SYNTHETIC_CLIMATOLOGY,True
WX_NYOMA_COLD_WINTER,Nyoma,2026-01-15,15,8,-30.93,73.0,4.03,220.0,143.2,587.6,21.4,0.1,0.4,0.75,112.3,60207.9,0.8659,SYNTHETIC_CLIMATOLOGY,True
WX_NYOMA_COLD_WINTER,Nyoma,2026-01-15,15,9,-29.66,70.6,4.55,220.0,301.3,735.2,32.4,0.1,0.4,0.75,115.8,60207.9,0.8614,SYNTHETIC_CLIMATOLOGY,True
WX_NYOMA_COLD_WINTER,Nyoma,2026-01-15,15,10,-28.0,67.5,5.04,220.0,428.8,800.9,39.8,0.1,0.4,0.75,120.4,60207.9,0.8556,SYNTHETIC_CLIMATOLOGY,True
WX_NYOMA_COLD_WINTER,Nyoma,2026-01-15,15,11,-26.07,63.9,5.46,220.0,508.7,830.9,44.2,0.1,0.4,0.75,126.0,60207.9,0.8489,SYNTHETIC_CLIMATOLOGY,True
WX_NYOMA_COLD_WINTER,Nyoma,2026-01-15,15,12,-24.0,60.0,5.78,220.0,532.6,838.8,45.5,0.1,0.4,0.75,132.3,60207.9,0.8419,SYNTHETIC_CLIMATOLOGY,True
WX_NYOMA_COLD_WINTER,Nyoma,2026-01-15,15,13,-21.93,56.1,5.98,220.0,498.1,827.3,43.6,0.1,0.4,0.75,138.8,60207.9,0.8349,SYNTHETIC_CLIMATOLOGY,True
WX_NYOMA_COLD_WINTER,Nyoma,2026-01-15,15,14,-20.0,52.5,6.05,220.0,408.6,792.1,38.7,0.1,0.4,0.75,145.1,60207.9,0.8285,SYNTHETIC_CLIMATOLOGY,True
WX_NYOMA_COLD_WINTER,Nyoma,2026-01-15,15,15,-18.34,49.4,5.98,220.0,273.8,716.8,30.6,0.1,0.4,0.75,150.7,60207.9,0.8232,SYNTHETIC_CLIMATOLOGY,True
WX_NYOMA_COLD_WINTER,Nyoma,2026-01-15,15,16,-17.07,47.0,5.78,220.0,113.4,540.8,18.8,0.1,0.4,0.75,155.2,60207.9,0.8191,SYNTHETIC_CLIMATOLOGY,True
WX_NYOMA_COLD_WINTER,Nyoma,2026-01-15,15,17,-16.27,45.5,5.46,220.0,0.0,0.0,0.0,0.1,0.4,0.75,158.0,60207.9,0.8165,SYNTHETIC_CLIMATOLOGY,True
WX_NYOMA_COLD_WINTER,Nyoma,2026-01-15,15,18,-16.0,45.0,5.04,220.0,0.0,0.0,0.0,0.1,0.4,0.75,159.0,60207.9,0.8157,SYNTHETIC_CLIMATOLOGY,True
WX_NYOMA_COLD_WINTER,Nyoma,2026-01-15,15,19,-16.27,45.5,4.55,220.0,0.0,0.0,0.0,0.1,0.4,0.75,158.0,60207.9,0.8165,SYNTHETIC_CLIMATOLOGY,True
WX_NYOMA_COLD_WINTER,Nyoma,2026-01-15,15,20,-17.07,47.0,4.03,220.0,0.0,0.0,0.0,0.1,0.4,0.75,155.2,60207.9,0.8191,SYNTHETIC_CLIMATOLOGY,True
WX_NYOMA_COLD_WINTER,Nyoma,2026-01-15,15,21,-18.34,49.4,3.51,220.0,0.0,0.0,0.0,0.1,0.4,0.75,150.7,60207.9,0.8232,SYNTHETIC_CLIMATOLOGY,True
WX_NYOMA_COLD_WINTER,Nyoma,2026-01-15,15,22,-20.0,52.5,3.02,220.0,0.0,0.0,0.0,0.1,0.4,0.75,145.1,60207.9,0.8285,SYNTHETIC_CLIMATOLOGY,True
WX_NYOMA_COLD_WINTER,Nyoma,2026-01-15,15,23,-21.93,56.1,2.61,220.0,0.0,0.0,0.0,0.1,0.4,0.75,138.8,60207.9,0.8349,SYNTHETIC_CLIMATOLOGY,True
WX_NYOMA_EXTREME_WINTER,Nyoma,2026-01-15,15,0,-30.0,60.0,2.86,220.0,0.0,0.0,0.0,0.05,0.6,0.75,111.8,60207.9,0.8626,SYNTHETIC_CLIMATOLOGY,True
WX_NYOMA_EXTREME_WINTER,Nyoma,2026-01-15,15,1,-32.07,63.9,2.61,220.0,0.0,0.0,0.0,0.05,0.6,0.75,106.3,60207.9,0.87,SYNTHETIC_CLIMATOLOGY,True
WX_NYOMA_EXTREME_WINTER,Nyoma,2026-01-15,15,2,-34.0,67.5,2.52,220.0,0.0,0.0,0.0,0.05,0.6,0.75,101.4,60207.9,0.8771,SYNTHETIC_CLIMATOLOGY,True
WX_NYOMA_EXTREME_WINTER,Nyoma,2026-01-15,15,3,-35.66,70.6,2.61,220.0,0.0,0.0,0.0,0.05,0.6,0.75,97.3,60207.9,0.8832,SYNTHETIC_CLIMATOLOGY,True
WX_NYOMA_EXTREME_WINTER,Nyoma,2026-01-15,15,4,-36.93,73.0,2.86,220.0,0.0,0.0,0.0,0.05,0.6,0.75,94.2,60207.9,0.8879,SYNTHETIC_CLIMATOLOGY,True
WX_NYOMA_EXTREME_WINTER,Nyoma,2026-01-15,15,5,-37.73,74.5,3.26,220.0,0.0,0.0,0.0,0.05,0.6,0.75,92.4,60207.9,0.8909,SYNTHETIC_CLIMATOLOGY,True
WX_NYOMA_EXTREME_WINTER,Nyoma,2026-01-15,15,6,-38.0,75.0,3.78,220.0,0.0,0.0,0.0,0.05,0.6,0.75,91.8,60207.9,0.892,SYNTHETIC_CLIMATOLOGY,True
WX_NYOMA_EXTREME_WINTER,Nyoma,2026-01-15,15,7,-37.73,74.5,4.39,220.0,6.3,146.3,3.2,0.05,0.6,0.75,92.4,60207.9,0.8909,SYNTHETIC_CLIMATOLOGY,True
WX_NYOMA_EXTREME_WINTER,Nyoma,2026-01-15,15,8,-36.93,73.0,5.04,220.0,151.8,637.2,19.7,0.05,0.6,0.75,94.2,60207.9,0.8879,SYNTHETIC_CLIMATOLOGY,True
WX_NYOMA_EXTREME_WINTER,Nyoma,2026-01-15,15,9,-35.66,70.6,5.69,220.0,319.9,797.3,28.2,0.05,0.6,0.75,97.3,60207.9,0.8832,SYNTHETIC_CLIMATOLOGY,True
WX_NYOMA_EXTREME_WINTER,Nyoma,2026-01-15,15,10,-34.0,67.5,6.3,220.0,455.6,868.5,33.7,0.05,0.6,0.75,101.4,60207.9,0.8771,SYNTHETIC_CLIMATOLOGY,True
WX_NYOMA_EXTREME_WINTER,Nyoma,2026-01-15,15,11,-32.07,63.9,6.82,220.0,540.5,901.1,36.8,0.05,0.6,0.75,106.3,60207.9,0.87,SYNTHETIC_CLIMATOLOGY,True
WX_NYOMA_EXTREME_WINTER,Nyoma,2026-01-15,15,12,-30.0,60.0,7.22,220.0,565.9,909.6,37.7,0.05,0.6,0.75,111.8,60207.9,0.8626,SYNTHETIC_CLIMATOLOGY,True
WX_NYOMA_EXTREME_WINTER,Nyoma,2026-01-15,15,13,-27.93,56.1,7.47,220.0,529.2,897.2,36.4,0.05,0.6,0.75,117.5,60207.9,0.8553,SYNTHETIC_CLIMATOLOGY,True
WX_NYOMA_EXTREME_WINTER,Nyoma,2026-01-15,15,14,-26.0,52.5,7.56,220.0,434.1,859.1,32.9,0.05,0.6,0.75,123.1,60207.9,0.8487,SYNTHETIC_CLIMATOLOGY,True
WX_NYOMA_EXTREME_WINTER,Nyoma,2026-01-15,15,15,-24.34,49.4,7.47,220.0,290.7,777.3,26.9,0.05,0.6,0.75,128.0,60207.9,0.843,SYNTHETIC_CLIMATOLOGY,True
WX_NYOMA_EXTREME_WINTER,Nyoma,2026-01-15,15,16,-23.07,47.0,7.22,220.0,120.2,586.5,17.6,0.05,0.6,0.75,132.0,60207.9,0.8387,SYNTHETIC_CLIMATOLOGY,True
WX_NYOMA_EXTREME_WINTER,Nyoma,2026-01-15,15,17,-22.27,45.5,6.82,220.0,0.0,0.0,0.0,0.05,0.6,0.75,134.5,60207.9,0.8361,SYNTHETIC_CLIMATOLOGY,True
WX_NYOMA_EXTREME_WINTER,Nyoma,2026-01-15,15,18,-22.0,45.0,6.3,220.0,0.0,0.0,0.0,0.05,0.6,0.75,135.3,60207.9,0.8351,SYNTHETIC_CLIMATOLOGY,True
WX_NYOMA_EXTREME_WINTER,Nyoma,2026-01-15,15,19,-22.27,45.5,5.69,220.0,0.0,0.0,0.0,0.05,0.6,0.75,134.5,60207.9,0.8361,SYNTHETIC_CLIMATOLOGY,True
WX_NYOMA_EXTREME_WINTER,Nyoma,2026-01-15,15,20,-23.07,47.0,5.04,220.0,0.0,0.0,0.0,0.05,0.6,0.75,132.0,60207.9,0.8387,SYNTHETIC_CLIMATOLOGY,True
WX_NYOMA_EXTREME_WINTER,Nyoma,2026-01-15,15,21,-24.34,49.4,4.39,220.0,0.0,0.0,0.0,0.05,0.6,0.75,128.0,60207.9,0.843,SYNTHETIC_CLIMATOLOGY,True
WX_NYOMA_EXTREME_WINTER,Nyoma,2026-01-15,15,22,-26.0,52.5,3.78,220.0,0.0,0.0,0.0,0.05,0.6,0.75,123.1,60207.9,0.8487,SYNTHETIC_CLIMATOLOGY,True
WX_NYOMA_EXTREME_WINTER,Nyoma,2026-01-15,15,23,-27.93,56.1,3.26,220.0,0.0,0.0,0.0,0.05,0.6,0.75,117.5,60207.9,0.8553,SYNTHETIC_CLIMATOLOGY,True
WX_NYOMA_CLEAR_SKY_NIGHT,Nyoma,2026-01-15,15,0,-22.0,60.0,1.52,220.0,0.0,0.0,0.0,0.0,0.3,0.75,132.1,60207.9,0.8351,SYNTHETIC_CLIMATOLOGY,True
WX_NYOMA_CLEAR_SKY_NIGHT,Nyoma,2026-01-15,15,1,-24.07,63.9,1.39,220.0,0.0,0.0,0.0,0.0,0.3,0.75,125.7,60207.9,0.8421,SYNTHETIC_CLIMATOLOGY,True
WX_NYOMA_CLEAR_SKY_NIGHT,Nyoma,2026-01-15,15,2,-26.0,67.5,1.34,220.0,0.0,0.0,0.0,0.0,0.3,0.75,120.0,60207.9,0.8487,SYNTHETIC_CLIMATOLOGY,True
WX_NYOMA_CLEAR_SKY_NIGHT,Nyoma,2026-01-15,15,3,-27.66,70.6,1.39,220.0,0.0,0.0,0.0,0.0,0.3,0.75,115.2,60207.9,0.8544,SYNTHETIC_CLIMATOLOGY,True
WX_NYOMA_CLEAR_SKY_NIGHT,Nyoma,2026-01-15,15,4,-28.93,73.0,1.52,220.0,0.0,0.0,0.0,0.0,0.3,0.75,111.7,60207.9,0.8588,SYNTHETIC_CLIMATOLOGY,True
WX_NYOMA_CLEAR_SKY_NIGHT,Nyoma,2026-01-15,15,5,-29.73,74.5,1.74,220.0,0.0,0.0,0.0,0.0,0.3,0.75,109.5,60207.9,0.8617,SYNTHETIC_CLIMATOLOGY,True
WX_NYOMA_CLEAR_SKY_NIGHT,Nyoma,2026-01-15,15,6,-30.0,75.0,2.02,220.0,0.0,0.0,0.0,0.0,0.3,0.75,108.8,60207.9,0.8626,SYNTHETIC_CLIMATOLOGY,True
WX_NYOMA_CLEAR_SKY_NIGHT,Nyoma,2026-01-15,15,7,-29.73,74.5,2.34,220.0,6.6,158.0,3.2,0.0,0.3,0.75,109.5,60207.9,0.8617,SYNTHETIC_CLIMATOLOGY,True
WX_NYOMA_CLEAR_SKY_NIGHT,Nyoma,2026-01-15,15,8,-28.93,73.0,2.69,220.0,160.7,688.2,18.0,0.0,0.3,0.75,111.7,60207.9,0.8588,SYNTHETIC_CLIMATOLOGY,True
WX_NYOMA_CLEAR_SKY_NIGHT,Nyoma,2026-01-15,15,9,-27.66,70.6,3.04,220.0,339.1,861.1,24.1,0.0,0.3,0.75,115.2,60207.9,0.8544,SYNTHETIC_CLIMATOLOGY,True
WX_NYOMA_CLEAR_SKY_NIGHT,Nyoma,2026-01-15,15,10,-26.0,67.5,3.36,220.0,483.2,938.0,27.5,0.0,0.3,0.75,120.0,60207.9,0.8487,SYNTHETIC_CLIMATOLOGY,True
WX_NYOMA_CLEAR_SKY_NIGHT,Nyoma,2026-01-15,15,11,-24.07,63.9,3.64,220.0,573.4,973.2,29.3,0.0,0.3,0.75,125.7,60207.9,0.8421,SYNTHETIC_CLIMATOLOGY,True
WX_NYOMA_CLEAR_SKY_NIGHT,Nyoma,2026-01-15,15,12,-22.0,60.0,3.85,220.0,600.4,982.4,29.8,0.0,0.3,0.75,132.1,60207.9,0.8351,SYNTHETIC_CLIMATOLOGY,True
WX_NYOMA_CLEAR_SKY_NIGHT,Nyoma,2026-01-15,15,13,-19.93,56.1,3.99,220.0,561.4,968.9,29.1,0.0,0.3,0.75,138.8,60207.9,0.8283,SYNTHETIC_CLIMATOLOGY,True
WX_NYOMA_CLEAR_SKY_NIGHT,Nyoma,2026-01-15,15,14,-18.0,52.5,4.03,220.0,460.3,927.8,27.1,0.0,0.3,0.75,145.3,60207.9,0.8221,SYNTHETIC_CLIMATOLOGY,True
WX_NYOMA_CLEAR_SKY_NIGHT,Nyoma,2026-01-15,15,15,-16.34,49.4,3.99,220.0,308.1,839.5,23.3,0.0,0.3,0.75,151.0,60207.9,0.8168,SYNTHETIC_CLIMATOLOGY,True
WX_NYOMA_CLEAR_SKY_NIGHT,Nyoma,2026-01-15,15,16,-15.07,47.0,3.85,220.0,127.1,633.4,16.3,0.0,0.3,0.75,155.6,60207.9,0.8127,SYNTHETIC_CLIMATOLOGY,True
WX_NYOMA_CLEAR_SKY_NIGHT,Nyoma,2026-01-15,15,17,-14.27,45.5,3.64,220.0,0.0,0.0,0.0,0.0,0.3,0.75,158.5,60207.9,0.8102,SYNTHETIC_CLIMATOLOGY,True
WX_NYOMA_CLEAR_SKY_NIGHT,Nyoma,2026-01-15,15,18,-14.0,45.0,3.36,220.0,0.0,0.0,0.0,0.0,0.3,0.75,159.5,60207.9,0.8094,SYNTHETIC_CLIMATOLOGY,True
WX_NYOMA_CLEAR_SKY_NIGHT,Nyoma,2026-01-15,15,19,-14.27,45.5,3.04,220.0,0.0,0.0,0.0,0.0,0.3,0.75,158.5,60207.9,0.8102,SYNTHETIC_CLIMATOLOGY,True
WX_NYOMA_CLEAR_SKY_NIGHT,Nyoma,2026-01-15,15,20,-15.07,47.0,2.69,220.0,0.0,0.0,0.0,0.0,0.3,0.75,155.6,60207.9,0.8127,SYNTHETIC_CLIMATOLOGY,True
WX_NYOMA_CLEAR_SKY_NIGHT,Nyoma,2026-01-15,15,21,-16.34,49.4,2.34,220.0,0.0,0.0,0.0,0.0,0.3,0.75,151.0,60207.9,0.8168,SYNTHETIC_CLIMATOLOGY,True
WX_NYOMA_CLEAR_SKY_NIGHT,Nyoma,2026-01-15,15,22,-18.0,52.5,2.02,220.0,0.0,0.0,0.0,0.0,0.3,0.75,145.3,60207.9,0.8221,SYNTHETIC_CLIMATOLOGY,True
WX_NYOMA_CLEAR_SKY_NIGHT,Nyoma,2026-01-15,15,23,-19.93,56.1,1.74,220.0,0.0,0.0,0.0,0.0,0.3,0.75,138.8,60207.9,0.8283,SYNTHETIC_CLIMATOLOGY,True
WX_NYOMA_SNOW_COVER,Nyoma,2026-01-15,15,0,-20.0,60.0,2.1,220.0,0.0,0.0,0.0,0.2,0.8,0.75,151.9,60207.9,0.8285,SYNTHETIC_CLIMATOLOGY,True
WX_NYOMA_SNOW_COVER,Nyoma,2026-01-15,15,1,-22.07,63.9,1.91,220.0,0.0,0.0,0.0,0.2,0.8,0.75,145.1,60207.9,0.8354,SYNTHETIC_CLIMATOLOGY,True
WX_NYOMA_SNOW_COVER,Nyoma,2026-01-15,15,2,-24.0,67.5,1.85,220.0,0.0,0.0,0.0,0.2,0.8,0.75,138.9,60207.9,0.8419,SYNTHETIC_CLIMATOLOGY,True
WX_NYOMA_SNOW_COVER,Nyoma,2026-01-15,15,3,-25.66,70.6,1.91,220.0,0.0,0.0,0.0,0.2,0.8,0.75,133.8,60207.9,0.8475,SYNTHETIC_CLIMATOLOGY,True
WX_NYOMA_SNOW_COVER,Nyoma,2026-01-15,15,4,-26.93,73.0,2.1,220.0,0.0,0.0,0.0,0.2,0.8,0.75,130.0,60207.9,0.8519,SYNTHETIC_CLIMATOLOGY,True
WX_NYOMA_SNOW_COVER,Nyoma,2026-01-15,15,5,-27.73,74.5,2.39,220.0,0.0,0.0,0.0,0.2,0.8,0.75,127.6,60207.9,0.8546,SYNTHETIC_CLIMATOLOGY,True
WX_NYOMA_SNOW_COVER,Nyoma,2026-01-15,15,6,-28.0,75.0,2.77,220.0,0.0,0.0,0.0,0.2,0.8,0.75,126.8,60207.9,0.8556,SYNTHETIC_CLIMATOLOGY,True
WX_NYOMA_SNOW_COVER,Nyoma,2026-01-15,15,7,-27.73,74.5,3.22,220.0,5.5,113.0,3.1,0.2,0.8,0.75,127.6,60207.9,0.8546,SYNTHETIC_CLIMATOLOGY,True
WX_NYOMA_SNOW_COVER,Nyoma,2026-01-15,15,8,-26.93,73.0,3.7,220.0,126.9,492.4,24.7,0.2,0.8,0.75,130.0,60207.9,0.8519,SYNTHETIC_CLIMATOLOGY,True
WX_NYOMA_SNOW_COVER,Nyoma,2026-01-15,15,9,-25.66,70.6,4.17,220.0,265.9,616.2,40.5,0.2,0.8,0.75,133.8,60207.9,0.8475,SYNTHETIC_CLIMATOLOGY,True
WX_NYOMA_SNOW_COVER,Nyoma,2026-01-15,15,10,-24.0,67.5,4.62,220.0,378.0,671.2,52.0,0.2,0.8,0.75,138.9,60207.9,0.8419,SYNTHETIC_CLIMATOLOGY,True
WX_NYOMA_SNOW_COVER,Nyoma,2026-01-15,15,11,-22.07,63.9,5.0,220.0,448.2,696.4,59.0,0.2,0.8,0.75,145.1,60207.9,0.8354,SYNTHETIC_CLIMATOLOGY,True
WX_NYOMA_SNOW_COVER,Nyoma,2026-01-15,15,12,-20.0,60.0,5.3,220.0,469.2,702.9,61.0,0.2,0.8,0.75,151.9,60207.9,0.8285,SYNTHETIC_CLIMATOLOGY,True
WX_NYOMA_SNOW_COVER,Nyoma,2026-01-15,15,13,-17.93,56.1,5.48,220.0,438.9,693.3,58.0,0.2,0.8,0.75,159.0,60207.9,0.8218,SYNTHETIC_CLIMATOLOGY,True
WX_NYOMA_SNOW_COVER,Nyoma,2026-01-15,15,14,-16.0,52.5,5.54,220.0,360.3,663.9,50.3,0.2,0.8,0.75,165.9,60207.9,0.8157,SYNTHETIC_CLIMATOLOGY,True
WX_NYOMA_SNOW_COVER,Nyoma,2026-01-15,15,15,-14.34,49.4,5.48,220.0,241.8,600.7,38.0,0.2,0.8,0.75,172.0,60207.9,0.8104,SYNTHETIC_CLIMATOLOGY,True
WX_NYOMA_SNOW_COVER,Nyoma,2026-01-15,15,16,-13.07,47.0,5.3,220.0,100.6,453.2,21.3,0.2,0.8,0.75,176.9,60207.9,0.8065,SYNTHETIC_CLIMATOLOGY,True
WX_NYOMA_SNOW_COVER,Nyoma,2026-01-15,15,17,-12.27,45.5,5.0,220.0,0.0,0.0,0.0,0.2,0.8,0.75,179.9,60207.9,0.804,SYNTHETIC_CLIMATOLOGY,True
WX_NYOMA_SNOW_COVER,Nyoma,2026-01-15,15,18,-12.0,45.0,4.62,220.0,0.0,0.0,0.0,0.2,0.8,0.75,181.0,60207.9,0.8032,SYNTHETIC_CLIMATOLOGY,True
WX_NYOMA_SNOW_COVER,Nyoma,2026-01-15,15,19,-12.27,45.5,4.17,220.0,0.0,0.0,0.0,0.2,0.8,0.75,179.9,60207.9,0.804,SYNTHETIC_CLIMATOLOGY,True
WX_NYOMA_SNOW_COVER,Nyoma,2026-01-15,15,20,-13.07,47.0,3.7,220.0,0.0,0.0,0.0,0.2,0.8,0.75,176.9,60207.9,0.8065,SYNTHETIC_CLIMATOLOGY,True
WX_NYOMA_SNOW_COVER,Nyoma,2026-01-15,15,21,-14.34,49.4,3.22,220.0,0.0,0.0,0.0,0.2,0.8,0.75,172.0,60207.9,0.8104,SYNTHETIC_CLIMATOLOGY,True
WX_NYOMA_SNOW_COVER,Nyoma,2026-01-15,15,22,-16.0,52.5,2.77,220.0,0.0,0.0,0.0,0.2,0.8,0.75,165.9,60207.9,0.8157,SYNTHETIC_CLIMATOLOGY,True
WX_NYOMA_SNOW_COVER,Nyoma,2026-01-15,15,23,-17.93,56.1,2.39,220.0,0.0,0.0,0.0,0.2,0.8,0.75,159.0,60207.9,0.8218,SYNTHETIC_CLIMATOLOGY,True
WX_NYOMA_HIGH_SOLAR_DAY,Nyoma,2026-01-15,15,0,-16.0,60.0,1.71,220.0,0.0,0.0,0.0,0.0,0.2,0.75,152.2,60207.9,0.8157,SYNTHETIC_CLIMATOLOGY,True
WX_NYOMA_HIGH_SOLAR_DAY,Nyoma,2026-01-15,15,1,-18.07,63.9,1.56,220.0,0.0,0.0,0.0,0.0,0.2,0.75,145.0,60207.9,0.8223,SYNTHETIC_CLIMATOLOGY,True
WX_NYOMA_HIGH_SOLAR_DAY,Nyoma,2026-01-15,15,2,-20.0,67.5,1.51,220.0,0.0,0.0,0.0,0.0,0.2,0.75,138.6,60207.9,0.8285,SYNTHETIC_CLIMATOLOGY,True
WX_NYOMA_HIGH_SOLAR_DAY,Nyoma,2026-01-15,15,3,-21.66,70.6,1.56,220.0,0.0,0.0,0.0,0.0,0.2,0.75,133.2,60207.9,0.834,SYNTHETIC_CLIMATOLOGY,True
WX_NYOMA_HIGH_SOLAR_DAY,Nyoma,2026-01-15,15,4,-22.93,73.0,1.71,220.0,0.0,0.0,0.0,0.0,0.2,0.75,129.2,60207.9,0.8382,SYNTHETIC_CLIMATOLOGY,True
WX_NYOMA_HIGH_SOLAR_DAY,Nyoma,2026-01-15,15,5,-23.73,74.5,1.95,220.0,0.0,0.0,0.0,0.0,0.2,0.75,126.8,60207.9,0.8409,SYNTHETIC_CLIMATOLOGY,True
WX_NYOMA_HIGH_SOLAR_DAY,Nyoma,2026-01-15,15,6,-24.0,75.0,2.27,220.0,0.0,0.0,0.0,0.0,0.2,0.75,125.9,60207.9,0.8419,SYNTHETIC_CLIMATOLOGY,True
WX_NYOMA_HIGH_SOLAR_DAY,Nyoma,2026-01-15,15,7,-23.73,74.5,2.63,220.0,6.6,158.0,3.2,0.0,0.2,0.75,126.8,60207.9,0.8409,SYNTHETIC_CLIMATOLOGY,True
WX_NYOMA_HIGH_SOLAR_DAY,Nyoma,2026-01-15,15,8,-22.93,73.0,3.02,220.0,160.7,688.2,18.0,0.0,0.2,0.75,129.2,60207.9,0.8382,SYNTHETIC_CLIMATOLOGY,True
WX_NYOMA_HIGH_SOLAR_DAY,Nyoma,2026-01-15,15,9,-21.66,70.6,3.42,220.0,339.1,861.1,24.1,0.0,0.2,0.75,133.2,60207.9,0.834,SYNTHETIC_CLIMATOLOGY,True
WX_NYOMA_HIGH_SOLAR_DAY,Nyoma,2026-01-15,15,10,-20.0,67.5,3.78,220.0,483.2,938.0,27.5,0.0,0.2,0.75,138.6,60207.9,0.8285,SYNTHETIC_CLIMATOLOGY,True
WX_NYOMA_HIGH_SOLAR_DAY,Nyoma,2026-01-15,15,11,-18.07,63.9,4.09,220.0,573.4,973.2,29.3,0.0,0.2,0.75,145.0,60207.9,0.8223,SYNTHETIC_CLIMATOLOGY,True
WX_NYOMA_HIGH_SOLAR_DAY,Nyoma,2026-01-15,15,12,-16.0,60.0,4.33,220.0,600.4,982.4,29.8,0.0,0.2,0.75,152.2,60207.9,0.8157,SYNTHETIC_CLIMATOLOGY,True
WX_NYOMA_HIGH_SOLAR_DAY,Nyoma,2026-01-15,15,13,-13.93,56.1,4.48,220.0,561.4,968.9,29.1,0.0,0.2,0.75,159.7,60207.9,0.8091,SYNTHETIC_CLIMATOLOGY,True
WX_NYOMA_HIGH_SOLAR_DAY,Nyoma,2026-01-15,15,14,-12.0,52.5,4.54,220.0,460.3,927.8,27.1,0.0,0.2,0.75,167.0,60207.9,0.8032,SYNTHETIC_CLIMATOLOGY,True
WX_NYOMA_HIGH_SOLAR_DAY,Nyoma,2026-01-15,15,15,-10.34,49.4,4.48,220.0,308.1,839.5,23.3,0.0,0.2,0.75,173.5,60207.9,0.7981,SYNTHETIC_CLIMATOLOGY,True
WX_NYOMA_HIGH_SOLAR_DAY,Nyoma,2026-01-15,15,16,-9.07,47.0,4.33,220.0,127.1,633.4,16.3,0.0,0.2,0.75,178.6,60207.9,0.7943,SYNTHETIC_CLIMATOLOGY,True
WX_NYOMA_HIGH_SOLAR_DAY,Nyoma,2026-01-15,15,17,-8.27,45.5,4.09,220.0,0.0,0.0,0.0,0.0,0.2,0.75,181.8,60207.9,0.7919,SYNTHETIC_CLIMATOLOGY,True
WX_NYOMA_HIGH_SOLAR_DAY,Nyoma,2026-01-15,15,18,-8.0,45.0,3.78,220.0,0.0,0.0,0.0,0.0,0.2,0.75,182.9,60207.9,0.7911,SYNTHETIC_CLIMATOLOGY,True
WX_NYOMA_HIGH_SOLAR_DAY,Nyoma,2026-01-15,15,19,-8.27,45.5,3.42,220.0,0.0,0.0,0.0,0.0,0.2,0.75,181.8,60207.9,0.7919,SYNTHETIC_CLIMATOLOGY,True
WX_NYOMA_HIGH_SOLAR_DAY,Nyoma,2026-01-15,15,20,-9.07,47.0,3.02,220.0,0.0,0.0,0.0,0.0,0.2,0.75,178.6,60207.9,0.7943,SYNTHETIC_CLIMATOLOGY,True
WX_NYOMA_HIGH_SOLAR_DAY,Nyoma,2026-01-15,15,21,-10.34,49.4,2.63,220.0,0.0,0.0,0.0,0.0,0.2,0.75,173.5,60207.9,0.7981,SYNTHETIC_CLIMATOLOGY,True
WX_NYOMA_HIGH_SOLAR_DAY,Nyoma,2026-01-15,15,22,-12.0,52.5,2.27,220.0,0.0,0.0,0.0,0.0,0.2,0.75,167.0,60207.9,0.8032,SYNTHETIC_CLIMATOLOGY,True
WX_NYOMA_HIGH_SOLAR_DAY,Nyoma,2026-01-15,15,23,-13.93,56.1,1.95,220.0,0.0,0.0,0.0,0.0,0.2,0.75,159.7,60207.9,0.8091,SYNTHETIC_CLIMATOLOGY,True
WX_NYOMA_CLOUDY_DAY,Nyoma,2026-01-15,15,0,-19.0,60.0,2.48,220.0,0.0,0.0,0.0,0.85,0.35,0.75,205.7,60207.9,0.8253,SYNTHETIC_CLIMATOLOGY,True
WX_NYOMA_CLOUDY_DAY,Nyoma,2026-01-15,15,1,-21.07,63.9,2.26,220.0,0.0,0.0,0.0,0.85,0.35,0.75,198.3,60207.9,0.8321,SYNTHETIC_CLIMATOLOGY,True
WX_NYOMA_CLOUDY_DAY,Nyoma,2026-01-15,15,2,-23.0,67.5,2.18,220.0,0.0,0.0,0.0,0.85,0.35,0.75,191.5,60207.9,0.8385,SYNTHETIC_CLIMATOLOGY,True
WX_NYOMA_CLOUDY_DAY,Nyoma,2026-01-15,15,3,-24.66,70.6,2.26,220.0,0.0,0.0,0.0,0.85,0.35,0.75,185.8,60207.9,0.8441,SYNTHETIC_CLIMATOLOGY,True
WX_NYOMA_CLOUDY_DAY,Nyoma,2026-01-15,15,4,-25.93,73.0,2.48,220.0,0.0,0.0,0.0,0.85,0.35,0.75,181.6,60207.9,0.8484,SYNTHETIC_CLIMATOLOGY,True
WX_NYOMA_CLOUDY_DAY,Nyoma,2026-01-15,15,5,-26.73,74.5,2.82,220.0,0.0,0.0,0.0,0.85,0.35,0.75,178.9,60207.9,0.8512,SYNTHETIC_CLIMATOLOGY,True
WX_NYOMA_CLOUDY_DAY,Nyoma,2026-01-15,15,6,-27.0,75.0,3.28,220.0,0.0,0.0,0.0,0.85,0.35,0.75,178.1,60207.9,0.8521,SYNTHETIC_CLIMATOLOGY,True
WX_NYOMA_CLOUDY_DAY,Nyoma,2026-01-15,15,7,-26.73,74.5,3.8,220.0,2.5,9.2,2.3,0.85,0.35,0.75,178.9,60207.9,0.8512,SYNTHETIC_CLIMATOLOGY,True
WX_NYOMA_CLOUDY_DAY,Nyoma,2026-01-15,15,8,-25.93,73.0,4.37,220.0,39.3,40.0,31.0,0.85,0.35,0.75,181.6,60207.9,0.8484,SYNTHETIC_CLIMATOLOGY,True
WX_NYOMA_CLOUDY_DAY,Nyoma,2026-01-15,15,9,-24.66,70.6,4.93,220.0,77.8,50.0,59.5,0.85,0.35,0.75,185.8,60207.9,0.8441,SYNTHETIC_CLIMATOLOGY,True
WX_NYOMA_CLOUDY_DAY,Nyoma,2026-01-15,15,10,-23.0,67.5,5.46,220.0,108.3,54.5,81.9,0.85,0.35,0.75,191.5,60207.9,0.8385,SYNTHETIC_CLIMATOLOGY,True
WX_NYOMA_CLOUDY_DAY,Nyoma,2026-01-15,15,11,-21.07,63.9,5.91,220.0,127.3,56.5,95.7,0.85,0.35,0.75,198.3,60207.9,0.8321,SYNTHETIC_CLIMATOLOGY,True
WX_NYOMA_CLOUDY_DAY,Nyoma,2026-01-15,15,12,-19.0,60.0,6.26,220.0,133.0,57.1,99.9,0.85,0.35,0.75,205.7,60207.9,0.8253,SYNTHETIC_CLIMATOLOGY,True
WX_NYOMA_CLOUDY_DAY,Nyoma,2026-01-15,15,13,-16.93,56.1,6.48,220.0,124.8,56.3,93.9,0.85,0.35,0.75,213.4,60207.9,0.8186,SYNTHETIC_CLIMATOLOGY,True
WX_NYOMA_CLOUDY_DAY,Nyoma,2026-01-15,15,14,-15.0,52.5,6.55,220.0,103.5,53.9,78.4,0.85,0.35,0.75,220.8,60207.9,0.8125,SYNTHETIC_CLIMATOLOGY,True
WX_NYOMA_CLOUDY_DAY,Nyoma,2026-01-15,15,15,-13.34,49.4,6.48,220.0,71.2,48.8,54.7,0.85,0.35,0.75,227.3,60207.9,0.8073,SYNTHETIC_CLIMATOLOGY,True
WX_NYOMA_CLOUDY_DAY,Nyoma,2026-01-15,15,16,-12.07,47.0,6.26,220.0,31.9,36.8,25.4,0.85,0.35,0.75,232.4,60207.9,0.8034,SYNTHETIC_CLIMATOLOGY,True
WX_NYOMA_CLOUDY_DAY,Nyoma,2026-01-15,15,17,-11.27,45.5,5.91,220.0,0.0,0.0,0.0,0.85,0.35,0.75,235.6,60207.9,0.8009,SYNTHETIC_CLIMATOLOGY,True
WX_NYOMA_CLOUDY_DAY,Nyoma,2026-01-15,15,18,-11.0,45.0,5.46,220.0,0.0,0.0,0.0,0.85,0.35,0.75,236.7,60207.9,0.8001,SYNTHETIC_CLIMATOLOGY,True
WX_NYOMA_CLOUDY_DAY,Nyoma,2026-01-15,15,19,-11.27,45.5,4.93,220.0,0.0,0.0,0.0,0.85,0.35,0.75,235.6,60207.9,0.8009,SYNTHETIC_CLIMATOLOGY,True
WX_NYOMA_CLOUDY_DAY,Nyoma,2026-01-15,15,20,-12.07,47.0,4.37,220.0,0.0,0.0,0.0,0.85,0.35,0.75,232.4,60207.9,0.8034,SYNTHETIC_CLIMATOLOGY,True
WX_NYOMA_CLOUDY_DAY,Nyoma,2026-01-15,15,21,-13.34,49.4,3.8,220.0,0.0,0.0,0.0,0.85,0.35,0.75,227.3,60207.9,0.8073,SYNTHETIC_CLIMATOLOGY,True
WX_NYOMA_CLOUDY_DAY,Nyoma,2026-01-15,15,22,-15.0,52.5,3.28,220.0,0.0,0.0,0.0,0.85,0.35,0.75,220.8,60207.9,0.8125,SYNTHETIC_CLIMATOLOGY,True
WX_NYOMA_CLOUDY_DAY,Nyoma,2026-01-15,15,23,-16.93,56.1,2.82,220.0,0.0,0.0,0.0,0.85,0.35,0.75,213.4,60207.9,0.8186,SYNTHETIC_CLIMATOLOGY,True
WX_NYOMA_COLD_SNAP,Nyoma,2026-01-15,15,0,-33.0,60.0,3.43,220.0,0.0,0.0,0.0,0.05,0.5,0.75,103.9,60207.9,0.8734,SYNTHETIC_CLIMATOLOGY,True
WX_NYOMA_COLD_SNAP,Nyoma,2026-01-15,15,1,-35.07,63.9,3.13,220.0,0.0,0.0,0.0,0.05,0.5,0.75,98.7,60207.9,0.881,SYNTHETIC_CLIMATOLOGY,True
WX_NYOMA_COLD_SNAP,Nyoma,2026-01-15,15,2,-37.0,67.5,3.02,220.0,0.0,0.0,0.0,0.05,0.5,0.75,94.1,60207.9,0.8882,SYNTHETIC_CLIMATOLOGY,True
WX_NYOMA_COLD_SNAP,Nyoma,2026-01-15,15,3,-38.66,70.6,3.13,220.0,0.0,0.0,0.0,0.05,0.5,0.75,90.3,60207.9,0.8945,SYNTHETIC_CLIMATOLOGY,True
WX_NYOMA_COLD_SNAP,Nyoma,2026-01-15,15,4,-39.93,73.0,3.43,220.0,0.0,0.0,0.0,0.05,0.5,0.75,87.4,60207.9,0.8993,SYNTHETIC_CLIMATOLOGY,True
WX_NYOMA_COLD_SNAP,Nyoma,2026-01-15,15,5,-40.73,74.5,3.91,220.0,0.0,0.0,0.0,0.05,0.5,0.75,85.6,60207.9,0.9024,SYNTHETIC_CLIMATOLOGY,True
WX_NYOMA_COLD_SNAP,Nyoma,2026-01-15,15,6,-41.0,75.0,4.54,220.0,0.0,0.0,0.0,0.05,0.5,0.75,85.1,60207.9,0.9035,SYNTHETIC_CLIMATOLOGY,True
WX_NYOMA_COLD_SNAP,Nyoma,2026-01-15,15,7,-40.73,74.5,5.27,220.0,6.3,146.3,3.2,0.05,0.5,0.75,85.6,60207.9,0.9024,SYNTHETIC_CLIMATOLOGY,True
WX_NYOMA_COLD_SNAP,Nyoma,2026-01-15,15,8,-39.93,73.0,6.05,220.0,151.8,637.2,19.7,0.05,0.5,0.75,87.4,60207.9,0.8993,SYNTHETIC_CLIMATOLOGY,True
WX_NYOMA_COLD_SNAP,Nyoma,2026-01-15,15,9,-38.66,70.6,6.83,220.0,319.9,797.3,28.2,0.05,0.5,0.75,90.3,60207.9,0.8945,SYNTHETIC_CLIMATOLOGY,True
WX_NYOMA_COLD_SNAP,Nyoma,2026-01-15,15,10,-37.0,67.5,7.56,220.0,455.6,868.5,33.7,0.05,0.5,0.75,94.1,60207.9,0.8882,SYNTHETIC_CLIMATOLOGY,True
WX_NYOMA_COLD_SNAP,Nyoma,2026-01-15,15,11,-35.07,63.9,8.19,220.0,540.5,901.1,36.8,0.05,0.5,0.75,98.7,60207.9,0.881,SYNTHETIC_CLIMATOLOGY,True
WX_NYOMA_COLD_SNAP,Nyoma,2026-01-15,15,12,-33.0,60.0,8.67,220.0,565.9,909.6,37.7,0.05,0.5,0.75,103.9,60207.9,0.8734,SYNTHETIC_CLIMATOLOGY,True
WX_NYOMA_COLD_SNAP,Nyoma,2026-01-15,15,13,-30.93,56.1,8.97,220.0,529.2,897.2,36.4,0.05,0.5,0.75,109.3,60207.9,0.8659,SYNTHETIC_CLIMATOLOGY,True
WX_NYOMA_COLD_SNAP,Nyoma,2026-01-15,15,14,-29.0,52.5,9.07,220.0,434.1,859.1,32.9,0.05,0.5,0.75,114.5,60207.9,0.8591,SYNTHETIC_CLIMATOLOGY,True
WX_NYOMA_COLD_SNAP,Nyoma,2026-01-15,15,15,-27.34,49.4,8.97,220.0,290.7,777.3,26.9,0.05,0.5,0.75,119.2,60207.9,0.8533,SYNTHETIC_CLIMATOLOGY,True
WX_NYOMA_COLD_SNAP,Nyoma,2026-01-15,15,16,-26.07,47.0,8.67,220.0,120.2,586.5,17.6,0.05,0.5,0.75,122.9,60207.9,0.8489,SYNTHETIC_CLIMATOLOGY,True
WX_NYOMA_COLD_SNAP,Nyoma,2026-01-15,15,17,-25.27,45.5,8.19,220.0,0.0,0.0,0.0,0.05,0.5,0.75,125.2,60207.9,0.8462,SYNTHETIC_CLIMATOLOGY,True
WX_NYOMA_COLD_SNAP,Nyoma,2026-01-15,15,18,-25.0,45.0,7.56,220.0,0.0,0.0,0.0,0.05,0.5,0.75,126.1,60207.9,0.8452,SYNTHETIC_CLIMATOLOGY,True
WX_NYOMA_COLD_SNAP,Nyoma,2026-01-15,15,19,-25.27,45.5,6.83,220.0,0.0,0.0,0.0,0.05,0.5,0.75,125.2,60207.9,0.8462,SYNTHETIC_CLIMATOLOGY,True
WX_NYOMA_COLD_SNAP,Nyoma,2026-01-15,15,20,-26.07,47.0,6.05,220.0,0.0,0.0,0.0,0.05,0.5,0.75,122.9,60207.9,0.8489,SYNTHETIC_CLIMATOLOGY,True
WX_NYOMA_COLD_SNAP,Nyoma,2026-01-15,15,21,-27.34,49.4,5.27,220.0,0.0,0.0,0.0,0.05,0.5,0.75,119.2,60207.9,0.8533,SYNTHETIC_CLIMATOLOGY,True
WX_NYOMA_COLD_SNAP,Nyoma,2026-01-15,15,22,-29.0,52.5,4.54,220.0,0.0,0.0,0.0,0.05,0.5,0.75,114.5,60207.9,0.8591,SYNTHETIC_CLIMATOLOGY,True
WX_NYOMA_COLD_SNAP,Nyoma,2026-01-15,15,23,-30.93,56.1,3.91,220.0,0.0,0.0,0.0,0.05,0.5,0.75,109.3,60207.9,0.8659,SYNTHETIC_CLIMATOLOGY,True
WX_CHUSHUL_NORMAL_WINTER,Chushul,2026-01-15,15,0,-22.0,60.0,2.49,220.0,0.0,0.0,0.0,0.15,0.25,0.75,141.9,58880.1,0.8167,SYNTHETIC_CLIMATOLOGY,True
WX_CHUSHUL_NORMAL_WINTER,Chushul,2026-01-15,15,1,-23.94,63.9,2.27,220.0,0.0,0.0,0.0,0.15,0.25,0.75,135.8,58880.1,0.8231,SYNTHETIC_CLIMATOLOGY,True
WX_CHUSHUL_NORMAL_WINTER,Chushul,2026-01-15,15,2,-25.75,67.5,2.2,220.0,0.0,0.0,0.0,0.15,0.25,0.75,130.2,58880.1,0.8291,SYNTHETIC_CLIMATOLOGY,True
WX_CHUSHUL_NORMAL_WINTER,Chushul,2026-01-15,15,3,-27.3,70.6,2.27,220.0,0.0,0.0,0.0,0.15,0.25,0.75,125.6,58880.1,0.8343,SYNTHETIC_CLIMATOLOGY,True
WX_CHUSHUL_NORMAL_WINTER,Chushul,2026-01-15,15,4,-28.5,73.0,2.49,220.0,0.0,0.0,0.0,0.15,0.25,0.75,122.2,58880.1,0.8384,SYNTHETIC_CLIMATOLOGY,True
WX_CHUSHUL_NORMAL_WINTER,Chushul,2026-01-15,15,5,-29.24,74.5,2.84,220.0,0.0,0.0,0.0,0.15,0.25,0.75,120.1,58880.1,0.841,SYNTHETIC_CLIMATOLOGY,True
WX_CHUSHUL_NORMAL_WINTER,Chushul,2026-01-15,15,6,-29.5,75.0,3.3,220.0,0.0,0.0,0.0,0.15,0.25,0.75,119.3,58880.1,0.8419,SYNTHETIC_CLIMATOLOGY,True
WX_CHUSHUL_NORMAL_WINTER,Chushul,2026-01-15,15,7,-29.24,74.5,3.83,220.0,4.8,117.5,2.7,0.15,0.25,0.75,120.1,58880.1,0.841,SYNTHETIC_CLIMATOLOGY,True
WX_CHUSHUL_NORMAL_WINTER,Chushul,2026-01-15,15,8,-28.5,73.0,4.4,220.0,132.6,540.4,22.6,0.15,0.25,0.75,122.2,58880.1,0.8384,SYNTHETIC_CLIMATOLOGY,True
WX_CHUSHUL_NORMAL_WINTER,Chushul,2026-01-15,15,9,-27.3,70.6,4.97,220.0,280.4,677.0,35.9,0.15,0.25,0.75,125.6,58880.1,0.8343,SYNTHETIC_CLIMATOLOGY,True
WX_CHUSHUL_NORMAL_WINTER,Chushul,2026-01-15,15,10,-25.75,67.5,5.5,220.0,399.7,737.4,45.4,0.15,0.25,0.75,130.2,58880.1,0.8291,SYNTHETIC_CLIMATOLOGY,True
WX_CHUSHUL_NORMAL_WINTER,Chushul,2026-01-15,15,11,-23.94,63.9,5.96,220.0,474.4,765.0,51.0,0.15,0.25,0.75,135.8,58880.1,0.8231,SYNTHETIC_CLIMATOLOGY,True
WX_CHUSHUL_NORMAL_WINTER,Chushul,2026-01-15,15,12,-22.0,60.0,6.31,220.0,496.7,772.2,52.6,0.15,0.25,0.75,141.9,58880.1,0.8167,SYNTHETIC_CLIMATOLOGY,True
WX_CHUSHUL_NORMAL_WINTER,Chushul,2026-01-15,15,13,-20.06,56.1,6.53,220.0,464.4,761.7,50.2,0.15,0.25,0.75,148.3,58880.1,0.8105,SYNTHETIC_CLIMATOLOGY,True
WX_CHUSHUL_NORMAL_WINTER,Chushul,2026-01-15,15,14,-18.25,52.5,6.6,220.0,380.8,729.4,43.9,0.15,0.25,0.75,154.5,58880.1,0.8047,SYNTHETIC_CLIMATOLOGY,True
WX_CHUSHUL_NORMAL_WINTER,Chushul,2026-01-15,15,15,-16.7,49.4,6.53,220.0,254.7,659.9,33.8,0.15,0.25,0.75,159.9,58880.1,0.7998,SYNTHETIC_CLIMATOLOGY,True
WX_CHUSHUL_NORMAL_WINTER,Chushul,2026-01-15,15,16,-15.5,47.0,6.31,220.0,104.6,496.7,19.6,0.15,0.25,0.75,164.2,58880.1,0.7961,SYNTHETIC_CLIMATOLOGY,True
WX_CHUSHUL_NORMAL_WINTER,Chushul,2026-01-15,15,17,-14.76,45.5,5.96,220.0,0.0,0.0,0.0,0.15,0.25,0.75,167.0,58880.1,0.7938,SYNTHETIC_CLIMATOLOGY,True
WX_CHUSHUL_NORMAL_WINTER,Chushul,2026-01-15,15,18,-14.5,45.0,5.5,220.0,0.0,0.0,0.0,0.15,0.25,0.75,167.9,58880.1,0.793,SYNTHETIC_CLIMATOLOGY,True
WX_CHUSHUL_NORMAL_WINTER,Chushul,2026-01-15,15,19,-14.76,45.5,4.97,220.0,0.0,0.0,0.0,0.15,0.25,0.75,167.0,58880.1,0.7938,SYNTHETIC_CLIMATOLOGY,True
WX_CHUSHUL_NORMAL_WINTER,Chushul,2026-01-15,15,20,-15.5,47.0,4.4,220.0,0.0,0.0,0.0,0.15,0.25,0.75,164.2,58880.1,0.7961,SYNTHETIC_CLIMATOLOGY,True
WX_CHUSHUL_NORMAL_WINTER,Chushul,2026-01-15,15,21,-16.7,49.4,3.83,220.0,0.0,0.0,0.0,0.15,0.25,0.75,159.9,58880.1,0.7998,SYNTHETIC_CLIMATOLOGY,True
WX_CHUSHUL_NORMAL_WINTER,Chushul,2026-01-15,15,22,-18.25,52.5,3.3,220.0,0.0,0.0,0.0,0.15,0.25,0.75,154.5,58880.1,0.8047,SYNTHETIC_CLIMATOLOGY,True
WX_CHUSHUL_NORMAL_WINTER,Chushul,2026-01-15,15,23,-20.06,56.1,2.84,220.0,0.0,0.0,0.0,0.15,0.25,0.75,148.3,58880.1,0.8105,SYNTHETIC_CLIMATOLOGY,True
WX_CHUSHUL_COLD_WINTER,Chushul,2026-01-15,15,0,-28.0,60.0,2.99,220.0,0.0,0.0,0.0,0.1,0.4,0.75,120.4,58880.1,0.8367,SYNTHETIC_CLIMATOLOGY,True
WX_CHUSHUL_COLD_WINTER,Chushul,2026-01-15,15,1,-29.94,63.9,2.73,220.0,0.0,0.0,0.0,0.1,0.4,0.75,115.0,58880.1,0.8434,SYNTHETIC_CLIMATOLOGY,True
WX_CHUSHUL_COLD_WINTER,Chushul,2026-01-15,15,2,-31.75,67.5,2.64,220.0,0.0,0.0,0.0,0.1,0.4,0.75,110.1,58880.1,0.8497,SYNTHETIC_CLIMATOLOGY,True
WX_CHUSHUL_COLD_WINTER,Chushul,2026-01-15,15,3,-33.3,70.6,2.73,220.0,0.0,0.0,0.0,0.1,0.4,0.75,106.1,58880.1,0.8552,SYNTHETIC_CLIMATOLOGY,True
WX_CHUSHUL_COLD_WINTER,Chushul,2026-01-15,15,4,-34.5,73.0,2.99,220.0,0.0,0.0,0.0,0.1,0.4,0.75,103.0,58880.1,0.8595,SYNTHETIC_CLIMATOLOGY,True
WX_CHUSHUL_COLD_WINTER,Chushul,2026-01-15,15,5,-35.24,74.5,3.41,220.0,0.0,0.0,0.0,0.1,0.4,0.75,101.2,58880.1,0.8622,SYNTHETIC_CLIMATOLOGY,True
WX_CHUSHUL_COLD_WINTER,Chushul,2026-01-15,15,6,-35.5,75.0,3.96,220.0,0.0,0.0,0.0,0.1,0.4,0.75,100.5,58880.1,0.8631,SYNTHETIC_CLIMATOLOGY,True
WX_CHUSHUL_COLD_WINTER,Chushul,2026-01-15,15,7,-35.24,74.5,4.6,220.0,5.1,128.0,2.7,0.1,0.4,0.75,101.2,58880.1,0.8622,SYNTHETIC_CLIMATOLOGY,True
WX_CHUSHUL_COLD_WINTER,Chushul,2026-01-15,15,8,-34.5,73.0,5.28,220.0,140.7,588.8,20.9,0.1,0.4,0.75,103.0,58880.1,0.8595,SYNTHETIC_CLIMATOLOGY,True
WX_CHUSHUL_COLD_WINTER,Chushul,2026-01-15,15,9,-33.3,70.6,5.96,220.0,298.2,737.6,31.9,0.1,0.4,0.75,106.1,58880.1,0.8552,SYNTHETIC_CLIMATOLOGY,True
WX_CHUSHUL_COLD_WINTER,Chushul,2026-01-15,15,10,-31.75,67.5,6.6,220.0,425.4,803.4,39.3,0.1,0.4,0.75,110.1,58880.1,0.8497,SYNTHETIC_CLIMATOLOGY,True
WX_CHUSHUL_COLD_WINTER,Chushul,2026-01-15,15,11,-29.94,63.9,7.15,220.0,505.0,833.5,43.6,0.1,0.4,0.75,115.0,58880.1,0.8434,SYNTHETIC_CLIMATOLOGY,True
WX_CHUSHUL_COLD_WINTER,Chushul,2026-01-15,15,12,-28.0,60.0,7.57,220.0,528.7,841.4,44.9,0.1,0.4,0.75,120.4,58880.1,0.8367,SYNTHETIC_CLIMATOLOGY,True
WX_CHUSHUL_COLD_WINTER,Chushul,2026-01-15,15,13,-26.06,56.1,7.83,220.0,494.3,829.9,43.0,0.1,0.4,0.75,126.1,58880.1,0.8301,SYNTHETIC_CLIMATOLOGY,True
WX_CHUSHUL_COLD_WINTER,Chushul,2026-01-15,15,14,-24.25,52.5,7.92,220.0,405.2,794.7,38.2,0.1,0.4,0.75,131.5,58880.1,0.8241,SYNTHETIC_CLIMATOLOGY,True
WX_CHUSHUL_COLD_WINTER,Chushul,2026-01-15,15,15,-22.7,49.4,7.83,220.0,270.8,719.0,30.1,0.1,0.4,0.75,136.4,58880.1,0.819,SYNTHETIC_CLIMATOLOGY,True
WX_CHUSHUL_COLD_WINTER,Chushul,2026-01-15,15,16,-21.5,47.0,7.57,220.0,111.0,541.2,18.4,0.1,0.4,0.75,140.2,58880.1,0.8151,SYNTHETIC_CLIMATOLOGY,True
WX_CHUSHUL_COLD_WINTER,Chushul,2026-01-15,15,17,-20.76,45.5,7.15,220.0,0.0,0.0,0.0,0.1,0.4,0.75,142.6,58880.1,0.8127,SYNTHETIC_CLIMATOLOGY,True
WX_CHUSHUL_COLD_WINTER,Chushul,2026-01-15,15,18,-20.5,45.0,6.6,220.0,0.0,0.0,0.0,0.1,0.4,0.75,143.5,58880.1,0.8119,SYNTHETIC_CLIMATOLOGY,True
WX_CHUSHUL_COLD_WINTER,Chushul,2026-01-15,15,19,-20.76,45.5,5.96,220.0,0.0,0.0,0.0,0.1,0.4,0.75,142.6,58880.1,0.8127,SYNTHETIC_CLIMATOLOGY,True
WX_CHUSHUL_COLD_WINTER,Chushul,2026-01-15,15,20,-21.5,47.0,5.28,220.0,0.0,0.0,0.0,0.1,0.4,0.75,140.2,58880.1,0.8151,SYNTHETIC_CLIMATOLOGY,True
WX_CHUSHUL_COLD_WINTER,Chushul,2026-01-15,15,21,-22.7,49.4,4.6,220.0,0.0,0.0,0.0,0.1,0.4,0.75,136.4,58880.1,0.819,SYNTHETIC_CLIMATOLOGY,True
WX_CHUSHUL_COLD_WINTER,Chushul,2026-01-15,15,22,-24.25,52.5,3.96,220.0,0.0,0.0,0.0,0.1,0.4,0.75,131.5,58880.1,0.8241,SYNTHETIC_CLIMATOLOGY,True
WX_CHUSHUL_COLD_WINTER,Chushul,2026-01-15,15,23,-26.06,56.1,3.41,220.0,0.0,0.0,0.0,0.1,0.4,0.75,126.1,58880.1,0.8301,SYNTHETIC_CLIMATOLOGY,True
WX_CHUSHUL_EXTREME_WINTER,Chushul,2026-01-15,15,0,-34.0,60.0,3.74,220.0,0.0,0.0,0.0,0.05,0.6,0.75,101.4,58880.1,0.8577,SYNTHETIC_CLIMATOLOGY,True
WX_CHUSHUL_EXTREME_WINTER,Chushul,2026-01-15,15,1,-35.94,63.9,3.41,220.0,0.0,0.0,0.0,0.05,0.6,0.75,96.6,58880.1,0.8647,SYNTHETIC_CLIMATOLOGY,True
WX_CHUSHUL_EXTREME_WINTER,Chushul,2026-01-15,15,2,-37.75,67.5,3.3,220.0,0.0,0.0,0.0,0.05,0.6,0.75,92.3,58880.1,0.8714,SYNTHETIC_CLIMATOLOGY,True
WX_CHUSHUL_EXTREME_WINTER,Chushul,2026-01-15,15,3,-39.3,70.6,3.41,220.0,0.0,0.0,0.0,0.05,0.6,0.75,88.8,58880.1,0.8772,SYNTHETIC_CLIMATOLOGY,True
WX_CHUSHUL_EXTREME_WINTER,Chushul,2026-01-15,15,4,-40.5,73.0,3.74,220.0,0.0,0.0,0.0,0.05,0.6,0.75,86.2,58880.1,0.8817,SYNTHETIC_CLIMATOLOGY,True
WX_CHUSHUL_EXTREME_WINTER,Chushul,2026-01-15,15,5,-41.24,74.5,4.27,220.0,0.0,0.0,0.0,0.05,0.6,0.75,84.5,58880.1,0.8845,SYNTHETIC_CLIMATOLOGY,True
WX_CHUSHUL_EXTREME_WINTER,Chushul,2026-01-15,15,6,-41.5,75.0,4.95,220.0,0.0,0.0,0.0,0.05,0.6,0.75,84.0,58880.1,0.8855,SYNTHETIC_CLIMATOLOGY,True
WX_CHUSHUL_EXTREME_WINTER,Chushul,2026-01-15,15,7,-41.24,74.5,5.75,220.0,5.3,138.8,2.7,0.05,0.6,0.75,84.5,58880.1,0.8845,SYNTHETIC_CLIMATOLOGY,True
WX_CHUSHUL_EXTREME_WINTER,Chushul,2026-01-15,15,8,-40.5,73.0,6.6,220.0,149.2,638.5,19.3,0.05,0.6,0.75,86.2,58880.1,0.8817,SYNTHETIC_CLIMATOLOGY,True
WX_CHUSHUL_EXTREME_WINTER,Chushul,2026-01-15,15,9,-39.3,70.6,7.45,220.0,316.7,799.9,27.8,0.05,0.6,0.75,88.8,58880.1,0.8772,SYNTHETIC_CLIMATOLOGY,True
WX_CHUSHUL_EXTREME_WINTER,Chushul,2026-01-15,15,10,-37.75,67.5,8.25,220.0,451.9,871.3,33.2,0.05,0.6,0.75,92.3,58880.1,0.8714,SYNTHETIC_CLIMATOLOGY,True
WX_CHUSHUL_EXTREME_WINTER,Chushul,2026-01-15,15,11,-35.94,63.9,8.93,220.0,536.6,903.9,36.2,0.05,0.6,0.75,96.6,58880.1,0.8647,SYNTHETIC_CLIMATOLOGY,True
WX_CHUSHUL_EXTREME_WINTER,Chushul,2026-01-15,15,12,-34.0,60.0,9.46,220.0,561.8,912.4,37.1,0.05,0.6,0.75,101.4,58880.1,0.8577,SYNTHETIC_CLIMATOLOGY,True
WX_CHUSHUL_EXTREME_WINTER,Chushul,2026-01-15,15,13,-32.06,56.1,9.79,220.0,525.2,900.0,35.8,0.05,0.6,0.75,106.3,58880.1,0.8508,SYNTHETIC_CLIMATOLOGY,True
WX_CHUSHUL_EXTREME_WINTER,Chushul,2026-01-15,15,14,-30.25,52.5,9.9,220.0,430.4,861.8,32.4,0.05,0.6,0.75,111.1,58880.1,0.8445,SYNTHETIC_CLIMATOLOGY,True
WX_CHUSHUL_EXTREME_WINTER,Chushul,2026-01-15,15,15,-28.7,49.4,9.79,220.0,287.5,779.8,26.5,0.05,0.6,0.75,115.4,58880.1,0.8391,SYNTHETIC_CLIMATOLOGY,True
WX_CHUSHUL_EXTREME_WINTER,Chushul,2026-01-15,15,16,-27.5,47.0,9.46,220.0,117.6,586.9,17.2,0.05,0.6,0.75,118.7,58880.1,0.835,SYNTHETIC_CLIMATOLOGY,True
WX_CHUSHUL_EXTREME_WINTER,Chushul,2026-01-15,15,17,-26.76,45.5,8.93,220.0,0.0,0.0,0.0,0.05,0.6,0.75,120.9,58880.1,0.8325,SYNTHETIC_CLIMATOLOGY,True
WX_CHUSHUL_EXTREME_WINTER,Chushul,2026-01-15,15,18,-26.5,45.0,8.25,220.0,0.0,0.0,0.0,0.05,0.6,0.75,121.6,58880.1,0.8316,SYNTHETIC_CLIMATOLOGY,True
WX_CHUSHUL_EXTREME_WINTER,Chushul,2026-01-15,15,19,-26.76,45.5,7.45,220.0,0.0,0.0,0.0,0.05,0.6,0.75,120.9,58880.1,0.8325,SYNTHETIC_CLIMATOLOGY,True
WX_CHUSHUL_EXTREME_WINTER,Chushul,2026-01-15,15,20,-27.5,47.0,6.6,220.0,0.0,0.0,0.0,0.05,0.6,0.75,118.7,58880.1,0.835,SYNTHETIC_CLIMATOLOGY,True
WX_CHUSHUL_EXTREME_WINTER,Chushul,2026-01-15,15,21,-28.7,49.4,5.75,220.0,0.0,0.0,0.0,0.05,0.6,0.75,115.4,58880.1,0.8391,SYNTHETIC_CLIMATOLOGY,True
WX_CHUSHUL_EXTREME_WINTER,Chushul,2026-01-15,15,22,-30.25,52.5,4.95,220.0,0.0,0.0,0.0,0.05,0.6,0.75,111.1,58880.1,0.8445,SYNTHETIC_CLIMATOLOGY,True
WX_CHUSHUL_EXTREME_WINTER,Chushul,2026-01-15,15,23,-32.06,56.1,4.27,220.0,0.0,0.0,0.0,0.05,0.6,0.75,106.3,58880.1,0.8508,SYNTHETIC_CLIMATOLOGY,True
WX_CHUSHUL_CLEAR_SKY_NIGHT,Chushul,2026-01-15,15,0,-26.0,60.0,2.0,220.0,0.0,0.0,0.0,0.0,0.3,0.75,120.0,58880.1,0.8299,SYNTHETIC_CLIMATOLOGY,True
WX_CHUSHUL_CLEAR_SKY_NIGHT,Chushul,2026-01-15,15,1,-27.94,63.9,1.82,220.0,0.0,0.0,0.0,0.0,0.3,0.75,114.4,58880.1,0.8365,SYNTHETIC_CLIMATOLOGY,True
WX_CHUSHUL_CLEAR_SKY_NIGHT,Chushul,2026-01-15,15,2,-29.75,67.5,1.76,220.0,0.0,0.0,0.0,0.0,0.3,0.75,109.5,58880.1,0.8427,SYNTHETIC_CLIMATOLOGY,True
WX_CHUSHUL_CLEAR_SKY_NIGHT,Chushul,2026-01-15,15,3,-31.3,70.6,1.82,220.0,0.0,0.0,0.0,0.0,0.3,0.75,105.3,58880.1,0.8481,SYNTHETIC_CLIMATOLOGY,True
WX_CHUSHUL_CLEAR_SKY_NIGHT,Chushul,2026-01-15,15,4,-32.5,73.0,2.0,220.0,0.0,0.0,0.0,0.0,0.3,0.75,102.3,58880.1,0.8523,SYNTHETIC_CLIMATOLOGY,True
WX_CHUSHUL_CLEAR_SKY_NIGHT,Chushul,2026-01-15,15,5,-33.24,74.5,2.28,220.0,0.0,0.0,0.0,0.0,0.3,0.75,100.4,58880.1,0.855,SYNTHETIC_CLIMATOLOGY,True
WX_CHUSHUL_CLEAR_SKY_NIGHT,Chushul,2026-01-15,15,6,-33.5,75.0,2.64,220.0,0.0,0.0,0.0,0.0,0.3,0.75,99.7,58880.1,0.8559,SYNTHETIC_CLIMATOLOGY,True
WX_CHUSHUL_CLEAR_SKY_NIGHT,Chushul,2026-01-15,15,7,-33.24,74.5,3.06,220.0,5.5,149.9,2.8,0.0,0.3,0.75,100.4,58880.1,0.855,SYNTHETIC_CLIMATOLOGY,True
WX_CHUSHUL_CLEAR_SKY_NIGHT,Chushul,2026-01-15,15,8,-32.5,73.0,3.52,220.0,157.9,689.6,17.6,0.0,0.3,0.75,102.3,58880.1,0.8523,SYNTHETIC_CLIMATOLOGY,True
WX_CHUSHUL_CLEAR_SKY_NIGHT,Chushul,2026-01-15,15,9,-31.3,70.6,3.98,220.0,335.7,863.9,23.7,0.0,0.3,0.75,105.3,58880.1,0.8481,SYNTHETIC_CLIMATOLOGY,True
WX_CHUSHUL_CLEAR_SKY_NIGHT,Chushul,2026-01-15,15,10,-29.75,67.5,4.4,220.0,479.2,941.0,27.1,0.0,0.3,0.75,109.5,58880.1,0.8427,SYNTHETIC_CLIMATOLOGY,True
WX_CHUSHUL_CLEAR_SKY_NIGHT,Chushul,2026-01-15,15,11,-27.94,63.9,4.76,220.0,569.2,976.2,28.9,0.0,0.3,0.75,114.4,58880.1,0.8365,SYNTHETIC_CLIMATOLOGY,True
WX_CHUSHUL_CLEAR_SKY_NIGHT,Chushul,2026-01-15,15,12,-26.0,60.0,5.04,220.0,596.0,985.4,29.3,0.0,0.3,0.75,120.0,58880.1,0.8299,SYNTHETIC_CLIMATOLOGY,True
WX_CHUSHUL_CLEAR_SKY_NIGHT,Chushul,2026-01-15,15,13,-24.06,56.1,5.22,220.0,557.2,971.9,28.6,0.0,0.3,0.75,125.8,58880.1,0.8235,SYNTHETIC_CLIMATOLOGY,True
WX_CHUSHUL_CLEAR_SKY_NIGHT,Chushul,2026-01-15,15,14,-22.25,52.5,5.28,220.0,456.4,930.7,26.6,0.0,0.3,0.75,131.3,58880.1,0.8175,SYNTHETIC_CLIMATOLOGY,True
WX_CHUSHUL_CLEAR_SKY_NIGHT,Chushul,2026-01-15,15,15,-20.7,49.4,5.22,220.0,304.7,842.1,22.8,0.0,0.3,0.75,136.3,58880.1,0.8125,SYNTHETIC_CLIMATOLOGY,True
WX_CHUSHUL_CLEAR_SKY_NIGHT,Chushul,2026-01-15,15,16,-19.5,47.0,5.04,220.0,124.4,633.8,15.9,0.0,0.3,0.75,140.2,58880.1,0.8087,SYNTHETIC_CLIMATOLOGY,True
WX_CHUSHUL_CLEAR_SKY_NIGHT,Chushul,2026-01-15,15,17,-18.76,45.5,4.76,220.0,0.0,0.0,0.0,0.0,0.3,0.75,142.7,58880.1,0.8063,SYNTHETIC_CLIMATOLOGY,True
WX_CHUSHUL_CLEAR_SKY_NIGHT,Chushul,2026-01-15,15,18,-18.5,45.0,4.4,220.0,0.0,0.0,0.0,0.0,0.3,0.75,143.6,58880.1,0.8055,SYNTHETIC_CLIMATOLOGY,True
WX_CHUSHUL_CLEAR_SKY_NIGHT,Chushul,2026-01-15,15,19,-18.76,45.5,3.98,220.0,0.0,0.0,0.0,0.0,0.3,0.75,142.7,58880.1,0.8063,SYNTHETIC_CLIMATOLOGY,True
WX_CHUSHUL_CLEAR_SKY_NIGHT,Chushul,2026-01-15,15,20,-19.5,47.0,3.52,220.0,0.0,0.0,0.0,0.0,0.3,0.75,140.2,58880.1,0.8087,SYNTHETIC_CLIMATOLOGY,True
WX_CHUSHUL_CLEAR_SKY_NIGHT,Chushul,2026-01-15,15,21,-20.7,49.4,3.06,220.0,0.0,0.0,0.0,0.0,0.3,0.75,136.3,58880.1,0.8125,SYNTHETIC_CLIMATOLOGY,True
WX_CHUSHUL_CLEAR_SKY_NIGHT,Chushul,2026-01-15,15,22,-22.25,52.5,2.64,220.0,0.0,0.0,0.0,0.0,0.3,0.75,131.3,58880.1,0.8175,SYNTHETIC_CLIMATOLOGY,True
WX_CHUSHUL_CLEAR_SKY_NIGHT,Chushul,2026-01-15,15,23,-24.06,56.1,2.28,220.0,0.0,0.0,0.0,0.0,0.3,0.75,125.8,58880.1,0.8235,SYNTHETIC_CLIMATOLOGY,True
WX_CHUSHUL_SNOW_COVER,Chushul,2026-01-15,15,0,-24.0,60.0,2.74,220.0,0.0,0.0,0.0,0.2,0.8,0.75,138.9,58880.1,0.8233,SYNTHETIC_CLIMATOLOGY,True
WX_CHUSHUL_SNOW_COVER,Chushul,2026-01-15,15,1,-25.94,63.9,2.5,220.0,0.0,0.0,0.0,0.2,0.8,0.75,132.9,58880.1,0.8297,SYNTHETIC_CLIMATOLOGY,True
WX_CHUSHUL_SNOW_COVER,Chushul,2026-01-15,15,2,-27.75,67.5,2.42,220.0,0.0,0.0,0.0,0.2,0.8,0.75,127.6,58880.1,0.8359,SYNTHETIC_CLIMATOLOGY,True
WX_CHUSHUL_SNOW_COVER,Chushul,2026-01-15,15,3,-29.3,70.6,2.5,220.0,0.0,0.0,0.0,0.2,0.8,0.75,123.1,58880.1,0.8412,SYNTHETIC_CLIMATOLOGY,True
WX_CHUSHUL_SNOW_COVER,Chushul,2026-01-15,15,4,-30.5,73.0,2.74,220.0,0.0,0.0,0.0,0.2,0.8,0.75,119.7,58880.1,0.8453,SYNTHETIC_CLIMATOLOGY,True
WX_CHUSHUL_SNOW_COVER,Chushul,2026-01-15,15,5,-31.24,74.5,3.13,220.0,0.0,0.0,0.0,0.2,0.8,0.75,117.7,58880.1,0.8479,SYNTHETIC_CLIMATOLOGY,True
WX_CHUSHUL_SNOW_COVER,Chushul,2026-01-15,15,6,-31.5,75.0,3.63,220.0,0.0,0.0,0.0,0.2,0.8,0.75,117.0,58880.1,0.8488,SYNTHETIC_CLIMATOLOGY,True
WX_CHUSHUL_SNOW_COVER,Chushul,2026-01-15,15,7,-31.24,74.5,4.21,220.0,4.6,107.3,2.7,0.2,0.8,0.75,117.7,58880.1,0.8479,SYNTHETIC_CLIMATOLOGY,True
WX_CHUSHUL_SNOW_COVER,Chushul,2026-01-15,15,8,-30.5,73.0,4.84,220.0,124.6,493.4,24.2,0.2,0.8,0.75,119.7,58880.1,0.8453,SYNTHETIC_CLIMATOLOGY,True
WX_CHUSHUL_SNOW_COVER,Chushul,2026-01-15,15,9,-29.3,70.6,5.47,220.0,263.2,618.2,40.0,0.2,0.8,0.75,123.1,58880.1,0.8412,SYNTHETIC_CLIMATOLOGY,True
WX_CHUSHUL_SNOW_COVER,Chushul,2026-01-15,15,10,-27.75,67.5,6.05,220.0,375.0,673.3,51.4,0.2,0.8,0.75,127.6,58880.1,0.8359,SYNTHETIC_CLIMATOLOGY,True
WX_CHUSHUL_SNOW_COVER,Chushul,2026-01-15,15,11,-25.94,63.9,6.55,220.0,444.9,698.5,58.3,0.2,0.8,0.75,132.9,58880.1,0.8297,SYNTHETIC_CLIMATOLOGY,True
WX_CHUSHUL_SNOW_COVER,Chushul,2026-01-15,15,12,-24.0,60.0,6.94,220.0,465.8,705.1,60.3,0.2,0.8,0.75,138.9,58880.1,0.8233,SYNTHETIC_CLIMATOLOGY,True
WX_CHUSHUL_SNOW_COVER,Chushul,2026-01-15,15,13,-22.06,56.1,7.18,220.0,435.6,695.5,57.4,0.2,0.8,0.75,145.1,58880.1,0.8169,SYNTHETIC_CLIMATOLOGY,True
WX_CHUSHUL_SNOW_COVER,Chushul,2026-01-15,15,14,-20.25,52.5,7.26,220.0,357.2,666.0,49.6,0.2,0.8,0.75,151.1,58880.1,0.8111,SYNTHETIC_CLIMATOLOGY,True
WX_CHUSHUL_SNOW_COVER,Chushul,2026-01-15,15,15,-18.7,49.4,7.18,220.0,239.1,602.6,37.4,0.2,0.8,0.75,156.4,58880.1,0.8061,SYNTHETIC_CLIMATOLOGY,True
WX_CHUSHUL_SNOW_COVER,Chushul,2026-01-15,15,16,-17.5,47.0,6.94,220.0,98.4,453.5,20.8,0.2,0.8,0.75,160.5,58880.1,0.8024,SYNTHETIC_CLIMATOLOGY,True
WX_CHUSHUL_SNOW_COVER,Chushul,2026-01-15,15,17,-16.76,45.5,6.55,220.0,0.0,0.0,0.0,0.2,0.8,0.75,163.2,58880.1,0.8,SYNTHETIC_CLIMATOLOGY,True
WX_CHUSHUL_SNOW_COVER,Chushul,2026-01-15,15,18,-16.5,45.0,6.05,220.0,0.0,0.0,0.0,0.2,0.8,0.75,164.1,58880.1,0.7992,SYNTHETIC_CLIMATOLOGY,True
WX_CHUSHUL_SNOW_COVER,Chushul,2026-01-15,15,19,-16.76,45.5,5.47,220.0,0.0,0.0,0.0,0.2,0.8,0.75,163.2,58880.1,0.8,SYNTHETIC_CLIMATOLOGY,True
WX_CHUSHUL_SNOW_COVER,Chushul,2026-01-15,15,20,-17.5,47.0,4.84,220.0,0.0,0.0,0.0,0.2,0.8,0.75,160.5,58880.1,0.8024,SYNTHETIC_CLIMATOLOGY,True
WX_CHUSHUL_SNOW_COVER,Chushul,2026-01-15,15,21,-18.7,49.4,4.21,220.0,0.0,0.0,0.0,0.2,0.8,0.75,156.4,58880.1,0.8061,SYNTHETIC_CLIMATOLOGY,True
WX_CHUSHUL_SNOW_COVER,Chushul,2026-01-15,15,22,-20.25,52.5,3.63,220.0,0.0,0.0,0.0,0.2,0.8,0.75,151.1,58880.1,0.8111,SYNTHETIC_CLIMATOLOGY,True
WX_CHUSHUL_SNOW_COVER,Chushul,2026-01-15,15,23,-22.06,56.1,3.13,220.0,0.0,0.0,0.0,0.2,0.8,0.75,145.1,58880.1,0.8169,SYNTHETIC_CLIMATOLOGY,True
WX_CHUSHUL_HIGH_SOLAR_DAY,Chushul,2026-01-15,15,0,-20.0,60.0,2.25,220.0,0.0,0.0,0.0,0.0,0.2,0.75,138.6,58880.1,0.8103,SYNTHETIC_CLIMATOLOGY,True
WX_CHUSHUL_HIGH_SOLAR_DAY,Chushul,2026-01-15,15,1,-21.94,63.9,2.05,220.0,0.0,0.0,0.0,0.0,0.2,0.75,132.3,58880.1,0.8165,SYNTHETIC_CLIMATOLOGY,True
WX_CHUSHUL_HIGH_SOLAR_DAY,Chushul,2026-01-15,15,2,-23.75,67.5,1.98,220.0,0.0,0.0,0.0,0.0,0.2,0.75,126.7,58880.1,0.8225,SYNTHETIC_CLIMATOLOGY,True
WX_CHUSHUL_HIGH_SOLAR_DAY,Chushul,2026-01-15,15,3,-25.3,70.6,2.05,220.0,0.0,0.0,0.0,0.0,0.2,0.75,122.0,58880.1,0.8276,SYNTHETIC_CLIMATOLOGY,True
WX_CHUSHUL_HIGH_SOLAR_DAY,Chushul,2026-01-15,15,4,-26.5,73.0,2.25,220.0,0.0,0.0,0.0,0.0,0.2,0.75,118.6,58880.1,0.8316,SYNTHETIC_CLIMATOLOGY,True
WX_CHUSHUL_HIGH_SOLAR_DAY,Chushul,2026-01-15,15,5,-27.24,74.5,2.56,220.0,0.0,0.0,0.0,0.0,0.2,0.75,116.4,58880.1,0.8341,SYNTHETIC_CLIMATOLOGY,True
WX_CHUSHUL_HIGH_SOLAR_DAY,Chushul,2026-01-15,15,6,-27.5,75.0,2.97,220.0,0.0,0.0,0.0,0.0,0.2,0.75,115.7,58880.1,0.835,SYNTHETIC_CLIMATOLOGY,True
WX_CHUSHUL_HIGH_SOLAR_DAY,Chushul,2026-01-15,15,7,-27.24,74.5,3.45,220.0,5.5,149.9,2.8,0.0,0.2,0.75,116.4,58880.1,0.8341,SYNTHETIC_CLIMATOLOGY,True
WX_CHUSHUL_HIGH_SOLAR_DAY,Chushul,2026-01-15,15,8,-26.5,73.0,3.96,220.0,157.9,689.6,17.6,0.0,0.2,0.75,118.6,58880.1,0.8316,SYNTHETIC_CLIMATOLOGY,True
WX_CHUSHUL_HIGH_SOLAR_DAY,Chushul,2026-01-15,15,9,-25.3,70.6,4.47,220.0,335.7,863.9,23.7,0.0,0.2,0.75,122.0,58880.1,0.8276,SYNTHETIC_CLIMATOLOGY,True
WX_CHUSHUL_HIGH_SOLAR_DAY,Chushul,2026-01-15,15,10,-23.75,67.5,4.95,220.0,479.2,941.0,27.1,0.0,0.2,0.75,126.7,58880.1,0.8225,SYNTHETIC_CLIMATOLOGY,True
WX_CHUSHUL_HIGH_SOLAR_DAY,Chushul,2026-01-15,15,11,-21.94,63.9,5.36,220.0,569.2,976.2,28.9,0.0,0.2,0.75,132.3,58880.1,0.8165,SYNTHETIC_CLIMATOLOGY,True
WX_CHUSHUL_HIGH_SOLAR_DAY,Chushul,2026-01-15,15,12,-20.0,60.0,5.67,220.0,596.0,985.4,29.3,0.0,0.2,0.75,138.6,58880.1,0.8103,SYNTHETIC_CLIMATOLOGY,True
WX_CHUSHUL_HIGH_SOLAR_DAY,Chushul,2026-01-15,15,13,-18.06,56.1,5.87,220.0,557.2,971.9,28.6,0.0,0.2,0.75,145.1,58880.1,0.8041,SYNTHETIC_CLIMATOLOGY,True
WX_CHUSHUL_HIGH_SOLAR_DAY,Chushul,2026-01-15,15,14,-16.25,52.5,5.94,220.0,456.4,930.7,26.6,0.0,0.2,0.75,151.3,58880.1,0.7984,SYNTHETIC_CLIMATOLOGY,True
WX_CHUSHUL_HIGH_SOLAR_DAY,Chushul,2026-01-15,15,15,-14.7,49.4,5.87,220.0,304.7,842.1,22.8,0.0,0.2,0.75,156.9,58880.1,0.7937,SYNTHETIC_CLIMATOLOGY,True
WX_CHUSHUL_HIGH_SOLAR_DAY,Chushul,2026-01-15,15,16,-13.5,47.0,5.67,220.0,124.4,633.8,15.9,0.0,0.2,0.75,161.3,58880.1,0.79,SYNTHETIC_CLIMATOLOGY,True
WX_CHUSHUL_HIGH_SOLAR_DAY,Chushul,2026-01-15,15,17,-12.76,45.5,5.36,220.0,0.0,0.0,0.0,0.0,0.2,0.75,164.1,58880.1,0.7877,SYNTHETIC_CLIMATOLOGY,True
WX_CHUSHUL_HIGH_SOLAR_DAY,Chushul,2026-01-15,15,18,-12.5,45.0,4.95,220.0,0.0,0.0,0.0,0.0,0.2,0.75,165.1,58880.1,0.787,SYNTHETIC_CLIMATOLOGY,True
WX_CHUSHUL_HIGH_SOLAR_DAY,Chushul,2026-01-15,15,19,-12.76,45.5,4.47,220.0,0.0,0.0,0.0,0.0,0.2,0.75,164.1,58880.1,0.7877,SYNTHETIC_CLIMATOLOGY,True
WX_CHUSHUL_HIGH_SOLAR_DAY,Chushul,2026-01-15,15,20,-13.5,47.0,3.96,220.0,0.0,0.0,0.0,0.0,0.2,0.75,161.3,58880.1,0.79,SYNTHETIC_CLIMATOLOGY,True
WX_CHUSHUL_HIGH_SOLAR_DAY,Chushul,2026-01-15,15,21,-14.7,49.4,3.45,220.0,0.0,0.0,0.0,0.0,0.2,0.75,156.9,58880.1,0.7937,SYNTHETIC_CLIMATOLOGY,True
WX_CHUSHUL_HIGH_SOLAR_DAY,Chushul,2026-01-15,15,22,-16.25,52.5,2.97,220.0,0.0,0.0,0.0,0.0,0.2,0.75,151.3,58880.1,0.7984,SYNTHETIC_CLIMATOLOGY,True
WX_CHUSHUL_HIGH_SOLAR_DAY,Chushul,2026-01-15,15,23,-18.06,56.1,2.56,220.0,0.0,0.0,0.0,0.0,0.2,0.75,145.1,58880.1,0.8041,SYNTHETIC_CLIMATOLOGY,True
WX_CHUSHUL_CLOUDY_DAY,Chushul,2026-01-15,15,0,-23.0,60.0,3.24,220.0,0.0,0.0,0.0,0.85,0.35,0.75,191.5,58880.1,0.82,SYNTHETIC_CLIMATOLOGY,True
WX_CHUSHUL_CLOUDY_DAY,Chushul,2026-01-15,15,1,-24.94,63.9,2.96,220.0,0.0,0.0,0.0,0.85,0.35,0.75,184.9,58880.1,0.8264,SYNTHETIC_CLIMATOLOGY,True
WX_CHUSHUL_CLOUDY_DAY,Chushul,2026-01-15,15,2,-26.75,67.5,2.86,220.0,0.0,0.0,0.0,0.85,0.35,0.75,178.9,58880.1,0.8325,SYNTHETIC_CLIMATOLOGY,True
WX_CHUSHUL_CLOUDY_DAY,Chushul,2026-01-15,15,3,-28.3,70.6,2.96,220.0,0.0,0.0,0.0,0.85,0.35,0.75,173.8,58880.1,0.8378,SYNTHETIC_CLIMATOLOGY,True
WX_CHUSHUL_CLOUDY_DAY,Chushul,2026-01-15,15,4,-29.5,73.0,3.24,220.0,0.0,0.0,0.0,0.85,0.35,0.75,170.0,58880.1,0.8419,SYNTHETIC_CLIMATOLOGY,True
WX_CHUSHUL_CLOUDY_DAY,Chushul,2026-01-15,15,5,-30.24,74.5,3.7,220.0,0.0,0.0,0.0,0.85,0.35,0.75,167.7,58880.1,0.8444,SYNTHETIC_CLIMATOLOGY,True
WX_CHUSHUL_CLOUDY_DAY,Chushul,2026-01-15,15,6,-30.5,75.0,4.29,220.0,0.0,0.0,0.0,0.85,0.35,0.75,166.9,58880.1,0.8453,SYNTHETIC_CLIMATOLOGY,True
WX_CHUSHUL_CLOUDY_DAY,Chushul,2026-01-15,15,7,-30.24,74.5,4.98,220.0,2.1,8.7,2.0,0.85,0.35,0.75,167.7,58880.1,0.8444,SYNTHETIC_CLIMATOLOGY,True
WX_CHUSHUL_CLOUDY_DAY,Chushul,2026-01-15,15,8,-29.5,73.0,5.72,220.0,38.6,40.1,30.5,0.85,0.35,0.75,170.0,58880.1,0.8419,SYNTHETIC_CLIMATOLOGY,True
WX_CHUSHUL_CLOUDY_DAY,Chushul,2026-01-15,15,9,-28.3,70.6,6.46,220.0,77.0,50.2,58.8,0.85,0.35,0.75,173.8,58880.1,0.8378,SYNTHETIC_CLIMATOLOGY,True
WX_CHUSHUL_CLOUDY_DAY,Chushul,2026-01-15,15,10,-26.75,67.5,7.15,220.0,107.4,54.7,81.1,0.85,0.35,0.75,178.9,58880.1,0.8325,SYNTHETIC_CLIMATOLOGY,True
WX_CHUSHUL_CLOUDY_DAY,Chushul,2026-01-15,15,11,-24.94,63.9,7.74,220.0,126.3,56.7,94.9,0.85,0.35,0.75,184.9,58880.1,0.8264,SYNTHETIC_CLIMATOLOGY,True
WX_CHUSHUL_CLOUDY_DAY,Chushul,2026-01-15,15,12,-23.0,60.0,8.2,220.0,131.9,57.2,99.0,0.85,0.35,0.75,191.5,58880.1,0.82,SYNTHETIC_CLIMATOLOGY,True
WX_CHUSHUL_CLOUDY_DAY,Chushul,2026-01-15,15,13,-21.06,56.1,8.48,220.0,123.8,56.5,93.1,0.85,0.35,0.75,198.3,58880.1,0.8137,SYNTHETIC_CLIMATOLOGY,True
WX_CHUSHUL_CLOUDY_DAY,Chushul,2026-01-15,15,14,-19.25,52.5,8.58,220.0,102.6,54.1,77.6,0.85,0.35,0.75,204.8,58880.1,0.8079,SYNTHETIC_CLIMATOLOGY,True
WX_CHUSHUL_CLOUDY_DAY,Chushul,2026-01-15,15,15,-17.7,49.4,8.48,220.0,70.4,48.9,54.0,0.85,0.35,0.75,210.5,58880.1,0.803,SYNTHETIC_CLIMATOLOGY,True
WX_CHUSHUL_CLOUDY_DAY,Chushul,2026-01-15,15,16,-16.5,47.0,8.2,220.0,31.2,36.8,24.9,0.85,0.35,0.75,215.0,58880.1,0.7992,SYNTHETIC_CLIMATOLOGY,True
WX_CHUSHUL_CLOUDY_DAY,Chushul,2026-01-15,15,17,-15.76,45.5,7.74,220.0,0.0,0.0,0.0,0.85,0.35,0.75,217.9,58880.1,0.7969,SYNTHETIC_CLIMATOLOGY,True
WX_CHUSHUL_CLOUDY_DAY,Chushul,2026-01-15,15,18,-15.5,45.0,7.15,220.0,0.0,0.0,0.0,0.85,0.35,0.75,218.9,58880.1,0.7961,SYNTHETIC_CLIMATOLOGY,True
WX_CHUSHUL_CLOUDY_DAY,Chushul,2026-01-15,15,19,-15.76,45.5,6.46,220.0,0.0,0.0,0.0,0.85,0.35,0.75,217.9,58880.1,0.7969,SYNTHETIC_CLIMATOLOGY,True
WX_CHUSHUL_CLOUDY_DAY,Chushul,2026-01-15,15,20,-16.5,47.0,5.72,220.0,0.0,0.0,0.0,0.85,0.35,0.75,215.0,58880.1,0.7992,SYNTHETIC_CLIMATOLOGY,True
WX_CHUSHUL_CLOUDY_DAY,Chushul,2026-01-15,15,21,-17.7,49.4,4.98,220.0,0.0,0.0,0.0,0.85,0.35,0.75,210.5,58880.1,0.803,SYNTHETIC_CLIMATOLOGY,True
WX_CHUSHUL_CLOUDY_DAY,Chushul,2026-01-15,15,22,-19.25,52.5,4.29,220.0,0.0,0.0,0.0,0.85,0.35,0.75,204.8,58880.1,0.8079,SYNTHETIC_CLIMATOLOGY,True
WX_CHUSHUL_CLOUDY_DAY,Chushul,2026-01-15,15,23,-21.06,56.1,3.7,220.0,0.0,0.0,0.0,0.85,0.35,0.75,198.3,58880.1,0.8137,SYNTHETIC_CLIMATOLOGY,True
WX_CHUSHUL_COLD_SNAP,Chushul,2026-01-15,15,0,-37.0,60.0,4.49,220.0,0.0,0.0,0.0,0.05,0.5,0.75,94.1,58880.1,0.8686,SYNTHETIC_CLIMATOLOGY,True
WX_CHUSHUL_COLD_SNAP,Chushul,2026-01-15,15,1,-38.94,63.9,4.09,220.0,0.0,0.0,0.0,0.05,0.5,0.75,89.6,58880.1,0.8758,SYNTHETIC_CLIMATOLOGY,True
WX_CHUSHUL_COLD_SNAP,Chushul,2026-01-15,15,2,-40.75,67.5,3.96,220.0,0.0,0.0,0.0,0.05,0.5,0.75,85.6,58880.1,0.8826,SYNTHETIC_CLIMATOLOGY,True
WX_CHUSHUL_COLD_SNAP,Chushul,2026-01-15,15,3,-42.3,70.6,4.09,220.0,0.0,0.0,0.0,0.05,0.5,0.75,82.3,58880.1,0.8886,SYNTHETIC_CLIMATOLOGY,True
WX_CHUSHUL_COLD_SNAP,Chushul,2026-01-15,15,4,-43.5,73.0,4.49,220.0,0.0,0.0,0.0,0.05,0.5,0.75,79.8,58880.1,0.8932,SYNTHETIC_CLIMATOLOGY,True
WX_CHUSHUL_COLD_SNAP,Chushul,2026-01-15,15,5,-44.24,74.5,5.12,220.0,0.0,0.0,0.0,0.05,0.5,0.75,78.3,58880.1,0.8961,SYNTHETIC_CLIMATOLOGY,True
WX_CHUSHUL_COLD_SNAP,Chushul,2026-01-15,15,6,-44.5,75.0,5.94,220.0,0.0,0.0,0.0,0.05,0.5,0.75,77.8,58880.1,0.8971,SYNTHETIC_CLIMATOLOGY,True
WX_CHUSHUL_COLD_SNAP,Chushul,2026-01-15,15,7,-44.24,74.5,6.9,220.0,5.3,138.8,2.7,0.05,0.5,0.75,78.3,58880.1,0.8961,SYNTHETIC_CLIMATOLOGY,True
WX_CHUSHUL_COLD_SNAP,Chushul,2026-01-15,15,8,-43.5,73.0,7.92,220.0,149.2,638.5,19.3,0.05,0.5,0.75,79.8,58880.1,0.8932,SYNTHETIC_CLIMATOLOGY,True
WX_CHUSHUL_COLD_SNAP,Chushul,2026-01-15,15,9,-42.3,70.6,8.94,220.0,316.7,799.9,27.8,0.05,0.5,0.75,82.3,58880.1,0.8886,SYNTHETIC_CLIMATOLOGY,True
WX_CHUSHUL_COLD_SNAP,Chushul,2026-01-15,15,10,-40.75,67.5,9.9,220.0,451.9,871.3,33.2,0.05,0.5,0.75,85.6,58880.1,0.8826,SYNTHETIC_CLIMATOLOGY,True
WX_CHUSHUL_COLD_SNAP,Chushul,2026-01-15,15,11,-38.94,63.9,10.72,220.0,536.6,903.9,36.2,0.05,0.5,0.75,89.6,58880.1,0.8758,SYNTHETIC_CLIMATOLOGY,True
WX_CHUSHUL_COLD_SNAP,Chushul,2026-01-15,15,12,-37.0,60.0,11.35,220.0,561.8,912.4,37.1,0.05,0.5,0.75,94.1,58880.1,0.8686,SYNTHETIC_CLIMATOLOGY,True
WX_CHUSHUL_COLD_SNAP,Chushul,2026-01-15,15,13,-35.06,56.1,11.75,220.0,525.2,900.0,35.8,0.05,0.5,0.75,98.7,58880.1,0.8615,SYNTHETIC_CLIMATOLOGY,True
WX_CHUSHUL_COLD_SNAP,Chushul,2026-01-15,15,14,-33.25,52.5,11.88,220.0,430.4,861.8,32.4,0.05,0.5,0.75,103.2,58880.1,0.855,SYNTHETIC_CLIMATOLOGY,True
WX_CHUSHUL_COLD_SNAP,Chushul,2026-01-15,15,15,-31.7,49.4,11.75,220.0,287.5,779.8,26.5,0.05,0.5,0.75,107.3,58880.1,0.8495,SYNTHETIC_CLIMATOLOGY,True
WX_CHUSHUL_COLD_SNAP,Chushul,2026-01-15,15,16,-30.5,47.0,11.35,220.0,117.6,586.9,17.2,0.05,0.5,0.75,110.4,58880.1,0.8454,SYNTHETIC_CLIMATOLOGY,True
WX_CHUSHUL_COLD_SNAP,Chushul,2026-01-15,15,17,-29.76,45.5,10.72,220.0,0.0,0.0,0.0,0.05,0.5,0.75,112.4,58880.1,0.8428,SYNTHETIC_CLIMATOLOGY,True
WX_CHUSHUL_COLD_SNAP,Chushul,2026-01-15,15,18,-29.5,45.0,9.9,220.0,0.0,0.0,0.0,0.05,0.5,0.75,113.1,58880.1,0.8419,SYNTHETIC_CLIMATOLOGY,True
WX_CHUSHUL_COLD_SNAP,Chushul,2026-01-15,15,19,-29.76,45.5,8.94,220.0,0.0,0.0,0.0,0.05,0.5,0.75,112.4,58880.1,0.8428,SYNTHETIC_CLIMATOLOGY,True
WX_CHUSHUL_COLD_SNAP,Chushul,2026-01-15,15,20,-30.5,47.0,7.92,220.0,0.0,0.0,0.0,0.05,0.5,0.75,110.4,58880.1,0.8454,SYNTHETIC_CLIMATOLOGY,True
WX_CHUSHUL_COLD_SNAP,Chushul,2026-01-15,15,21,-31.7,49.4,6.9,220.0,0.0,0.0,0.0,0.05,0.5,0.75,107.3,58880.1,0.8495,SYNTHETIC_CLIMATOLOGY,True
WX_CHUSHUL_COLD_SNAP,Chushul,2026-01-15,15,22,-33.25,52.5,5.94,220.0,0.0,0.0,0.0,0.05,0.5,0.75,103.2,58880.1,0.855,SYNTHETIC_CLIMATOLOGY,True
WX_CHUSHUL_COLD_SNAP,Chushul,2026-01-15,15,23,-35.06,56.1,5.12,220.0,0.0,0.0,0.0,0.05,0.5,0.75,98.7,58880.1,0.8615,SYNTHETIC_CLIMATOLOGY,True
WX_REZANG_LA_NORMAL_WINTER,Rezang La,2026-01-15,15,0,-28.0,60.0,3.86,220.0,0.0,0.0,0.0,0.15,0.25,0.75,123.6,54019.9,0.7677,SYNTHETIC_CLIMATOLOGY,True
WX_REZANG_LA_NORMAL_WINTER,Rezang La,2026-01-15,15,1,-29.68,63.9,3.52,220.0,0.0,0.0,0.0,0.15,0.25,0.75,118.8,54019.9,0.773,SYNTHETIC_CLIMATOLOGY,True
WX_REZANG_LA_NORMAL_WINTER,Rezang La,2026-01-15,15,2,-31.25,67.5,3.4,220.0,0.0,0.0,0.0,0.15,0.25,0.75,114.5,54019.9,0.778,SYNTHETIC_CLIMATOLOGY,True
WX_REZANG_LA_NORMAL_WINTER,Rezang La,2026-01-15,15,3,-32.6,70.6,3.52,220.0,0.0,0.0,0.0,0.15,0.25,0.75,110.9,54019.9,0.7823,SYNTHETIC_CLIMATOLOGY,True
WX_REZANG_LA_NORMAL_WINTER,Rezang La,2026-01-15,15,4,-33.63,73.0,3.86,220.0,0.0,0.0,0.0,0.15,0.25,0.75,108.2,54019.9,0.7857,SYNTHETIC_CLIMATOLOGY,True
WX_REZANG_LA_NORMAL_WINTER,Rezang La,2026-01-15,15,5,-34.28,74.5,4.4,220.0,0.0,0.0,0.0,0.15,0.25,0.75,106.6,54019.9,0.7878,SYNTHETIC_CLIMATOLOGY,True
WX_REZANG_LA_NORMAL_WINTER,Rezang La,2026-01-15,15,6,-34.5,75.0,5.1,220.0,0.0,0.0,0.0,0.15,0.25,0.75,106.0,54019.9,0.7886,SYNTHETIC_CLIMATOLOGY,True
WX_REZANG_LA_NORMAL_WINTER,Rezang La,2026-01-15,15,7,-34.28,74.5,5.92,220.0,6.4,147.4,3.2,0.15,0.25,0.75,106.6,54019.9,0.7878,SYNTHETIC_CLIMATOLOGY,True
WX_REZANG_LA_NORMAL_WINTER,Rezang La,2026-01-15,15,8,-33.63,73.0,6.8,220.0,140.2,567.5,22.6,0.15,0.25,0.75,108.2,54019.9,0.7857,SYNTHETIC_CLIMATOLOGY,True
WX_REZANG_LA_NORMAL_WINTER,Rezang La,2026-01-15,15,9,-32.6,70.6,7.68,220.0,290.5,698.3,35.7,0.15,0.25,0.75,110.9,54019.9,0.7823,SYNTHETIC_CLIMATOLOGY,True
WX_REZANG_LA_NORMAL_WINTER,Rezang La,2026-01-15,15,10,-31.25,67.5,8.5,220.0,410.8,755.9,44.9,0.15,0.25,0.75,114.5,54019.9,0.778,SYNTHETIC_CLIMATOLOGY,True
WX_REZANG_LA_NORMAL_WINTER,Rezang La,2026-01-15,15,11,-29.68,63.9,9.2,220.0,485.7,782.2,50.4,0.15,0.25,0.75,118.8,54019.9,0.773,SYNTHETIC_CLIMATOLOGY,True
WX_REZANG_LA_NORMAL_WINTER,Rezang La,2026-01-15,15,12,-28.0,60.0,9.74,220.0,507.5,788.8,52.0,0.15,0.25,0.75,123.6,54019.9,0.7677,SYNTHETIC_CLIMATOLOGY,True
WX_REZANG_LA_NORMAL_WINTER,Rezang La,2026-01-15,15,13,-26.32,56.1,10.08,220.0,474.2,778.5,49.6,0.15,0.25,0.75,128.5,54019.9,0.7624,SYNTHETIC_CLIMATOLOGY,True
WX_REZANG_LA_NORMAL_WINTER,Rezang La,2026-01-15,15,14,-24.75,52.5,10.2,220.0,389.0,747.1,43.3,0.15,0.25,0.75,133.3,54019.9,0.7576,SYNTHETIC_CLIMATOLOGY,True
WX_REZANG_LA_NORMAL_WINTER,Rezang La,2026-01-15,15,15,-23.4,49.4,10.08,220.0,260.7,679.6,33.2,0.15,0.25,0.75,137.4,54019.9,0.7535,SYNTHETIC_CLIMATOLOGY,True
WX_REZANG_LA_NORMAL_WINTER,Rezang La,2026-01-15,15,16,-22.37,47.0,9.74,220.0,107.6,518.8,19.2,0.15,0.25,0.75,140.7,54019.9,0.7504,SYNTHETIC_CLIMATOLOGY,True
WX_REZANG_LA_NORMAL_WINTER,Rezang La,2026-01-15,15,17,-21.72,45.5,9.2,220.0,0.0,0.0,0.0,0.15,0.25,0.75,142.8,54019.9,0.7485,SYNTHETIC_CLIMATOLOGY,True
WX_REZANG_LA_NORMAL_WINTER,Rezang La,2026-01-15,15,18,-21.5,45.0,8.5,220.0,0.0,0.0,0.0,0.15,0.25,0.75,143.5,54019.9,0.7478,SYNTHETIC_CLIMATOLOGY,True
WX_REZANG_LA_NORMAL_WINTER,Rezang La,2026-01-15,15,19,-21.72,45.5,7.68,220.0,0.0,0.0,0.0,0.15,0.25,0.75,142.8,54019.9,0.7485,SYNTHETIC_CLIMATOLOGY,True
WX_REZANG_LA_NORMAL_WINTER,Rezang La,2026-01-15,15,20,-22.37,47.0,6.8,220.0,0.0,0.0,0.0,0.15,0.25,0.75,140.7,54019.9,0.7504,SYNTHETIC_CLIMATOLOGY,True
WX_REZANG_LA_NORMAL_WINTER,Rezang La,2026-01-15,15,21,-23.4,49.4,5.92,220.0,0.0,0.0,0.0,0.15,0.25,0.75,137.4,54019.9,0.7535,SYNTHETIC_CLIMATOLOGY,True
WX_REZANG_LA_NORMAL_WINTER,Rezang La,2026-01-15,15,22,-24.75,52.5,5.1,220.0,0.0,0.0,0.0,0.15,0.25,0.75,133.3,54019.9,0.7576,SYNTHETIC_CLIMATOLOGY,True
WX_REZANG_LA_NORMAL_WINTER,Rezang La,2026-01-15,15,23,-26.32,56.1,4.4,220.0,0.0,0.0,0.0,0.15,0.25,0.75,128.5,54019.9,0.7624,SYNTHETIC_CLIMATOLOGY,True
WX_REZANG_LA_COLD_WINTER,Rezang La,2026-01-15,15,0,-34.0,60.0,4.63,220.0,0.0,0.0,0.0,0.1,0.4,0.75,104.3,54019.9,0.7869,SYNTHETIC_CLIMATOLOGY,True
WX_REZANG_LA_COLD_WINTER,Rezang La,2026-01-15,15,1,-35.68,63.9,4.22,220.0,0.0,0.0,0.0,0.1,0.4,0.75,100.1,54019.9,0.7925,SYNTHETIC_CLIMATOLOGY,True
WX_REZANG_LA_COLD_WINTER,Rezang La,2026-01-15,15,2,-37.25,67.5,4.08,220.0,0.0,0.0,0.0,0.1,0.4,0.75,96.3,54019.9,0.7978,SYNTHETIC_CLIMATOLOGY,True
WX_REZANG_LA_COLD_WINTER,Rezang La,2026-01-15,15,3,-38.6,70.6,4.22,220.0,0.0,0.0,0.0,0.1,0.4,0.75,93.2,54019.9,0.8023,SYNTHETIC_CLIMATOLOGY,True
WX_REZANG_LA_COLD_WINTER,Rezang La,2026-01-15,15,4,-39.63,73.0,4.63,220.0,0.0,0.0,0.0,0.1,0.4,0.75,90.8,54019.9,0.8059,SYNTHETIC_CLIMATOLOGY,True
WX_REZANG_LA_COLD_WINTER,Rezang La,2026-01-15,15,5,-40.28,74.5,5.28,220.0,0.0,0.0,0.0,0.1,0.4,0.75,89.4,54019.9,0.8081,SYNTHETIC_CLIMATOLOGY,True
WX_REZANG_LA_COLD_WINTER,Rezang La,2026-01-15,15,6,-40.5,75.0,6.12,220.0,0.0,0.0,0.0,0.1,0.4,0.75,88.9,54019.9,0.8089,SYNTHETIC_CLIMATOLOGY,True
WX_REZANG_LA_COLD_WINTER,Rezang La,2026-01-15,15,7,-40.28,74.5,7.1,220.0,6.8,160.6,3.2,0.1,0.4,0.75,89.4,54019.9,0.8081,SYNTHETIC_CLIMATOLOGY,True
WX_REZANG_LA_COLD_WINTER,Rezang La,2026-01-15,15,8,-39.63,73.0,8.16,220.0,149.0,618.2,20.7,0.1,0.4,0.75,90.8,54019.9,0.8059,SYNTHETIC_CLIMATOLOGY,True
WX_REZANG_LA_COLD_WINTER,Rezang La,2026-01-15,15,9,-38.6,70.6,9.22,220.0,309.0,760.9,31.4,0.1,0.4,0.75,93.2,54019.9,0.8023,SYNTHETIC_CLIMATOLOGY,True
WX_REZANG_LA_COLD_WINTER,Rezang La,2026-01-15,15,10,-37.25,67.5,10.2,220.0,437.2,823.6,38.6,0.1,0.4,0.75,96.3,54019.9,0.7978,SYNTHETIC_CLIMATOLOGY,True
WX_REZANG_LA_COLD_WINTER,Rezang La,2026-01-15,15,11,-35.68,63.9,11.04,220.0,517.0,852.2,42.8,0.1,0.4,0.75,100.1,54019.9,0.7925,SYNTHETIC_CLIMATOLOGY,True
WX_REZANG_LA_COLD_WINTER,Rezang La,2026-01-15,15,12,-34.0,60.0,11.69,220.0,540.3,859.5,44.0,0.1,0.4,0.75,104.3,54019.9,0.7869,SYNTHETIC_CLIMATOLOGY,True
WX_REZANG_LA_COLD_WINTER,Rezang La,2026-01-15,15,13,-32.32,56.1,12.1,220.0,504.8,848.2,42.2,0.1,0.4,0.75,108.6,54019.9,0.7814,SYNTHETIC_CLIMATOLOGY,True
WX_REZANG_LA_COLD_WINTER,Rezang La,2026-01-15,15,14,-30.75,52.5,12.24,220.0,413.9,814.0,37.3,0.1,0.4,0.75,112.8,54019.9,0.7764,SYNTHETIC_CLIMATOLOGY,True
WX_REZANG_LA_COLD_WINTER,Rezang La,2026-01-15,15,15,-29.4,49.4,12.1,220.0,277.3,740.4,29.4,0.1,0.4,0.75,116.5,54019.9,0.7721,SYNTHETIC_CLIMATOLOGY,True
WX_REZANG_LA_COLD_WINTER,Rezang La,2026-01-15,15,16,-28.37,47.0,11.69,220.0,114.2,565.2,17.9,0.1,0.4,0.75,119.4,54019.9,0.7688,SYNTHETIC_CLIMATOLOGY,True
WX_REZANG_LA_COLD_WINTER,Rezang La,2026-01-15,15,17,-27.72,45.5,11.04,220.0,0.0,0.0,0.0,0.1,0.4,0.75,121.2,54019.9,0.7668,SYNTHETIC_CLIMATOLOGY,True
WX_REZANG_LA_COLD_WINTER,Rezang La,2026-01-15,15,18,-27.5,45.0,10.2,220.0,0.0,0.0,0.0,0.1,0.4,0.75,121.9,54019.9,0.7661,SYNTHETIC_CLIMATOLOGY,True
WX_REZANG_LA_COLD_WINTER,Rezang La,2026-01-15,15,19,-27.72,45.5,9.22,220.0,0.0,0.0,0.0,0.1,0.4,0.75,121.2,54019.9,0.7668,SYNTHETIC_CLIMATOLOGY,True
WX_REZANG_LA_COLD_WINTER,Rezang La,2026-01-15,15,20,-28.37,47.0,8.16,220.0,0.0,0.0,0.0,0.1,0.4,0.75,119.4,54019.9,0.7688,SYNTHETIC_CLIMATOLOGY,True
WX_REZANG_LA_COLD_WINTER,Rezang La,2026-01-15,15,21,-29.4,49.4,7.1,220.0,0.0,0.0,0.0,0.1,0.4,0.75,116.5,54019.9,0.7721,SYNTHETIC_CLIMATOLOGY,True
WX_REZANG_LA_COLD_WINTER,Rezang La,2026-01-15,15,22,-30.75,52.5,6.12,220.0,0.0,0.0,0.0,0.1,0.4,0.75,112.8,54019.9,0.7764,SYNTHETIC_CLIMATOLOGY,True
WX_REZANG_LA_COLD_WINTER,Rezang La,2026-01-15,15,23,-32.32,56.1,5.28,220.0,0.0,0.0,0.0,0.1,0.4,0.75,108.6,54019.9,0.7814,SYNTHETIC_CLIMATOLOGY,True
WX_REZANG_LA_EXTREME_WINTER,Rezang La,2026-01-15,15,0,-40.0,60.0,5.78,220.0,0.0,0.0,0.0,0.05,0.6,0.75,87.2,54019.9,0.8072,SYNTHETIC_CLIMATOLOGY,True
WX_REZANG_LA_EXTREME_WINTER,Rezang La,2026-01-15,15,1,-41.68,63.9,5.27,220.0,0.0,0.0,0.0,0.05,0.6,0.75,83.6,54019.9,0.813,SYNTHETIC_CLIMATOLOGY,True
WX_REZANG_LA_EXTREME_WINTER,Rezang La,2026-01-15,15,2,-43.25,67.5,5.1,220.0,0.0,0.0,0.0,0.05,0.6,0.75,80.3,54019.9,0.8186,SYNTHETIC_CLIMATOLOGY,True
WX_REZANG_LA_EXTREME_WINTER,Rezang La,2026-01-15,15,3,-44.6,70.6,5.27,220.0,0.0,0.0,0.0,0.05,0.6,0.75,77.6,54019.9,0.8234,SYNTHETIC_CLIMATOLOGY,True
WX_REZANG_LA_EXTREME_WINTER,Rezang La,2026-01-15,15,4,-45.63,73.0,5.78,220.0,0.0,0.0,0.0,0.05,0.6,0.75,75.5,54019.9,0.8271,SYNTHETIC_CLIMATOLOGY,True
WX_REZANG_LA_EXTREME_WINTER,Rezang La,2026-01-15,15,5,-46.28,74.5,6.59,220.0,0.0,0.0,0.0,0.05,0.6,0.75,74.3,54019.9,0.8295,SYNTHETIC_CLIMATOLOGY,True
WX_REZANG_LA_EXTREME_WINTER,Rezang La,2026-01-15,15,6,-46.5,75.0,7.65,220.0,0.0,0.0,0.0,0.05,0.6,0.75,73.8,54019.9,0.8303,SYNTHETIC_CLIMATOLOGY,True
WX_REZANG_LA_EXTREME_WINTER,Rezang La,2026-01-15,15,7,-46.28,74.5,8.88,220.0,7.1,174.1,3.2,0.05,0.6,0.75,74.3,54019.9,0.8295,SYNTHETIC_CLIMATOLOGY,True
WX_REZANG_LA_EXTREME_WINTER,Rezang La,2026-01-15,15,8,-45.63,73.0,10.2,220.0,158.0,670.5,18.9,0.05,0.6,0.75,75.5,54019.9,0.8271,SYNTHETIC_CLIMATOLOGY,True
WX_REZANG_LA_EXTREME_WINTER,Rezang La,2026-01-15,15,9,-44.6,70.6,11.52,220.0,328.2,825.1,27.1,0.05,0.6,0.75,77.6,54019.9,0.8234,SYNTHETIC_CLIMATOLOGY,True
WX_REZANG_LA_EXTREME_WINTER,Rezang La,2026-01-15,15,10,-43.25,67.5,12.75,220.0,464.6,893.2,32.3,0.05,0.6,0.75,80.3,54019.9,0.8186,SYNTHETIC_CLIMATOLOGY,True
WX_REZANG_LA_EXTREME_WINTER,Rezang La,2026-01-15,15,11,-41.68,63.9,13.81,220.0,549.5,924.2,35.2,0.05,0.6,0.75,83.6,54019.9,0.813,SYNTHETIC_CLIMATOLOGY,True
WX_REZANG_LA_EXTREME_WINTER,Rezang La,2026-01-15,15,12,-40.0,60.0,14.62,220.0,574.2,932.1,36.0,0.05,0.6,0.75,87.2,54019.9,0.8072,SYNTHETIC_CLIMATOLOGY,True
WX_REZANG_LA_EXTREME_WINTER,Rezang La,2026-01-15,15,13,-38.32,56.1,15.13,220.0,536.4,919.8,34.8,0.05,0.6,0.75,91.0,54019.9,0.8014,SYNTHETIC_CLIMATOLOGY,True
WX_REZANG_LA_EXTREME_WINTER,Rezang La,2026-01-15,15,14,-36.75,52.5,15.3,220.0,439.8,882.8,31.4,0.05,0.6,0.75,94.7,54019.9,0.7961,SYNTHETIC_CLIMATOLOGY,True
WX_REZANG_LA_EXTREME_WINTER,Rezang La,2026-01-15,15,15,-35.4,49.4,15.13,220.0,294.4,802.9,25.6,0.05,0.6,0.75,97.9,54019.9,0.7916,SYNTHETIC_CLIMATOLOGY,True
WX_REZANG_LA_EXTREME_WINTER,Rezang La,2026-01-15,15,16,-34.37,47.0,14.62,220.0,121.1,613.0,16.6,0.05,0.6,0.75,100.4,54019.9,0.7881,SYNTHETIC_CLIMATOLOGY,True
WX_REZANG_LA_EXTREME_WINTER,Rezang La,2026-01-15,15,17,-33.72,45.5,13.81,220.0,0.0,0.0,0.0,0.05,0.6,0.75,102.1,54019.9,0.786,SYNTHETIC_CLIMATOLOGY,True
WX_REZANG_LA_EXTREME_WINTER,Rezang La,2026-01-15,15,18,-33.5,45.0,12.75,220.0,0.0,0.0,0.0,0.05,0.6,0.75,102.6,54019.9,0.7853,SYNTHETIC_CLIMATOLOGY,True
WX_REZANG_LA_EXTREME_WINTER,Rezang La,2026-01-15,15,19,-33.72,45.5,11.52,220.0,0.0,0.0,0.0,0.05,0.6,0.75,102.1,54019.9,0.786,SYNTHETIC_CLIMATOLOGY,True
WX_REZANG_LA_EXTREME_WINTER,Rezang La,2026-01-15,15,20,-34.37,47.0,10.2,220.0,0.0,0.0,0.0,0.05,0.6,0.75,100.4,54019.9,0.7881,SYNTHETIC_CLIMATOLOGY,True
WX_REZANG_LA_EXTREME_WINTER,Rezang La,2026-01-15,15,21,-35.4,49.4,8.88,220.0,0.0,0.0,0.0,0.05,0.6,0.75,97.9,54019.9,0.7916,SYNTHETIC_CLIMATOLOGY,True
WX_REZANG_LA_EXTREME_WINTER,Rezang La,2026-01-15,15,22,-36.75,52.5,7.65,220.0,0.0,0.0,0.0,0.05,0.6,0.75,94.7,54019.9,0.7961,SYNTHETIC_CLIMATOLOGY,True
WX_REZANG_LA_EXTREME_WINTER,Rezang La,2026-01-15,15,23,-38.32,56.1,6.59,220.0,0.0,0.0,0.0,0.05,0.6,0.75,91.0,54019.9,0.8014,SYNTHETIC_CLIMATOLOGY,True
WX_REZANG_LA_CLEAR_SKY_NIGHT,Rezang La,2026-01-15,15,0,-32.0,60.0,3.08,220.0,0.0,0.0,0.0,0.0,0.3,0.75,103.5,54019.9,0.7804,SYNTHETIC_CLIMATOLOGY,True
WX_REZANG_LA_CLEAR_SKY_NIGHT,Rezang La,2026-01-15,15,1,-33.68,63.9,2.81,220.0,0.0,0.0,0.0,0.0,0.3,0.75,99.3,54019.9,0.7859,SYNTHETIC_CLIMATOLOGY,True
WX_REZANG_LA_CLEAR_SKY_NIGHT,Rezang La,2026-01-15,15,2,-35.25,67.5,2.72,220.0,0.0,0.0,0.0,0.0,0.3,0.75,95.4,54019.9,0.791,SYNTHETIC_CLIMATOLOGY,True
WX_REZANG_LA_CLEAR_SKY_NIGHT,Rezang La,2026-01-15,15,3,-36.6,70.6,2.81,220.0,0.0,0.0,0.0,0.0,0.3,0.75,92.2,54019.9,0.7955,SYNTHETIC_CLIMATOLOGY,True
WX_REZANG_LA_CLEAR_SKY_NIGHT,Rezang La,2026-01-15,15,4,-37.63,73.0,3.08,220.0,0.0,0.0,0.0,0.0,0.3,0.75,89.9,54019.9,0.799,SYNTHETIC_CLIMATOLOGY,True
WX_REZANG_LA_CLEAR_SKY_NIGHT,Rezang La,2026-01-15,15,5,-38.28,74.5,3.52,220.0,0.0,0.0,0.0,0.0,0.3,0.75,88.4,54019.9,0.8012,SYNTHETIC_CLIMATOLOGY,True
WX_REZANG_LA_CLEAR_SKY_NIGHT,Rezang La,2026-01-15,15,6,-38.5,75.0,4.08,220.0,0.0,0.0,0.0,0.0,0.3,0.75,87.9,54019.9,0.802,SYNTHETIC_CLIMATOLOGY,True
WX_REZANG_LA_CLEAR_SKY_NIGHT,Rezang La,2026-01-15,15,7,-38.28,74.5,4.74,220.0,7.4,188.1,3.2,0.0,0.3,0.75,88.4,54019.9,0.8012,SYNTHETIC_CLIMATOLOGY,True
WX_REZANG_LA_CLEAR_SKY_NIGHT,Rezang La,2026-01-15,15,8,-37.63,73.0,5.44,220.0,167.3,724.1,17.1,0.0,0.3,0.75,89.9,54019.9,0.799,SYNTHETIC_CLIMATOLOGY,True
WX_REZANG_LA_CLEAR_SKY_NIGHT,Rezang La,2026-01-15,15,9,-36.6,70.6,6.14,220.0,348.0,891.1,22.7,0.0,0.3,0.75,92.2,54019.9,0.7955,SYNTHETIC_CLIMATOLOGY,True
WX_REZANG_LA_CLEAR_SKY_NIGHT,Rezang La,2026-01-15,15,10,-35.25,67.5,6.8,220.0,492.8,964.6,25.9,0.0,0.3,0.75,95.4,54019.9,0.791,SYNTHETIC_CLIMATOLOGY,True
WX_REZANG_LA_CLEAR_SKY_NIGHT,Rezang La,2026-01-15,15,11,-33.68,63.9,7.36,220.0,582.9,998.1,27.5,0.0,0.3,0.75,99.3,54019.9,0.7859,SYNTHETIC_CLIMATOLOGY,True
WX_REZANG_LA_CLEAR_SKY_NIGHT,Rezang La,2026-01-15,15,12,-32.0,60.0,7.8,220.0,609.2,1006.6,28.0,0.0,0.3,0.75,103.5,54019.9,0.7804,SYNTHETIC_CLIMATOLOGY,True
WX_REZANG_LA_CLEAR_SKY_NIGHT,Rezang La,2026-01-15,15,13,-30.32,56.1,8.07,220.0,569.1,993.4,27.3,0.0,0.3,0.75,107.9,54019.9,0.775,SYNTHETIC_CLIMATOLOGY,True
WX_REZANG_LA_CLEAR_SKY_NIGHT,Rezang La,2026-01-15,15,14,-28.75,52.5,8.16,220.0,466.5,953.4,25.4,0.0,0.3,0.75,112.2,54019.9,0.77,SYNTHETIC_CLIMATOLOGY,True
WX_REZANG_LA_CLEAR_SKY_NIGHT,Rezang La,2026-01-15,15,15,-27.4,49.4,8.07,220.0,312.1,867.2,21.8,0.0,0.3,0.75,116.0,54019.9,0.7658,SYNTHETIC_CLIMATOLOGY,True
WX_REZANG_LA_CLEAR_SKY_NIGHT,Rezang La,2026-01-15,15,16,-26.37,47.0,7.8,220.0,128.1,662.0,15.3,0.0,0.3,0.75,118.9,54019.9,0.7626,SYNTHETIC_CLIMATOLOGY,True
WX_REZANG_LA_CLEAR_SKY_NIGHT,Rezang La,2026-01-15,15,17,-25.72,45.5,7.36,220.0,0.0,0.0,0.0,0.0,0.3,0.75,120.8,54019.9,0.7606,SYNTHETIC_CLIMATOLOGY,True
WX_REZANG_LA_CLEAR_SKY_NIGHT,Rezang La,2026-01-15,15,18,-25.5,45.0,6.8,220.0,0.0,0.0,0.0,0.0,0.3,0.75,121.5,54019.9,0.7599,SYNTHETIC_CLIMATOLOGY,True
WX_REZANG_LA_CLEAR_SKY_NIGHT,Rezang La,2026-01-15,15,19,-25.72,45.5,6.14,220.0,0.0,0.0,0.0,0.0,0.3,0.75,120.8,54019.9,0.7606,SYNTHETIC_CLIMATOLOGY,True
WX_REZANG_LA_CLEAR_SKY_NIGHT,Rezang La,2026-01-15,15,20,-26.37,47.0,5.44,220.0,0.0,0.0,0.0,0.0,0.3,0.75,118.9,54019.9,0.7626,SYNTHETIC_CLIMATOLOGY,True
WX_REZANG_LA_CLEAR_SKY_NIGHT,Rezang La,2026-01-15,15,21,-27.4,49.4,4.74,220.0,0.0,0.0,0.0,0.0,0.3,0.75,116.0,54019.9,0.7658,SYNTHETIC_CLIMATOLOGY,True
WX_REZANG_LA_CLEAR_SKY_NIGHT,Rezang La,2026-01-15,15,22,-28.75,52.5,4.08,220.0,0.0,0.0,0.0,0.0,0.3,0.75,112.2,54019.9,0.77,SYNTHETIC_CLIMATOLOGY,True
WX_REZANG_LA_CLEAR_SKY_NIGHT,Rezang La,2026-01-15,15,23,-30.32,56.1,3.52,220.0,0.0,0.0,0.0,0.0,0.3,0.75,107.9,54019.9,0.775,SYNTHETIC_CLIMATOLOGY,True
WX_REZANG_LA_SNOW_COVER,Rezang La,2026-01-15,15,0,-30.0,60.0,4.24,220.0,0.0,0.0,0.0,0.2,0.8,0.75,121.1,54019.9,0.774,SYNTHETIC_CLIMATOLOGY,True
WX_REZANG_LA_SNOW_COVER,Rezang La,2026-01-15,15,1,-31.68,63.9,3.87,220.0,0.0,0.0,0.0,0.2,0.8,0.75,116.5,54019.9,0.7794,SYNTHETIC_CLIMATOLOGY,True
WX_REZANG_LA_SNOW_COVER,Rezang La,2026-01-15,15,2,-33.25,67.5,3.74,220.0,0.0,0.0,0.0,0.2,0.8,0.75,112.3,54019.9,0.7845,SYNTHETIC_CLIMATOLOGY,True
WX_REZANG_LA_SNOW_COVER,Rezang La,2026-01-15,15,3,-34.6,70.6,3.87,220.0,0.0,0.0,0.0,0.2,0.8,0.75,108.8,54019.9,0.7889,SYNTHETIC_CLIMATOLOGY,True
WX_REZANG_LA_SNOW_COVER,Rezang La,2026-01-15,15,4,-35.63,73.0,4.24,220.0,0.0,0.0,0.0,0.2,0.8,0.75,106.2,54019.9,0.7923,SYNTHETIC_CLIMATOLOGY,True
WX_REZANG_LA_SNOW_COVER,Rezang La,2026-01-15,15,5,-36.28,74.5,4.84,220.0,0.0,0.0,0.0,0.2,0.8,0.75,104.6,54019.9,0.7945,SYNTHETIC_CLIMATOLOGY,True
WX_REZANG_LA_SNOW_COVER,Rezang La,2026-01-15,15,6,-36.5,75.0,5.61,220.0,0.0,0.0,0.0,0.2,0.8,0.75,104.0,54019.9,0.7952,SYNTHETIC_CLIMATOLOGY,True
WX_REZANG_LA_SNOW_COVER,Rezang La,2026-01-15,15,7,-36.28,74.5,6.51,220.0,6.1,134.6,3.2,0.2,0.8,0.75,104.6,54019.9,0.7945,SYNTHETIC_CLIMATOLOGY,True
WX_REZANG_LA_SNOW_COVER,Rezang La,2026-01-15,15,8,-35.63,73.0,7.48,220.0,131.8,518.1,24.4,0.2,0.8,0.75,106.2,54019.9,0.7923,SYNTHETIC_CLIMATOLOGY,True
WX_REZANG_LA_SNOW_COVER,Rezang La,2026-01-15,15,9,-34.6,70.6,8.45,220.0,272.6,637.6,39.9,0.2,0.8,0.75,108.8,54019.9,0.7889,SYNTHETIC_CLIMATOLOGY,True
WX_REZANG_LA_SNOW_COVER,Rezang La,2026-01-15,15,10,-33.25,67.5,9.35,220.0,385.3,690.2,51.2,0.2,0.8,0.75,112.3,54019.9,0.7845,SYNTHETIC_CLIMATOLOGY,True
WX_REZANG_LA_SNOW_COVER,Rezang La,2026-01-15,15,11,-31.68,63.9,10.12,220.0,455.4,714.2,58.0,0.2,0.8,0.75,116.5,54019.9,0.7794,SYNTHETIC_CLIMATOLOGY,True
WX_REZANG_LA_SNOW_COVER,Rezang La,2026-01-15,15,12,-30.0,60.0,10.72,220.0,475.8,720.3,60.0,0.2,0.8,0.75,121.1,54019.9,0.774,SYNTHETIC_CLIMATOLOGY,True
WX_REZANG_LA_SNOW_COVER,Rezang La,2026-01-15,15,13,-28.32,56.1,11.09,220.0,444.7,710.8,57.0,0.2,0.8,0.75,125.9,54019.9,0.7686,SYNTHETIC_CLIMATOLOGY,True
WX_REZANG_LA_SNOW_COVER,Rezang La,2026-01-15,15,14,-26.75,52.5,11.22,220.0,364.8,682.2,49.2,0.2,0.8,0.75,130.5,54019.9,0.7638,SYNTHETIC_CLIMATOLOGY,True
WX_REZANG_LA_SNOW_COVER,Rezang La,2026-01-15,15,15,-25.4,49.4,11.09,220.0,244.7,620.5,37.0,0.2,0.8,0.75,134.6,54019.9,0.7596,SYNTHETIC_CLIMATOLOGY,True
WX_REZANG_LA_SNOW_COVER,Rezang La,2026-01-15,15,16,-24.37,47.0,10.72,220.0,101.2,473.7,20.5,0.2,0.8,0.75,137.7,54019.9,0.7565,SYNTHETIC_CLIMATOLOGY,True
WX_REZANG_LA_SNOW_COVER,Rezang La,2026-01-15,15,17,-23.72,45.5,10.12,220.0,0.0,0.0,0.0,0.2,0.8,0.75,139.8,54019.9,0.7545,SYNTHETIC_CLIMATOLOGY,True
WX_REZANG_LA_SNOW_COVER,Rezang La,2026-01-15,15,18,-23.5,45.0,9.35,220.0,0.0,0.0,0.0,0.2,0.8,0.75,140.5,54019.9,0.7538,SYNTHETIC_CLIMATOLOGY,True
WX_REZANG_LA_SNOW_COVER,Rezang La,2026-01-15,15,19,-23.72,45.5,8.45,220.0,0.0,0.0,0.0,0.2,0.8,0.75,139.8,54019.9,0.7545,SYNTHETIC_CLIMATOLOGY,True
WX_REZANG_LA_SNOW_COVER,Rezang La,2026-01-15,15,20,-24.37,47.0,7.48,220.0,0.0,0.0,0.0,0.2,0.8,0.75,137.7,54019.9,0.7565,SYNTHETIC_CLIMATOLOGY,True
WX_REZANG_LA_SNOW_COVER,Rezang La,2026-01-15,15,21,-25.4,49.4,6.51,220.0,0.0,0.0,0.0,0.2,0.8,0.75,134.6,54019.9,0.7596,SYNTHETIC_CLIMATOLOGY,True
WX_REZANG_LA_SNOW_COVER,Rezang La,2026-01-15,15,22,-26.75,52.5,5.61,220.0,0.0,0.0,0.0,0.2,0.8,0.75,130.5,54019.9,0.7638,SYNTHETIC_CLIMATOLOGY,True
WX_REZANG_LA_SNOW_COVER,Rezang La,2026-01-15,15,23,-28.32,56.1,4.84,220.0,0.0,0.0,0.0,0.2,0.8,0.75,125.9,54019.9,0.7686,SYNTHETIC_CLIMATOLOGY,True
WX_REZANG_LA_HIGH_SOLAR_DAY,Rezang La,2026-01-15,15,0,-26.0,60.0,3.47,220.0,0.0,0.0,0.0,0.0,0.2,0.75,120.0,54019.9,0.7614,SYNTHETIC_CLIMATOLOGY,True
WX_REZANG_LA_HIGH_SOLAR_DAY,Rezang La,2026-01-15,15,1,-27.68,63.9,3.16,220.0,0.0,0.0,0.0,0.0,0.2,0.75,115.2,54019.9,0.7667,SYNTHETIC_CLIMATOLOGY,True
WX_REZANG_LA_HIGH_SOLAR_DAY,Rezang La,2026-01-15,15,2,-29.25,67.5,3.06,220.0,0.0,0.0,0.0,0.0,0.2,0.75,110.8,54019.9,0.7716,SYNTHETIC_CLIMATOLOGY,True
WX_REZANG_LA_HIGH_SOLAR_DAY,Rezang La,2026-01-15,15,3,-30.6,70.6,3.16,220.0,0.0,0.0,0.0,0.0,0.2,0.75,107.2,54019.9,0.7759,SYNTHETIC_CLIMATOLOGY,True
WX_REZANG_LA_HIGH_SOLAR_DAY,Rezang La,2026-01-15,15,4,-31.63,73.0,3.47,220.0,0.0,0.0,0.0,0.0,0.2,0.75,104.5,54019.9,0.7792,SYNTHETIC_CLIMATOLOGY,True
WX_REZANG_LA_HIGH_SOLAR_DAY,Rezang La,2026-01-15,15,5,-32.28,74.5,3.96,220.0,0.0,0.0,0.0,0.0,0.2,0.75,102.8,54019.9,0.7813,SYNTHETIC_CLIMATOLOGY,True
WX_REZANG_LA_HIGH_SOLAR_DAY,Rezang La,2026-01-15,15,6,-32.5,75.0,4.59,220.0,0.0,0.0,0.0,0.0,0.2,0.75,102.3,54019.9,0.782,SYNTHETIC_CLIMATOLOGY,True
WX_REZANG_LA_HIGH_SOLAR_DAY,Rezang La,2026-01-15,15,7,-32.28,74.5,5.33,220.0,7.4,188.1,3.2,0.0,0.2,0.75,102.8,54019.9,0.7813,SYNTHETIC_CLIMATOLOGY,True
WX_REZANG_LA_HIGH_SOLAR_DAY,Rezang La,2026-01-15,15,8,-31.63,73.0,6.12,220.0,167.3,724.1,17.1,0.0,0.2,0.75,104.5,54019.9,0.7792,SYNTHETIC_CLIMATOLOGY,True
WX_REZANG_LA_HIGH_SOLAR_DAY,Rezang La,2026-01-15,15,9,-30.6,70.6,6.91,220.0,348.0,891.1,22.7,0.0,0.2,0.75,107.2,54019.9,0.7759,SYNTHETIC_CLIMATOLOGY,True
WX_REZANG_LA_HIGH_SOLAR_DAY,Rezang La,2026-01-15,15,10,-29.25,67.5,7.65,220.0,492.8,964.6,25.9,0.0,0.2,0.75,110.8,54019.9,0.7716,SYNTHETIC_CLIMATOLOGY,True
WX_REZANG_LA_HIGH_SOLAR_DAY,Rezang La,2026-01-15,15,11,-27.68,63.9,8.28,220.0,582.9,998.1,27.5,0.0,0.2,0.75,115.2,54019.9,0.7667,SYNTHETIC_CLIMATOLOGY,True
WX_REZANG_LA_HIGH_SOLAR_DAY,Rezang La,2026-01-15,15,12,-26.0,60.0,8.77,220.0,609.2,1006.6,28.0,0.0,0.2,0.75,120.0,54019.9,0.7614,SYNTHETIC_CLIMATOLOGY,True
WX_REZANG_LA_HIGH_SOLAR_DAY,Rezang La,2026-01-15,15,13,-24.32,56.1,9.08,220.0,569.1,993.4,27.3,0.0,0.2,0.75,125.0,54019.9,0.7563,SYNTHETIC_CLIMATOLOGY,True
WX_REZANG_LA_HIGH_SOLAR_DAY,Rezang La,2026-01-15,15,14,-22.75,52.5,9.18,220.0,466.5,953.4,25.4,0.0,0.2,0.75,129.8,54019.9,0.7516,SYNTHETIC_CLIMATOLOGY,True
WX_REZANG_LA_HIGH_SOLAR_DAY,Rezang La,2026-01-15,15,15,-21.4,49.4,9.08,220.0,312.1,867.2,21.8,0.0,0.2,0.75,134.0,54019.9,0.7475,SYNTHETIC_CLIMATOLOGY,True
WX_REZANG_LA_HIGH_SOLAR_DAY,Rezang La,2026-01-15,15,16,-20.37,47.0,8.77,220.0,128.1,662.0,15.3,0.0,0.2,0.75,137.3,54019.9,0.7445,SYNTHETIC_CLIMATOLOGY,True
WX_REZANG_LA_HIGH_SOLAR_DAY,Rezang La,2026-01-15,15,17,-19.72,45.5,8.28,220.0,0.0,0.0,0.0,0.0,0.2,0.75,139.5,54019.9,0.7426,SYNTHETIC_CLIMATOLOGY,True
WX_REZANG_LA_HIGH_SOLAR_DAY,Rezang La,2026-01-15,15,18,-19.5,45.0,7.65,220.0,0.0,0.0,0.0,0.0,0.2,0.75,140.2,54019.9,0.7419,SYNTHETIC_CLIMATOLOGY,True
WX_REZANG_LA_HIGH_SOLAR_DAY,Rezang La,2026-01-15,15,19,-19.72,45.5,6.91,220.0,0.0,0.0,0.0,0.0,0.2,0.75,139.5,54019.9,0.7426,SYNTHETIC_CLIMATOLOGY,True
WX_REZANG_LA_HIGH_SOLAR_DAY,Rezang La,2026-01-15,15,20,-20.37,47.0,6.12,220.0,0.0,0.0,0.0,0.0,0.2,0.75,137.3,54019.9,0.7445,SYNTHETIC_CLIMATOLOGY,True
WX_REZANG_LA_HIGH_SOLAR_DAY,Rezang La,2026-01-15,15,21,-21.4,49.4,5.33,220.0,0.0,0.0,0.0,0.0,0.2,0.75,134.0,54019.9,0.7475,SYNTHETIC_CLIMATOLOGY,True
WX_REZANG_LA_HIGH_SOLAR_DAY,Rezang La,2026-01-15,15,22,-22.75,52.5,4.59,220.0,0.0,0.0,0.0,0.0,0.2,0.75,129.8,54019.9,0.7516,SYNTHETIC_CLIMATOLOGY,True
WX_REZANG_LA_HIGH_SOLAR_DAY,Rezang La,2026-01-15,15,23,-24.32,56.1,3.96,220.0,0.0,0.0,0.0,0.0,0.2,0.75,125.0,54019.9,0.7563,SYNTHETIC_CLIMATOLOGY,True
WX_REZANG_LA_CLOUDY_DAY,Rezang La,2026-01-15,15,0,-29.0,60.0,5.01,220.0,0.0,0.0,0.0,0.85,0.35,0.75,171.6,54019.9,0.7708,SYNTHETIC_CLIMATOLOGY,True
WX_REZANG_LA_CLOUDY_DAY,Rezang La,2026-01-15,15,1,-30.68,63.9,4.57,220.0,0.0,0.0,0.0,0.85,0.35,0.75,166.3,54019.9,0.7761,SYNTHETIC_CLIMATOLOGY,True
WX_REZANG_LA_CLOUDY_DAY,Rezang La,2026-01-15,15,2,-32.25,67.5,4.42,220.0,0.0,0.0,0.0,0.85,0.35,0.75,161.5,54019.9,0.7812,SYNTHETIC_CLIMATOLOGY,True
WX_REZANG_LA_CLOUDY_DAY,Rezang La,2026-01-15,15,3,-33.6,70.6,4.57,220.0,0.0,0.0,0.0,0.85,0.35,0.75,157.5,54019.9,0.7856,SYNTHETIC_CLIMATOLOGY,True
WX_REZANG_LA_CLOUDY_DAY,Rezang La,2026-01-15,15,4,-34.63,73.0,5.01,220.0,0.0,0.0,0.0,0.85,0.35,0.75,154.5,54019.9,0.789,SYNTHETIC_CLIMATOLOGY,True
WX_REZANG_LA_CLOUDY_DAY,Rezang La,2026-01-15,15,5,-35.28,74.5,5.71,220.0,0.0,0.0,0.0,0.85,0.35,0.75,152.6,54019.9,0.7911,SYNTHETIC_CLIMATOLOGY,True
WX_REZANG_LA_CLOUDY_DAY,Rezang La,2026-01-15,15,6,-35.5,75.0,6.63,220.0,0.0,0.0,0.0,0.85,0.35,0.75,151.9,54019.9,0.7919,SYNTHETIC_CLIMATOLOGY,True
WX_REZANG_LA_CLOUDY_DAY,Rezang La,2026-01-15,15,7,-35.28,74.5,7.7,220.0,2.7,10.9,2.5,0.85,0.35,0.75,152.6,54019.9,0.7911,SYNTHETIC_CLIMATOLOGY,True
WX_REZANG_LA_CLOUDY_DAY,Rezang La,2026-01-15,15,8,-34.63,73.0,8.84,220.0,40.3,42.1,31.6,0.85,0.35,0.75,154.5,54019.9,0.789,SYNTHETIC_CLIMATOLOGY,True
WX_REZANG_LA_CLOUDY_DAY,Rezang La,2026-01-15,15,9,-33.6,70.6,9.98,220.0,79.1,51.8,60.2,0.85,0.35,0.75,157.5,54019.9,0.7856,SYNTHETIC_CLIMATOLOGY,True
WX_REZANG_LA_CLOUDY_DAY,Rezang La,2026-01-15,15,10,-32.25,67.5,11.05,220.0,109.7,56.0,82.6,0.85,0.35,0.75,161.5,54019.9,0.7812,SYNTHETIC_CLIMATOLOGY,True
WX_REZANG_LA_CLOUDY_DAY,Rezang La,2026-01-15,15,11,-30.68,63.9,11.97,220.0,128.6,58.0,96.3,0.85,0.35,0.75,166.3,54019.9,0.7761,SYNTHETIC_CLIMATOLOGY,True
WX_REZANG_LA_CLOUDY_DAY,Rezang La,2026-01-15,15,12,-29.0,60.0,12.67,220.0,134.1,58.5,100.3,0.85,0.35,0.75,171.6,54019.9,0.7708,SYNTHETIC_CLIMATOLOGY,True
WX_REZANG_LA_CLOUDY_DAY,Rezang La,2026-01-15,15,13,-27.32,56.1,13.11,220.0,125.7,57.7,94.2,0.85,0.35,0.75,177.0,54019.9,0.7655,SYNTHETIC_CLIMATOLOGY,True
WX_REZANG_LA_CLOUDY_DAY,Rezang La,2026-01-15,15,14,-25.75,52.5,13.26,220.0,104.1,55.4,78.5,0.85,0.35,0.75,182.2,54019.9,0.7607,SYNTHETIC_CLIMATOLOGY,True
WX_REZANG_LA_CLOUDY_DAY,Rezang La,2026-01-15,15,15,-24.4,49.4,13.11,220.0,71.5,50.4,54.6,0.85,0.35,0.75,186.7,54019.9,0.7566,SYNTHETIC_CLIMATOLOGY,True
WX_REZANG_LA_CLOUDY_DAY,Rezang La,2026-01-15,15,16,-23.37,47.0,12.67,220.0,31.7,38.5,25.2,0.85,0.35,0.75,190.2,54019.9,0.7534,SYNTHETIC_CLIMATOLOGY,True
WX_REZANG_LA_CLOUDY_DAY,Rezang La,2026-01-15,15,17,-22.72,45.5,11.97,220.0,0.0,0.0,0.0,0.85,0.35,0.75,192.5,54019.9,0.7515,SYNTHETIC_CLIMATOLOGY,True
WX_REZANG_LA_CLOUDY_DAY,Rezang La,2026-01-15,15,18,-22.5,45.0,11.05,220.0,0.0,0.0,0.0,0.85,0.35,0.75,193.2,54019.9,0.7508,SYNTHETIC_CLIMATOLOGY,True
WX_REZANG_LA_CLOUDY_DAY,Rezang La,2026-01-15,15,19,-22.72,45.5,9.98,220.0,0.0,0.0,0.0,0.85,0.35,0.75,192.5,54019.9,0.7515,SYNTHETIC_CLIMATOLOGY,True
WX_REZANG_LA_CLOUDY_DAY,Rezang La,2026-01-15,15,20,-23.37,47.0,8.84,220.0,0.0,0.0,0.0,0.85,0.35,0.75,190.2,54019.9,0.7534,SYNTHETIC_CLIMATOLOGY,True
WX_REZANG_LA_CLOUDY_DAY,Rezang La,2026-01-15,15,21,-24.4,49.4,7.7,220.0,0.0,0.0,0.0,0.85,0.35,0.75,186.7,54019.9,0.7566,SYNTHETIC_CLIMATOLOGY,True
WX_REZANG_LA_CLOUDY_DAY,Rezang La,2026-01-15,15,22,-25.75,52.5,6.63,220.0,0.0,0.0,0.0,0.85,0.35,0.75,182.2,54019.9,0.7607,SYNTHETIC_CLIMATOLOGY,True
WX_REZANG_LA_CLOUDY_DAY,Rezang La,2026-01-15,15,23,-27.32,56.1,5.71,220.0,0.0,0.0,0.0,0.85,0.35,0.75,177.0,54019.9,0.7655,SYNTHETIC_CLIMATOLOGY,True
WX_REZANG_LA_COLD_SNAP,Rezang La,2026-01-15,15,0,-43.0,60.0,6.94,220.0,0.0,0.0,0.0,0.05,0.5,0.75,80.8,54019.9,0.8177,SYNTHETIC_CLIMATOLOGY,True
WX_REZANG_LA_COLD_SNAP,Rezang La,2026-01-15,15,1,-44.68,63.9,6.33,220.0,0.0,0.0,0.0,0.05,0.5,0.75,77.4,54019.9,0.8237,SYNTHETIC_CLIMATOLOGY,True
WX_REZANG_LA_COLD_SNAP,Rezang La,2026-01-15,15,2,-46.25,67.5,6.12,220.0,0.0,0.0,0.0,0.05,0.5,0.75,74.3,54019.9,0.8294,SYNTHETIC_CLIMATOLOGY,True
WX_REZANG_LA_COLD_SNAP,Rezang La,2026-01-15,15,3,-47.6,70.6,6.33,220.0,0.0,0.0,0.0,0.05,0.5,0.75,71.8,54019.9,0.8343,SYNTHETIC_CLIMATOLOGY,True
WX_REZANG_LA_COLD_SNAP,Rezang La,2026-01-15,15,4,-48.63,73.0,6.94,220.0,0.0,0.0,0.0,0.05,0.5,0.75,69.8,54019.9,0.8382,SYNTHETIC_CLIMATOLOGY,True
WX_REZANG_LA_COLD_SNAP,Rezang La,2026-01-15,15,5,-49.28,74.5,7.91,220.0,0.0,0.0,0.0,0.05,0.5,0.75,68.7,54019.9,0.8406,SYNTHETIC_CLIMATOLOGY,True
WX_REZANG_LA_COLD_SNAP,Rezang La,2026-01-15,15,6,-49.5,75.0,9.18,220.0,0.0,0.0,0.0,0.05,0.5,0.75,68.3,54019.9,0.8414,SYNTHETIC_CLIMATOLOGY,True
WX_REZANG_LA_COLD_SNAP,Rezang La,2026-01-15,15,7,-49.28,74.5,10.66,220.0,7.1,174.1,3.2,0.05,0.5,0.75,68.7,54019.9,0.8406,SYNTHETIC_CLIMATOLOGY,True
WX_REZANG_LA_COLD_SNAP,Rezang La,2026-01-15,15,8,-48.63,73.0,12.24,220.0,158.0,670.5,18.9,0.05,0.5,0.75,69.8,54019.9,0.8382,SYNTHETIC_CLIMATOLOGY,True
WX_REZANG_LA_COLD_SNAP,Rezang La,2026-01-15,15,9,-47.6,70.6,13.82,220.0,328.2,825.1,27.1,0.05,0.5,0.75,71.8,54019.9,0.8343,SYNTHETIC_CLIMATOLOGY,True
WX_REZANG_LA_COLD_SNAP,Rezang La,2026-01-15,15,10,-46.25,67.5,15.3,220.0,464.6,893.2,32.3,0.05,0.5,0.75,74.3,54019.9,0.8294,SYNTHETIC_CLIMATOLOGY,True
WX_REZANG_LA_COLD_SNAP,Rezang La,2026-01-15,15,11,-44.68,63.9,16.57,220.0,549.5,924.2,35.2,0.05,0.5,0.75,77.4,54019.9,0.8237,SYNTHETIC_CLIMATOLOGY,True
WX_REZANG_LA_COLD_SNAP,Rezang La,2026-01-15,15,12,-43.0,60.0,17.54,220.0,574.2,932.1,36.0,0.05,0.5,0.75,80.8,54019.9,0.8177,SYNTHETIC_CLIMATOLOGY,True
WX_REZANG_LA_COLD_SNAP,Rezang La,2026-01-15,15,13,-41.32,56.1,18.15,220.0,536.4,919.8,34.8,0.05,0.5,0.75,84.4,54019.9,0.8117,SYNTHETIC_CLIMATOLOGY,True
WX_REZANG_LA_COLD_SNAP,Rezang La,2026-01-15,15,14,-39.75,52.5,18.36,220.0,439.8,882.8,31.4,0.05,0.5,0.75,87.8,54019.9,0.8063,SYNTHETIC_CLIMATOLOGY,True
WX_REZANG_LA_COLD_SNAP,Rezang La,2026-01-15,15,15,-38.4,49.4,18.15,220.0,294.4,802.9,25.6,0.05,0.5,0.75,90.8,54019.9,0.8017,SYNTHETIC_CLIMATOLOGY,True
WX_REZANG_LA_COLD_SNAP,Rezang La,2026-01-15,15,16,-37.37,47.0,17.54,220.0,121.1,613.0,16.6,0.05,0.5,0.75,93.2,54019.9,0.7982,SYNTHETIC_CLIMATOLOGY,True
WX_REZANG_LA_COLD_SNAP,Rezang La,2026-01-15,15,17,-36.72,45.5,16.57,220.0,0.0,0.0,0.0,0.05,0.5,0.75,94.7,54019.9,0.796,SYNTHETIC_CLIMATOLOGY,True
WX_REZANG_LA_COLD_SNAP,Rezang La,2026-01-15,15,18,-36.5,45.0,15.3,220.0,0.0,0.0,0.0,0.05,0.5,0.75,95.3,54019.9,0.7952,SYNTHETIC_CLIMATOLOGY,True
WX_REZANG_LA_COLD_SNAP,Rezang La,2026-01-15,15,19,-36.72,45.5,13.82,220.0,0.0,0.0,0.0,0.05,0.5,0.75,94.7,54019.9,0.796,SYNTHETIC_CLIMATOLOGY,True
WX_REZANG_LA_COLD_SNAP,Rezang La,2026-01-15,15,20,-37.37,47.0,12.24,220.0,0.0,0.0,0.0,0.05,0.5,0.75,93.2,54019.9,0.7982,SYNTHETIC_CLIMATOLOGY,True
WX_REZANG_LA_COLD_SNAP,Rezang La,2026-01-15,15,21,-38.4,49.4,10.66,220.0,0.0,0.0,0.0,0.05,0.5,0.75,90.8,54019.9,0.8017,SYNTHETIC_CLIMATOLOGY,True
WX_REZANG_LA_COLD_SNAP,Rezang La,2026-01-15,15,22,-39.75,52.5,9.18,220.0,0.0,0.0,0.0,0.05,0.5,0.75,87.8,54019.9,0.8063,SYNTHETIC_CLIMATOLOGY,True
WX_REZANG_LA_COLD_SNAP,Rezang La,2026-01-15,15,23,-41.32,56.1,7.91,220.0,0.0,0.0,0.0,0.05,0.5,0.75,84.4,54019.9,0.8117,SYNTHETIC_CLIMATOLOGY,True
WX_PANGONG_NORMAL_WINTER,Pangong,2026-01-15,15,0,-19.0,60.0,3.08,220.0,0.0,0.0,0.0,0.15,0.25,0.75,151.9,59658.3,0.8178,SYNTHETIC_CLIMATOLOGY,True
WX_PANGONG_NORMAL_WINTER,Pangong,2026-01-15,15,1,-20.81,63.9,2.81,220.0,0.0,0.0,0.0,0.15,0.25,0.75,145.8,59658.3,0.8236,SYNTHETIC_CLIMATOLOGY,True
WX_PANGONG_NORMAL_WINTER,Pangong,2026-01-15,15,2,-22.5,67.5,2.72,220.0,0.0,0.0,0.0,0.15,0.25,0.75,140.3,59658.3,0.8292,SYNTHETIC_CLIMATOLOGY,True
WX_PANGONG_NORMAL_WINTER,Pangong,2026-01-15,15,3,-23.95,70.6,2.81,220.0,0.0,0.0,0.0,0.15,0.25,0.75,135.7,59658.3,0.834,SYNTHETIC_CLIMATOLOGY,True
WX_PANGONG_NORMAL_WINTER,Pangong,2026-01-15,15,4,-25.06,73.0,3.08,220.0,0.0,0.0,0.0,0.15,0.25,0.75,132.3,59658.3,0.8377,SYNTHETIC_CLIMATOLOGY,True
WX_PANGONG_NORMAL_WINTER,Pangong,2026-01-15,15,5,-25.76,74.5,3.52,220.0,0.0,0.0,0.0,0.15,0.25,0.75,130.2,59658.3,0.8401,SYNTHETIC_CLIMATOLOGY,True
WX_PANGONG_NORMAL_WINTER,Pangong,2026-01-15,15,6,-26.0,75.0,4.08,220.0,0.0,0.0,0.0,0.15,0.25,0.75,129.5,59658.3,0.8409,SYNTHETIC_CLIMATOLOGY,True
WX_PANGONG_NORMAL_WINTER,Pangong,2026-01-15,15,7,-25.76,74.5,4.74,220.0,4.4,111.4,2.5,0.15,0.25,0.75,130.2,59658.3,0.8401,SYNTHETIC_CLIMATOLOGY,True
WX_PANGONG_NORMAL_WINTER,Pangong,2026-01-15,15,8,-25.06,73.0,5.44,220.0,130.6,535.1,22.5,0.15,0.25,0.75,132.3,59658.3,0.8377,SYNTHETIC_CLIMATOLOGY,True
WX_PANGONG_NORMAL_WINTER,Pangong,2026-01-15,15,9,-23.95,70.6,6.14,220.0,277.7,672.9,35.9,0.15,0.25,0.75,135.7,59658.3,0.834,SYNTHETIC_CLIMATOLOGY,True
WX_PANGONG_NORMAL_WINTER,Pangong,2026-01-15,15,10,-22.5,67.5,6.8,220.0,396.4,733.9,45.3,0.15,0.25,0.75,140.3,59658.3,0.8292,SYNTHETIC_CLIMATOLOGY,True
WX_PANGONG_NORMAL_WINTER,Pangong,2026-01-15,15,11,-20.81,63.9,7.36,220.0,470.8,761.7,50.9,0.15,0.25,0.75,145.8,59658.3,0.8236,SYNTHETIC_CLIMATOLOGY,True
WX_PANGONG_NORMAL_WINTER,Pangong,2026-01-15,15,12,-19.0,60.0,7.8,220.0,492.9,769.0,52.6,0.15,0.25,0.75,151.9,59658.3,0.8178,SYNTHETIC_CLIMATOLOGY,True
WX_PANGONG_NORMAL_WINTER,Pangong,2026-01-15,15,13,-17.19,56.1,8.07,220.0,460.8,758.3,50.2,0.15,0.25,0.75,158.2,59658.3,0.812,SYNTHETIC_CLIMATOLOGY,True
WX_PANGONG_NORMAL_WINTER,Pangong,2026-01-15,15,14,-15.5,52.5,8.16,220.0,377.4,725.7,43.8,0.15,0.25,0.75,164.2,59658.3,0.8066,SYNTHETIC_CLIMATOLOGY,True
WX_PANGONG_NORMAL_WINTER,Pangong,2026-01-15,15,15,-14.05,49.4,8.07,220.0,251.8,655.5,33.7,0.15,0.25,0.75,169.6,59658.3,0.8021,SYNTHETIC_CLIMATOLOGY,True
WX_PANGONG_NORMAL_WINTER,Pangong,2026-01-15,15,16,-12.94,47.0,7.8,220.0,102.6,490.6,19.5,0.15,0.25,0.75,173.8,59658.3,0.7987,SYNTHETIC_CLIMATOLOGY,True
WX_PANGONG_NORMAL_WINTER,Pangong,2026-01-15,15,17,-12.24,45.5,7.36,220.0,0.0,0.0,0.0,0.15,0.25,0.75,176.5,59658.3,0.7966,SYNTHETIC_CLIMATOLOGY,True
WX_PANGONG_NORMAL_WINTER,Pangong,2026-01-15,15,18,-12.0,45.0,6.8,220.0,0.0,0.0,0.0,0.15,0.25,0.75,177.4,59658.3,0.7958,SYNTHETIC_CLIMATOLOGY,True
WX_PANGONG_NORMAL_WINTER,Pangong,2026-01-15,15,19,-12.24,45.5,6.14,220.0,0.0,0.0,0.0,0.15,0.25,0.75,176.5,59658.3,0.7966,SYNTHETIC_CLIMATOLOGY,True
WX_PANGONG_NORMAL_WINTER,Pangong,2026-01-15,15,20,-12.94,47.0,5.44,220.0,0.0,0.0,0.0,0.15,0.25,0.75,173.8,59658.3,0.7987,SYNTHETIC_CLIMATOLOGY,True
WX_PANGONG_NORMAL_WINTER,Pangong,2026-01-15,15,21,-14.05,49.4,4.74,220.0,0.0,0.0,0.0,0.15,0.25,0.75,169.6,59658.3,0.8021,SYNTHETIC_CLIMATOLOGY,True
WX_PANGONG_NORMAL_WINTER,Pangong,2026-01-15,15,22,-15.5,52.5,4.08,220.0,0.0,0.0,0.0,0.15,0.25,0.75,164.2,59658.3,0.8066,SYNTHETIC_CLIMATOLOGY,True
WX_PANGONG_NORMAL_WINTER,Pangong,2026-01-15,15,23,-17.19,56.1,3.52,220.0,0.0,0.0,0.0,0.15,0.25,0.75,158.2,59658.3,0.812,SYNTHETIC_CLIMATOLOGY,True
WX_PANGONG_COLD_WINTER,Pangong,2026-01-15,15,0,-25.0,60.0,3.7,220.0,0.0,0.0,0.0,0.1,0.4,0.75,129.2,59658.3,0.8375,SYNTHETIC_CLIMATOLOGY,True
WX_PANGONG_COLD_WINTER,Pangong,2026-01-15,15,1,-26.81,63.9,3.38,220.0,0.0,0.0,0.0,0.1,0.4,0.75,123.9,59658.3,0.8437,SYNTHETIC_CLIMATOLOGY,True
WX_PANGONG_COLD_WINTER,Pangong,2026-01-15,15,2,-28.5,67.5,3.26,220.0,0.0,0.0,0.0,0.1,0.4,0.75,119.0,59658.3,0.8495,SYNTHETIC_CLIMATOLOGY,True
WX_PANGONG_COLD_WINTER,Pangong,2026-01-15,15,3,-29.95,70.6,3.38,220.0,0.0,0.0,0.0,0.1,0.4,0.75,115.0,59658.3,0.8546,SYNTHETIC_CLIMATOLOGY,True
WX_PANGONG_COLD_WINTER,Pangong,2026-01-15,15,4,-31.06,73.0,3.7,220.0,0.0,0.0,0.0,0.1,0.4,0.75,111.9,59658.3,0.8585,SYNTHETIC_CLIMATOLOGY,True
WX_PANGONG_COLD_WINTER,Pangong,2026-01-15,15,5,-31.76,74.5,4.22,220.0,0.0,0.0,0.0,0.1,0.4,0.75,110.1,59658.3,0.861,SYNTHETIC_CLIMATOLOGY,True
WX_PANGONG_COLD_WINTER,Pangong,2026-01-15,15,6,-32.0,75.0,4.9,220.0,0.0,0.0,0.0,0.1,0.4,0.75,109.5,59658.3,0.8618,SYNTHETIC_CLIMATOLOGY,True
WX_PANGONG_COLD_WINTER,Pangong,2026-01-15,15,7,-31.76,74.5,5.68,220.0,4.6,121.3,2.6,0.1,0.4,0.75,110.1,59658.3,0.861,SYNTHETIC_CLIMATOLOGY,True
WX_PANGONG_COLD_WINTER,Pangong,2026-01-15,15,8,-31.06,73.0,6.53,220.0,138.6,583.0,20.9,0.1,0.4,0.75,111.9,59658.3,0.8585,SYNTHETIC_CLIMATOLOGY,True
WX_PANGONG_COLD_WINTER,Pangong,2026-01-15,15,9,-29.95,70.6,7.37,220.0,295.3,733.1,31.9,0.1,0.4,0.75,115.0,59658.3,0.8546,SYNTHETIC_CLIMATOLOGY,True
WX_PANGONG_COLD_WINTER,Pangong,2026-01-15,15,10,-28.5,67.5,8.16,220.0,421.8,799.6,39.3,0.1,0.4,0.75,119.0,59658.3,0.8495,SYNTHETIC_CLIMATOLOGY,True
WX_PANGONG_COLD_WINTER,Pangong,2026-01-15,15,11,-26.81,63.9,8.84,220.0,501.1,829.9,43.6,0.1,0.4,0.75,123.9,59658.3,0.8437,SYNTHETIC_CLIMATOLOGY,True
WX_PANGONG_COLD_WINTER,Pangong,2026-01-15,15,12,-25.0,60.0,9.35,220.0,524.7,837.8,44.9,0.1,0.4,0.75,129.2,59658.3,0.8375,SYNTHETIC_CLIMATOLOGY,True
WX_PANGONG_COLD_WINTER,Pangong,2026-01-15,15,13,-23.19,56.1,9.68,220.0,490.4,826.2,43.1,0.1,0.4,0.75,134.8,59658.3,0.8315,SYNTHETIC_CLIMATOLOGY,True
WX_PANGONG_COLD_WINTER,Pangong,2026-01-15,15,14,-21.5,52.5,9.79,220.0,401.5,790.6,38.2,0.1,0.4,0.75,140.2,59658.3,0.8259,SYNTHETIC_CLIMATOLOGY,True
WX_PANGONG_COLD_WINTER,Pangong,2026-01-15,15,15,-20.05,49.4,9.68,220.0,267.7,714.2,30.1,0.1,0.4,0.75,145.0,59658.3,0.8211,SYNTHETIC_CLIMATOLOGY,True
WX_PANGONG_COLD_WINTER,Pangong,2026-01-15,15,16,-18.94,47.0,9.35,220.0,108.8,534.5,18.3,0.1,0.4,0.75,148.7,59658.3,0.8176,SYNTHETIC_CLIMATOLOGY,True
WX_PANGONG_COLD_WINTER,Pangong,2026-01-15,15,17,-18.24,45.5,8.84,220.0,0.0,0.0,0.0,0.1,0.4,0.75,151.1,59658.3,0.8153,SYNTHETIC_CLIMATOLOGY,True
WX_PANGONG_COLD_WINTER,Pangong,2026-01-15,15,18,-18.0,45.0,8.16,220.0,0.0,0.0,0.0,0.1,0.4,0.75,151.9,59658.3,0.8145,SYNTHETIC_CLIMATOLOGY,True
WX_PANGONG_COLD_WINTER,Pangong,2026-01-15,15,19,-18.24,45.5,7.37,220.0,0.0,0.0,0.0,0.1,0.4,0.75,151.1,59658.3,0.8153,SYNTHETIC_CLIMATOLOGY,True
WX_PANGONG_COLD_WINTER,Pangong,2026-01-15,15,20,-18.94,47.0,6.53,220.0,0.0,0.0,0.0,0.1,0.4,0.75,148.7,59658.3,0.8176,SYNTHETIC_CLIMATOLOGY,True
WX_PANGONG_COLD_WINTER,Pangong,2026-01-15,15,21,-20.05,49.4,5.68,220.0,0.0,0.0,0.0,0.1,0.4,0.75,145.0,59658.3,0.8211,SYNTHETIC_CLIMATOLOGY,True
WX_PANGONG_COLD_WINTER,Pangong,2026-01-15,15,22,-21.5,52.5,4.9,220.0,0.0,0.0,0.0,0.1,0.4,0.75,140.2,59658.3,0.8259,SYNTHETIC_CLIMATOLOGY,True
WX_PANGONG_COLD_WINTER,Pangong,2026-01-15,15,23,-23.19,56.1,4.22,220.0,0.0,0.0,0.0,0.1,0.4,0.75,134.8,59658.3,0.8315,SYNTHETIC_CLIMATOLOGY,True
WX_PANGONG_EXTREME_WINTER,Pangong,2026-01-15,15,0,-31.0,60.0,4.63,220.0,0.0,0.0,0.0,0.05,0.6,0.75,109.1,59658.3,0.8583,SYNTHETIC_CLIMATOLOGY,True
WX_PANGONG_EXTREME_WINTER,Pangong,2026-01-15,15,1,-32.81,63.9,4.22,220.0,0.0,0.0,0.0,0.05,0.6,0.75,104.4,59658.3,0.8647,SYNTHETIC_CLIMATOLOGY,True
WX_PANGONG_EXTREME_WINTER,Pangong,2026-01-15,15,2,-34.5,67.5,4.08,220.0,0.0,0.0,0.0,0.05,0.6,0.75,100.1,59658.3,0.8709,SYNTHETIC_CLIMATOLOGY,True
WX_PANGONG_EXTREME_WINTER,Pangong,2026-01-15,15,3,-35.95,70.6,4.22,220.0,0.0,0.0,0.0,0.05,0.6,0.75,96.6,59658.3,0.8762,SYNTHETIC_CLIMATOLOGY,True
WX_PANGONG_EXTREME_WINTER,Pangong,2026-01-15,15,4,-37.06,73.0,4.63,220.0,0.0,0.0,0.0,0.05,0.6,0.75,93.9,59658.3,0.8803,SYNTHETIC_CLIMATOLOGY,True
WX_PANGONG_EXTREME_WINTER,Pangong,2026-01-15,15,5,-37.76,74.5,5.28,220.0,0.0,0.0,0.0,0.05,0.6,0.75,92.3,59658.3,0.8829,SYNTHETIC_CLIMATOLOGY,True
WX_PANGONG_EXTREME_WINTER,Pangong,2026-01-15,15,6,-38.0,75.0,6.12,220.0,0.0,0.0,0.0,0.05,0.6,0.75,91.8,59658.3,0.8838,SYNTHETIC_CLIMATOLOGY,True
WX_PANGONG_EXTREME_WINTER,Pangong,2026-01-15,15,7,-37.76,74.5,7.1,220.0,4.8,131.6,2.6,0.05,0.6,0.75,92.3,59658.3,0.8829,SYNTHETIC_CLIMATOLOGY,True
WX_PANGONG_EXTREME_WINTER,Pangong,2026-01-15,15,8,-37.06,73.0,8.16,220.0,147.0,632.2,19.3,0.05,0.6,0.75,93.9,59658.3,0.8803,SYNTHETIC_CLIMATOLOGY,True
WX_PANGONG_EXTREME_WINTER,Pangong,2026-01-15,15,9,-35.95,70.6,9.22,220.0,313.5,795.1,27.8,0.05,0.6,0.75,96.6,59658.3,0.8762,SYNTHETIC_CLIMATOLOGY,True
WX_PANGONG_EXTREME_WINTER,Pangong,2026-01-15,15,10,-34.5,67.5,10.2,220.0,448.1,867.1,33.3,0.05,0.6,0.75,100.1,59658.3,0.8709,SYNTHETIC_CLIMATOLOGY,True
WX_PANGONG_EXTREME_WINTER,Pangong,2026-01-15,15,11,-32.81,63.9,11.04,220.0,532.4,900.0,36.3,0.05,0.6,0.75,104.4,59658.3,0.8647,SYNTHETIC_CLIMATOLOGY,True
WX_PANGONG_EXTREME_WINTER,Pangong,2026-01-15,15,12,-31.0,60.0,11.69,220.0,557.6,908.6,37.2,0.05,0.6,0.75,109.1,59658.3,0.8583,SYNTHETIC_CLIMATOLOGY,True
WX_PANGONG_EXTREME_WINTER,Pangong,2026-01-15,15,13,-29.19,56.1,12.1,220.0,521.0,896.0,35.9,0.05,0.6,0.75,114.0,59658.3,0.8519,SYNTHETIC_CLIMATOLOGY,True
WX_PANGONG_EXTREME_WINTER,Pangong,2026-01-15,15,14,-27.5,52.5,12.24,220.0,426.5,857.4,32.4,0.05,0.6,0.75,118.7,59658.3,0.8461,SYNTHETIC_CLIMATOLOGY,True
WX_PANGONG_EXTREME_WINTER,Pangong,2026-01-15,15,15,-26.05,49.4,12.1,220.0,284.2,774.5,26.5,0.05,0.6,0.75,122.9,59658.3,0.8411,SYNTHETIC_CLIMATOLOGY,True
WX_PANGONG_EXTREME_WINTER,Pangong,2026-01-15,15,16,-24.94,47.0,11.69,220.0,115.3,579.7,17.1,0.05,0.6,0.75,126.2,59658.3,0.8373,SYNTHETIC_CLIMATOLOGY,True
WX_PANGONG_EXTREME_WINTER,Pangong,2026-01-15,15,17,-24.24,45.5,11.04,220.0,0.0,0.0,0.0,0.05,0.6,0.75,128.4,59658.3,0.835,SYNTHETIC_CLIMATOLOGY,True
WX_PANGONG_EXTREME_WINTER,Pangong,2026-01-15,15,18,-24.0,45.0,10.2,220.0,0.0,0.0,0.0,0.05,0.6,0.75,129.1,59658.3,0.8342,SYNTHETIC_CLIMATOLOGY,True
WX_PANGONG_EXTREME_WINTER,Pangong,2026-01-15,15,19,-24.24,45.5,9.22,220.0,0.0,0.0,0.0,0.05,0.6,0.75,128.4,59658.3,0.835,SYNTHETIC_CLIMATOLOGY,True
WX_PANGONG_EXTREME_WINTER,Pangong,2026-01-15,15,20,-24.94,47.0,8.16,220.0,0.0,0.0,0.0,0.05,0.6,0.75,126.2,59658.3,0.8373,SYNTHETIC_CLIMATOLOGY,True
WX_PANGONG_EXTREME_WINTER,Pangong,2026-01-15,15,21,-26.05,49.4,7.1,220.0,0.0,0.0,0.0,0.05,0.6,0.75,122.9,59658.3,0.8411,SYNTHETIC_CLIMATOLOGY,True
WX_PANGONG_EXTREME_WINTER,Pangong,2026-01-15,15,22,-27.5,52.5,6.12,220.0,0.0,0.0,0.0,0.05,0.6,0.75,118.7,59658.3,0.8461,SYNTHETIC_CLIMATOLOGY,True
WX_PANGONG_EXTREME_WINTER,Pangong,2026-01-15,15,23,-29.19,56.1,5.28,220.0,0.0,0.0,0.0,0.05,0.6,0.75,114.0,59658.3,0.8519,SYNTHETIC_CLIMATOLOGY,True
WX_PANGONG_CLEAR_SKY_NIGHT,Pangong,2026-01-15,15,0,-23.0,60.0,2.47,220.0,0.0,0.0,0.0,0.0,0.3,0.75,129.0,59658.3,0.8308,SYNTHETIC_CLIMATOLOGY,True
WX_PANGONG_CLEAR_SKY_NIGHT,Pangong,2026-01-15,15,1,-24.81,63.9,2.25,220.0,0.0,0.0,0.0,0.0,0.3,0.75,123.5,59658.3,0.8369,SYNTHETIC_CLIMATOLOGY,True
WX_PANGONG_CLEAR_SKY_NIGHT,Pangong,2026-01-15,15,2,-26.5,67.5,2.18,220.0,0.0,0.0,0.0,0.0,0.3,0.75,118.5,59658.3,0.8426,SYNTHETIC_CLIMATOLOGY,True
WX_PANGONG_CLEAR_SKY_NIGHT,Pangong,2026-01-15,15,3,-27.95,70.6,2.25,220.0,0.0,0.0,0.0,0.0,0.3,0.75,114.4,59658.3,0.8476,SYNTHETIC_CLIMATOLOGY,True
WX_PANGONG_CLEAR_SKY_NIGHT,Pangong,2026-01-15,15,4,-29.06,73.0,2.47,220.0,0.0,0.0,0.0,0.0,0.3,0.75,111.3,59658.3,0.8515,SYNTHETIC_CLIMATOLOGY,True
WX_PANGONG_CLEAR_SKY_NIGHT,Pangong,2026-01-15,15,5,-29.76,74.5,2.81,220.0,0.0,0.0,0.0,0.0,0.3,0.75,109.4,59658.3,0.8539,SYNTHETIC_CLIMATOLOGY,True
WX_PANGONG_CLEAR_SKY_NIGHT,Pangong,2026-01-15,15,6,-30.0,75.0,3.26,220.0,0.0,0.0,0.0,0.0,0.3,0.75,108.8,59658.3,0.8547,SYNTHETIC_CLIMATOLOGY,True
WX_PANGONG_CLEAR_SKY_NIGHT,Pangong,2026-01-15,15,7,-29.76,74.5,3.79,220.0,5.1,142.1,2.6,0.0,0.3,0.75,109.4,59658.3,0.8539,SYNTHETIC_CLIMATOLOGY,True
WX_PANGONG_CLEAR_SKY_NIGHT,Pangong,2026-01-15,15,8,-29.06,73.0,4.35,220.0,155.6,682.8,17.6,0.0,0.3,0.75,111.3,59658.3,0.8515,SYNTHETIC_CLIMATOLOGY,True
WX_PANGONG_CLEAR_SKY_NIGHT,Pangong,2026-01-15,15,9,-27.95,70.6,4.92,220.0,332.3,858.7,23.8,0.0,0.3,0.75,114.4,59658.3,0.8476,SYNTHETIC_CLIMATOLOGY,True
WX_PANGONG_CLEAR_SKY_NIGHT,Pangong,2026-01-15,15,10,-26.5,67.5,5.44,220.0,475.2,936.4,27.2,0.0,0.3,0.75,118.5,59658.3,0.8426,SYNTHETIC_CLIMATOLOGY,True
WX_PANGONG_CLEAR_SKY_NIGHT,Pangong,2026-01-15,15,11,-24.81,63.9,5.89,220.0,564.8,972.0,29.0,0.0,0.3,0.75,123.5,59658.3,0.8369,SYNTHETIC_CLIMATOLOGY,True
WX_PANGONG_CLEAR_SKY_NIGHT,Pangong,2026-01-15,15,12,-23.0,60.0,6.24,220.0,591.5,981.3,29.5,0.0,0.3,0.75,129.0,59658.3,0.8308,SYNTHETIC_CLIMATOLOGY,True
WX_PANGONG_CLEAR_SKY_NIGHT,Pangong,2026-01-15,15,13,-21.19,56.1,6.45,220.0,552.7,967.6,28.8,0.0,0.3,0.75,134.7,59658.3,0.8249,SYNTHETIC_CLIMATOLOGY,True
WX_PANGONG_CLEAR_SKY_NIGHT,Pangong,2026-01-15,15,14,-19.5,52.5,6.53,220.0,452.3,926.0,26.7,0.0,0.3,0.75,140.2,59658.3,0.8194,SYNTHETIC_CLIMATOLOGY,True
WX_PANGONG_CLEAR_SKY_NIGHT,Pangong,2026-01-15,15,15,-18.05,49.4,6.45,220.0,301.2,836.5,22.9,0.0,0.3,0.75,145.1,59658.3,0.8147,SYNTHETIC_CLIMATOLOGY,True
WX_PANGONG_CLEAR_SKY_NIGHT,Pangong,2026-01-15,15,16,-16.94,47.0,6.24,220.0,122.0,626.0,15.9,0.0,0.3,0.75,148.9,59658.3,0.8112,SYNTHETIC_CLIMATOLOGY,True
WX_PANGONG_CLEAR_SKY_NIGHT,Pangong,2026-01-15,15,17,-16.24,45.5,5.89,220.0,0.0,0.0,0.0,0.0,0.3,0.75,151.4,59658.3,0.809,SYNTHETIC_CLIMATOLOGY,True
WX_PANGONG_CLEAR_SKY_NIGHT,Pangong,2026-01-15,15,18,-16.0,45.0,5.44,220.0,0.0,0.0,0.0,0.0,0.3,0.75,152.2,59658.3,0.8082,SYNTHETIC_CLIMATOLOGY,True
WX_PANGONG_CLEAR_SKY_NIGHT,Pangong,2026-01-15,15,19,-16.24,45.5,4.92,220.0,0.0,0.0,0.0,0.0,0.3,0.75,151.4,59658.3,0.809,SYNTHETIC_CLIMATOLOGY,True
WX_PANGONG_CLEAR_SKY_NIGHT,Pangong,2026-01-15,15,20,-16.94,47.0,4.35,220.0,0.0,0.0,0.0,0.0,0.3,0.75,148.9,59658.3,0.8112,SYNTHETIC_CLIMATOLOGY,True
WX_PANGONG_CLEAR_SKY_NIGHT,Pangong,2026-01-15,15,21,-18.05,49.4,3.79,220.0,0.0,0.0,0.0,0.0,0.3,0.75,145.1,59658.3,0.8147,SYNTHETIC_CLIMATOLOGY,True
WX_PANGONG_CLEAR_SKY_NIGHT,Pangong,2026-01-15,15,22,-19.5,52.5,3.26,220.0,0.0,0.0,0.0,0.0,0.3,0.75,140.2,59658.3,0.8194,SYNTHETIC_CLIMATOLOGY,True
WX_PANGONG_CLEAR_SKY_NIGHT,Pangong,2026-01-15,15,23,-21.19,56.1,2.81,220.0,0.0,0.0,0.0,0.0,0.3,0.75,134.7,59658.3,0.8249,SYNTHETIC_CLIMATOLOGY,True
WX_PANGONG_SNOW_COVER,Pangong,2026-01-15,15,0,-21.0,60.0,3.39,220.0,0.0,0.0,0.0,0.2,0.8,0.75,148.6,59658.3,0.8242,SYNTHETIC_CLIMATOLOGY,True
WX_PANGONG_SNOW_COVER,Pangong,2026-01-15,15,1,-22.81,63.9,3.09,220.0,0.0,0.0,0.0,0.2,0.8,0.75,142.7,59658.3,0.8302,SYNTHETIC_CLIMATOLOGY,True
WX_PANGONG_SNOW_COVER,Pangong,2026-01-15,15,2,-24.5,67.5,2.99,220.0,0.0,0.0,0.0,0.2,0.8,0.75,137.3,59658.3,0.8358,SYNTHETIC_CLIMATOLOGY,True
WX_PANGONG_SNOW_COVER,Pangong,2026-01-15,15,3,-25.95,70.6,3.09,220.0,0.0,0.0,0.0,0.2,0.8,0.75,132.9,59658.3,0.8407,SYNTHETIC_CLIMATOLOGY,True
WX_PANGONG_SNOW_COVER,Pangong,2026-01-15,15,4,-27.06,73.0,3.39,220.0,0.0,0.0,0.0,0.2,0.8,0.75,129.6,59658.3,0.8445,SYNTHETIC_CLIMATOLOGY,True
WX_PANGONG_SNOW_COVER,Pangong,2026-01-15,15,5,-27.76,74.5,3.87,220.0,0.0,0.0,0.0,0.2,0.8,0.75,127.5,59658.3,0.847,SYNTHETIC_CLIMATOLOGY,True
WX_PANGONG_SNOW_COVER,Pangong,2026-01-15,15,6,-28.0,75.0,4.49,220.0,0.0,0.0,0.0,0.2,0.8,0.75,126.8,59658.3,0.8478,SYNTHETIC_CLIMATOLOGY,True
WX_PANGONG_SNOW_COVER,Pangong,2026-01-15,15,7,-27.76,74.5,5.21,220.0,4.2,101.7,2.5,0.2,0.8,0.75,127.5,59658.3,0.847,SYNTHETIC_CLIMATOLOGY,True
WX_PANGONG_SNOW_COVER,Pangong,2026-01-15,15,8,-27.06,73.0,5.98,220.0,122.8,488.6,24.1,0.2,0.8,0.75,129.6,59658.3,0.8445,SYNTHETIC_CLIMATOLOGY,True
WX_PANGONG_SNOW_COVER,Pangong,2026-01-15,15,9,-25.95,70.6,6.76,220.0,260.6,614.4,39.9,0.2,0.8,0.75,132.9,59658.3,0.8407,SYNTHETIC_CLIMATOLOGY,True
WX_PANGONG_SNOW_COVER,Pangong,2026-01-15,15,10,-24.5,67.5,7.48,220.0,371.9,670.1,51.3,0.2,0.8,0.75,137.3,59658.3,0.8358,SYNTHETIC_CLIMATOLOGY,True
WX_PANGONG_SNOW_COVER,Pangong,2026-01-15,15,11,-22.81,63.9,8.1,220.0,441.5,695.5,58.2,0.2,0.8,0.75,142.7,59658.3,0.8302,SYNTHETIC_CLIMATOLOGY,True
WX_PANGONG_SNOW_COVER,Pangong,2026-01-15,15,12,-21.0,60.0,8.58,220.0,462.3,702.1,60.2,0.2,0.8,0.75,148.6,59658.3,0.8242,SYNTHETIC_CLIMATOLOGY,True
WX_PANGONG_SNOW_COVER,Pangong,2026-01-15,15,13,-19.19,56.1,8.87,220.0,432.1,692.4,57.2,0.2,0.8,0.75,154.7,59658.3,0.8184,SYNTHETIC_CLIMATOLOGY,True
WX_PANGONG_SNOW_COVER,Pangong,2026-01-15,15,14,-17.5,52.5,8.98,220.0,354.0,662.6,49.5,0.2,0.8,0.75,160.6,59658.3,0.813,SYNTHETIC_CLIMATOLOGY,True
WX_PANGONG_SNOW_COVER,Pangong,2026-01-15,15,15,-16.05,49.4,8.87,220.0,236.4,598.5,37.3,0.2,0.8,0.75,165.8,59658.3,0.8084,SYNTHETIC_CLIMATOLOGY,True
WX_PANGONG_SNOW_COVER,Pangong,2026-01-15,15,16,-14.94,47.0,8.58,220.0,96.5,447.9,20.7,0.2,0.8,0.75,169.8,59658.3,0.8049,SYNTHETIC_CLIMATOLOGY,True
WX_PANGONG_SNOW_COVER,Pangong,2026-01-15,15,17,-14.24,45.5,8.1,220.0,0.0,0.0,0.0,0.2,0.8,0.75,172.4,59658.3,0.8027,SYNTHETIC_CLIMATOLOGY,True
WX_PANGONG_SNOW_COVER,Pangong,2026-01-15,15,18,-14.0,45.0,7.48,220.0,0.0,0.0,0.0,0.2,0.8,0.75,173.3,59658.3,0.802,SYNTHETIC_CLIMATOLOGY,True
WX_PANGONG_SNOW_COVER,Pangong,2026-01-15,15,19,-14.24,45.5,6.76,220.0,0.0,0.0,0.0,0.2,0.8,0.75,172.4,59658.3,0.8027,SYNTHETIC_CLIMATOLOGY,True
WX_PANGONG_SNOW_COVER,Pangong,2026-01-15,15,20,-14.94,47.0,5.98,220.0,0.0,0.0,0.0,0.2,0.8,0.75,169.8,59658.3,0.8049,SYNTHETIC_CLIMATOLOGY,True
WX_PANGONG_SNOW_COVER,Pangong,2026-01-15,15,21,-16.05,49.4,5.21,220.0,0.0,0.0,0.0,0.2,0.8,0.75,165.8,59658.3,0.8084,SYNTHETIC_CLIMATOLOGY,True
WX_PANGONG_SNOW_COVER,Pangong,2026-01-15,15,22,-17.5,52.5,4.49,220.0,0.0,0.0,0.0,0.2,0.8,0.75,160.6,59658.3,0.813,SYNTHETIC_CLIMATOLOGY,True
WX_PANGONG_SNOW_COVER,Pangong,2026-01-15,15,23,-19.19,56.1,3.87,220.0,0.0,0.0,0.0,0.2,0.8,0.75,154.7,59658.3,0.8184,SYNTHETIC_CLIMATOLOGY,True
WX_PANGONG_HIGH_SOLAR_DAY,Pangong,2026-01-15,15,0,-17.0,60.0,2.78,220.0,0.0,0.0,0.0,0.0,0.2,0.75,148.7,59658.3,0.8114,SYNTHETIC_CLIMATOLOGY,True
WX_PANGONG_HIGH_SOLAR_DAY,Pangong,2026-01-15,15,1,-18.81,63.9,2.53,220.0,0.0,0.0,0.0,0.0,0.2,0.75,142.5,59658.3,0.8171,SYNTHETIC_CLIMATOLOGY,True
WX_PANGONG_HIGH_SOLAR_DAY,Pangong,2026-01-15,15,2,-20.5,67.5,2.45,220.0,0.0,0.0,0.0,0.0,0.2,0.75,136.9,59658.3,0.8226,SYNTHETIC_CLIMATOLOGY,True
WX_PANGONG_HIGH_SOLAR_DAY,Pangong,2026-01-15,15,3,-21.95,70.6,2.53,220.0,0.0,0.0,0.0,0.0,0.2,0.75,132.3,59658.3,0.8274,SYNTHETIC_CLIMATOLOGY,True
WX_PANGONG_HIGH_SOLAR_DAY,Pangong,2026-01-15,15,4,-23.06,73.0,2.78,220.0,0.0,0.0,0.0,0.0,0.2,0.75,128.8,59658.3,0.831,SYNTHETIC_CLIMATOLOGY,True
WX_PANGONG_HIGH_SOLAR_DAY,Pangong,2026-01-15,15,5,-23.76,74.5,3.17,220.0,0.0,0.0,0.0,0.0,0.2,0.75,126.7,59658.3,0.8334,SYNTHETIC_CLIMATOLOGY,True
WX_PANGONG_HIGH_SOLAR_DAY,Pangong,2026-01-15,15,6,-24.0,75.0,3.67,220.0,0.0,0.0,0.0,0.0,0.2,0.75,125.9,59658.3,0.8342,SYNTHETIC_CLIMATOLOGY,True
WX_PANGONG_HIGH_SOLAR_DAY,Pangong,2026-01-15,15,7,-23.76,74.5,4.26,220.0,5.1,142.1,2.6,0.0,0.2,0.75,126.7,59658.3,0.8334,SYNTHETIC_CLIMATOLOGY,True
WX_PANGONG_HIGH_SOLAR_DAY,Pangong,2026-01-15,15,8,-23.06,73.0,4.9,220.0,155.6,682.8,17.6,0.0,0.2,0.75,128.8,59658.3,0.831,SYNTHETIC_CLIMATOLOGY,True
WX_PANGONG_HIGH_SOLAR_DAY,Pangong,2026-01-15,15,9,-21.95,70.6,5.53,220.0,332.3,858.7,23.8,0.0,0.2,0.75,132.3,59658.3,0.8274,SYNTHETIC_CLIMATOLOGY,True
WX_PANGONG_HIGH_SOLAR_DAY,Pangong,2026-01-15,15,10,-20.5,67.5,6.12,220.0,475.2,936.4,27.2,0.0,0.2,0.75,136.9,59658.3,0.8226,SYNTHETIC_CLIMATOLOGY,True
WX_PANGONG_HIGH_SOLAR_DAY,Pangong,2026-01-15,15,11,-18.81,63.9,6.63,220.0,564.8,972.0,29.0,0.0,0.2,0.75,142.5,59658.3,0.8171,SYNTHETIC_CLIMATOLOGY,True
WX_PANGONG_HIGH_SOLAR_DAY,Pangong,2026-01-15,15,12,-17.0,60.0,7.02,220.0,591.5,981.3,29.5,0.0,0.2,0.75,148.7,59658.3,0.8114,SYNTHETIC_CLIMATOLOGY,True
WX_PANGONG_HIGH_SOLAR_DAY,Pangong,2026-01-15,15,13,-15.19,56.1,7.26,220.0,552.7,967.6,28.8,0.0,0.2,0.75,155.1,59658.3,0.8057,SYNTHETIC_CLIMATOLOGY,True
WX_PANGONG_HIGH_SOLAR_DAY,Pangong,2026-01-15,15,14,-13.5,52.5,7.34,220.0,452.3,926.0,26.7,0.0,0.2,0.75,161.3,59658.3,0.8004,SYNTHETIC_CLIMATOLOGY,True
WX_PANGONG_HIGH_SOLAR_DAY,Pangong,2026-01-15,15,15,-12.05,49.4,7.26,220.0,301.2,836.5,22.9,0.0,0.2,0.75,166.8,59658.3,0.796,SYNTHETIC_CLIMATOLOGY,True
WX_PANGONG_HIGH_SOLAR_DAY,Pangong,2026-01-15,15,16,-10.94,47.0,7.02,220.0,122.0,626.0,15.9,0.0,0.2,0.75,171.1,59658.3,0.7926,SYNTHETIC_CLIMATOLOGY,True
WX_PANGONG_HIGH_SOLAR_DAY,Pangong,2026-01-15,15,17,-10.24,45.5,6.63,220.0,0.0,0.0,0.0,0.0,0.2,0.75,173.9,59658.3,0.7905,SYNTHETIC_CLIMATOLOGY,True
WX_PANGONG_HIGH_SOLAR_DAY,Pangong,2026-01-15,15,18,-10.0,45.0,6.12,220.0,0.0,0.0,0.0,0.0,0.2,0.75,174.8,59658.3,0.7898,SYNTHETIC_CLIMATOLOGY,True
WX_PANGONG_HIGH_SOLAR_DAY,Pangong,2026-01-15,15,19,-10.24,45.5,5.53,220.0,0.0,0.0,0.0,0.0,0.2,0.75,173.9,59658.3,0.7905,SYNTHETIC_CLIMATOLOGY,True
WX_PANGONG_HIGH_SOLAR_DAY,Pangong,2026-01-15,15,20,-10.94,47.0,4.9,220.0,0.0,0.0,0.0,0.0,0.2,0.75,171.1,59658.3,0.7926,SYNTHETIC_CLIMATOLOGY,True
WX_PANGONG_HIGH_SOLAR_DAY,Pangong,2026-01-15,15,21,-12.05,49.4,4.26,220.0,0.0,0.0,0.0,0.0,0.2,0.75,166.8,59658.3,0.796,SYNTHETIC_CLIMATOLOGY,True
WX_PANGONG_HIGH_SOLAR_DAY,Pangong,2026-01-15,15,22,-13.5,52.5,3.67,220.0,0.0,0.0,0.0,0.0,0.2,0.75,161.3,59658.3,0.8004,SYNTHETIC_CLIMATOLOGY,True
WX_PANGONG_HIGH_SOLAR_DAY,Pangong,2026-01-15,15,23,-15.19,56.1,3.17,220.0,0.0,0.0,0.0,0.0,0.2,0.75,155.1,59658.3,0.8057,SYNTHETIC_CLIMATOLOGY,True
WX_PANGONG_CLOUDY_DAY,Pangong,2026-01-15,15,0,-20.0,60.0,4.01,220.0,0.0,0.0,0.0,0.85,0.35,0.75,202.1,59658.3,0.821,SYNTHETIC_CLIMATOLOGY,True
WX_PANGONG_CLOUDY_DAY,Pangong,2026-01-15,15,1,-21.81,63.9,3.66,220.0,0.0,0.0,0.0,0.85,0.35,0.75,195.6,59658.3,0.8269,SYNTHETIC_CLIMATOLOGY,True
WX_PANGONG_CLOUDY_DAY,Pangong,2026-01-15,15,2,-23.5,67.5,3.54,220.0,0.0,0.0,0.0,0.85,0.35,0.75,189.8,59658.3,0.8325,SYNTHETIC_CLIMATOLOGY,True
WX_PANGONG_CLOUDY_DAY,Pangong,2026-01-15,15,3,-24.95,70.6,3.66,220.0,0.0,0.0,0.0,0.85,0.35,0.75,184.8,59658.3,0.8374,SYNTHETIC_CLIMATOLOGY,True
WX_PANGONG_CLOUDY_DAY,Pangong,2026-01-15,15,4,-26.06,73.0,4.01,220.0,0.0,0.0,0.0,0.85,0.35,0.75,181.1,59658.3,0.8411,SYNTHETIC_CLIMATOLOGY,True
WX_PANGONG_CLOUDY_DAY,Pangong,2026-01-15,15,5,-26.76,74.5,4.57,220.0,0.0,0.0,0.0,0.85,0.35,0.75,178.8,59658.3,0.8435,SYNTHETIC_CLIMATOLOGY,True
WX_PANGONG_CLOUDY_DAY,Pangong,2026-01-15,15,6,-27.0,75.0,5.3,220.0,0.0,0.0,0.0,0.85,0.35,0.75,178.1,59658.3,0.8443,SYNTHETIC_CLIMATOLOGY,True
WX_PANGONG_CLOUDY_DAY,Pangong,2026-01-15,15,7,-26.76,74.5,6.16,220.0,2.0,8.3,1.9,0.85,0.35,0.75,178.8,59658.3,0.8435,SYNTHETIC_CLIMATOLOGY,True
WX_PANGONG_CLOUDY_DAY,Pangong,2026-01-15,15,8,-26.06,73.0,7.07,220.0,38.1,39.7,30.1,0.85,0.35,0.75,181.1,59658.3,0.8411,SYNTHETIC_CLIMATOLOGY,True
WX_PANGONG_CLOUDY_DAY,Pangong,2026-01-15,15,9,-24.95,70.6,7.99,220.0,76.3,49.9,58.4,0.85,0.35,0.75,184.8,59658.3,0.8374,SYNTHETIC_CLIMATOLOGY,True
WX_PANGONG_CLOUDY_DAY,Pangong,2026-01-15,15,10,-23.5,67.5,8.84,220.0,106.6,54.4,80.6,0.85,0.35,0.75,189.8,59658.3,0.8325,SYNTHETIC_CLIMATOLOGY,True
WX_PANGONG_CLOUDY_DAY,Pangong,2026-01-15,15,11,-21.81,63.9,9.57,220.0,125.5,56.5,94.3,0.85,0.35,0.75,195.6,59658.3,0.8269,SYNTHETIC_CLIMATOLOGY,True
WX_PANGONG_CLOUDY_DAY,Pangong,2026-01-15,15,12,-20.0,60.0,10.13,220.0,131.1,57.0,98.4,0.85,0.35,0.75,202.1,59658.3,0.821,SYNTHETIC_CLIMATOLOGY,True
WX_PANGONG_CLOUDY_DAY,Pangong,2026-01-15,15,13,-18.19,56.1,10.49,220.0,122.9,56.2,92.5,0.85,0.35,0.75,208.7,59658.3,0.8152,SYNTHETIC_CLIMATOLOGY,True
WX_PANGONG_CLOUDY_DAY,Pangong,2026-01-15,15,14,-16.5,52.5,10.61,220.0,101.8,53.8,77.1,0.85,0.35,0.75,215.0,59658.3,0.8098,SYNTHETIC_CLIMATOLOGY,True
WX_PANGONG_CLOUDY_DAY,Pangong,2026-01-15,15,15,-15.05,49.4,10.49,220.0,69.7,48.6,53.5,0.85,0.35,0.75,220.6,59658.3,0.8052,SYNTHETIC_CLIMATOLOGY,True
WX_PANGONG_CLOUDY_DAY,Pangong,2026-01-15,15,16,-13.94,47.0,10.13,220.0,30.7,36.4,24.5,0.85,0.35,0.75,224.9,59658.3,0.8018,SYNTHETIC_CLIMATOLOGY,True
WX_PANGONG_CLOUDY_DAY,Pangong,2026-01-15,15,17,-13.24,45.5,9.57,220.0,0.0,0.0,0.0,0.85,0.35,0.75,227.7,59658.3,0.7996,SYNTHETIC_CLIMATOLOGY,True
WX_PANGONG_CLOUDY_DAY,Pangong,2026-01-15,15,18,-13.0,45.0,8.84,220.0,0.0,0.0,0.0,0.85,0.35,0.75,228.6,59658.3,0.7989,SYNTHETIC_CLIMATOLOGY,True
WX_PANGONG_CLOUDY_DAY,Pangong,2026-01-15,15,19,-13.24,45.5,7.99,220.0,0.0,0.0,0.0,0.85,0.35,0.75,227.7,59658.3,0.7996,SYNTHETIC_CLIMATOLOGY,True
WX_PANGONG_CLOUDY_DAY,Pangong,2026-01-15,15,20,-13.94,47.0,7.07,220.0,0.0,0.0,0.0,0.85,0.35,0.75,224.9,59658.3,0.8018,SYNTHETIC_CLIMATOLOGY,True
WX_PANGONG_CLOUDY_DAY,Pangong,2026-01-15,15,21,-15.05,49.4,6.16,220.0,0.0,0.0,0.0,0.85,0.35,0.75,220.6,59658.3,0.8052,SYNTHETIC_CLIMATOLOGY,True
WX_PANGONG_CLOUDY_DAY,Pangong,2026-01-15,15,22,-16.5,52.5,5.3,220.0,0.0,0.0,0.0,0.85,0.35,0.75,215.0,59658.3,0.8098,SYNTHETIC_CLIMATOLOGY,True
WX_PANGONG_CLOUDY_DAY,Pangong,2026-01-15,15,23,-18.19,56.1,4.57,220.0,0.0,0.0,0.0,0.85,0.35,0.75,208.7,59658.3,0.8152,SYNTHETIC_CLIMATOLOGY,True
WX_PANGONG_COLD_SNAP,Pangong,2026-01-15,15,0,-34.0,60.0,5.55,220.0,0.0,0.0,0.0,0.05,0.5,0.75,101.4,59658.3,0.869,SYNTHETIC_CLIMATOLOGY,True
WX_PANGONG_COLD_SNAP,Pangong,2026-01-15,15,1,-35.81,63.9,5.06,220.0,0.0,0.0,0.0,0.05,0.5,0.75,96.9,59658.3,0.8757,SYNTHETIC_CLIMATOLOGY,True
WX_PANGONG_COLD_SNAP,Pangong,2026-01-15,15,2,-37.5,67.5,4.9,220.0,0.0,0.0,0.0,0.05,0.5,0.75,92.9,59658.3,0.882,SYNTHETIC_CLIMATOLOGY,True
WX_PANGONG_COLD_SNAP,Pangong,2026-01-15,15,3,-38.95,70.6,5.06,220.0,0.0,0.0,0.0,0.05,0.5,0.75,89.6,59658.3,0.8874,SYNTHETIC_CLIMATOLOGY,True
WX_PANGONG_COLD_SNAP,Pangong,2026-01-15,15,4,-40.06,73.0,5.55,220.0,0.0,0.0,0.0,0.05,0.5,0.75,87.1,59658.3,0.8916,SYNTHETIC_CLIMATOLOGY,True
WX_PANGONG_COLD_SNAP,Pangong,2026-01-15,15,5,-40.76,74.5,6.33,220.0,0.0,0.0,0.0,0.05,0.5,0.75,85.6,59658.3,0.8943,SYNTHETIC_CLIMATOLOGY,True
WX_PANGONG_COLD_SNAP,Pangong,2026-01-15,15,6,-41.0,75.0,7.34,220.0,0.0,0.0,0.0,0.05,0.5,0.75,85.1,59658.3,0.8953,SYNTHETIC_CLIMATOLOGY,True
WX_PANGONG_COLD_SNAP,Pangong,2026-01-15,15,7,-40.76,74.5,8.52,220.0,4.8,131.6,2.6,0.05,0.5,0.75,85.6,59658.3,0.8943,SYNTHETIC_CLIMATOLOGY,True
WX_PANGONG_COLD_SNAP,Pangong,2026-01-15,15,8,-40.06,73.0,9.79,220.0,147.0,632.2,19.3,0.05,0.5,0.75,87.1,59658.3,0.8916,SYNTHETIC_CLIMATOLOGY,True
WX_PANGONG_COLD_SNAP,Pangong,2026-01-15,15,9,-38.95,70.6,11.06,220.0,313.5,795.1,27.8,0.05,0.5,0.75,89.6,59658.3,0.8874,SYNTHETIC_CLIMATOLOGY,True
WX_PANGONG_COLD_SNAP,Pangong,2026-01-15,15,10,-37.5,67.5,12.24,220.0,448.1,867.1,33.3,0.05,0.5,0.75,92.9,59658.3,0.882,SYNTHETIC_CLIMATOLOGY,True
WX_PANGONG_COLD_SNAP,Pangong,2026-01-15,15,11,-35.81,63.9,13.25,220.0,532.4,900.0,36.3,0.05,0.5,0.75,96.9,59658.3,0.8757,SYNTHETIC_CLIMATOLOGY,True
WX_PANGONG_COLD_SNAP,Pangong,2026-01-15,15,12,-34.0,60.0,14.03,220.0,557.6,908.6,37.2,0.05,0.5,0.75,101.4,59658.3,0.869,SYNTHETIC_CLIMATOLOGY,True
WX_PANGONG_COLD_SNAP,Pangong,2026-01-15,15,13,-32.19,56.1,14.52,220.0,521.0,896.0,35.9,0.05,0.5,0.75,106.0,59658.3,0.8625,SYNTHETIC_CLIMATOLOGY,True
WX_PANGONG_COLD_SNAP,Pangong,2026-01-15,15,14,-30.5,52.5,14.69,220.0,426.5,857.4,32.4,0.05,0.5,0.75,110.4,59658.3,0.8565,SYNTHETIC_CLIMATOLOGY,True
WX_PANGONG_COLD_SNAP,Pangong,2026-01-15,15,15,-29.05,49.4,14.52,220.0,284.2,774.5,26.5,0.05,0.5,0.75,114.4,59658.3,0.8514,SYNTHETIC_CLIMATOLOGY,True
WX_PANGONG_COLD_SNAP,Pangong,2026-01-15,15,16,-27.94,47.0,14.03,220.0,115.3,579.7,17.1,0.05,0.5,0.75,117.5,59658.3,0.8476,SYNTHETIC_CLIMATOLOGY,True
WX_PANGONG_COLD_SNAP,Pangong,2026-01-15,15,17,-27.24,45.5,13.25,220.0,0.0,0.0,0.0,0.05,0.5,0.75,119.5,59658.3,0.8452,SYNTHETIC_CLIMATOLOGY,True
WX_PANGONG_COLD_SNAP,Pangong,2026-01-15,15,18,-27.0,45.0,12.24,220.0,0.0,0.0,0.0,0.05,0.5,0.75,120.2,59658.3,0.8443,SYNTHETIC_CLIMATOLOGY,True
WX_PANGONG_COLD_SNAP,Pangong,2026-01-15,15,19,-27.24,45.5,11.06,220.0,0.0,0.0,0.0,0.05,0.5,0.75,119.5,59658.3,0.8452,SYNTHETIC_CLIMATOLOGY,True
WX_PANGONG_COLD_SNAP,Pangong,2026-01-15,15,20,-27.94,47.0,9.79,220.0,0.0,0.0,0.0,0.05,0.5,0.75,117.5,59658.3,0.8476,SYNTHETIC_CLIMATOLOGY,True
WX_PANGONG_COLD_SNAP,Pangong,2026-01-15,15,21,-29.05,49.4,8.52,220.0,0.0,0.0,0.0,0.05,0.5,0.75,114.4,59658.3,0.8514,SYNTHETIC_CLIMATOLOGY,True
WX_PANGONG_COLD_SNAP,Pangong,2026-01-15,15,22,-30.5,52.5,7.34,220.0,0.0,0.0,0.0,0.05,0.5,0.75,110.4,59658.3,0.8565,SYNTHETIC_CLIMATOLOGY,True
WX_PANGONG_COLD_SNAP,Pangong,2026-01-15,15,23,-32.19,56.1,6.33,220.0,0.0,0.0,0.0,0.05,0.5,0.75,106.0,59658.3,0.8625,SYNTHETIC_CLIMATOLOGY,True
WX_DEPSANG_NORMAL_WINTER,Depsang,2026-01-15,15,0,-33.0,60.0,3.63,220.0,0.0,0.0,0.0,0.15,0.25,0.75,109.9,51679.8,0.7497,SYNTHETIC_CLIMATOLOGY,True
WX_DEPSANG_NORMAL_WINTER,Depsang,2026-01-15,15,1,-34.81,63.9,3.31,220.0,0.0,0.0,0.0,0.15,0.25,0.75,105.2,51679.8,0.7554,SYNTHETIC_CLIMATOLOGY,True
WX_DEPSANG_NORMAL_WINTER,Depsang,2026-01-15,15,2,-36.5,67.5,3.2,220.0,0.0,0.0,0.0,0.15,0.25,0.75,101.0,51679.8,0.7608,SYNTHETIC_CLIMATOLOGY,True
WX_DEPSANG_NORMAL_WINTER,Depsang,2026-01-15,15,3,-37.95,70.6,3.31,220.0,0.0,0.0,0.0,0.15,0.25,0.75,97.5,51679.8,0.7655,SYNTHETIC_CLIMATOLOGY,True
WX_DEPSANG_NORMAL_WINTER,Depsang,2026-01-15,15,4,-39.06,73.0,3.63,220.0,0.0,0.0,0.0,0.15,0.25,0.75,94.9,51679.8,0.7691,SYNTHETIC_CLIMATOLOGY,True
WX_DEPSANG_NORMAL_WINTER,Depsang,2026-01-15,15,5,-39.76,74.5,4.14,220.0,0.0,0.0,0.0,0.15,0.25,0.75,93.3,51679.8,0.7714,SYNTHETIC_CLIMATOLOGY,True
WX_DEPSANG_NORMAL_WINTER,Depsang,2026-01-15,15,6,-40.0,75.0,4.8,220.0,0.0,0.0,0.0,0.15,0.25,0.75,92.8,51679.8,0.7722,SYNTHETIC_CLIMATOLOGY,True
WX_DEPSANG_NORMAL_WINTER,Depsang,2026-01-15,15,7,-39.76,74.5,5.57,220.0,0.0,0.0,0.0,0.15,0.25,0.75,93.3,51679.8,0.7714,SYNTHETIC_CLIMATOLOGY,True
WX_DEPSANG_NORMAL_WINTER,Depsang,2026-01-15,15,8,-39.06,73.0,6.4,220.0,117.0,542.6,19.8,0.15,0.25,0.75,94.9,51679.8,0.7691,SYNTHETIC_CLIMATOLOGY,True
WX_DEPSANG_NORMAL_WINTER,Depsang,2026-01-15,15,9,-37.95,70.6,7.23,220.0,263.8,689.4,33.0,0.15,0.25,0.75,97.5,51679.8,0.7655,SYNTHETIC_CLIMATOLOGY,True
WX_DEPSANG_NORMAL_WINTER,Depsang,2026-01-15,15,10,-36.5,67.5,8.0,220.0,383.3,752.0,42.3,0.15,0.25,0.75,101.0,51679.8,0.7608,SYNTHETIC_CLIMATOLOGY,True
WX_DEPSANG_NORMAL_WINTER,Depsang,2026-01-15,15,11,-34.81,63.9,8.66,220.0,459.1,780.4,47.9,0.15,0.25,0.75,105.2,51679.8,0.7554,SYNTHETIC_CLIMATOLOGY,True
WX_DEPSANG_NORMAL_WINTER,Depsang,2026-01-15,15,12,-33.0,60.0,9.17,220.0,483.4,788.2,49.6,0.15,0.25,0.75,109.9,51679.8,0.7497,SYNTHETIC_CLIMATOLOGY,True
WX_DEPSANG_NORMAL_WINTER,Depsang,2026-01-15,15,13,-31.19,56.1,9.49,220.0,453.9,778.6,47.5,0.15,0.25,0.75,114.7,51679.8,0.7441,SYNTHETIC_CLIMATOLOGY,True
WX_DEPSANG_NORMAL_WINTER,Depsang,2026-01-15,15,14,-29.5,52.5,9.6,220.0,373.2,747.7,41.5,0.15,0.25,0.75,119.3,51679.8,0.7389,SYNTHETIC_CLIMATOLOGY,True
WX_DEPSANG_NORMAL_WINTER,Depsang,2026-01-15,15,15,-28.05,49.4,9.49,220.0,250.1,680.2,31.8,0.15,0.25,0.75,123.4,51679.8,0.7345,SYNTHETIC_CLIMATOLOGY,True
WX_DEPSANG_NORMAL_WINTER,Depsang,2026-01-15,15,16,-26.94,47.0,9.17,220.0,102.1,517.9,18.3,0.15,0.25,0.75,126.7,51679.8,0.7312,SYNTHETIC_CLIMATOLOGY,True
WX_DEPSANG_NORMAL_WINTER,Depsang,2026-01-15,15,17,-26.24,45.5,8.66,220.0,0.0,0.0,0.0,0.15,0.25,0.75,128.8,51679.8,0.7292,SYNTHETIC_CLIMATOLOGY,True
WX_DEPSANG_NORMAL_WINTER,Depsang,2026-01-15,15,18,-26.0,45.0,8.0,220.0,0.0,0.0,0.0,0.15,0.25,0.75,129.5,51679.8,0.7285,SYNTHETIC_CLIMATOLOGY,True
WX_DEPSANG_NORMAL_WINTER,Depsang,2026-01-15,15,19,-26.24,45.5,7.23,220.0,0.0,0.0,0.0,0.15,0.25,0.75,128.8,51679.8,0.7292,SYNTHETIC_CLIMATOLOGY,True
WX_DEPSANG_NORMAL_WINTER,Depsang,2026-01-15,15,20,-26.94,47.0,6.4,220.0,0.0,0.0,0.0,0.15,0.25,0.75,126.7,51679.8,0.7312,SYNTHETIC_CLIMATOLOGY,True
WX_DEPSANG_NORMAL_WINTER,Depsang,2026-01-15,15,21,-28.05,49.4,5.57,220.0,0.0,0.0,0.0,0.15,0.25,0.75,123.4,51679.8,0.7345,SYNTHETIC_CLIMATOLOGY,True
WX_DEPSANG_NORMAL_WINTER,Depsang,2026-01-15,15,22,-29.5,52.5,4.8,220.0,0.0,0.0,0.0,0.15,0.25,0.75,119.3,51679.8,0.7389,SYNTHETIC_CLIMATOLOGY,True
WX_DEPSANG_NORMAL_WINTER,Depsang,2026-01-15,15,23,-31.19,56.1,4.14,220.0,0.0,0.0,0.0,0.15,0.25,0.75,114.7,51679.8,0.7441,SYNTHETIC_CLIMATOLOGY,True
WX_DEPSANG_COLD_WINTER,Depsang,2026-01-15,15,0,-39.0,60.0,4.35,220.0,0.0,0.0,0.0,0.1,0.4,0.75,92.2,51679.8,0.7689,SYNTHETIC_CLIMATOLOGY,True
WX_DEPSANG_COLD_WINTER,Depsang,2026-01-15,15,1,-40.81,63.9,3.97,220.0,0.0,0.0,0.0,0.1,0.4,0.75,88.2,51679.8,0.7749,SYNTHETIC_CLIMATOLOGY,True
WX_DEPSANG_COLD_WINTER,Depsang,2026-01-15,15,2,-42.5,67.5,3.84,220.0,0.0,0.0,0.0,0.1,0.4,0.75,84.5,51679.8,0.7806,SYNTHETIC_CLIMATOLOGY,True
WX_DEPSANG_COLD_WINTER,Depsang,2026-01-15,15,3,-43.95,70.6,3.97,220.0,0.0,0.0,0.0,0.1,0.4,0.75,81.5,51679.8,0.7855,SYNTHETIC_CLIMATOLOGY,True
WX_DEPSANG_COLD_WINTER,Depsang,2026-01-15,15,4,-45.06,73.0,4.35,220.0,0.0,0.0,0.0,0.1,0.4,0.75,79.2,51679.8,0.7893,SYNTHETIC_CLIMATOLOGY,True
WX_DEPSANG_COLD_WINTER,Depsang,2026-01-15,15,5,-45.76,74.5,4.96,220.0,0.0,0.0,0.0,0.1,0.4,0.75,77.8,51679.8,0.7918,SYNTHETIC_CLIMATOLOGY,True
WX_DEPSANG_COLD_WINTER,Depsang,2026-01-15,15,6,-46.0,75.0,5.76,220.0,0.0,0.0,0.0,0.1,0.4,0.75,77.4,51679.8,0.7926,SYNTHETIC_CLIMATOLOGY,True
WX_DEPSANG_COLD_WINTER,Depsang,2026-01-15,15,7,-45.76,74.5,6.69,220.0,0.0,0.0,0.0,0.1,0.4,0.75,77.8,51679.8,0.7918,SYNTHETIC_CLIMATOLOGY,True
WX_DEPSANG_COLD_WINTER,Depsang,2026-01-15,15,8,-45.06,73.0,7.68,220.0,124.2,591.2,18.4,0.1,0.4,0.75,79.2,51679.8,0.7893,SYNTHETIC_CLIMATOLOGY,True
WX_DEPSANG_COLD_WINTER,Depsang,2026-01-15,15,9,-43.95,70.6,8.67,220.0,280.6,751.2,29.1,0.1,0.4,0.75,81.5,51679.8,0.7855,SYNTHETIC_CLIMATOLOGY,True
WX_DEPSANG_COLD_WINTER,Depsang,2026-01-15,15,10,-42.5,67.5,9.6,220.0,407.9,819.3,36.4,0.1,0.4,0.75,84.5,51679.8,0.7806,SYNTHETIC_CLIMATOLOGY,True
WX_DEPSANG_COLD_WINTER,Depsang,2026-01-15,15,11,-40.81,63.9,10.4,220.0,488.8,850.2,40.7,0.1,0.4,0.75,88.2,51679.8,0.7749,SYNTHETIC_CLIMATOLOGY,True
WX_DEPSANG_COLD_WINTER,Depsang,2026-01-15,15,12,-39.0,60.0,11.01,220.0,514.7,858.8,42.0,0.1,0.4,0.75,92.2,51679.8,0.7689,SYNTHETIC_CLIMATOLOGY,True
WX_DEPSANG_COLD_WINTER,Depsang,2026-01-15,15,13,-37.19,56.1,11.39,220.0,483.1,848.3,40.4,0.1,0.4,0.75,96.5,51679.8,0.763,SYNTHETIC_CLIMATOLOGY,True
WX_DEPSANG_COLD_WINTER,Depsang,2026-01-15,15,14,-35.5,52.5,11.52,220.0,397.2,814.6,35.8,0.1,0.4,0.75,100.5,51679.8,0.7576,SYNTHETIC_CLIMATOLOGY,True
WX_DEPSANG_COLD_WINTER,Depsang,2026-01-15,15,15,-34.05,49.4,11.39,220.0,266.0,741.1,28.2,0.1,0.4,0.75,104.2,51679.8,0.753,SYNTHETIC_CLIMATOLOGY,True
WX_DEPSANG_COLD_WINTER,Depsang,2026-01-15,15,16,-32.94,47.0,11.01,220.0,108.4,564.2,17.0,0.1,0.4,0.75,107.0,51679.8,0.7495,SYNTHETIC_CLIMATOLOGY,True
WX_DEPSANG_COLD_WINTER,Depsang,2026-01-15,15,17,-32.24,45.5,10.4,220.0,0.0,0.0,0.0,0.1,0.4,0.75,108.8,51679.8,0.7473,SYNTHETIC_CLIMATOLOGY,True
WX_DEPSANG_COLD_WINTER,Depsang,2026-01-15,15,18,-32.0,45.0,9.6,220.0,0.0,0.0,0.0,0.1,0.4,0.75,109.5,51679.8,0.7466,SYNTHETIC_CLIMATOLOGY,True
WX_DEPSANG_COLD_WINTER,Depsang,2026-01-15,15,19,-32.24,45.5,8.67,220.0,0.0,0.0,0.0,0.1,0.4,0.75,108.8,51679.8,0.7473,SYNTHETIC_CLIMATOLOGY,True
WX_DEPSANG_COLD_WINTER,Depsang,2026-01-15,15,20,-32.94,47.0,7.68,220.0,0.0,0.0,0.0,0.1,0.4,0.75,107.0,51679.8,0.7495,SYNTHETIC_CLIMATOLOGY,True
WX_DEPSANG_COLD_WINTER,Depsang,2026-01-15,15,21,-34.05,49.4,6.69,220.0,0.0,0.0,0.0,0.1,0.4,0.75,104.2,51679.8,0.753,SYNTHETIC_CLIMATOLOGY,True
WX_DEPSANG_COLD_WINTER,Depsang,2026-01-15,15,22,-35.5,52.5,5.76,220.0,0.0,0.0,0.0,0.1,0.4,0.75,100.5,51679.8,0.7576,SYNTHETIC_CLIMATOLOGY,True
WX_DEPSANG_COLD_WINTER,Depsang,2026-01-15,15,23,-37.19,56.1,4.96,220.0,0.0,0.0,0.0,0.1,0.4,0.75,96.5,51679.8,0.763,SYNTHETIC_CLIMATOLOGY,True
WX_DEPSANG_EXTREME_WINTER,Depsang,2026-01-15,15,0,-45.0,60.0,5.44,220.0,0.0,0.0,0.0,0.05,0.6,0.75,76.8,51679.8,0.7891,SYNTHETIC_CLIMATOLOGY,True
WX_DEPSANG_EXTREME_WINTER,Depsang,2026-01-15,15,1,-46.81,63.9,4.96,220.0,0.0,0.0,0.0,0.05,0.6,0.75,73.2,51679.8,0.7954,SYNTHETIC_CLIMATOLOGY,True
WX_DEPSANG_EXTREME_WINTER,Depsang,2026-01-15,15,2,-48.5,67.5,4.8,220.0,0.0,0.0,0.0,0.05,0.6,0.75,70.1,51679.8,0.8014,SYNTHETIC_CLIMATOLOGY,True
WX_DEPSANG_EXTREME_WINTER,Depsang,2026-01-15,15,3,-49.95,70.6,4.96,220.0,0.0,0.0,0.0,0.05,0.6,0.75,67.4,51679.8,0.8066,SYNTHETIC_CLIMATOLOGY,True
WX_DEPSANG_EXTREME_WINTER,Depsang,2026-01-15,15,4,-51.06,73.0,5.44,220.0,0.0,0.0,0.0,0.05,0.6,0.75,65.5,51679.8,0.8107,SYNTHETIC_CLIMATOLOGY,True
WX_DEPSANG_EXTREME_WINTER,Depsang,2026-01-15,15,5,-51.76,74.5,6.21,220.0,0.0,0.0,0.0,0.05,0.6,0.75,64.3,51679.8,0.8132,SYNTHETIC_CLIMATOLOGY,True
WX_DEPSANG_EXTREME_WINTER,Depsang,2026-01-15,15,6,-52.0,75.0,7.2,220.0,0.0,0.0,0.0,0.05,0.6,0.75,63.9,51679.8,0.8141,SYNTHETIC_CLIMATOLOGY,True
WX_DEPSANG_EXTREME_WINTER,Depsang,2026-01-15,15,7,-51.76,74.5,8.36,220.0,0.0,0.0,0.0,0.05,0.6,0.75,64.3,51679.8,0.8132,SYNTHETIC_CLIMATOLOGY,True
WX_DEPSANG_EXTREME_WINTER,Depsang,2026-01-15,15,8,-51.06,73.0,9.6,220.0,131.6,641.2,16.9,0.05,0.6,0.75,65.5,51679.8,0.8107,SYNTHETIC_CLIMATOLOGY,True
WX_DEPSANG_EXTREME_WINTER,Depsang,2026-01-15,15,9,-49.95,70.6,10.84,220.0,297.9,814.6,25.2,0.05,0.6,0.75,67.4,51679.8,0.8066,SYNTHETIC_CLIMATOLOGY,True
WX_DEPSANG_EXTREME_WINTER,Depsang,2026-01-15,15,10,-48.5,67.5,12.0,220.0,433.4,888.5,30.5,0.05,0.6,0.75,70.1,51679.8,0.8014,SYNTHETIC_CLIMATOLOGY,True
WX_DEPSANG_EXTREME_WINTER,Depsang,2026-01-15,15,11,-46.81,63.9,12.99,220.0,519.4,922.1,33.5,0.05,0.6,0.75,73.2,51679.8,0.7954,SYNTHETIC_CLIMATOLOGY,True
WX_DEPSANG_EXTREME_WINTER,Depsang,2026-01-15,15,12,-45.0,60.0,13.76,220.0,547.0,931.3,34.4,0.05,0.6,0.75,76.8,51679.8,0.7891,SYNTHETIC_CLIMATOLOGY,True
WX_DEPSANG_EXTREME_WINTER,Depsang,2026-01-15,15,13,-43.19,56.1,14.24,220.0,513.4,919.9,33.2,0.05,0.6,0.75,80.4,51679.8,0.7829,SYNTHETIC_CLIMATOLOGY,True
WX_DEPSANG_EXTREME_WINTER,Depsang,2026-01-15,15,14,-41.5,52.5,14.4,220.0,422.0,883.4,30.0,0.05,0.6,0.75,84.0,51679.8,0.7772,SYNTHETIC_CLIMATOLOGY,True
WX_DEPSANG_EXTREME_WINTER,Depsang,2026-01-15,15,15,-40.05,49.4,14.24,220.0,282.4,803.7,24.5,0.05,0.6,0.75,87.1,51679.8,0.7724,SYNTHETIC_CLIMATOLOGY,True
WX_DEPSANG_EXTREME_WINTER,Depsang,2026-01-15,15,16,-38.94,47.0,13.76,220.0,114.9,611.9,15.8,0.05,0.6,0.75,89.6,51679.8,0.7687,SYNTHETIC_CLIMATOLOGY,True
WX_DEPSANG_EXTREME_WINTER,Depsang,2026-01-15,15,17,-38.24,45.5,12.99,220.0,0.0,0.0,0.0,0.05,0.6,0.75,91.2,51679.8,0.7664,SYNTHETIC_CLIMATOLOGY,True
WX_DEPSANG_EXTREME_WINTER,Depsang,2026-01-15,15,18,-38.0,45.0,12.0,220.0,0.0,0.0,0.0,0.05,0.6,0.75,91.8,51679.8,0.7656,SYNTHETIC_CLIMATOLOGY,True
WX_DEPSANG_EXTREME_WINTER,Depsang,2026-01-15,15,19,-38.24,45.5,10.84,220.0,0.0,0.0,0.0,0.05,0.6,0.75,91.2,51679.8,0.7664,SYNTHETIC_CLIMATOLOGY,True
WX_DEPSANG_EXTREME_WINTER,Depsang,2026-01-15,15,20,-38.94,47.0,9.6,220.0,0.0,0.0,0.0,0.05,0.6,0.75,89.6,51679.8,0.7687,SYNTHETIC_CLIMATOLOGY,True
WX_DEPSANG_EXTREME_WINTER,Depsang,2026-01-15,15,21,-40.05,49.4,8.36,220.0,0.0,0.0,0.0,0.05,0.6,0.75,87.1,51679.8,0.7724,SYNTHETIC_CLIMATOLOGY,True
WX_DEPSANG_EXTREME_WINTER,Depsang,2026-01-15,15,22,-41.5,52.5,7.2,220.0,0.0,0.0,0.0,0.05,0.6,0.75,84.0,51679.8,0.7772,SYNTHETIC_CLIMATOLOGY,True
WX_DEPSANG_EXTREME_WINTER,Depsang,2026-01-15,15,23,-43.19,56.1,6.21,220.0,0.0,0.0,0.0,0.05,0.6,0.75,80.4,51679.8,0.7829,SYNTHETIC_CLIMATOLOGY,True
WX_DEPSANG_CLEAR_SKY_NIGHT,Depsang,2026-01-15,15,0,-37.0,60.0,2.9,220.0,0.0,0.0,0.0,0.0,0.3,0.75,91.3,51679.8,0.7624,SYNTHETIC_CLIMATOLOGY,True
WX_DEPSANG_CLEAR_SKY_NIGHT,Depsang,2026-01-15,15,1,-38.81,63.9,2.65,220.0,0.0,0.0,0.0,0.0,0.3,0.75,87.2,51679.8,0.7683,SYNTHETIC_CLIMATOLOGY,True
WX_DEPSANG_CLEAR_SKY_NIGHT,Depsang,2026-01-15,15,2,-40.5,67.5,2.56,220.0,0.0,0.0,0.0,0.0,0.3,0.75,83.5,51679.8,0.7739,SYNTHETIC_CLIMATOLOGY,True
WX_DEPSANG_CLEAR_SKY_NIGHT,Depsang,2026-01-15,15,3,-41.95,70.6,2.65,220.0,0.0,0.0,0.0,0.0,0.3,0.75,80.4,51679.8,0.7787,SYNTHETIC_CLIMATOLOGY,True
WX_DEPSANG_CLEAR_SKY_NIGHT,Depsang,2026-01-15,15,4,-43.06,73.0,2.9,220.0,0.0,0.0,0.0,0.0,0.3,0.75,78.1,51679.8,0.7825,SYNTHETIC_CLIMATOLOGY,True
WX_DEPSANG_CLEAR_SKY_NIGHT,Depsang,2026-01-15,15,5,-43.76,74.5,3.31,220.0,0.0,0.0,0.0,0.0,0.3,0.75,76.7,51679.8,0.7849,SYNTHETIC_CLIMATOLOGY,True
WX_DEPSANG_CLEAR_SKY_NIGHT,Depsang,2026-01-15,15,6,-44.0,75.0,3.84,220.0,0.0,0.0,0.0,0.0,0.3,0.75,76.2,51679.8,0.7857,SYNTHETIC_CLIMATOLOGY,True
WX_DEPSANG_CLEAR_SKY_NIGHT,Depsang,2026-01-15,15,7,-43.76,74.5,4.46,220.0,0.0,0.0,0.0,0.0,0.3,0.75,76.7,51679.8,0.7849,SYNTHETIC_CLIMATOLOGY,True
WX_DEPSANG_CLEAR_SKY_NIGHT,Depsang,2026-01-15,15,8,-43.06,73.0,5.12,220.0,139.3,692.4,15.4,0.0,0.3,0.75,78.1,51679.8,0.7825,SYNTHETIC_CLIMATOLOGY,True
WX_DEPSANG_CLEAR_SKY_NIGHT,Depsang,2026-01-15,15,9,-41.95,70.6,5.78,220.0,315.9,879.8,21.3,0.0,0.3,0.75,80.4,51679.8,0.7787,SYNTHETIC_CLIMATOLOGY,True
WX_DEPSANG_CLEAR_SKY_NIGHT,Depsang,2026-01-15,15,10,-40.5,67.5,6.4,220.0,459.7,959.6,24.5,0.0,0.3,0.75,83.5,51679.8,0.7739,SYNTHETIC_CLIMATOLOGY,True
WX_DEPSANG_CLEAR_SKY_NIGHT,Depsang,2026-01-15,15,11,-38.81,63.9,6.93,220.0,551.1,995.8,26.2,0.0,0.3,0.75,87.2,51679.8,0.7683,SYNTHETIC_CLIMATOLOGY,True
WX_DEPSANG_CLEAR_SKY_NIGHT,Depsang,2026-01-15,15,12,-37.0,60.0,7.34,220.0,580.3,1005.8,26.7,0.0,0.3,0.75,91.3,51679.8,0.7624,SYNTHETIC_CLIMATOLOGY,True
WX_DEPSANG_CLEAR_SKY_NIGHT,Depsang,2026-01-15,15,13,-35.19,56.1,7.59,220.0,544.7,993.5,26.1,0.0,0.3,0.75,95.6,51679.8,0.7566,SYNTHETIC_CLIMATOLOGY,True
WX_DEPSANG_CLEAR_SKY_NIGHT,Depsang,2026-01-15,15,14,-33.5,52.5,7.68,220.0,447.6,954.1,24.3,0.0,0.3,0.75,99.7,51679.8,0.7513,SYNTHETIC_CLIMATOLOGY,True
WX_DEPSANG_CLEAR_SKY_NIGHT,Depsang,2026-01-15,15,15,-32.05,49.4,7.59,220.0,299.4,867.9,20.9,0.0,0.3,0.75,103.4,51679.8,0.7467,SYNTHETIC_CLIMATOLOGY,True
WX_DEPSANG_CLEAR_SKY_NIGHT,Depsang,2026-01-15,15,16,-30.94,47.0,7.34,220.0,121.6,660.8,14.6,0.0,0.3,0.75,106.3,51679.8,0.7433,SYNTHETIC_CLIMATOLOGY,True
WX_DEPSANG_CLEAR_SKY_NIGHT,Depsang,2026-01-15,15,17,-30.24,45.5,6.93,220.0,0.0,0.0,0.0,0.0,0.3,0.75,108.2,51679.8,0.7412,SYNTHETIC_CLIMATOLOGY,True
WX_DEPSANG_CLEAR_SKY_NIGHT,Depsang,2026-01-15,15,18,-30.0,45.0,6.4,220.0,0.0,0.0,0.0,0.0,0.3,0.75,108.8,51679.8,0.7404,SYNTHETIC_CLIMATOLOGY,True
WX_DEPSANG_CLEAR_SKY_NIGHT,Depsang,2026-01-15,15,19,-30.24,45.5,5.78,220.0,0.0,0.0,0.0,0.0,0.3,0.75,108.2,51679.8,0.7412,SYNTHETIC_CLIMATOLOGY,True
WX_DEPSANG_CLEAR_SKY_NIGHT,Depsang,2026-01-15,15,20,-30.94,47.0,5.12,220.0,0.0,0.0,0.0,0.0,0.3,0.75,106.3,51679.8,0.7433,SYNTHETIC_CLIMATOLOGY,True
WX_DEPSANG_CLEAR_SKY_NIGHT,Depsang,2026-01-15,15,21,-32.05,49.4,4.46,220.0,0.0,0.0,0.0,0.0,0.3,0.75,103.4,51679.8,0.7467,SYNTHETIC_CLIMATOLOGY,True
WX_DEPSANG_CLEAR_SKY_NIGHT,Depsang,2026-01-15,15,22,-33.5,52.5,3.84,220.0,0.0,0.0,0.0,0.0,0.3,0.75,99.7,51679.8,0.7513,SYNTHETIC_CLIMATOLOGY,True
WX_DEPSANG_CLEAR_SKY_NIGHT,Depsang,2026-01-15,15,23,-35.19,56.1,3.31,220.0,0.0,0.0,0.0,0.0,0.3,0.75,95.6,51679.8,0.7566,SYNTHETIC_CLIMATOLOGY,True
WX_DEPSANG_SNOW_COVER,Depsang,2026-01-15,15,0,-35.0,60.0,3.99,220.0,0.0,0.0,0.0,0.2,0.8,0.75,107.8,51679.8,0.756,SYNTHETIC_CLIMATOLOGY,True
WX_DEPSANG_SNOW_COVER,Depsang,2026-01-15,15,1,-36.81,63.9,3.64,220.0,0.0,0.0,0.0,0.2,0.8,0.75,103.2,51679.8,0.7618,SYNTHETIC_CLIMATOLOGY,True
WX_DEPSANG_SNOW_COVER,Depsang,2026-01-15,15,2,-38.5,67.5,3.52,220.0,0.0,0.0,0.0,0.2,0.8,0.75,99.2,51679.8,0.7673,SYNTHETIC_CLIMATOLOGY,True
WX_DEPSANG_SNOW_COVER,Depsang,2026-01-15,15,3,-39.95,70.6,3.64,220.0,0.0,0.0,0.0,0.2,0.8,0.75,95.8,51679.8,0.772,SYNTHETIC_CLIMATOLOGY,True
WX_DEPSANG_SNOW_COVER,Depsang,2026-01-15,15,4,-41.06,73.0,3.99,220.0,0.0,0.0,0.0,0.2,0.8,0.75,93.2,51679.8,0.7757,SYNTHETIC_CLIMATOLOGY,True
WX_DEPSANG_SNOW_COVER,Depsang,2026-01-15,15,5,-41.76,74.5,4.55,220.0,0.0,0.0,0.0,0.2,0.8,0.75,91.7,51679.8,0.7781,SYNTHETIC_CLIMATOLOGY,True
WX_DEPSANG_SNOW_COVER,Depsang,2026-01-15,15,6,-42.0,75.0,5.28,220.0,0.0,0.0,0.0,0.2,0.8,0.75,91.1,51679.8,0.7789,SYNTHETIC_CLIMATOLOGY,True
WX_DEPSANG_SNOW_COVER,Depsang,2026-01-15,15,7,-41.76,74.5,6.13,220.0,0.0,0.0,0.0,0.2,0.8,0.75,91.7,51679.8,0.7781,SYNTHETIC_CLIMATOLOGY,True
WX_DEPSANG_SNOW_COVER,Depsang,2026-01-15,15,8,-41.06,73.0,7.04,220.0,110.0,495.5,21.3,0.2,0.8,0.75,93.2,51679.8,0.7757,SYNTHETIC_CLIMATOLOGY,True
WX_DEPSANG_SNOW_COVER,Depsang,2026-01-15,15,9,-39.95,70.6,7.95,220.0,247.6,629.5,36.8,0.2,0.8,0.75,95.8,51679.8,0.772,SYNTHETIC_CLIMATOLOGY,True
WX_DEPSANG_SNOW_COVER,Depsang,2026-01-15,15,10,-38.5,67.5,8.8,220.0,359.5,686.6,48.1,0.2,0.8,0.75,99.2,51679.8,0.7673,SYNTHETIC_CLIMATOLOGY,True
WX_DEPSANG_SNOW_COVER,Depsang,2026-01-15,15,11,-36.81,63.9,9.53,220.0,430.5,712.5,55.0,0.2,0.8,0.75,103.2,51679.8,0.7618,SYNTHETIC_CLIMATOLOGY,True
WX_DEPSANG_SNOW_COVER,Depsang,2026-01-15,15,12,-35.0,60.0,10.09,220.0,453.3,719.7,57.2,0.2,0.8,0.75,107.8,51679.8,0.756,SYNTHETIC_CLIMATOLOGY,True
WX_DEPSANG_SNOW_COVER,Depsang,2026-01-15,15,13,-33.19,56.1,10.44,220.0,425.6,710.9,54.5,0.2,0.8,0.75,112.5,51679.8,0.7503,SYNTHETIC_CLIMATOLOGY,True
WX_DEPSANG_SNOW_COVER,Depsang,2026-01-15,15,14,-31.5,52.5,10.56,220.0,350.1,682.7,47.2,0.2,0.8,0.75,117.0,51679.8,0.745,SYNTHETIC_CLIMATOLOGY,True
WX_DEPSANG_SNOW_COVER,Depsang,2026-01-15,15,15,-30.05,49.4,10.44,220.0,234.7,621.0,35.5,0.2,0.8,0.75,121.0,51679.8,0.7406,SYNTHETIC_CLIMATOLOGY,True
WX_DEPSANG_SNOW_COVER,Depsang,2026-01-15,15,16,-28.94,47.0,10.09,220.0,96.1,472.9,19.5,0.2,0.8,0.75,124.1,51679.8,0.7372,SYNTHETIC_CLIMATOLOGY,True
WX_DEPSANG_SNOW_COVER,Depsang,2026-01-15,15,17,-28.24,45.5,9.53,220.0,0.0,0.0,0.0,0.2,0.8,0.75,126.1,51679.8,0.7351,SYNTHETIC_CLIMATOLOGY,True
WX_DEPSANG_SNOW_COVER,Depsang,2026-01-15,15,18,-28.0,45.0,8.8,220.0,0.0,0.0,0.0,0.2,0.8,0.75,126.8,51679.8,0.7344,SYNTHETIC_CLIMATOLOGY,True
WX_DEPSANG_SNOW_COVER,Depsang,2026-01-15,15,19,-28.24,45.5,7.95,220.0,0.0,0.0,0.0,0.2,0.8,0.75,126.1,51679.8,0.7351,SYNTHETIC_CLIMATOLOGY,True
WX_DEPSANG_SNOW_COVER,Depsang,2026-01-15,15,20,-28.94,47.0,7.04,220.0,0.0,0.0,0.0,0.2,0.8,0.75,124.1,51679.8,0.7372,SYNTHETIC_CLIMATOLOGY,True
WX_DEPSANG_SNOW_COVER,Depsang,2026-01-15,15,21,-30.05,49.4,6.13,220.0,0.0,0.0,0.0,0.2,0.8,0.75,121.0,51679.8,0.7406,SYNTHETIC_CLIMATOLOGY,True
WX_DEPSANG_SNOW_COVER,Depsang,2026-01-15,15,22,-31.5,52.5,5.28,220.0,0.0,0.0,0.0,0.2,0.8,0.75,117.0,51679.8,0.745,SYNTHETIC_CLIMATOLOGY,True
WX_DEPSANG_SNOW_COVER,Depsang,2026-01-15,15,23,-33.19,56.1,4.55,220.0,0.0,0.0,0.0,0.2,0.8,0.75,112.5,51679.8,0.7503,SYNTHETIC_CLIMATOLOGY,True
WX_DEPSANG_HIGH_SOLAR_DAY,Depsang,2026-01-15,15,0,-31.0,60.0,3.27,220.0,0.0,0.0,0.0,0.0,0.2,0.75,106.1,51679.8,0.7435,SYNTHETIC_CLIMATOLOGY,True
WX_DEPSANG_HIGH_SOLAR_DAY,Depsang,2026-01-15,15,1,-32.81,63.9,2.98,220.0,0.0,0.0,0.0,0.0,0.2,0.75,101.5,51679.8,0.7491,SYNTHETIC_CLIMATOLOGY,True
WX_DEPSANG_HIGH_SOLAR_DAY,Depsang,2026-01-15,15,2,-34.5,67.5,2.88,220.0,0.0,0.0,0.0,0.0,0.2,0.75,97.3,51679.8,0.7544,SYNTHETIC_CLIMATOLOGY,True
WX_DEPSANG_HIGH_SOLAR_DAY,Depsang,2026-01-15,15,3,-35.95,70.6,2.98,220.0,0.0,0.0,0.0,0.0,0.2,0.75,93.8,51679.8,0.759,SYNTHETIC_CLIMATOLOGY,True
WX_DEPSANG_HIGH_SOLAR_DAY,Depsang,2026-01-15,15,4,-37.06,73.0,3.27,220.0,0.0,0.0,0.0,0.0,0.2,0.75,91.2,51679.8,0.7626,SYNTHETIC_CLIMATOLOGY,True
WX_DEPSANG_HIGH_SOLAR_DAY,Depsang,2026-01-15,15,5,-37.76,74.5,3.72,220.0,0.0,0.0,0.0,0.0,0.2,0.75,89.6,51679.8,0.7649,SYNTHETIC_CLIMATOLOGY,True
WX_DEPSANG_HIGH_SOLAR_DAY,Depsang,2026-01-15,15,6,-38.0,75.0,4.32,220.0,0.0,0.0,0.0,0.0,0.2,0.75,89.0,51679.8,0.7656,SYNTHETIC_CLIMATOLOGY,True
WX_DEPSANG_HIGH_SOLAR_DAY,Depsang,2026-01-15,15,7,-37.76,74.5,5.01,220.0,0.0,0.0,0.0,0.0,0.2,0.75,89.6,51679.8,0.7649,SYNTHETIC_CLIMATOLOGY,True
WX_DEPSANG_HIGH_SOLAR_DAY,Depsang,2026-01-15,15,8,-37.06,73.0,5.76,220.0,139.3,692.4,15.4,0.0,0.2,0.75,91.2,51679.8,0.7626,SYNTHETIC_CLIMATOLOGY,True
WX_DEPSANG_HIGH_SOLAR_DAY,Depsang,2026-01-15,15,9,-35.95,70.6,6.51,220.0,315.9,879.8,21.3,0.0,0.2,0.75,93.8,51679.8,0.759,SYNTHETIC_CLIMATOLOGY,True
WX_DEPSANG_HIGH_SOLAR_DAY,Depsang,2026-01-15,15,10,-34.5,67.5,7.2,220.0,459.7,959.6,24.5,0.0,0.2,0.75,97.3,51679.8,0.7544,SYNTHETIC_CLIMATOLOGY,True
WX_DEPSANG_HIGH_SOLAR_DAY,Depsang,2026-01-15,15,11,-32.81,63.9,7.8,220.0,551.1,995.8,26.2,0.0,0.2,0.75,101.5,51679.8,0.7491,SYNTHETIC_CLIMATOLOGY,True
WX_DEPSANG_HIGH_SOLAR_DAY,Depsang,2026-01-15,15,12,-31.0,60.0,8.25,220.0,580.3,1005.8,26.7,0.0,0.2,0.75,106.1,51679.8,0.7435,SYNTHETIC_CLIMATOLOGY,True
WX_DEPSANG_HIGH_SOLAR_DAY,Depsang,2026-01-15,15,13,-29.19,56.1,8.54,220.0,544.7,993.5,26.1,0.0,0.2,0.75,111.0,51679.8,0.738,SYNTHETIC_CLIMATOLOGY,True
WX_DEPSANG_HIGH_SOLAR_DAY,Depsang,2026-01-15,15,14,-27.5,52.5,8.64,220.0,447.6,954.1,24.3,0.0,0.2,0.75,115.7,51679.8,0.7329,SYNTHETIC_CLIMATOLOGY,True
WX_DEPSANG_HIGH_SOLAR_DAY,Depsang,2026-01-15,15,15,-26.05,49.4,8.54,220.0,299.4,867.9,20.9,0.0,0.2,0.75,119.8,51679.8,0.7286,SYNTHETIC_CLIMATOLOGY,True
WX_DEPSANG_HIGH_SOLAR_DAY,Depsang,2026-01-15,15,16,-24.94,47.0,8.25,220.0,121.6,660.8,14.6,0.0,0.2,0.75,123.1,51679.8,0.7253,SYNTHETIC_CLIMATOLOGY,True
WX_DEPSANG_HIGH_SOLAR_DAY,Depsang,2026-01-15,15,17,-24.24,45.5,7.8,220.0,0.0,0.0,0.0,0.0,0.2,0.75,125.2,51679.8,0.7233,SYNTHETIC_CLIMATOLOGY,True
WX_DEPSANG_HIGH_SOLAR_DAY,Depsang,2026-01-15,15,18,-24.0,45.0,7.2,220.0,0.0,0.0,0.0,0.0,0.2,0.75,125.9,51679.8,0.7226,SYNTHETIC_CLIMATOLOGY,True
WX_DEPSANG_HIGH_SOLAR_DAY,Depsang,2026-01-15,15,19,-24.24,45.5,6.51,220.0,0.0,0.0,0.0,0.0,0.2,0.75,125.2,51679.8,0.7233,SYNTHETIC_CLIMATOLOGY,True
WX_DEPSANG_HIGH_SOLAR_DAY,Depsang,2026-01-15,15,20,-24.94,47.0,5.76,220.0,0.0,0.0,0.0,0.0,0.2,0.75,123.1,51679.8,0.7253,SYNTHETIC_CLIMATOLOGY,True
WX_DEPSANG_HIGH_SOLAR_DAY,Depsang,2026-01-15,15,21,-26.05,49.4,5.01,220.0,0.0,0.0,0.0,0.0,0.2,0.75,119.8,51679.8,0.7286,SYNTHETIC_CLIMATOLOGY,True
WX_DEPSANG_HIGH_SOLAR_DAY,Depsang,2026-01-15,15,22,-27.5,52.5,4.32,220.0,0.0,0.0,0.0,0.0,0.2,0.75,115.7,51679.8,0.7329,SYNTHETIC_CLIMATOLOGY,True
WX_DEPSANG_HIGH_SOLAR_DAY,Depsang,2026-01-15,15,23,-29.19,56.1,3.72,220.0,0.0,0.0,0.0,0.0,0.2,0.75,111.0,51679.8,0.738,SYNTHETIC_CLIMATOLOGY,True
WX_DEPSANG_CLOUDY_DAY,Depsang,2026-01-15,15,0,-34.0,60.0,4.72,220.0,0.0,0.0,0.0,0.85,0.35,0.75,156.3,51679.8,0.7528,SYNTHETIC_CLIMATOLOGY,True
WX_DEPSANG_CLOUDY_DAY,Depsang,2026-01-15,15,1,-35.81,63.9,4.3,220.0,0.0,0.0,0.0,0.85,0.35,0.75,151.0,51679.8,0.7586,SYNTHETIC_CLIMATOLOGY,True
WX_DEPSANG_CLOUDY_DAY,Depsang,2026-01-15,15,2,-37.5,67.5,4.16,220.0,0.0,0.0,0.0,0.85,0.35,0.75,146.3,51679.8,0.764,SYNTHETIC_CLIMATOLOGY,True
WX_DEPSANG_CLOUDY_DAY,Depsang,2026-01-15,15,3,-38.95,70.6,4.3,220.0,0.0,0.0,0.0,0.85,0.35,0.75,142.3,51679.8,0.7687,SYNTHETIC_CLIMATOLOGY,True
WX_DEPSANG_CLOUDY_DAY,Depsang,2026-01-15,15,4,-40.06,73.0,4.72,220.0,0.0,0.0,0.0,0.85,0.35,0.75,139.2,51679.8,0.7724,SYNTHETIC_CLIMATOLOGY,True
WX_DEPSANG_CLOUDY_DAY,Depsang,2026-01-15,15,5,-40.76,74.5,5.38,220.0,0.0,0.0,0.0,0.85,0.35,0.75,137.4,51679.8,0.7747,SYNTHETIC_CLIMATOLOGY,True
WX_DEPSANG_CLOUDY_DAY,Depsang,2026-01-15,15,6,-41.0,75.0,6.24,220.0,0.0,0.0,0.0,0.85,0.35,0.75,136.7,51679.8,0.7755,SYNTHETIC_CLIMATOLOGY,True
WX_DEPSANG_CLOUDY_DAY,Depsang,2026-01-15,15,7,-40.76,74.5,7.24,220.0,0.0,0.0,0.0,0.85,0.35,0.75,137.4,51679.8,0.7747,SYNTHETIC_CLIMATOLOGY,True
WX_DEPSANG_CLOUDY_DAY,Depsang,2026-01-15,15,8,-40.06,73.0,8.32,220.0,34.0,40.2,26.8,0.85,0.35,0.75,139.2,51679.8,0.7724,SYNTHETIC_CLIMATOLOGY,True
WX_DEPSANG_CLOUDY_DAY,Depsang,2026-01-15,15,9,-38.95,70.6,9.4,220.0,72.1,51.1,55.0,0.85,0.35,0.75,142.3,51679.8,0.7687,SYNTHETIC_CLIMATOLOGY,True
WX_DEPSANG_CLOUDY_DAY,Depsang,2026-01-15,15,10,-37.5,67.5,10.4,220.0,102.5,55.7,77.2,0.85,0.35,0.75,146.3,51679.8,0.764,SYNTHETIC_CLIMATOLOGY,True
WX_DEPSANG_CLOUDY_DAY,Depsang,2026-01-15,15,11,-35.81,63.9,11.26,220.0,121.6,57.9,91.2,0.85,0.35,0.75,151.0,51679.8,0.7586,SYNTHETIC_CLIMATOLOGY,True
WX_DEPSANG_CLOUDY_DAY,Depsang,2026-01-15,15,12,-34.0,60.0,11.92,220.0,127.8,58.4,95.6,0.85,0.35,0.75,156.3,51679.8,0.7528,SYNTHETIC_CLIMATOLOGY,True
WX_DEPSANG_CLOUDY_DAY,Depsang,2026-01-15,15,13,-32.19,56.1,12.34,220.0,120.3,57.7,90.2,0.85,0.35,0.75,161.7,51679.8,0.7472,SYNTHETIC_CLIMATOLOGY,True
WX_DEPSANG_CLOUDY_DAY,Depsang,2026-01-15,15,14,-30.5,52.5,12.48,220.0,99.9,55.4,75.3,0.85,0.35,0.75,166.9,51679.8,0.742,SYNTHETIC_CLIMATOLOGY,True
WX_DEPSANG_CLOUDY_DAY,Depsang,2026-01-15,15,15,-29.05,49.4,12.34,220.0,68.6,50.4,52.4,0.85,0.35,0.75,171.5,51679.8,0.7376,SYNTHETIC_CLIMATOLOGY,True
WX_DEPSANG_CLOUDY_DAY,Depsang,2026-01-15,15,16,-27.94,47.0,11.92,220.0,30.1,38.4,23.9,0.85,0.35,0.75,175.0,51679.8,0.7342,SYNTHETIC_CLIMATOLOGY,True
WX_DEPSANG_CLOUDY_DAY,Depsang,2026-01-15,15,17,-27.24,45.5,11.26,220.0,0.0,0.0,0.0,0.85,0.35,0.75,177.3,51679.8,0.7321,SYNTHETIC_CLIMATOLOGY,True
WX_DEPSANG_CLOUDY_DAY,Depsang,2026-01-15,15,18,-27.0,45.0,10.4,220.0,0.0,0.0,0.0,0.85,0.35,0.75,178.1,51679.8,0.7314,SYNTHETIC_CLIMATOLOGY,True
WX_DEPSANG_CLOUDY_DAY,Depsang,2026-01-15,15,19,-27.24,45.5,9.4,220.0,0.0,0.0,0.0,0.85,0.35,0.75,177.3,51679.8,0.7321,SYNTHETIC_CLIMATOLOGY,True
WX_DEPSANG_CLOUDY_DAY,Depsang,2026-01-15,15,20,-27.94,47.0,8.32,220.0,0.0,0.0,0.0,0.85,0.35,0.75,175.0,51679.8,0.7342,SYNTHETIC_CLIMATOLOGY,True
WX_DEPSANG_CLOUDY_DAY,Depsang,2026-01-15,15,21,-29.05,49.4,7.24,220.0,0.0,0.0,0.0,0.85,0.35,0.75,171.5,51679.8,0.7376,SYNTHETIC_CLIMATOLOGY,True
WX_DEPSANG_CLOUDY_DAY,Depsang,2026-01-15,15,22,-30.5,52.5,6.24,220.0,0.0,0.0,0.0,0.85,0.35,0.75,166.9,51679.8,0.742,SYNTHETIC_CLIMATOLOGY,True
WX_DEPSANG_CLOUDY_DAY,Depsang,2026-01-15,15,23,-32.19,56.1,5.38,220.0,0.0,0.0,0.0,0.85,0.35,0.75,161.7,51679.8,0.7472,SYNTHETIC_CLIMATOLOGY,True
WX_DEPSANG_COLD_SNAP,Depsang,2026-01-15,15,0,-48.0,60.0,6.53,220.0,0.0,0.0,0.0,0.05,0.5,0.75,71.0,51679.8,0.7996,SYNTHETIC_CLIMATOLOGY,True
WX_DEPSANG_COLD_SNAP,Depsang,2026-01-15,15,1,-49.81,63.9,5.96,220.0,0.0,0.0,0.0,0.05,0.5,0.75,67.7,51679.8,0.8061,SYNTHETIC_CLIMATOLOGY,True
WX_DEPSANG_COLD_SNAP,Depsang,2026-01-15,15,2,-51.5,67.5,5.76,220.0,0.0,0.0,0.0,0.05,0.5,0.75,64.7,51679.8,0.8123,SYNTHETIC_CLIMATOLOGY,True
WX_DEPSANG_COLD_SNAP,Depsang,2026-01-15,15,3,-52.95,70.6,5.96,220.0,0.0,0.0,0.0,0.05,0.5,0.75,62.3,51679.8,0.8176,SYNTHETIC_CLIMATOLOGY,True
WX_DEPSANG_COLD_SNAP,Depsang,2026-01-15,15,4,-54.06,73.0,6.53,220.0,0.0,0.0,0.0,0.05,0.5,0.75,60.4,51679.8,0.8218,SYNTHETIC_CLIMATOLOGY,True
WX_DEPSANG_COLD_SNAP,Depsang,2026-01-15,15,5,-54.76,74.5,7.45,220.0,0.0,0.0,0.0,0.05,0.5,0.75,59.3,51679.8,0.8244,SYNTHETIC_CLIMATOLOGY,True
WX_DEPSANG_COLD_SNAP,Depsang,2026-01-15,15,6,-55.0,75.0,8.64,220.0,0.0,0.0,0.0,0.05,0.5,0.75,58.9,51679.8,0.8253,SYNTHETIC_CLIMATOLOGY,True
WX_DEPSANG_COLD_SNAP,Depsang,2026-01-15,15,7,-54.76,74.5,10.03,220.0,0.0,0.0,0.0,0.05,0.5,0.75,59.3,51679.8,0.8244,SYNTHETIC_CLIMATOLOGY,True
WX_DEPSANG_COLD_SNAP,Depsang,2026-01-15,15,8,-54.06,73.0,11.52,220.0,131.6,641.2,16.9,0.05,0.5,0.75,60.4,51679.8,0.8218,SYNTHETIC_CLIMATOLOGY,True
WX_DEPSANG_COLD_SNAP,Depsang,2026-01-15,15,9,-52.95,70.6,13.01,220.0,297.9,814.6,25.2,0.05,0.5,0.75,62.3,51679.8,0.8176,SYNTHETIC_CLIMATOLOGY,True
WX_DEPSANG_COLD_SNAP,Depsang,2026-01-15,15,10,-51.5,67.5,14.4,220.0,433.4,888.5,30.5,0.05,0.5,0.75,64.7,51679.8,0.8123,SYNTHETIC_CLIMATOLOGY,True
WX_DEPSANG_COLD_SNAP,Depsang,2026-01-15,15,11,-49.81,63.9,15.59,220.0,519.4,922.1,33.5,0.05,0.5,0.75,67.7,51679.8,0.8061,SYNTHETIC_CLIMATOLOGY,True
WX_DEPSANG_COLD_SNAP,Depsang,2026-01-15,15,12,-48.0,60.0,16.51,220.0,547.0,931.3,34.4,0.05,0.5,0.75,71.0,51679.8,0.7996,SYNTHETIC_CLIMATOLOGY,True
WX_DEPSANG_COLD_SNAP,Depsang,2026-01-15,15,13,-46.19,56.1,17.08,220.0,513.4,919.9,33.2,0.05,0.5,0.75,74.4,51679.8,0.7933,SYNTHETIC_CLIMATOLOGY,True
WX_DEPSANG_COLD_SNAP,Depsang,2026-01-15,15,14,-44.5,52.5,17.28,220.0,422.0,883.4,30.0,0.05,0.5,0.75,77.8,51679.8,0.7874,SYNTHETIC_CLIMATOLOGY,True
WX_DEPSANG_COLD_SNAP,Depsang,2026-01-15,15,15,-43.05,49.4,17.08,220.0,282.4,803.7,24.5,0.05,0.5,0.75,80.7,51679.8,0.7824,SYNTHETIC_CLIMATOLOGY,True
WX_DEPSANG_COLD_SNAP,Depsang,2026-01-15,15,16,-41.94,47.0,16.51,220.0,114.9,611.9,15.8,0.05,0.5,0.75,83.1,51679.8,0.7787,SYNTHETIC_CLIMATOLOGY,True
WX_DEPSANG_COLD_SNAP,Depsang,2026-01-15,15,17,-41.24,45.5,15.59,220.0,0.0,0.0,0.0,0.05,0.5,0.75,84.5,51679.8,0.7763,SYNTHETIC_CLIMATOLOGY,True
WX_DEPSANG_COLD_SNAP,Depsang,2026-01-15,15,18,-41.0,45.0,14.4,220.0,0.0,0.0,0.0,0.05,0.5,0.75,85.1,51679.8,0.7755,SYNTHETIC_CLIMATOLOGY,True
WX_DEPSANG_COLD_SNAP,Depsang,2026-01-15,15,19,-41.24,45.5,13.01,220.0,0.0,0.0,0.0,0.05,0.5,0.75,84.5,51679.8,0.7763,SYNTHETIC_CLIMATOLOGY,True
WX_DEPSANG_COLD_SNAP,Depsang,2026-01-15,15,20,-41.94,47.0,11.52,220.0,0.0,0.0,0.0,0.05,0.5,0.75,83.1,51679.8,0.7787,SYNTHETIC_CLIMATOLOGY,True
WX_DEPSANG_COLD_SNAP,Depsang,2026-01-15,15,21,-43.05,49.4,10.03,220.0,0.0,0.0,0.0,0.05,0.5,0.75,80.7,51679.8,0.7824,SYNTHETIC_CLIMATOLOGY,True
WX_DEPSANG_COLD_SNAP,Depsang,2026-01-15,15,22,-44.5,52.5,8.64,220.0,0.0,0.0,0.0,0.05,0.5,0.75,77.8,51679.8,0.7874,SYNTHETIC_CLIMATOLOGY,True
WX_DEPSANG_COLD_SNAP,Depsang,2026-01-15,15,23,-46.19,56.1,7.45,220.0,0.0,0.0,0.0,0.05,0.5,0.75,74.4,51679.8,0.7933,SYNTHETIC_CLIMATOLOGY,True
WX_KARGIL_NORMAL_WINTER,Kargil,2026-01-15,15,0,-10.0,60.0,1.27,220.0,0.0,0.0,0.0,0.15,0.25,0.75,185.3,73045.7,0.967,SYNTHETIC_CLIMATOLOGY,True
WX_KARGIL_NORMAL_WINTER,Kargil,2026-01-15,15,1,-11.55,63.9,1.16,220.0,0.0,0.0,0.0,0.15,0.25,0.75,179.2,73045.7,0.9728,SYNTHETIC_CLIMATOLOGY,True
WX_KARGIL_NORMAL_WINTER,Kargil,2026-01-15,15,2,-13.0,67.5,1.12,220.0,0.0,0.0,0.0,0.15,0.25,0.75,173.6,73045.7,0.9782,SYNTHETIC_CLIMATOLOGY,True
WX_KARGIL_NORMAL_WINTER,Kargil,2026-01-15,15,3,-14.24,70.6,1.16,220.0,0.0,0.0,0.0,0.15,0.25,0.75,168.9,73045.7,0.9829,SYNTHETIC_CLIMATOLOGY,True
WX_KARGIL_NORMAL_WINTER,Kargil,2026-01-15,15,4,-15.2,73.0,1.27,220.0,0.0,0.0,0.0,0.15,0.25,0.75,165.3,73045.7,0.9865,SYNTHETIC_CLIMATOLOGY,True
WX_KARGIL_NORMAL_WINTER,Kargil,2026-01-15,15,5,-15.8,74.5,1.45,220.0,0.0,0.0,0.0,0.15,0.25,0.75,163.2,73045.7,0.9888,SYNTHETIC_CLIMATOLOGY,True
WX_KARGIL_NORMAL_WINTER,Kargil,2026-01-15,15,6,-16.0,75.0,1.68,220.0,0.0,0.0,0.0,0.15,0.25,0.75,162.4,73045.7,0.9896,SYNTHETIC_CLIMATOLOGY,True
WX_KARGIL_NORMAL_WINTER,Kargil,2026-01-15,15,7,-15.8,74.5,1.95,220.0,0.0,0.0,0.0,0.15,0.25,0.75,163.2,73045.7,0.9888,SYNTHETIC_CLIMATOLOGY,True
WX_KARGIL_NORMAL_WINTER,Kargil,2026-01-15,15,8,-15.2,73.0,2.24,220.0,90.4,428.2,19.8,0.15,0.25,0.75,165.3,73045.7,0.9865,SYNTHETIC_CLIMATOLOGY,True
WX_KARGIL_NORMAL_WINTER,Kargil,2026-01-15,15,9,-14.24,70.6,2.53,220.0,230.8,602.1,34.5,0.15,0.25,0.75,168.9,73045.7,0.9829,SYNTHETIC_CLIMATOLOGY,True
WX_KARGIL_NORMAL_WINTER,Kargil,2026-01-15,15,10,-13.0,67.5,2.8,220.0,350.6,677.9,44.8,0.15,0.25,0.75,173.6,73045.7,0.9782,SYNTHETIC_CLIMATOLOGY,True
WX_KARGIL_NORMAL_WINTER,Kargil,2026-01-15,15,11,-11.55,63.9,3.03,220.0,430.3,713.4,51.2,0.15,0.25,0.75,179.2,73045.7,0.9728,SYNTHETIC_CLIMATOLOGY,True
WX_KARGIL_NORMAL_WINTER,Kargil,2026-01-15,15,12,-10.0,60.0,3.21,220.0,460.5,724.9,53.6,0.15,0.25,0.75,185.3,73045.7,0.967,SYNTHETIC_CLIMATOLOGY,True
WX_KARGIL_NORMAL_WINTER,Kargil,2026-01-15,15,13,-8.45,56.1,3.32,220.0,438.2,716.5,51.9,0.15,0.25,0.75,191.7,73045.7,0.9613,SYNTHETIC_CLIMATOLOGY,True
WX_KARGIL_NORMAL_WINTER,Kargil,2026-01-15,15,14,-7.0,52.5,3.36,220.0,365.6,685.3,46.1,0.15,0.25,0.75,197.8,73045.7,0.9561,SYNTHETIC_CLIMATOLOGY,True
WX_KARGIL_NORMAL_WINTER,Kargil,2026-01-15,15,15,-5.76,49.4,3.32,220.0,251.0,617.6,36.3,0.15,0.25,0.75,203.1,73045.7,0.9517,SYNTHETIC_CLIMATOLOGY,True
WX_KARGIL_NORMAL_WINTER,Kargil,2026-01-15,15,16,-4.8,47.0,3.21,220.0,111.6,466.6,22.4,0.15,0.25,0.75,207.3,73045.7,0.9483,SYNTHETIC_CLIMATOLOGY,True
WX_KARGIL_NORMAL_WINTER,Kargil,2026-01-15,15,17,-4.2,45.5,3.03,220.0,1.6,55.1,1.2,0.15,0.25,0.75,209.9,73045.7,0.9462,SYNTHETIC_CLIMATOLOGY,True
WX_KARGIL_NORMAL_WINTER,Kargil,2026-01-15,15,18,-4.0,45.0,2.8,220.0,0.0,0.0,0.0,0.15,0.25,0.75,210.9,73045.7,0.9455,SYNTHETIC_CLIMATOLOGY,True
WX_KARGIL_NORMAL_WINTER,Kargil,2026-01-15,15,19,-4.2,45.5,2.53,220.0,0.0,0.0,0.0,0.15,0.25,0.75,209.9,73045.7,0.9462,SYNTHETIC_CLIMATOLOGY,True
WX_KARGIL_NORMAL_WINTER,Kargil,2026-01-15,15,20,-4.8,47.0,2.24,220.0,0.0,0.0,0.0,0.15,0.25,0.75,207.3,73045.7,0.9483,SYNTHETIC_CLIMATOLOGY,True
WX_KARGIL_NORMAL_WINTER,Kargil,2026-01-15,15,21,-5.76,49.4,1.95,220.0,0.0,0.0,0.0,0.15,0.25,0.75,203.1,73045.7,0.9517,SYNTHETIC_CLIMATOLOGY,True
WX_KARGIL_NORMAL_WINTER,Kargil,2026-01-15,15,22,-7.0,52.5,1.68,220.0,0.0,0.0,0.0,0.15,0.25,0.75,197.8,73045.7,0.9561,SYNTHETIC_CLIMATOLOGY,True
WX_KARGIL_NORMAL_WINTER,Kargil,2026-01-15,15,23,-8.45,56.1,1.45,220.0,0.0,0.0,0.0,0.15,0.25,0.75,191.7,73045.7,0.9613,SYNTHETIC_CLIMATOLOGY,True
WX_KARGIL_COLD_WINTER,Kargil,2026-01-15,15,0,-16.0,60.0,1.52,220.0,0.0,0.0,0.0,0.1,0.4,0.75,159.0,73045.7,0.9896,SYNTHETIC_CLIMATOLOGY,True
WX_KARGIL_COLD_WINTER,Kargil,2026-01-15,15,1,-17.55,63.9,1.39,220.0,0.0,0.0,0.0,0.1,0.4,0.75,153.5,73045.7,0.9956,SYNTHETIC_CLIMATOLOGY,True
WX_KARGIL_COLD_WINTER,Kargil,2026-01-15,15,2,-19.0,67.5,1.34,220.0,0.0,0.0,0.0,0.1,0.4,0.75,148.5,73045.7,1.0013,SYNTHETIC_CLIMATOLOGY,True
WX_KARGIL_COLD_WINTER,Kargil,2026-01-15,15,3,-20.24,70.6,1.39,220.0,0.0,0.0,0.0,0.1,0.4,0.75,144.3,73045.7,1.0062,SYNTHETIC_CLIMATOLOGY,True
WX_KARGIL_COLD_WINTER,Kargil,2026-01-15,15,4,-21.2,73.0,1.52,220.0,0.0,0.0,0.0,0.1,0.4,0.75,141.2,73045.7,1.01,SYNTHETIC_CLIMATOLOGY,True
WX_KARGIL_COLD_WINTER,Kargil,2026-01-15,15,5,-21.8,74.5,1.74,220.0,0.0,0.0,0.0,0.1,0.4,0.75,139.2,73045.7,1.0124,SYNTHETIC_CLIMATOLOGY,True
WX_KARGIL_COLD_WINTER,Kargil,2026-01-15,15,6,-22.0,75.0,2.02,220.0,0.0,0.0,0.0,0.1,0.4,0.75,138.6,73045.7,1.0132,SYNTHETIC_CLIMATOLOGY,True
WX_KARGIL_COLD_WINTER,Kargil,2026-01-15,15,7,-21.8,74.5,2.34,220.0,0.0,0.0,0.0,0.1,0.4,0.75,139.2,73045.7,1.0124,SYNTHETIC_CLIMATOLOGY,True
WX_KARGIL_COLD_WINTER,Kargil,2026-01-15,15,8,-21.2,73.0,2.69,220.0,95.8,466.5,18.9,0.1,0.4,0.75,141.2,73045.7,1.01,SYNTHETIC_CLIMATOLOGY,True
WX_KARGIL_COLD_WINTER,Kargil,2026-01-15,15,9,-20.24,70.6,3.04,220.0,245.2,656.0,31.4,0.1,0.4,0.75,144.3,73045.7,1.0062,SYNTHETIC_CLIMATOLOGY,True
WX_KARGIL_COLD_WINTER,Kargil,2026-01-15,15,10,-19.0,67.5,3.36,220.0,372.9,738.6,39.8,0.1,0.4,0.75,148.5,73045.7,1.0013,SYNTHETIC_CLIMATOLOGY,True
WX_KARGIL_COLD_WINTER,Kargil,2026-01-15,15,11,-17.55,63.9,3.64,220.0,457.8,777.3,44.8,0.1,0.4,0.75,153.5,73045.7,0.9956,SYNTHETIC_CLIMATOLOGY,True
WX_KARGIL_COLD_WINTER,Kargil,2026-01-15,15,12,-16.0,60.0,3.85,220.0,490.0,789.8,46.7,0.1,0.4,0.75,159.0,73045.7,0.9896,SYNTHETIC_CLIMATOLOGY,True
WX_KARGIL_COLD_WINTER,Kargil,2026-01-15,15,13,-14.45,56.1,3.99,220.0,466.2,780.7,45.3,0.1,0.4,0.75,164.6,73045.7,0.9836,SYNTHETIC_CLIMATOLOGY,True
WX_KARGIL_COLD_WINTER,Kargil,2026-01-15,15,14,-13.0,52.5,4.03,220.0,388.9,746.6,40.7,0.1,0.4,0.75,170.1,73045.7,0.9782,SYNTHETIC_CLIMATOLOGY,True
WX_KARGIL_COLD_WINTER,Kargil,2026-01-15,15,15,-11.76,49.4,3.99,220.0,266.7,672.8,32.9,0.1,0.4,0.75,174.8,73045.7,0.9735,SYNTHETIC_CLIMATOLOGY,True
WX_KARGIL_COLD_WINTER,Kargil,2026-01-15,15,16,-10.8,47.0,3.85,220.0,118.3,508.4,21.2,0.1,0.4,0.75,178.6,73045.7,0.97,SYNTHETIC_CLIMATOLOGY,True
WX_KARGIL_COLD_WINTER,Kargil,2026-01-15,15,17,-10.2,45.5,3.64,220.0,1.7,60.1,1.2,0.1,0.4,0.75,181.0,73045.7,0.9678,SYNTHETIC_CLIMATOLOGY,True
WX_KARGIL_COLD_WINTER,Kargil,2026-01-15,15,18,-10.0,45.0,3.36,220.0,0.0,0.0,0.0,0.1,0.4,0.75,181.8,73045.7,0.967,SYNTHETIC_CLIMATOLOGY,True
WX_KARGIL_COLD_WINTER,Kargil,2026-01-15,15,19,-10.2,45.5,3.04,220.0,0.0,0.0,0.0,0.1,0.4,0.75,181.0,73045.7,0.9678,SYNTHETIC_CLIMATOLOGY,True
WX_KARGIL_COLD_WINTER,Kargil,2026-01-15,15,20,-10.8,47.0,2.69,220.0,0.0,0.0,0.0,0.1,0.4,0.75,178.6,73045.7,0.97,SYNTHETIC_CLIMATOLOGY,True
WX_KARGIL_COLD_WINTER,Kargil,2026-01-15,15,21,-11.76,49.4,2.34,220.0,0.0,0.0,0.0,0.1,0.4,0.75,174.8,73045.7,0.9735,SYNTHETIC_CLIMATOLOGY,True
WX_KARGIL_COLD_WINTER,Kargil,2026-01-15,15,22,-13.0,52.5,2.02,220.0,0.0,0.0,0.0,0.1,0.4,0.75,170.1,73045.7,0.9782,SYNTHETIC_CLIMATOLOGY,True
WX_KARGIL_COLD_WINTER,Kargil,2026-01-15,15,23,-14.45,56.1,1.74,220.0,0.0,0.0,0.0,0.1,0.4,0.75,164.6,73045.7,0.9836,SYNTHETIC_CLIMATOLOGY,True
WX_KARGIL_EXTREME_WINTER,Kargil,2026-01-15,15,0,-22.0,60.0,1.91,220.0,0.0,0.0,0.0,0.05,0.6,0.75,135.3,73045.7,1.0132,SYNTHETIC_CLIMATOLOGY,True
WX_KARGIL_EXTREME_WINTER,Kargil,2026-01-15,15,1,-23.55,63.9,1.74,220.0,0.0,0.0,0.0,0.05,0.6,0.75,130.5,73045.7,1.0195,SYNTHETIC_CLIMATOLOGY,True
WX_KARGIL_EXTREME_WINTER,Kargil,2026-01-15,15,2,-25.0,67.5,1.68,220.0,0.0,0.0,0.0,0.05,0.6,0.75,126.1,73045.7,1.0255,SYNTHETIC_CLIMATOLOGY,True
WX_KARGIL_EXTREME_WINTER,Kargil,2026-01-15,15,3,-26.24,70.6,1.74,220.0,0.0,0.0,0.0,0.05,0.6,0.75,122.4,73045.7,1.0306,SYNTHETIC_CLIMATOLOGY,True
WX_KARGIL_EXTREME_WINTER,Kargil,2026-01-15,15,4,-27.2,73.0,1.91,220.0,0.0,0.0,0.0,0.05,0.6,0.75,119.6,73045.7,1.0346,SYNTHETIC_CLIMATOLOGY,True
WX_KARGIL_EXTREME_WINTER,Kargil,2026-01-15,15,5,-27.8,74.5,2.17,220.0,0.0,0.0,0.0,0.05,0.6,0.75,117.9,73045.7,1.0372,SYNTHETIC_CLIMATOLOGY,True
WX_KARGIL_EXTREME_WINTER,Kargil,2026-01-15,15,6,-28.0,75.0,2.52,220.0,0.0,0.0,0.0,0.05,0.6,0.75,117.3,73045.7,1.038,SYNTHETIC_CLIMATOLOGY,True
WX_KARGIL_EXTREME_WINTER,Kargil,2026-01-15,15,7,-27.8,74.5,2.93,220.0,0.0,0.0,0.0,0.05,0.6,0.75,117.9,73045.7,1.0372,SYNTHETIC_CLIMATOLOGY,True
WX_KARGIL_EXTREME_WINTER,Kargil,2026-01-15,15,8,-27.2,73.0,3.36,220.0,101.3,505.9,18.0,0.05,0.6,0.75,119.6,73045.7,1.0346,SYNTHETIC_CLIMATOLOGY,True
WX_KARGIL_EXTREME_WINTER,Kargil,2026-01-15,15,9,-26.24,70.6,3.79,220.0,260.1,711.4,28.3,0.05,0.6,0.75,122.4,73045.7,1.0306,SYNTHETIC_CLIMATOLOGY,True
WX_KARGIL_EXTREME_WINTER,Kargil,2026-01-15,15,10,-25.0,67.5,4.2,220.0,395.9,801.0,34.6,0.05,0.6,0.75,126.1,73045.7,1.0255,SYNTHETIC_CLIMATOLOGY,True
WX_KARGIL_EXTREME_WINTER,Kargil,2026-01-15,15,11,-23.55,63.9,4.55,220.0,486.2,842.9,38.4,0.05,0.6,0.75,130.5,73045.7,1.0195,SYNTHETIC_CLIMATOLOGY,True
WX_KARGIL_EXTREME_WINTER,Kargil,2026-01-15,15,12,-22.0,60.0,4.81,220.0,520.5,856.5,39.7,0.05,0.6,0.75,135.3,73045.7,1.0132,SYNTHETIC_CLIMATOLOGY,True
WX_KARGIL_EXTREME_WINTER,Kargil,2026-01-15,15,13,-20.45,56.1,4.98,220.0,495.2,846.6,38.7,0.05,0.6,0.75,140.3,73045.7,1.007,SYNTHETIC_CLIMATOLOGY,True
WX_KARGIL_EXTREME_WINTER,Kargil,2026-01-15,15,14,-19.0,52.5,5.04,220.0,412.9,809.7,35.4,0.05,0.6,0.75,145.2,73045.7,1.0013,SYNTHETIC_CLIMATOLOGY,True
WX_KARGIL_EXTREME_WINTER,Kargil,2026-01-15,15,15,-17.76,49.4,4.98,220.0,283.0,729.7,29.4,0.05,0.6,0.75,149.4,73045.7,0.9964,SYNTHETIC_CLIMATOLOGY,True
WX_KARGIL_EXTREME_WINTER,Kargil,2026-01-15,15,16,-16.8,47.0,4.81,220.0,125.3,551.3,19.9,0.05,0.6,0.75,152.7,73045.7,0.9927,SYNTHETIC_CLIMATOLOGY,True
WX_KARGIL_EXTREME_WINTER,Kargil,2026-01-15,15,17,-16.2,45.5,4.55,220.0,1.7,65.1,1.2,0.05,0.6,0.75,154.8,73045.7,0.9904,SYNTHETIC_CLIMATOLOGY,True
WX_KARGIL_EXTREME_WINTER,Kargil,2026-01-15,15,18,-16.0,45.0,4.2,220.0,0.0,0.0,0.0,0.05,0.6,0.75,155.6,73045.7,0.9896,SYNTHETIC_CLIMATOLOGY,True
WX_KARGIL_EXTREME_WINTER,Kargil,2026-01-15,15,19,-16.2,45.5,3.79,220.0,0.0,0.0,0.0,0.05,0.6,0.75,154.8,73045.7,0.9904,SYNTHETIC_CLIMATOLOGY,True
WX_KARGIL_EXTREME_WINTER,Kargil,2026-01-15,15,20,-16.8,47.0,3.36,220.0,0.0,0.0,0.0,0.05,0.6,0.75,152.7,73045.7,0.9927,SYNTHETIC_CLIMATOLOGY,True
WX_KARGIL_EXTREME_WINTER,Kargil,2026-01-15,15,21,-17.76,49.4,2.93,220.0,0.0,0.0,0.0,0.05,0.6,0.75,149.4,73045.7,0.9964,SYNTHETIC_CLIMATOLOGY,True
WX_KARGIL_EXTREME_WINTER,Kargil,2026-01-15,15,22,-19.0,52.5,2.52,220.0,0.0,0.0,0.0,0.05,0.6,0.75,145.2,73045.7,1.0013,SYNTHETIC_CLIMATOLOGY,True
WX_KARGIL_EXTREME_WINTER,Kargil,2026-01-15,15,23,-20.45,56.1,2.17,220.0,0.0,0.0,0.0,0.05,0.6,0.75,140.3,73045.7,1.007,SYNTHETIC_CLIMATOLOGY,True
WX_KARGIL_CLEAR_SKY_NIGHT,Kargil,2026-01-15,15,0,-14.0,60.0,1.02,220.0,0.0,0.0,0.0,0.0,0.3,0.75,159.5,73045.7,0.9819,SYNTHETIC_CLIMATOLOGY,True
WX_KARGIL_CLEAR_SKY_NIGHT,Kargil,2026-01-15,15,1,-15.55,63.9,0.93,220.0,0.0,0.0,0.0,0.0,0.3,0.75,153.8,73045.7,0.9879,SYNTHETIC_CLIMATOLOGY,True
WX_KARGIL_CLEAR_SKY_NIGHT,Kargil,2026-01-15,15,2,-17.0,67.5,0.9,220.0,0.0,0.0,0.0,0.0,0.3,0.75,148.7,73045.7,0.9934,SYNTHETIC_CLIMATOLOGY,True
WX_KARGIL_CLEAR_SKY_NIGHT,Kargil,2026-01-15,15,3,-18.24,70.6,0.93,220.0,0.0,0.0,0.0,0.0,0.3,0.75,144.4,73045.7,0.9983,SYNTHETIC_CLIMATOLOGY,True
WX_KARGIL_CLEAR_SKY_NIGHT,Kargil,2026-01-15,15,4,-19.2,73.0,1.02,220.0,0.0,0.0,0.0,0.0,0.3,0.75,141.2,73045.7,1.002,SYNTHETIC_CLIMATOLOGY,True
WX_KARGIL_CLEAR_SKY_NIGHT,Kargil,2026-01-15,15,5,-19.8,74.5,1.16,220.0,0.0,0.0,0.0,0.0,0.3,0.75,139.2,73045.7,1.0044,SYNTHETIC_CLIMATOLOGY,True
WX_KARGIL_CLEAR_SKY_NIGHT,Kargil,2026-01-15,15,6,-20.0,75.0,1.34,220.0,0.0,0.0,0.0,0.0,0.3,0.75,138.6,73045.7,1.0052,SYNTHETIC_CLIMATOLOGY,True
WX_KARGIL_CLEAR_SKY_NIGHT,Kargil,2026-01-15,15,7,-19.8,74.5,1.56,220.0,0.0,0.0,0.0,0.0,0.3,0.75,139.2,73045.7,1.0044,SYNTHETIC_CLIMATOLOGY,True
WX_KARGIL_CLEAR_SKY_NIGHT,Kargil,2026-01-15,15,8,-19.2,73.0,1.79,220.0,107.1,546.4,17.1,0.0,0.3,0.75,141.2,73045.7,1.002,SYNTHETIC_CLIMATOLOGY,True
WX_KARGIL_CLEAR_SKY_NIGHT,Kargil,2026-01-15,15,9,-18.24,70.6,2.02,220.0,275.6,768.3,25.1,0.0,0.3,0.75,144.4,73045.7,0.9983,SYNTHETIC_CLIMATOLOGY,True
WX_KARGIL_CLEAR_SKY_NIGHT,Kargil,2026-01-15,15,10,-17.0,67.5,2.24,220.0,419.7,865.1,29.5,0.0,0.3,0.75,148.7,73045.7,0.9934,SYNTHETIC_CLIMATOLOGY,True
WX_KARGIL_CLEAR_SKY_NIGHT,Kargil,2026-01-15,15,11,-15.55,63.9,2.43,220.0,515.6,910.4,31.9,0.0,0.3,0.75,153.8,73045.7,0.9879,SYNTHETIC_CLIMATOLOGY,True
WX_KARGIL_CLEAR_SKY_NIGHT,Kargil,2026-01-15,15,12,-14.0,60.0,2.57,220.0,552.0,925.0,32.7,0.0,0.3,0.75,159.5,73045.7,0.9819,SYNTHETIC_CLIMATOLOGY,True
WX_KARGIL_CLEAR_SKY_NIGHT,Kargil,2026-01-15,15,13,-12.45,56.1,2.66,220.0,525.1,914.3,32.1,0.0,0.3,0.75,165.3,73045.7,0.9761,SYNTHETIC_CLIMATOLOGY,True
WX_KARGIL_CLEAR_SKY_NIGHT,Kargil,2026-01-15,15,14,-11.0,52.5,2.69,220.0,437.7,874.5,30.0,0.0,0.3,0.75,170.9,73045.7,0.9707,SYNTHETIC_CLIMATOLOGY,True
WX_KARGIL_CLEAR_SKY_NIGHT,Kargil,2026-01-15,15,15,-9.76,49.4,2.66,220.0,299.8,788.0,26.0,0.0,0.3,0.75,175.8,73045.7,0.9661,SYNTHETIC_CLIMATOLOGY,True
WX_KARGIL_CLEAR_SKY_NIGHT,Kargil,2026-01-15,15,16,-8.8,47.0,2.57,220.0,132.5,595.4,18.7,0.0,0.3,0.75,179.6,73045.7,0.9626,SYNTHETIC_CLIMATOLOGY,True
WX_KARGIL_CLEAR_SKY_NIGHT,Kargil,2026-01-15,15,17,-8.2,45.5,2.43,220.0,1.8,70.3,1.2,0.0,0.3,0.75,182.1,73045.7,0.9605,SYNTHETIC_CLIMATOLOGY,True
WX_KARGIL_CLEAR_SKY_NIGHT,Kargil,2026-01-15,15,18,-8.0,45.0,2.24,220.0,0.0,0.0,0.0,0.0,0.3,0.75,182.9,73045.7,0.9597,SYNTHETIC_CLIMATOLOGY,True
WX_KARGIL_CLEAR_SKY_NIGHT,Kargil,2026-01-15,15,19,-8.2,45.5,2.02,220.0,0.0,0.0,0.0,0.0,0.3,0.75,182.1,73045.7,0.9605,SYNTHETIC_CLIMATOLOGY,True
WX_KARGIL_CLEAR_SKY_NIGHT,Kargil,2026-01-15,15,20,-8.8,47.0,1.79,220.0,0.0,0.0,0.0,0.0,0.3,0.75,179.6,73045.7,0.9626,SYNTHETIC_CLIMATOLOGY,True
WX_KARGIL_CLEAR_SKY_NIGHT,Kargil,2026-01-15,15,21,-9.76,49.4,1.56,220.0,0.0,0.0,0.0,0.0,0.3,0.75,175.8,73045.7,0.9661,SYNTHETIC_CLIMATOLOGY,True
WX_KARGIL_CLEAR_SKY_NIGHT,Kargil,2026-01-15,15,22,-11.0,52.5,1.34,220.0,0.0,0.0,0.0,0.0,0.3,0.75,170.9,73045.7,0.9707,SYNTHETIC_CLIMATOLOGY,True
WX_KARGIL_CLEAR_SKY_NIGHT,Kargil,2026-01-15,15,23,-12.45,56.1,1.16,220.0,0.0,0.0,0.0,0.0,0.3,0.75,165.3,73045.7,0.9761,SYNTHETIC_CLIMATOLOGY,True
WX_KARGIL_SNOW_COVER,Kargil,2026-01-15,15,0,-12.0,60.0,1.4,220.0,0.0,0.0,0.0,0.2,0.8,0.75,181.0,73045.7,0.9744,SYNTHETIC_CLIMATOLOGY,True
WX_KARGIL_SNOW_COVER,Kargil,2026-01-15,15,1,-13.55,63.9,1.27,220.0,0.0,0.0,0.0,0.2,0.8,0.75,175.0,73045.7,0.9803,SYNTHETIC_CLIMATOLOGY,True
WX_KARGIL_SNOW_COVER,Kargil,2026-01-15,15,2,-15.0,67.5,1.23,220.0,0.0,0.0,0.0,0.2,0.8,0.75,169.6,73045.7,0.9857,SYNTHETIC_CLIMATOLOGY,True
WX_KARGIL_SNOW_COVER,Kargil,2026-01-15,15,3,-16.24,70.6,1.27,220.0,0.0,0.0,0.0,0.2,0.8,0.75,165.1,73045.7,0.9905,SYNTHETIC_CLIMATOLOGY,True
WX_KARGIL_SNOW_COVER,Kargil,2026-01-15,15,4,-17.2,73.0,1.4,220.0,0.0,0.0,0.0,0.2,0.8,0.75,161.6,73045.7,0.9942,SYNTHETIC_CLIMATOLOGY,True
WX_KARGIL_SNOW_COVER,Kargil,2026-01-15,15,5,-17.8,74.5,1.59,220.0,0.0,0.0,0.0,0.2,0.8,0.75,159.5,73045.7,0.9965,SYNTHETIC_CLIMATOLOGY,True
WX_KARGIL_SNOW_COVER,Kargil,2026-01-15,15,6,-18.0,75.0,1.85,220.0,0.0,0.0,0.0,0.2,0.8,0.75,158.8,73045.7,0.9973,SYNTHETIC_CLIMATOLOGY,True
WX_KARGIL_SNOW_COVER,Kargil,2026-01-15,15,7,-17.8,74.5,2.15,220.0,0.0,0.0,0.0,0.2,0.8,0.75,159.5,73045.7,0.9965,SYNTHETIC_CLIMATOLOGY,True
WX_KARGIL_SNOW_COVER,Kargil,2026-01-15,15,8,-17.2,73.0,2.46,220.0,85.2,391.0,20.8,0.2,0.8,0.75,161.6,73045.7,0.9942,SYNTHETIC_CLIMATOLOGY,True
WX_KARGIL_SNOW_COVER,Kargil,2026-01-15,15,9,-16.24,70.6,2.78,220.0,216.8,549.7,37.6,0.2,0.8,0.75,165.1,73045.7,0.9905,SYNTHETIC_CLIMATOLOGY,True
WX_KARGIL_SNOW_COVER,Kargil,2026-01-15,15,10,-15.0,67.5,3.08,220.0,329.1,619.0,49.9,0.2,0.8,0.75,169.6,73045.7,0.9857,SYNTHETIC_CLIMATOLOGY,True
WX_KARGIL_SNOW_COVER,Kargil,2026-01-15,15,11,-13.55,63.9,3.34,220.0,403.7,651.4,57.6,0.2,0.8,0.75,175.0,73045.7,0.9803,SYNTHETIC_CLIMATOLOGY,True
WX_KARGIL_SNOW_COVER,Kargil,2026-01-15,15,12,-12.0,60.0,3.53,220.0,432.1,661.9,60.5,0.2,0.8,0.75,181.0,73045.7,0.9744,SYNTHETIC_CLIMATOLOGY,True
WX_KARGIL_SNOW_COVER,Kargil,2026-01-15,15,13,-10.45,56.1,3.65,220.0,411.1,654.2,58.4,0.2,0.8,0.75,187.1,73045.7,0.9687,SYNTHETIC_CLIMATOLOGY,True
WX_KARGIL_SNOW_COVER,Kargil,2026-01-15,15,14,-9.0,52.5,3.7,220.0,343.1,625.7,51.4,0.2,0.8,0.75,193.0,73045.7,0.9634,SYNTHETIC_CLIMATOLOGY,True
WX_KARGIL_SNOW_COVER,Kargil,2026-01-15,15,15,-7.76,49.4,3.65,220.0,235.7,563.9,39.7,0.2,0.8,0.75,198.2,73045.7,0.9588,SYNTHETIC_CLIMATOLOGY,True
WX_KARGIL_SNOW_COVER,Kargil,2026-01-15,15,16,-6.8,47.0,3.53,220.0,105.1,426.0,23.6,0.2,0.8,0.75,202.2,73045.7,0.9554,SYNTHETIC_CLIMATOLOGY,True
WX_KARGIL_SNOW_COVER,Kargil,2026-01-15,15,17,-6.2,45.5,3.34,220.0,1.5,50.3,1.1,0.2,0.8,0.75,204.8,73045.7,0.9533,SYNTHETIC_CLIMATOLOGY,True
WX_KARGIL_SNOW_COVER,Kargil,2026-01-15,15,18,-6.0,45.0,3.08,220.0,0.0,0.0,0.0,0.2,0.8,0.75,205.7,73045.7,0.9525,SYNTHETIC_CLIMATOLOGY,True
WX_KARGIL_SNOW_COVER,Kargil,2026-01-15,15,19,-6.2,45.5,2.78,220.0,0.0,0.0,0.0,0.2,0.8,0.75,204.8,73045.7,0.9533,SYNTHETIC_CLIMATOLOGY,True
WX_KARGIL_SNOW_COVER,Kargil,2026-01-15,15,20,-6.8,47.0,2.46,220.0,0.0,0.0,0.0,0.2,0.8,0.75,202.2,73045.7,0.9554,SYNTHETIC_CLIMATOLOGY,True
WX_KARGIL_SNOW_COVER,Kargil,2026-01-15,15,21,-7.76,49.4,2.15,220.0,0.0,0.0,0.0,0.2,0.8,0.75,198.2,73045.7,0.9588,SYNTHETIC_CLIMATOLOGY,True
WX_KARGIL_SNOW_COVER,Kargil,2026-01-15,15,22,-9.0,52.5,1.85,220.0,0.0,0.0,0.0,0.2,0.8,0.75,193.0,73045.7,0.9634,SYNTHETIC_CLIMATOLOGY,True
WX_KARGIL_SNOW_COVER,Kargil,2026-01-15,15,23,-10.45,56.1,1.59,220.0,0.0,0.0,0.0,0.2,0.8,0.75,187.1,73045.7,0.9687,SYNTHETIC_CLIMATOLOGY,True
WX_KARGIL_HIGH_SOLAR_DAY,Kargil,2026-01-15,15,0,-8.0,60.0,1.14,220.0,0.0,0.0,0.0,0.0,0.2,0.75,182.9,73045.7,0.9597,SYNTHETIC_CLIMATOLOGY,True
WX_KARGIL_HIGH_SOLAR_DAY,Kargil,2026-01-15,15,1,-9.55,63.9,1.04,220.0,0.0,0.0,0.0,0.0,0.2,0.75,176.6,73045.7,0.9654,SYNTHETIC_CLIMATOLOGY,True
WX_KARGIL_HIGH_SOLAR_DAY,Kargil,2026-01-15,15,2,-11.0,67.5,1.01,220.0,0.0,0.0,0.0,0.0,0.2,0.75,170.9,73045.7,0.9707,SYNTHETIC_CLIMATOLOGY,True
WX_KARGIL_HIGH_SOLAR_DAY,Kargil,2026-01-15,15,3,-12.24,70.6,1.04,220.0,0.0,0.0,0.0,0.0,0.2,0.75,166.1,73045.7,0.9753,SYNTHETIC_CLIMATOLOGY,True
WX_KARGIL_HIGH_SOLAR_DAY,Kargil,2026-01-15,15,4,-13.2,73.0,1.14,220.0,0.0,0.0,0.0,0.0,0.2,0.75,162.5,73045.7,0.9789,SYNTHETIC_CLIMATOLOGY,True
WX_KARGIL_HIGH_SOLAR_DAY,Kargil,2026-01-15,15,5,-13.8,74.5,1.3,220.0,0.0,0.0,0.0,0.0,0.2,0.75,160.2,73045.7,0.9812,SYNTHETIC_CLIMATOLOGY,True
WX_KARGIL_HIGH_SOLAR_DAY,Kargil,2026-01-15,15,6,-14.0,75.0,1.51,220.0,0.0,0.0,0.0,0.0,0.2,0.75,159.5,73045.7,0.9819,SYNTHETIC_CLIMATOLOGY,True
WX_KARGIL_HIGH_SOLAR_DAY,Kargil,2026-01-15,15,7,-13.8,74.5,1.76,220.0,0.0,0.0,0.0,0.0,0.2,0.75,160.2,73045.7,0.9812,SYNTHETIC_CLIMATOLOGY,True
WX_KARGIL_HIGH_SOLAR_DAY,Kargil,2026-01-15,15,8,-13.2,73.0,2.02,220.0,107.1,546.4,17.1,0.0,0.2,0.75,162.5,73045.7,0.9789,SYNTHETIC_CLIMATOLOGY,True
WX_KARGIL_HIGH_SOLAR_DAY,Kargil,2026-01-15,15,9,-12.24,70.6,2.28,220.0,275.6,768.3,25.1,0.0,0.2,0.75,166.1,73045.7,0.9753,SYNTHETIC_CLIMATOLOGY,True
WX_KARGIL_HIGH_SOLAR_DAY,Kargil,2026-01-15,15,10,-11.0,67.5,2.52,220.0,419.7,865.1,29.5,0.0,0.2,0.75,170.9,73045.7,0.9707,SYNTHETIC_CLIMATOLOGY,True
WX_KARGIL_HIGH_SOLAR_DAY,Kargil,2026-01-15,15,11,-9.55,63.9,2.73,220.0,515.6,910.4,31.9,0.0,0.2,0.75,176.6,73045.7,0.9654,SYNTHETIC_CLIMATOLOGY,True
WX_KARGIL_HIGH_SOLAR_DAY,Kargil,2026-01-15,15,12,-8.0,60.0,2.89,220.0,552.0,925.0,32.7,0.0,0.2,0.75,182.9,73045.7,0.9597,SYNTHETIC_CLIMATOLOGY,True
WX_KARGIL_HIGH_SOLAR_DAY,Kargil,2026-01-15,15,13,-6.45,56.1,2.99,220.0,525.1,914.3,32.1,0.0,0.2,0.75,189.5,73045.7,0.9541,SYNTHETIC_CLIMATOLOGY,True
WX_KARGIL_HIGH_SOLAR_DAY,Kargil,2026-01-15,15,14,-5.0,52.5,3.02,220.0,437.7,874.5,30.0,0.0,0.2,0.75,195.7,73045.7,0.949,SYNTHETIC_CLIMATOLOGY,True
WX_KARGIL_HIGH_SOLAR_DAY,Kargil,2026-01-15,15,15,-3.76,49.4,2.99,220.0,299.8,788.0,26.0,0.0,0.2,0.75,201.2,73045.7,0.9446,SYNTHETIC_CLIMATOLOGY,True
WX_KARGIL_HIGH_SOLAR_DAY,Kargil,2026-01-15,15,16,-2.8,47.0,2.89,220.0,132.5,595.4,18.7,0.0,0.2,0.75,205.5,73045.7,0.9413,SYNTHETIC_CLIMATOLOGY,True
WX_KARGIL_HIGH_SOLAR_DAY,Kargil,2026-01-15,15,17,-2.2,45.5,2.73,220.0,1.8,70.3,1.2,0.0,0.2,0.75,208.3,73045.7,0.9392,SYNTHETIC_CLIMATOLOGY,True
WX_KARGIL_HIGH_SOLAR_DAY,Kargil,2026-01-15,15,18,-2.0,45.0,2.52,220.0,0.0,0.0,0.0,0.0,0.2,0.75,209.2,73045.7,0.9385,SYNTHETIC_CLIMATOLOGY,True
WX_KARGIL_HIGH_SOLAR_DAY,Kargil,2026-01-15,15,19,-2.2,45.5,2.28,220.0,0.0,0.0,0.0,0.0,0.2,0.75,208.3,73045.7,0.9392,SYNTHETIC_CLIMATOLOGY,True
WX_KARGIL_HIGH_SOLAR_DAY,Kargil,2026-01-15,15,20,-2.8,47.0,2.02,220.0,0.0,0.0,0.0,0.0,0.2,0.75,205.5,73045.7,0.9413,SYNTHETIC_CLIMATOLOGY,True
WX_KARGIL_HIGH_SOLAR_DAY,Kargil,2026-01-15,15,21,-3.76,49.4,1.76,220.0,0.0,0.0,0.0,0.0,0.2,0.75,201.2,73045.7,0.9446,SYNTHETIC_CLIMATOLOGY,True
WX_KARGIL_HIGH_SOLAR_DAY,Kargil,2026-01-15,15,22,-5.0,52.5,1.51,220.0,0.0,0.0,0.0,0.0,0.2,0.75,195.7,73045.7,0.949,SYNTHETIC_CLIMATOLOGY,True
WX_KARGIL_HIGH_SOLAR_DAY,Kargil,2026-01-15,15,23,-6.45,56.1,1.3,220.0,0.0,0.0,0.0,0.0,0.2,0.75,189.5,73045.7,0.9541,SYNTHETIC_CLIMATOLOGY,True
WX_KARGIL_CLOUDY_DAY,Kargil,2026-01-15,15,0,-11.0,60.0,1.65,220.0,0.0,0.0,0.0,0.85,0.35,0.75,236.7,73045.7,0.9707,SYNTHETIC_CLIMATOLOGY,True
WX_KARGIL_CLOUDY_DAY,Kargil,2026-01-15,15,1,-12.55,63.9,1.51,220.0,0.0,0.0,0.0,0.85,0.35,0.75,230.4,73045.7,0.9765,SYNTHETIC_CLIMATOLOGY,True
WX_KARGIL_CLOUDY_DAY,Kargil,2026-01-15,15,2,-14.0,67.5,1.46,220.0,0.0,0.0,0.0,0.85,0.35,0.75,224.7,73045.7,0.9819,SYNTHETIC_CLIMATOLOGY,True
WX_KARGIL_CLOUDY_DAY,Kargil,2026-01-15,15,3,-15.24,70.6,1.51,220.0,0.0,0.0,0.0,0.85,0.35,0.75,219.9,73045.7,0.9867,SYNTHETIC_CLIMATOLOGY,True
WX_KARGIL_CLOUDY_DAY,Kargil,2026-01-15,15,4,-16.2,73.0,1.65,220.0,0.0,0.0,0.0,0.85,0.35,0.75,216.2,73045.7,0.9903,SYNTHETIC_CLIMATOLOGY,True
WX_KARGIL_CLOUDY_DAY,Kargil,2026-01-15,15,5,-16.8,74.5,1.88,220.0,0.0,0.0,0.0,0.85,0.35,0.75,213.9,73045.7,0.9927,SYNTHETIC_CLIMATOLOGY,True
WX_KARGIL_CLOUDY_DAY,Kargil,2026-01-15,15,6,-17.0,75.0,2.18,220.0,0.0,0.0,0.0,0.85,0.35,0.75,213.2,73045.7,0.9934,SYNTHETIC_CLIMATOLOGY,True
WX_KARGIL_CLOUDY_DAY,Kargil,2026-01-15,15,7,-16.8,74.5,2.54,220.0,0.0,0.0,0.0,0.85,0.35,0.75,213.9,73045.7,0.9927,SYNTHETIC_CLIMATOLOGY,True
WX_KARGIL_CLOUDY_DAY,Kargil,2026-01-15,15,8,-16.2,73.0,2.91,220.0,28.1,31.7,22.9,0.85,0.35,0.75,216.2,73045.7,0.9903,SYNTHETIC_CLIMATOLOGY,True
WX_KARGIL_CLOUDY_DAY,Kargil,2026-01-15,15,9,-15.24,70.6,3.29,220.0,65.3,44.6,50.7,0.85,0.35,0.75,219.9,73045.7,0.9867,SYNTHETIC_CLIMATOLOGY,True
WX_KARGIL_CLOUDY_DAY,Kargil,2026-01-15,15,10,-14.0,67.5,3.64,220.0,96.2,50.3,73.5,0.85,0.35,0.75,224.7,73045.7,0.9819,SYNTHETIC_CLIMATOLOGY,True
WX_KARGIL_CLOUDY_DAY,Kargil,2026-01-15,15,11,-12.55,63.9,3.94,220.0,116.5,52.9,88.4,0.85,0.35,0.75,230.4,73045.7,0.9765,SYNTHETIC_CLIMATOLOGY,True
WX_KARGIL_CLOUDY_DAY,Kargil,2026-01-15,15,12,-11.0,60.0,4.17,220.0,124.2,53.7,94.1,0.85,0.35,0.75,236.7,73045.7,0.9707,SYNTHETIC_CLIMATOLOGY,True
WX_KARGIL_CLOUDY_DAY,Kargil,2026-01-15,15,13,-9.45,56.1,4.32,220.0,118.6,53.1,89.9,0.85,0.35,0.75,243.1,73045.7,0.965,SYNTHETIC_CLIMATOLOGY,True
WX_KARGIL_CLOUDY_DAY,Kargil,2026-01-15,15,14,-8.0,52.5,4.37,220.0,100.0,50.8,76.3,0.85,0.35,0.75,249.2,73045.7,0.9597,SYNTHETIC_CLIMATOLOGY,True
WX_KARGIL_CLOUDY_DAY,Kargil,2026-01-15,15,15,-6.76,49.4,4.32,220.0,70.5,45.8,54.6,0.85,0.35,0.75,254.6,73045.7,0.9552,SYNTHETIC_CLIMATOLOGY,True
WX_KARGIL_CLOUDY_DAY,Kargil,2026-01-15,15,16,-5.8,47.0,4.17,220.0,33.9,34.6,27.2,0.85,0.35,0.75,258.7,73045.7,0.9518,SYNTHETIC_CLIMATOLOGY,True
WX_KARGIL_CLOUDY_DAY,Kargil,2026-01-15,15,17,-5.2,45.5,3.94,220.0,0.8,4.1,0.8,0.85,0.35,0.75,261.3,73045.7,0.9497,SYNTHETIC_CLIMATOLOGY,True
WX_KARGIL_CLOUDY_DAY,Kargil,2026-01-15,15,18,-5.0,45.0,3.64,220.0,0.0,0.0,0.0,0.85,0.35,0.75,262.3,73045.7,0.949,SYNTHETIC_CLIMATOLOGY,True
WX_KARGIL_CLOUDY_DAY,Kargil,2026-01-15,15,19,-5.2,45.5,3.29,220.0,0.0,0.0,0.0,0.85,0.35,0.75,261.3,73045.7,0.9497,SYNTHETIC_CLIMATOLOGY,True
WX_KARGIL_CLOUDY_DAY,Kargil,2026-01-15,15,20,-5.8,47.0,2.91,220.0,0.0,0.0,0.0,0.85,0.35,0.75,258.7,73045.7,0.9518,SYNTHETIC_CLIMATOLOGY,True
WX_KARGIL_CLOUDY_DAY,Kargil,2026-01-15,15,21,-6.76,49.4,2.54,220.0,0.0,0.0,0.0,0.85,0.35,0.75,254.6,73045.7,0.9552,SYNTHETIC_CLIMATOLOGY,True
WX_KARGIL_CLOUDY_DAY,Kargil,2026-01-15,15,22,-8.0,52.5,2.18,220.0,0.0,0.0,0.0,0.85,0.35,0.75,249.2,73045.7,0.9597,SYNTHETIC_CLIMATOLOGY,True
WX_KARGIL_CLOUDY_DAY,Kargil,2026-01-15,15,23,-9.45,56.1,1.88,220.0,0.0,0.0,0.0,0.85,0.35,0.75,243.1,73045.7,0.965,SYNTHETIC_CLIMATOLOGY,True
WX_KARGIL_COLD_SNAP,Kargil,2026-01-15,15,0,-25.0,60.0,2.29,220.0,0.0,0.0,0.0,0.05,0.5,0.75,126.1,73045.7,1.0255,SYNTHETIC_CLIMATOLOGY,True
WX_KARGIL_COLD_SNAP,Kargil,2026-01-15,15,1,-26.55,63.9,2.08,220.0,0.0,0.0,0.0,0.05,0.5,0.75,121.5,73045.7,1.0319,SYNTHETIC_CLIMATOLOGY,True
WX_KARGIL_COLD_SNAP,Kargil,2026-01-15,15,2,-28.0,67.5,2.02,220.0,0.0,0.0,0.0,0.05,0.5,0.75,117.3,73045.7,1.038,SYNTHETIC_CLIMATOLOGY,True
WX_KARGIL_COLD_SNAP,Kargil,2026-01-15,15,3,-29.24,70.6,2.08,220.0,0.0,0.0,0.0,0.05,0.5,0.75,113.9,73045.7,1.0433,SYNTHETIC_CLIMATOLOGY,True
WX_KARGIL_COLD_SNAP,Kargil,2026-01-15,15,4,-30.2,73.0,2.29,220.0,0.0,0.0,0.0,0.05,0.5,0.75,111.3,73045.7,1.0474,SYNTHETIC_CLIMATOLOGY,True
WX_KARGIL_COLD_SNAP,Kargil,2026-01-15,15,5,-30.8,74.5,2.61,220.0,0.0,0.0,0.0,0.05,0.5,0.75,109.6,73045.7,1.05,SYNTHETIC_CLIMATOLOGY,True
WX_KARGIL_COLD_SNAP,Kargil,2026-01-15,15,6,-31.0,75.0,3.02,220.0,0.0,0.0,0.0,0.05,0.5,0.75,109.1,73045.7,1.0509,SYNTHETIC_CLIMATOLOGY,True
WX_KARGIL_COLD_SNAP,Kargil,2026-01-15,15,7,-30.8,74.5,3.51,220.0,0.0,0.0,0.0,0.05,0.5,0.75,109.6,73045.7,1.05,SYNTHETIC_CLIMATOLOGY,True
WX_KARGIL_COLD_SNAP,Kargil,2026-01-15,15,8,-30.2,73.0,4.03,220.0,101.3,505.9,18.0,0.05,0.5,0.75,111.3,73045.7,1.0474,SYNTHETIC_CLIMATOLOGY,True
WX_KARGIL_COLD_SNAP,Kargil,2026-01-15,15,9,-29.24,70.6,4.55,220.0,260.1,711.4,28.3,0.05,0.5,0.75,113.9,73045.7,1.0433,SYNTHETIC_CLIMATOLOGY,True
WX_KARGIL_COLD_SNAP,Kargil,2026-01-15,15,10,-28.0,67.5,5.04,220.0,395.9,801.0,34.6,0.05,0.5,0.75,117.3,73045.7,1.038,SYNTHETIC_CLIMATOLOGY,True
WX_KARGIL_COLD_SNAP,Kargil,2026-01-15,15,11,-26.55,63.9,5.46,220.0,486.2,842.9,38.4,0.05,0.5,0.75,121.5,73045.7,1.0319,SYNTHETIC_CLIMATOLOGY,True
WX_KARGIL_COLD_SNAP,Kargil,2026-01-15,15,12,-25.0,60.0,5.78,220.0,520.5,856.5,39.7,0.05,0.5,0.75,126.1,73045.7,1.0255,SYNTHETIC_CLIMATOLOGY,True
WX_KARGIL_COLD_SNAP,Kargil,2026-01-15,15,13,-23.45,56.1,5.98,220.0,495.2,846.6,38.7,0.05,0.5,0.75,130.8,73045.7,1.0191,SYNTHETIC_CLIMATOLOGY,True
WX_KARGIL_COLD_SNAP,Kargil,2026-01-15,15,14,-22.0,52.5,6.05,220.0,412.9,809.7,35.4,0.05,0.5,0.75,135.3,73045.7,1.0132,SYNTHETIC_CLIMATOLOGY,True
WX_KARGIL_COLD_SNAP,Kargil,2026-01-15,15,15,-20.76,49.4,5.98,220.0,283.0,729.7,29.4,0.05,0.5,0.75,139.3,73045.7,1.0082,SYNTHETIC_CLIMATOLOGY,True
WX_KARGIL_COLD_SNAP,Kargil,2026-01-15,15,16,-19.8,47.0,5.78,220.0,125.3,551.3,19.9,0.05,0.5,0.75,142.5,73045.7,1.0044,SYNTHETIC_CLIMATOLOGY,True
WX_KARGIL_COLD_SNAP,Kargil,2026-01-15,15,17,-19.2,45.5,5.46,220.0,1.7,65.1,1.2,0.05,0.5,0.75,144.5,73045.7,1.0021,SYNTHETIC_CLIMATOLOGY,True
WX_KARGIL_COLD_SNAP,Kargil,2026-01-15,15,18,-19.0,45.0,5.04,220.0,0.0,0.0,0.0,0.05,0.5,0.75,145.2,73045.7,1.0013,SYNTHETIC_CLIMATOLOGY,True
WX_KARGIL_COLD_SNAP,Kargil,2026-01-15,15,19,-19.2,45.5,4.55,220.0,0.0,0.0,0.0,0.05,0.5,0.75,144.5,73045.7,1.0021,SYNTHETIC_CLIMATOLOGY,True
WX_KARGIL_COLD_SNAP,Kargil,2026-01-15,15,20,-19.8,47.0,4.03,220.0,0.0,0.0,0.0,0.05,0.5,0.75,142.5,73045.7,1.0044,SYNTHETIC_CLIMATOLOGY,True
WX_KARGIL_COLD_SNAP,Kargil,2026-01-15,15,21,-20.76,49.4,3.51,220.0,0.0,0.0,0.0,0.05,0.5,0.75,139.3,73045.7,1.0082,SYNTHETIC_CLIMATOLOGY,True
WX_KARGIL_COLD_SNAP,Kargil,2026-01-15,15,22,-22.0,52.5,3.02,220.0,0.0,0.0,0.0,0.05,0.5,0.75,135.3,73045.7,1.0132,SYNTHETIC_CLIMATOLOGY,True
WX_KARGIL_COLD_SNAP,Kargil,2026-01-15,15,23,-23.45,56.1,2.61,220.0,0.0,0.0,0.0,0.05,0.5,0.75,130.8,73045.7,1.0191,SYNTHETIC_CLIMATOLOGY,True
