candidate_id,simulation_id,orientation_deg,glazing_area_m2,wall_insulation_m,roof_insulation_m,night_shutter,roof_emissivity,wall_material,capital_cost_inr,minimum_indoor_temperature_C,average_indoor_temperature_C,comfort_hours,total_heat_loss_kWh,discomfort_hours,safety_status,is_pareto_optimal
CAND_00001,SIM_OPT_00001,210.0,8.0,0.075,0.2,1,0.3,stone_masonry,344990.0,-9.04,-2.38,0.0,47.83,24.0,SAFE,False
CAND_00002,SIM_OPT_00002,210.0,0.0,0.0,0.0,0,0.66,mud_brick,127182.0,-21.5,-15.5,0.0,289.49,24.0,SAFE,False
CAND_00003,SIM_OPT_00003,195.0,0.0,0.0,0.0,0,0.23,rammed_earth,125382.0,-21.5,-15.5,0.0,284.05,24.0,SAFE,False
CAND_00004,SIM_OPT_00004,150.0,6.0,0.05,0.075,1,0.52,stone_masonry,208968.0,-13.52,-7.59,0.0,72.98,24.0,SAFE,False
CAND_00005,SIM_OPT_00005,210.0,3.0,0.05,0.05,1,0.47,pu_sandwich_panel,214202.0,-14.48,-10.36,0.0,49.09,24.0,SAFE,False
CAND_00006,SIM_OPT_00006,150.0,2.0,0.025,0.0,1,0.39,rammed_earth,111905.0,-17.22,-13.23,0.0,137.77,24.0,SAFE,False
CAND_00007,SIM_OPT_00007,210.0,3.0,0.05,0.075,0,0.55,pu_sandwich_panel,197537.0,-18.18,-12.3,0.0,62.36,24.0,SAFE,False
CAND_00008,SIM_OPT_00008,210.0,3.0,0.025,0.025,1,0.25,mud_brick,150280.0,-16.24,-11.65,0.0,83.12,24.0,SAFE,False
CAND_00009,SIM_OPT_00009,180.0,3.0,0.0,0.0,0,0.38,stone_masonry,107630.0,-21.32,-14.52,0.0,271.55,24.0,SAFE,False
CAND_00010,SIM_OPT_00010,128.8,3.0,0.05,0.1,0,0.2,dense_concrete,215096.0,-19.36,-13.48,0.0,83.34,24.0,SAFE,False
CAND_00011,SIM_OPT_00011,165.0,6.0,0.075,0.05,1,0.24,pu_sandwich_panel,206171.0,-8.94,-3.48,0.0,39.49,24.0,SAFE,False
CAND_00012,SIM_OPT_00012,241.2,3.0,0.05,0.1,1,0.54,pu_sandwich_panel,181001.0,-15.92,-11.79,0.0,56.84,24.0,SAFE,False
CAND_00013,SIM_OPT_00013,165.0,3.0,0.025,0.1,1,0.24,dense_concrete,217989.0,-15.68,-11.09,0.0,69.03,24.0,SAFE,False
CAND_00014,SIM_OPT_00014,195.0,2.0,0.0,0.0,1,0.55,mud_brick,115524.0,-18.0,-13.55,0.0,281.82,24.0,SAFE,False
CAND_00015,SIM_OPT_00015,150.0,0.0,0.0,0.0,0,0.22,stone_masonry,114523.0,-21.5,-15.5,0.0,244.34,24.0,SAFE,False
CAND_00016,SIM_OPT_00016,180.0,2.0,0.0,0.025,0,0.2,mud_brick,137403.0,-21.41,-15.21,0.0,208.47,24.0,SAFE,False
CAND_00017,SIM_OPT_00017,187.5,0.0,0.025,0.0,0,0.31,rammed_earth,129554.0,-20.88,-15.19,0.0,137.06,24.0,SAFE,False
CAND_00018,SIM_OPT_00018,165.0,3.0,0.025,0.075,1,0.74,stone_masonry,193515.0,-15.87,-11.29,0.0,75.69,24.0,SAFE,False
CAND_00019,SIM_OPT_00019,195.0,4.5,0.05,0.1,0,0.83,dense_concrete,229974.0,-16.79,-10.02,0.0,67.58,24.0,SAFE,False
CAND_00020,SIM_OPT_00020,165.0,4.5,0.05,0.1,0,0.73,stone_masonry,198250.0,-15.58,-8.8,0.0,51.76,24.0,SAFE,False
CAND_00021,SIM_OPT_00021,165.0,3.0,0.0,0.025,0,0.89,stone_masonry,127203.0,-21.25,-14.45,0.0,239.5,24.0,SAFE,False
CAND_00022,SIM_OPT_00022,210.0,0.0,0.0,0.0,0,0.39,rammed_earth,104931.0,-21.5,-15.5,0.0,252.71,24.0,SAFE,False
CAND_00023,SIM_OPT_00023,195.0,4.5,0.05,0.05,0,0.59,stone_masonry,236361.0,-16.66,-9.88,0.0,65.46,24.0,SAFE,False
CAND_00024,SIM_OPT_00024,165.0,0.0,0.025,0.025,0,0.67,mud_brick,108056.0,-20.88,-15.19,0.0,113.99,24.0,SAFE,False
CAND_00025,SIM_OPT_00025,195.0,8.0,0.15,0.2,1,0.45,stone_masonry,376952.0,-5.51,-0.23,0.0,43.77,24.0,SAFE,False
CAND_00026,SIM_OPT_00026,38.7,8.0,0.1,0.15,1,0.87,pu_sandwich_panel,370692.0,-15.2,-9.0,0.0,78.39,24.0,SAFE,False
CAND_00027,SIM_OPT_00027,195.0,12.0,0.1,0.1,1,0.51,stone_masonry,345533.0,-7.68,0.92,0.0,72.95,24.0,SAFE,False
CAND_00028,SIM_OPT_00028,180.0,3.0,0.025,0.075,0,0.28,stone_masonry,232515.0,-19.28,-12.94,0.0,88.04,24.0,SAFE,False
CAND_00029,SIM_OPT_00029,195.0,4.5,0.05,0.05,1,0.55,stone_masonry,205612.0,-14.61,-9.58,0.0,86.31,24.0,SAFE,False
CAND_00030,SIM_OPT_00030,342.5,3.0,0.0,0.025,1,0.42,mud_brick,140860.0,-18.0,-12.95,0.0,208.8,24.0,SAFE,False
CAND_00031,SIM_OPT_00031,158.9,4.5,0.025,0.05,1,0.45,stone_masonry,234008.0,-15.77,-10.28,0.0,104.29,24.0,SAFE,False
CAND_00032,SIM_OPT_00032,150.0,3.0,0.05,0.05,1,0.81,dense_concrete,219010.0,-15.22,-11.1,0.0,66.99,24.0,SAFE,False
CAND_00033,SIM_OPT_00033,210.0,3.0,0.025,0.1,1,0.52,pu_sandwich_panel,212536.0,-15.97,-11.38,0.0,71.24,24.0,SAFE,False
CAND_00034,SIM_OPT_00034,165.0,2.0,0.0,0.025,1,0.3,mud_brick,130944.0,-18.0,-13.55,0.0,203.68,24.0,SAFE,False
CAND_00035,SIM_OPT_00035,195.0,4.5,0.05,0.075,1,0.47,dense_concrete,245070.0,-13.88,-8.86,0.0,67.63,24.0,SAFE,False
CAND_00036,SIM_OPT_00036,210.0,8.0,0.15,0.15,1,0.59,pu_sandwich_panel,362640.0,-8.07,-2.79,0.0,54.29,24.0,SAFE,False
CAND_00037,SIM_OPT_00037,165.0,3.0,0.025,0.1,1,0.89,stone_masonry,192841.0,-16.29,-11.7,0.0,95.57,24.0,SAFE,False
CAND_00038,SIM_OPT_00038,85.7,6.0,0.075,0.05,0,0.68,dense_concrete,222734.0,-19.52,-12.3,0.0,90.93,24.0,SAFE,False
CAND_00039,SIM_OPT_00039,180.0,4.5,0.025,0.075,0,0.23,stone_masonry,243679.0,-18.78,-11.54,0.0,106.77,24.0,SAFE,False
CAND_00040,SIM_OPT_00040,274.7,6.0,0.075,0.1,1,0.22,pu_sandwich_panel,231014.0,-15.23,-9.77,0.0,33.74,24.0,SAFE,False
CAND_00041,SIM_OPT_00041,195.0,6.0,0.075,0.05,1,0.58,stone_masonry,250630.0,-12.64,-7.18,0.0,76.15,24.0,SAFE,False
CAND_00042,SIM_OPT_00042,150.0,12.0,0.1,0.1,1,0.56,stone_masonry,396292.0,-5.98,2.62,0.0,54.32,24.0,SAFE,False
CAND_00043,SIM_OPT_00043,150.0,6.0,0.1,0.1,1,0.63,pu_sandwich_panel,321340.0,-11.02,-6.02,0.0,54.68,24.0,SAFE,False
CAND_00044,SIM_OPT_00044,302.6,0.0,0.025,0.025,0,0.43,mud_brick,122843.0,-20.88,-15.19,0.0,105.22,24.0,SAFE,False
CAND_00045,SIM_OPT_00045,112.5,6.0,0.075,0.075,1,0.4,pu_sandwich_panel,202898.0,-14.77,-9.31,0.0,64.91,24.0,SAFE,False
CAND_00046,SIM_OPT_00046,195.0,0.0,0.025,0.025,0,0.36,mud_brick,122590.0,-20.88,-15.19,0.0,91.85,24.0,SAFE,False
CAND_00047,SIM_OPT_00047,195.0,6.0,0.025,0.075,0,0.89,pu_sandwich_panel,237953.0,-17.97,-9.83,0.0,104.89,24.0,SAFE,False
CAND_00048,SIM_OPT_00048,210.0,6.0,0.05,0.075,0,0.87,dense_concrete,228757.0,-15.79,-8.12,0.0,64.53,24.0,SAFE,False
CAND_00049,SIM_OPT_00049,180.0,2.0,0.0,0.025,0,0.62,stone_masonry,138008.0,-21.4,-15.2,0.0,206.97,24.0,SAFE,False
CAND_00050,SIM_OPT_00050,165.0,3.0,0.025,0.025,0,0.77,rammed_earth,144682.0,-19.78,-13.44,0.0,111.64,24.0,SAFE,False
CAND_00051,SIM_OPT_00051,195.0,3.0,0.025,0.05,0,0.34,stone_masonry,170199.0,-19.3,-12.96,0.0,86.15,24.0,SAFE,False
CAND_00052,SIM_OPT_00052,296.7,12.0,0.15,0.15,1,0.53,stone_masonry,359028.0,-13.03,-5.35,0.0,54.91,24.0,SAFE,False
CAND_00053,SIM_OPT_00053,165.0,3.0,0.025,0.025,0,0.22,mud_brick,150931.0,-19.64,-13.3,0.0,102.71,24.0,SAFE,False
CAND_00054,SIM_OPT_00054,180.0,3.0,0.025,0.025,1,0.73,rammed_earth,125960.0,-16.11,-11.52,0.0,88.83,24.0,SAFE,False
CAND_00055,SIM_OPT_00055,268.8,3.0,0.025,0.0,1,0.87,mud_brick,130965.0,-17.38,-12.79,0.0,135.86,24.0,SAFE,False
CAND_00056,SIM_OPT_00056,150.0,6.0,0.025,0.1,0,0.22,pu_sandwich_panel,215088.0,-18.4,-10.26,0.0,107.71,24.0,SAFE,False
CAND_00057,SIM_OPT_00057,294.2,8.0,0.1,0.1,1,0.58,stone_masonry,355102.0,-14.93,-8.73,0.0,58.97,24.0,SAFE,False
CAND_00058,SIM_OPT_00058,180.0,6.0,0.075,0.05,1,0.66,pu_sandwich_panel,208314.0,-12.63,-7.17,0.0,78.6,24.0,SAFE,False
CAND_00059,SIM_OPT_00059,150.0,10.0,0.1,0.15,1,0.5,pu_sandwich_panel,314304.0,-7.09,0.31,0.0,50.91,24.0,SAFE,False
CAND_00060,SIM_OPT_00060,210.0,4.5,0.025,0.075,0,0.59,dense_concrete,218284.0,-18.16,-10.92,0.0,74.56,24.0,SAFE,False
CAND_00061,SIM_OPT_00061,150.0,3.0,0.025,0.025,0,0.36,mud_brick,142794.0,-19.91,-13.57,0.0,109.41,24.0,SAFE,False
CAND_00062,SIM_OPT_00062,150.0,3.0,0.0,0.025,1,0.47,rammed_earth,125392.0,-17.9,-12.85,0.0,226.67,24.0,SAFE,False
CAND_00063,SIM_OPT_00063,188.8,2.0,0.0,0.0,1,0.5,stone_masonry,107301.0,-18.0,-13.55,0.0,271.92,24.0,SAFE,False
CAND_00064,SIM_OPT_00064,178.5,3.0,0.075,0.05,0,0.77,dense_concrete,188595.0,-16.59,-11.18,0.0,52.31,24.0,SAFE,False
CAND_00065,SIM_OPT_00065,195.0,3.0,0.0,0.025,1,0.67,stone_masonry,115962.0,-17.79,-12.74,0.0,213.97,24.0,SAFE,False
CAND_00066,SIM_OPT_00066,150.0,8.0,0.075,0.15,1,0.82,stone_masonry,299838.0,-9.45,-2.79,0.0,50.56,24.0,SAFE,False
CAND_00067,SIM_OPT_00067,180.0,0.0,0.0,0.0,0,0.87,stone_masonry,105080.0,-21.5,-15.5,0.0,251.22,24.0,SAFE,False
CAND_00068,SIM_OPT_00068,180.0,3.0,0.075,0.075,0,0.25,dense_concrete,240876.0,-17.76,-12.35,0.0,78.18,24.0,SAFE,False
CAND_00069,SIM_OPT_00069,210.0,3.0,0.05,0.05,0,0.55,stone_masonry,181237.0,-17.82,-11.95,0.0,54.56,24.0,SAFE,False
CAND_00070,SIM_OPT_00070,180.0,6.0,0.075,0.075,0,0.86,stone_masonry,192229.0,-15.97,-8.76,0.0,88.99,24.0,SAFE,False
CAND_00071,SIM_OPT_00071,210.0,3.0,0.025,0.1,0,0.62,pu_sandwich_panel,225777.0,-19.29,-12.95,0.0,76.71,24.0,SAFE,False
CAND_00072,SIM_OPT_00072,195.0,3.0,0.0,0.0,1,0.59,stone_masonry,142242.0,-17.98,-12.93,0.0,291.3,24.0,SAFE,False
CAND_00073,SIM_OPT_00073,150.0,0.0,0.025,0.025,0,0.49,rammed_earth,114392.0,-20.88,-15.19,0.0,90.84,24.0,SAFE,False
CAND_00074,SIM_OPT_00074,180.0,12.0,0.15,0.1,1,0.51,stone_masonry,387520.0,4.7,12.38,3.21,32.3,20.79,SAFE,True
CAND_00075,SIM_OPT_00075,350.2,0.0,0.0,0.0,0,0.32,stone_masonry,127863.0,-21.5,-15.5,0.0,280.46,24.0,SAFE,False
CAND_00076,SIM_OPT_00076,150.0,10.0,0.075,0.15,1,0.8,stone_masonry,314806.0,-7.26,0.6,0.0,48.43,24.0,SAFE,False
CAND_00077,SIM_OPT_00077,180.0,2.0,0.0,0.025,1,0.72,stone_masonry,130753.0,-18.0,-13.55,0.0,229.3,24.0,SAFE,False
CAND_00078,SIM_OPT_00078,195.0,6.0,0.025,0.1,1,0.57,dense_concrete,216815.0,-13.45,-7.06,0.0,68.57,24.0,SAFE,False
CAND_00079,SIM_OPT_00079,211.5,4.5,0.025,0.1,1,0.64,dense_concrete,204685.0,-15.61,-10.12,0.0,88.55,24.0,SAFE,False
CAND_00080,SIM_OPT_00080,195.0,3.0,0.025,0.1,0,0.75,pu_sandwich_panel,216736.0,-19.45,-13.11,0.0,92.66,24.0,SAFE,False
CAND_00081,SIM_OPT_00081,195.0,8.0,0.075,0.2,1,0.64,pu_sandwich_panel,365247.0,-7.64,-0.98,0.0,45.04,24.0,SAFE,False
CAND_00082,SIM_OPT_00082,180.0,3.0,0.075,0.05,0,0.41,stone_masonry,232323.0,-16.07,-10.66,0.0,45.59,24.0,SAFE,False
CAND_00083,SIM_OPT_00083,203.2,6.0,0.075,0.15,1,0.69,pu_sandwich_panel,307231.0,-11.87,-6.41,0.0,60.77,24.0,SAFE,False
CAND_00084,SIM_OPT_00084,165.0,10.0,0.1,0.2,1,0.35,stone_masonry,323921.0,-4.12,3.28,0.0,42.57,24.0,SAFE,False
CAND_00085,SIM_OPT_00085,210.0,3.0,0.025,0.0,1,0.44,stone_masonry,150615.0,-16.97,-12.38,0.0,149.95,24.0,SAFE,False
CAND_00086,SIM_OPT_00086,195.0,10.0,0.1,0.1,1,0.29,stone_masonry,381703.0,-2.19,5.21,0.0,36.63,24.0,SAFE,False
CAND_00087,SIM_OPT_00087,210.0,6.0,0.075,0.1,0,0.51,stone_masonry,242719.0,-16.38,-9.16,0.0,85.42,24.0,SAFE,False
CAND_00088,SIM_OPT_00088,195.0,3.0,0.05,0.05,0,0.37,dense_concrete,176258.0,-18.53,-12.66,0.0,80.49,24.0,SAFE,False
CAND_00089,SIM_OPT_00089,165.0,6.0,0.1,0.2,1,0.84,pu_sandwich_panel,315012.0,-11.56,-6.56,0.0,68.34,24.0,SAFE,False
CAND_00090,SIM_OPT_00090,210.0,6.0,0.075,0.05,0,0.24,dense_concrete,207113.0,-15.51,-8.3,0.0,69.43,24.0,SAFE,False
CAND_00091,SIM_OPT_00091,165.0,3.0,0.05,0.05,1,0.53,stone_masonry,208796.0,-15.0,-10.88,0.0,67.47,24.0,SAFE,False
CAND_00092,SIM_OPT_00092,180.0,6.0,0.075,0.05,0,0.83,stone_masonry,194019.0,-15.48,-8.27,0.0,79.51,24.0,SAFE,False
CAND_00093,SIM_OPT_00093,180.0,3.0,0.025,0.05,0,0.65,stone_masonry,191434.0,-19.14,-12.8,0.0,82.59,24.0,SAFE,False
CAND_00094,SIM_OPT_00094,195.0,2.0,0.0,0.025,0,0.86,rammed_earth,116310.0,-21.49,-15.29,0.0,233.08,24.0,SAFE,False
CAND_00095,SIM_OPT_00095,165.0,6.0,0.025,0.1,0,0.83,dense_concrete,213567.0,-18.21,-10.07,0.0,112.66,24.0,SAFE,False
CAND_00096,SIM_OPT_00096,180.0,3.0,0.025,0.05,1,0.77,dense_concrete,220664.0,-16.25,-11.66,0.0,96.8,24.0,SAFE,False
CAND_00097,SIM_OPT_00097,180.0,0.0,0.0,0.025,0,0.53,rammed_earth,105473.0,-21.5,-15.5,0.0,192.35,24.0,SAFE,False
CAND_00098,SIM_OPT_00098,210.0,6.0,0.05,0.05,0,0.3,stone_masonry,197864.0,-16.98,-9.3,0.0,84.93,24.0,SAFE,False
CAND_00099,SIM_OPT_00099,165.0,4.5,0.075,0.1,0,0.59,pu_sandwich_panel,228644.0,-16.68,-10.37,0.0,77.62,24.0,SAFE,False
CAND_00100,SIM_OPT_00100,210.0,3.0,0.05,0.1,1,0.77,stone_masonry,184128.0,-15.14,-11.02,0.0,64.58,24.0,SAFE,False
CAND_00101,SIM_OPT_00101,304.6,3.0,0.025,0.0,1,0.41,rammed_earth,139023.0,-17.38,-12.79,0.0,140.82,24.0,SAFE,False
CAND_00102,SIM_OPT_00102,180.0,10.0,0.15,0.2,1,0.87,pu_sandwich_panel,370077.0,-1.95,4.53,0.0,40.91,24.0,SAFE,False
CAND_00103,SIM_OPT_00103,165.0,3.0,0.025,0.0,0,0.73,rammed_earth,132820.0,-20.21,-13.88,0.0,153.77,24.0,SAFE,False
CAND_00104,SIM_OPT_00104,150.0,6.0,0.1,0.15,1,0.71,pu_sandwich_panel,318931.0,-9.39,-4.39,0.0,41.19,24.0,SAFE,False
CAND_00105,SIM_OPT_00105,180.0,12.0,0.1,0.15,1,0.58,stone_masonry,409521.0,-5.55,3.05,0.0,60.1,24.0,SAFE,False
CAND_00106,SIM_OPT_00106,180.0,3.0,0.025,0.1,1,0.26,pu_sandwich_panel,197881.0,-15.69,-11.11,0.0,71.98,24.0,SAFE,False
CAND_00107,SIM_OPT_00107,150.0,0.0,0.0,0.025,0,0.31,rammed_earth,120381.0,-21.5,-15.5,0.0,225.47,24.0,SAFE,False
CAND_00108,SIM_OPT_00108,195.0,4.5,0.075,0.05,0,0.64,stone_masonry,189148.0,-16.6,-10.29,0.0,75.92,24.0,SAFE,False
CAND_00109,SIM_OPT_00109,150.0,12.0,0.1,0.2,1,0.52,stone_masonry,338913.0,-7.43,1.17,0.0,63.46,24.0,SAFE,False
CAND_00110,SIM_OPT_00110,210.0,4.5,0.05,0.1,0,0.48,dense_concrete,227347.0,-17.77,-10.99,0.0,80.52,24.0,SAFE,False
CAND_00111,SIM_OPT_00111,195.0,6.0,0.075,0.05,1,0.67,dense_concrete,218318.0,-13.04,-7.57,0.0,84.64,24.0,SAFE,False
CAND_00112,SIM_OPT_00112,150.0,3.0,0.05,0.075,0,0.38,stone_masonry,224231.0,-18.92,-13.05,0.0,87.4,24.0,SAFE,False
CAND_00113,SIM_OPT_00113,180.0,3.0,0.075,0.1,0,0.49,stone_masonry,224914.0,-16.92,-11.51,0.0,57.71,24.0,SAFE,False
CAND_00114,SIM_OPT_00114,195.0,6.0,0.075,0.1,0,0.78,dense_concrete,209551.0,-14.11,-6.9,0.0,59.37,24.0,SAFE,False
CAND_00115,SIM_OPT_00115,150.0,6.0,0.075,0.1,0,0.37,dense_concrete,217580.0,-15.76,-8.55,0.0,73.33,24.0,SAFE,False
CAND_00116,SIM_OPT_00116,160.1,2.0,0.0,0.025,0,0.65,stone_masonry,106582.0,-21.44,-15.24,0.0,208.01,24.0,SAFE,False
CAND_00117,SIM_OPT_00117,210.0,2.0,0.025,0.025,0,0.88,stone_masonry,118359.0,-20.28,-14.55,0.0,97.66,24.0,SAFE,False
CAND_00118,SIM_OPT_00118,150.0,3.0,0.025,0.1,1,0.85,stone_masonry,183038.0,-16.37,-11.79,0.0,90.55,24.0,SAFE,False
CAND_00119,SIM_OPT_00119,57.8,3.0,0.05,0.075,1,0.25,dense_concrete,183241.0,-16.75,-12.62,0.0,47.49,24.0,SAFE,False
CAND_00120,SIM_OPT_00120,180.0,4.5,0.075,0.1,1,0.56,dense_concrete,217335.0,-13.61,-9.04,0.0,78.04,24.0,SAFE,False
CAND_00121,SIM_OPT_00121,180.0,10.0,0.1,0.2,1,0.52,stone_masonry,347403.0,-8.4,-1.0,0.0,68.93,24.0,SAFE,False
CAND_00122,SIM_OPT_00122,150.0,3.0,0.0,0.025,0,0.29,rammed_earth,133161.0,-21.28,-14.48,0.0,221.96,24.0,SAFE,False
CAND_00123,SIM_OPT_00123,150.0,3.0,0.05,0.075,1,0.64,dense_concrete,237437.0,-14.7,-10.57,0.0,53.31,24.0,SAFE,False
CAND_00124,SIM_OPT_00124,195.0,0.0,0.025,0.0,0,0.61,mud_brick,131373.0,-20.88,-15.19,0.0,140.31,24.0,SAFE,False
CAND_00125,SIM_OPT_00125,180.0,6.0,0.05,0.05,0,0.82,stone_masonry,191732.0,-16.3,-8.62,0.0,83.06,24.0,SAFE,False
CAND_00126,SIM_OPT_00126,180.0,10.0,0.1,0.1,1,0.74,stone_masonry,358217.0,-5.67,1.73,0.0,50.69,24.0,SAFE,False
CAND_00127,SIM_OPT_00127,150.0,3.0,0.05,0.05,0,0.57,pu_sandwich_panel,219336.0,-17.85,-11.98,0.0,55.2,24.0,SAFE,False
CAND_00128,SIM_OPT_00128,40.9,3.0,0.025,0.05,1,0.48,dense_concrete,209922.0,-17.38,-12.79,0.0,66.58,24.0,SAFE,False
CAND_00129,SIM_OPT_00129,252.2,2.0,0.0,0.0,1,0.82,stone_masonry,122571.0,-18.0,-13.55,0.0,257.31,24.0,SAFE,False
CAND_00130,SIM_OPT_00130,180.0,8.0,0.15,0.1,1,0.24,stone_masonry,361902.0,-7.09,-1.81,0.0,54.65,24.0,SAFE,False
CAND_00131,SIM_OPT_00131,241.8,0.0,0.0,0.0,0,0.86,rammed_earth,123011.0,-21.5,-15.5,0.0,257.13,24.0,SAFE,False
CAND_00132,SIM_OPT_00132,180.0,6.0,0.075,0.15,1,0.4,pu_sandwich_panel,321277.0,-7.82,-2.36,0.0,35.68,24.0,SAFE,False
CAND_00133,SIM_OPT_00133,195.0,10.0,0.075,0.1,1,0.7,stone_masonry,371315.0,-10.0,-2.13,0.0,76.31,24.0,SAFE,False
CAND_00134,SIM_OPT_00134,210.0,8.0,0.15,0.1,1,0.65,pu_sandwich_panel,369381.0,-4.04,1.23,0.0,33.87,24.0,SAFE,False
CAND_00135,SIM_OPT_00135,210.0,6.0,0.025,0.075,1,0.42,pu_sandwich_panel,196335.0,-14.67,-8.29,0.0,84.93,24.0,SAFE,False
CAND_00136,SIM_OPT_00136,180.0,4.5,0.025,0.075,1,0.26,pu_sandwich_panel,239369.0,-14.6,-9.12,0.0,71.99,24.0,SAFE,False
CAND_00137,SIM_OPT_00137,58.6,2.0,0.0,0.0,1,0.22,stone_masonry,115015.0,-18.0,-13.55,0.0,246.45,24.0,SAFE,False
CAND_00138,SIM_OPT_00138,165.0,10.0,0.075,0.15,1,0.22,stone_masonry,392062.0,-9.92,-2.06,0.0,75.47,24.0,SAFE,False
CAND_00139,SIM_OPT_00139,165.0,0.0,0.0,0.025,0,0.42,mud_brick,98137.0,-21.5,-15.5,0.0,201.33,24.0,SAFE,False
CAND_00140,SIM_OPT_00140,195.0,3.0,0.025,0.025,0,0.33,stone_masonry,140236.0,-19.71,-13.37,0.0,106.96,24.0,SAFE,False
CAND_00141,SIM_OPT_00141,210.0,6.0,0.05,0.075,0,0.63,stone_masonry,208900.0,-16.34,-8.66,0.0,72.6,24.0,SAFE,False
CAND_00142,SIM_OPT_00142,170.3,6.0,0.075,0.075,0,0.5,pu_sandwich_panel,219472.0,-14.97,-7.76,0.0,70.7,24.0,SAFE,False
CAND_00143,SIM_OPT_00143,165.0,3.0,0.025,0.075,0,0.86,dense_concrete,180190.0,-18.93,-12.59,0.0,73.07,24.0,SAFE,False
CAND_00144,SIM_OPT_00144,165.0,2.0,0.025,0.0,0,0.3,mud_brick,122375.0,-20.48,-14.75,0.0,133.43,24.0,SAFE,False
CAND_00145,SIM_OPT_00145,180.0,6.0,0.05,0.05,0,0.66,stone_masonry,214814.0,-16.87,-9.2,0.0,95.25,24.0,SAFE,False
CAND_00146,SIM_OPT_00146,150.0,6.0,0.025,0.075,1,0.42,dense_concrete,185259.0,-14.9,-8.51,0.0,91.35,24.0,SAFE,False
CAND_00147,SIM_OPT_00147,195.0,8.0,0.075,0.15,1,0.6,stone_masonry,377460.0,-9.69,-3.03,0.0,58.37,24.0,SAFE,False
CAND_00148,SIM_OPT_00148,210.0,3.0,0.025,0.0,0,0.57,rammed_earth,112178.0,-20.27,-13.93,0.0,145.27,24.0,SAFE,False
CAND_00149,SIM_OPT_00149,195.0,0.0,0.0,0.025,0,0.64,stone_masonry,115549.0,-21.5,-15.5,0.0,202.51,24.0,SAFE,False
CAND_00150,SIM_OPT_00150,278.8,3.0,0.025,0.0,1,0.6,stone_masonry,145660.0,-17.38,-12.79,0.0,166.67,24.0,SAFE,False
CAND_00151,SIM_OPT_00151,180.0,0.0,0.0,0.0,0,0.58,rammed_earth,95312.0,-21.5,-15.5,0.0,266.99,24.0,SAFE,False
CAND_00152,SIM_OPT_00152,180.0,0.0,0.0,0.025,0,0.86,mud_brick,127187.0,-21.5,-15.5,0.0,229.65,24.0,SAFE,False
CAND_00153,SIM_OPT_00153,150.0,8.0,0.1,0.1,1,0.51,stone_masonry,303129.0,-8.53,-2.33,0.0,48.55,24.0,SAFE,False
CAND_00154,SIM_OPT_00154,165.0,3.0,0.025,0.0,1,0.21,rammed_earth,122554.0,-16.72,-12.13,0.0,131.8,24.0,SAFE,False
CAND_00155,SIM_OPT_00155,195.0,2.0,0.0,0.025,0,0.24,rammed_earth,113189.0,-21.47,-15.27,0.0,224.28,24.0,SAFE,False
CAND_00156,SIM_OPT_00156,150.0,3.0,0.05,0.1,0,0.41,stone_masonry,198642.0,-18.06,-12.18,0.0,59.46,24.0,SAFE,False
CAND_00157,SIM_OPT_00157,150.0,4.5,0.075,0.075,1,0.45,pu_sandwich_panel,220095.0,-12.88,-8.32,0.0,54.44,24.0,SAFE,False
CAND_00158,SIM_OPT_00158,104.4,6.0,0.025,0.1,0,0.85,pu_sandwich_panel,238722.0,-20.57,-12.43,0.0,113.82,24.0,SAFE,False
CAND_00159,SIM_OPT_00159,150.0,3.0,0.025,0.025,1,0.86,rammed_earth,140819.0,-16.38,-11.79,0.0,90.9,24.0,SAFE,False
CAND_00160,SIM_OPT_00160,180.0,0.0,0.025,0.025,0,0.65,stone_masonry,109084.0,-20.88,-15.19,0.0,88.03,24.0,SAFE,False
CAND_00161,SIM_OPT_00161,180.0,3.0,0.075,0.075,1,0.35,stone_masonry,228008.0,-12.56,-8.9,0.0,38.68,24.0,SAFE,False
CAND_00162,SIM_OPT_00162,180.0,3.0,0.025,0.1,0,0.26,dense_concrete,208100.0,-18.33,-11.99,0.0,60.74,24.0,SAFE,False
CAND_00163,SIM_OPT_00163,150.0,3.0,0.025,0.075,0,0.51,pu_sandwich_panel,215507.0,-19.49,-13.15,0.0,84.85,24.0,SAFE,False
CAND_00164,SIM_OPT_00164,165.0,2.0,0.0,0.025,0,0.47,stone_masonry,124762.0,-21.38,-15.18,0.0,191.92,24.0,REFUSED,False
CAND_00165,SIM_OPT_00165,61.8,4.5,0.075,0.075,1,0.48,pu_sandwich_panel,207866.0,-15.99,-11.43,0.0,55.73,24.0,SAFE,False
CAND_00166,SIM_OPT_00166,195.0,3.0,0.0,0.0,1,0.84,rammed_earth,135280.0,-17.9,-12.85,0.0,252.26,24.0,SAFE,False
CAND_00167,SIM_OPT_00167,299.2,4.5,0.05,0.075,1,0.45,dense_concrete,230578.0,-16.73,-11.71,0.0,67.37,24.0,SAFE,False
CAND_00168,SIM_OPT_00168,165.0,3.0,0.025,0.075,1,0.81,pu_sandwich_panel,182180.0,-16.34,-11.75,0.0,99.09,24.0,SAFE,False
CAND_00169,SIM_OPT_00169,210.0,6.0,0.075,0.075,1,0.28,stone_masonry,205145.0,-12.83,-7.37,0.0,71.71,24.0,SAFE,False
CAND_00170,SIM_OPT_00170,195.0,12.0,0.15,0.15,1,0.73,stone_masonry,409580.0,1.51,9.19,0.0,37.33,24.0,SAFE,False
CAND_00171,SIM_OPT_00171,24.3,4.5,0.075,0.075,1,0.84,dense_concrete,204515.0,-16.08,-11.52,0.0,65.02,24.0,SAFE,False
CAND_00172,SIM_OPT_00172,150.0,6.0,0.025,0.075,0,0.89,dense_concrete,224915.0,-17.92,-9.79,0.0,92.68,24.0,SAFE,False
CAND_00173,SIM_OPT_00173,50.4,3.0,0.025,0.0,0,0.58,rammed_earth,126356.0,-20.88,-14.54,0.0,164.8,24.0,SAFE,False
CAND_00174,SIM_OPT_00174,180.0,6.0,0.15,0.15,1,0.53,pu_sandwich_panel,338653.0,-6.49,-2.42,0.0,38.04,24.0,SAFE,False
CAND_00175,SIM_OPT_00175,210.0,4.5,0.05,0.05,0,0.62,dense_concrete,197226.0,-18.03,-11.26,0.0,88.33,24.0,SAFE,False
CAND_00176,SIM_OPT_00176,165.0,2.0,0.0,0.0,1,0.65,rammed_earth,104485.0,-18.0,-13.55,0.0,267.57,24.0,SAFE,False
CAND_00177,SIM_OPT_00177,165.0,3.0,0.05,0.075,1,0.44,dense_concrete,246394.0,-15.34,-11.21,0.0,79.38,24.0,SAFE,False
CAND_00178,SIM_OPT_00178,180.0,4.5,0.075,0.05,0,0.45,pu_sandwich_panel,230421.0,-16.04,-9.72,0.0,67.8,24.0,SAFE,False
CAND_00179,SIM_OPT_00179,150.0,4.5,0.05,0.05,0,0.49,dense_concrete,187691.0,-17.51,-10.74,0.0,74.19,24.0,SAFE,False
CAND_00180,SIM_OPT_00180,196.4,2.0,0.025,0.0,1,0.75,mud_brick,125696.0,-17.25,-13.26,0.0,160.55,24.0,SAFE,False
CAND_00181,SIM_OPT_00181,180.0,2.0,0.0,0.025,1,0.48,stone_masonry,135514.0,-17.96,-13.51,0.0,195.22,24.0,SAFE,False
CAND_00182,SIM_OPT_00182,210.0,12.0,0.15,0.1,1,0.38,stone_masonry,383225.0,-6.37,1.31,0.0,64.92,24.0,SAFE,False
CAND_00183,SIM_OPT_00183,250.6,3.0,0.075,0.075,0,0.84,dense_concrete,226896.0,-19.36,-13.95,0.0,80.04,24.0,SAFE,False
CAND_00184,SIM_OPT_00184,150.0,10.0,0.1,0.1,1,0.76,stone_masonry,306140.0,-10.18,-2.78,0.0,77.93,24.0,SAFE,False
CAND_00185,SIM_OPT_00185,195.0,3.0,0.075,0.1,1,0.4,pu_sandwich_panel,249538.0,-12.95,-9.29,0.0,41.32,24.0,SAFE,False
CAND_00186,SIM_OPT_00186,150.0,6.0,0.025,0.075,1,0.68,dense_concrete,251294.0,-14.89,-8.5,0.0,91.12,24.0,SAFE,False
CAND_00187,SIM_OPT_00187,180.0,6.0,0.05,0.05,0,0.71,pu_sandwich_panel,200386.0,-15.93,-8.25,0.0,76.63,24.0,SAFE,False
CAND_00188,SIM_OPT_00188,195.0,3.0,0.025,0.025,0,0.23,mud_brick,138669.0,-18.97,-12.63,0.0,74.19,24.0,SAFE,False
CAND_00189,SIM_OPT_00189,183.3,3.0,0.025,0.1,0,0.77,dense_concrete,215335.0,-19.22,-12.88,0.0,85.59,24.0,SAFE,False
CAND_00190,SIM_OPT_00190,180.0,3.0,0.0,0.025,1,0.54,rammed_earth,117025.0,-17.73,-12.68,0.0,203.67,24.0,SAFE,False
CAND_00191,SIM_OPT_00191,195.0,6.0,0.075,0.075,1,0.47,pu_sandwich_panel,230182.0,-12.52,-7.05,0.0,73.92,24.0,SAFE,False
CAND_00192,SIM_OPT_00192,88.1,6.0,0.075,0.2,1,0.58,pu_sandwich_panel,355884.0,-15.68,-10.21,0.0,49.74,24.0,SAFE,False
CAND_00193,SIM_OPT_00193,195.0,6.0,0.025,0.075,0,0.56,pu_sandwich_panel,237744.0,-16.57,-8.43,0.0,74.27,24.0,SAFE,False
CAND_00194,SIM_OPT_00194,180.0,3.0,0.025,0.075,0,0.9,stone_masonry,187868.0,-19.59,-13.25,0.0,103.27,24.0,SAFE,False
CAND_00195,SIM_OPT_00195,210.0,10.0,0.075,0.1,1,0.48,pu_sandwich_panel,345639.0,-7.92,-0.06,0.0,52.12,24.0,SAFE,False
CAND_00196,SIM_OPT_00196,180.0,3.0,0.025,0.05,1,0.3,stone_masonry,232326.0,-16.2,-11.61,0.0,93.54,24.0,SAFE,False
CAND_00197,SIM_OPT_00197,150.0,0.0,0.025,0.0,0,0.69,mud_brick,123326.0,-20.88,-15.19,0.0,165.5,24.0,SAFE,False
CAND_00198,SIM_OPT_00198,210.0,3.0,0.05,0.05,0,0.52,pu_sandwich_panel,233686.0,-17.82,-11.95,0.0,54.55,24.0,SAFE,False
CAND_00199,SIM_OPT_00199,101.4,4.5,0.025,0.05,1,0.76,dense_concrete,214242.0,-17.36,-11.88,0.0,90.58,24.0,SAFE,False
CAND_00200,SIM_OPT_00200,221.3,6.0,0.05,0.1,0,0.26,pu_sandwich_panel,236365.0,-17.45,-9.78,0.0,84.19,24.0,SAFE,False
CAND_00201,SIM_OPT_00201,150.0,6.0,0.075,0.075,1,0.56,pu_sandwich_panel,226851.0,-11.23,-5.77,0.0,50.41,24.0,SAFE,False
CAND_00202,SIM_OPT_00202,195.0,6.0,0.025,0.075,0,0.28,dense_concrete,183092.0,-17.51,-9.37,0.0,92.36,24.0,SAFE,False
CAND_00203,SIM_OPT_00203,165.0,3.0,0.0,0.0,1,0.83,rammed_earth,131044.0,-17.96,-12.91,0.0,278.86,24.0,SAFE,False
CAND_00204,SIM_OPT_00204,150.0,3.0,0.05,0.1,0,0.82,pu_sandwich_panel,217528.0,-17.93,-12.05,0.0,56.81,24.0,SAFE,False
CAND_00205,SIM_OPT_00205,165.0,3.0,0.0,0.025,0,0.79,stone_masonry,137065.0,-21.15,-14.35,0.0,210.32,24.0,SAFE,False
CAND_00206,SIM_OPT_00206,180.0,3.0,0.025,0.0,0,0.51,stone_masonry,134547.0,-20.3,-13.96,0.0,172.37,24.0,SAFE,False
CAND_00207,SIM_OPT_00207,195.0,3.0,0.025,0.0,1,0.8,mud_brick,119287.0,-16.92,-12.34,0.0,159.24,24.0,SAFE,False
CAND_00208,SIM_OPT_00208,165.0,6.0,0.075,0.05,1,0.2,stone_masonry,226708.0,-9.67,-4.21,0.0,43.6,24.0,SAFE,False
CAND_00209,SIM_OPT_00209,150.0,4.5,0.05,0.1,0,0.63,pu_sandwich_panel,199443.0,-17.03,-10.26,0.0,64.6,24.0,SAFE,False
CAND_00210,SIM_OPT_00210,195.0,0.0,0.0,0.0,0,0.31,stone_masonry,118633.0,-21.5,-15.5,0.0,246.28,24.0,SAFE,False
CAND_00211,SIM_OPT_00211,195.0,6.0,0.025,0.05,1,0.79,stone_masonry,185803.0,-15.0,-8.61,0.0,105.43,24.0,SAFE,False
CAND_00212,SIM_OPT_00212,195.0,3.0,0.025,0.0,1,0.38,mud_brick,132982.0,-16.71,-12.12,0.0,130.79,24.0,SAFE,False
CAND_00213,SIM_OPT_00213,212.5,6.0,0.05,0.05,1,0.33,dense_concrete,252741.0,-12.03,-6.1,0.0,50.76,24.0,SAFE,False
CAND_00214,SIM_OPT_00214,180.0,3.0,0.075,0.075,1,0.38,pu_sandwich_panel,223727.0,-14.04,-10.38,0.0,60.65,24.0,SAFE,False
CAND_00215,SIM_OPT_00215,180.0,3.0,0.05,0.05,1,0.82,pu_sandwich_panel,239329.0,-14.49,-10.37,0.0,56.97,24.0,SAFE,False
CAND_00216,SIM_OPT_00216,210.0,6.0,0.025,0.1,1,0.57,stone_masonry,186249.0,-14.43,-8.04,0.0,78.97,24.0,SAFE,False
CAND_00217,SIM_OPT_00217,195.0,6.0,0.05,0.05,0,0.82,dense_concrete,186106.0,-15.91,-8.23,0.0,73.81,24.0,SAFE,False
CAND_00218,SIM_OPT_00218,180.0,6.0,0.025,0.05,0,0.3,stone_masonry,188440.0,-17.52,-9.38,0.0,95.87,24.0,SAFE,False
CAND_00219,SIM_OPT_00219,195.0,3.0,0.0,0.025,0,0.5,stone_masonry,138522.0,-21.14,-14.34,0.0,206.43,24.0,SAFE,False
CAND_00220,SIM_OPT_00220,34.1,3.0,0.025,0.025,0,0.35,mud_brick,127126.0,-20.88,-14.54,0.0,113.01,24.0,SAFE,False
CAND_00221,SIM_OPT_00221,195.0,0.0,0.025,0.025,0,0.89,rammed_earth,108408.0,-20.88,-15.19,0.0,88.96,24.0,SAFE,False
CAND_00222,SIM_OPT_00222,150.0,3.0,0.0,0.025,0,0.85,rammed_earth,135835.0,-21.29,-14.49,0.0,226.77,24.0,SAFE,False
CAND_00223,SIM_OPT_00223,195.0,3.0,0.0,0.025,0,0.65,stone_masonry,108022.0,-21.16,-14.36,0.0,212.87,24.0,SAFE,False
CAND_00224,SIM_OPT_00224,165.0,4.5,0.025,0.1,0,0.24,pu_sandwich_panel,221353.0,-18.82,-11.58,0.0,104.66,24.0,SAFE,False
CAND_00225,SIM_OPT_00225,68.6,3.0,0.075,0.05,0,0.32,stone_masonry,209074.0,-19.59,-14.18,0.0,51.49,24.0,SAFE,False
CAND_00226,SIM_OPT_00226,210.0,3.0,0.025,0.075,0,0.66,dense_concrete,219067.0,-19.19,-12.86,0.0,73.3,24.0,SAFE,False
CAND_00227,SIM_OPT_00227,195.0,3.0,0.025,0.075,0,0.49,dense_concrete,226509.0,-19.71,-13.38,0.0,107.47,24.0,SAFE,False
CAND_00228,SIM_OPT_00228,195.0,4.5,0.05,0.1,1,0.28,dense_concrete,255780.0,-13.35,-8.32,0.0,58.3,24.0,SAFE,False
CAND_00229,SIM_OPT_00229,195.0,3.0,0.05,0.05,0,0.6,stone_masonry,217421.0,-17.76,-11.89,0.0,59.7,24.0,SAFE,False
CAND_00230,SIM_OPT_00230,150.0,4.5,0.075,0.1,1,0.46,stone_masonry,211250.0,-12.73,-8.17,0.0,52.45,24.0,SAFE,False
CAND_00231,SIM_OPT_00231,180.0,6.0,0.025,0.075,1,0.61,pu_sandwich_panel,217896.0,-14.76,-8.38,0.0,101.01,24.0,SAFE,False
CAND_00232,SIM_OPT_00232,180.0,2.0,0.0,0.0,0,0.68,mud_brick,109923.0,-21.5,-15.3,0.0,277.9,24.0,SAFE,False
CAND_00233,SIM_OPT_00233,165.0,8.0,0.075,0.2,1,0.58,pu_sandwich_panel,331163.0,-9.46,-2.8,0.0,56.47,24.0,SAFE,False
CAND_00234,SIM_OPT_00234,35.9,6.0,0.025,0.1,1,0.33,dense_concrete,248507.0,-17.23,-10.84,0.0,72.78,24.0,SAFE,False
CAND_00235,SIM_OPT_00235,195.0,0.0,0.025,0.025,0,0.69,stone_masonry,114204.0,-20.88,-15.19,0.0,83.02,24.0,SAFE,False
CAND_00236,SIM_OPT_00236,195.0,12.0,0.075,0.15,1,0.52,pu_sandwich_panel,339356.0,-9.18,-0.12,0.0,81.47,24.0,SAFE,False
CAND_00237,SIM_OPT_00237,180.0,4.5,0.025,0.075,1,0.66,stone_masonry,222311.0,-15.25,-9.76,0.0,89.63,24.0,SAFE,False
CAND_00238,SIM_OPT_00238,302.7,2.0,0.025,0.025,0,0.75,stone_masonry,145087.0,-20.88,-15.14,0.0,104.84,24.0,SAFE,False
CAND_00239,SIM_OPT_00239,40.8,3.0,0.05,0.1,0,0.4,pu_sandwich_panel,241964.0,-20.25,-14.38,0.0,79.63,24.0,SAFE,False
CAND_00240,SIM_OPT_00240,150.0,0.0,0.0,0.0,0,0.45,rammed_earth,128200.0,-21.5,-15.5,0.0,274.95,24.0,SAFE,False
CAND_00241,SIM_OPT_00241,346.9,2.0,0.025,0.025,1,0.7,stone_masonry,145391.0,-17.38,-13.39,0.0,108.91,24.0,SAFE,False
CAND_00242,SIM_OPT_00242,40.7,6.0,0.025,0.05,0,0.79,dense_concrete,237215.0,-20.78,-12.64,0.0,93.86,24.0,SAFE,False
CAND_00243,SIM_OPT_00243,195.0,4.5,0.025,0.075,0,0.82,pu_sandwich_panel,226208.0,-18.94,-11.7,0.0,109.79,24.0,SAFE,False
CAND_00244,SIM_OPT_00244,180.0,6.0,0.15,0.1,1,0.42,stone_masonry,353581.0,-9.6,-5.52,0.0,61.04,24.0,SAFE,False
CAND_00245,SIM_OPT_00245,210.0,10.0,0.075,0.2,1,0.3,stone_masonry,333934.0,-7.4,0.46,0.0,49.17,24.0,SAFE,False
CAND_00246,SIM_OPT_00246,233.6,4.5,0.025,0.1,1,0.85,pu_sandwich_panel,201229.0,-16.59,-11.1,0.0,108.74,24.0,SAFE,False
CAND_00247,SIM_OPT_00247,212.8,10.0,0.075,0.2,1,0.87,pu_sandwich_panel,313308.0,-10.42,-2.56,0.0,70.95,24.0,SAFE,False
CAND_00248,SIM_OPT_00248,195.0,10.0,0.15,0.2,1,0.24,stone_masonry,390925.0,-5.35,1.12,0.0,53.82,24.0,SAFE,False
CAND_00249,SIM_OPT_00249,195.0,6.0,0.075,0.1,0,0.8,stone_masonry,221889.0,-13.46,-6.25,0.0,53.59,24.0,SAFE,False
CAND_00250,SIM_OPT_00250,210.0,2.0,0.025,0.0,0,0.3,mud_brick,128110.0,-20.75,-15.01,0.0,169.67,24.0,SAFE,False
CAND_00251,SIM_OPT_00251,165.0,10.0,0.15,0.2,1,0.23,stone_masonry,375475.0,-3.84,2.63,0.0,46.37,24.0,SAFE,False
CAND_00252,SIM_OPT_00252,150.0,2.0,0.0,0.0,1,0.39,mud_brick,128351.0,-18.0,-13.55,0.0,249.81,24.0,SAFE,False
CAND_00253,SIM_OPT_00253,165.0,4.5,0.025,0.05,0,0.64,stone_masonry,227793.0,-19.02,-11.79,0.0,113.92,24.0,SAFE,False
CAND_00254,SIM_OPT_00254,300.0,3.0,0.075,0.075,0,0.81,pu_sandwich_panel,196779.0,-19.62,-14.21,0.0,61.79,24.0,SAFE,False
CAND_00255,SIM_OPT_00255,180.0,6.0,0.075,0.075,1,0.85,pu_sandwich_panel,197836.0,-11.93,-6.46,0.0,66.89,24.0,SAFE,False
CAND_00256,SIM_OPT_00256,359.3,2.0,0.0,0.025,1,0.79,stone_masonry,137487.0,-18.0,-13.55,0.0,218.77,24.0,SAFE,False
CAND_00257,SIM_OPT_00257,180.0,4.5,0.025,0.05,0,0.81,stone_masonry,196984.0,-18.85,-11.62,0.0,109.82,24.0,SAFE,False
CAND_00258,SIM_OPT_00258,210.0,0.0,0.0,0.025,0,0.48,stone_masonry,113409.0,-21.5,-15.5,0.0,223.57,24.0,SAFE,False
CAND_00259,SIM_OPT_00259,150.0,12.0,0.1,0.15,1,0.49,stone_masonry,403370.0,-7.32,1.28,0.0,62.66,24.0,SAFE,False
CAND_00260,SIM_OPT_00260,150.0,3.0,0.025,0.05,0,0.42,stone_masonry,187617.0,-19.25,-12.91,0.0,75.37,24.0,SAFE,False
CAND_00261,SIM_OPT_00261,210.0,6.0,0.05,0.05,0,0.3,pu_sandwich_panel,206472.0,-15.27,-7.59,0.0,58.46,24.0,SAFE,False
CAND_00262,SIM_OPT_00262,165.0,3.0,0.025,0.025,1,0.72,mud_brick,133024.0,-16.11,-11.52,0.0,85.87,24.0,SAFE,False
CAND_00263,SIM_OPT_00263,180.0,6.0,0.075,0.05,0,0.31,stone_masonry,225194.0,-15.12,-7.9,0.0,73.8,24.0,SAFE,False
CAND_00264,SIM_OPT_00264,63.7,0.0,0.0,0.0,0,0.67,rammed_earth,103670.0,-21.5,-15.5,0.0,277.28,24.0,SAFE,False
CAND_00265,SIM_OPT_00265,150.0,0.0,0.0,0.025,0,0.71,stone_masonry,128249.0,-21.5,-15.5,0.0,193.27,24.0,SAFE,False
CAND_00266,SIM_OPT_00266,180.0,3.0,0.0,0.025,1,0.49,stone_masonry,118152.0,-17.76,-12.71,0.0,210.99,24.0,SAFE,False
CAND_00267,SIM_OPT_00267,150.0,3.0,0.0,0.0,0,0.73,mud_brick,118314.0,-21.46,-14.66,0.0,294.08,24.0,SAFE,False
CAND_00268,SIM_OPT_00268,210.0,3.0,0.025,0.0,1,0.35,stone_masonry,134711.0,-17.02,-12.43,0.0,159.19,24.0,SAFE,False
CAND_00269,SIM_OPT_00269,210.0,6.0,0.05,0.075,0,0.31,pu_sandwich_panel,189099.0,-14.9,-7.23,0.0,54.7,24.0,SAFE,False
CAND_00270,SIM_OPT_00270,165.0,3.0,0.075,0.1,0,0.26,dense_concrete,192711.0,-16.52,-11.11,0.0,49.47,24.0,SAFE,False
CAND_00271,SIM_OPT_00271,293.0,3.0,0.025,0.05,0,0.72,dense_concrete,185890.0,-20.88,-14.54,0.0,80.54,24.0,SAFE,False
CAND_00272,SIM_OPT_00272,165.0,2.0,0.0,0.025,0,0.62,mud_brick,132461.0,-21.49,-15.29,0.0,232.03,24.0,SAFE,False
CAND_00273,SIM_OPT_00273,59.0,4.5,0.025,0.1,0,0.47,dense_concrete,235130.0,-20.83,-13.59,0.0,76.8,24.0,SAFE,False
CAND_00274,SIM_OPT_00274,210.0,6.0,0.075,0.05,0,0.88,dense_concrete,223561.0,-15.3,-8.09,0.0,66.28,24.0,SAFE,False
CAND_00275,SIM_OPT_00275,165.0,4.5,0.05,0.05,1,0.2,pu_sandwich_panel,227819.0,-13.15,-8.12,0.0,55.56,24.0,SAFE,False
CAND_00276,SIM_OPT_00276,165.0,4.5,0.05,0.075,0,0.64,pu_sandwich_panel,189484.0,-16.11,-9.33,0.0,57.72,24.0,SAFE,False
CAND_00277,SIM_OPT_00277,195.0,3.0,0.025,0.1,1,0.22,pu_sandwich_panel,182396.0,-15.6,-11.02,0.0,66.71,24.0,SAFE,False
CAND_00278,SIM_OPT_00278,210.0,4.5,0.075,0.1,0,0.44,pu_sandwich_panel,255605.0,-17.03,-10.71,0.0,77.47,24.0,SAFE,False
CAND_00279,SIM_OPT_00279,18.3,6.0,0.05,0.075,0,0.33,pu_sandwich_panel,245122.0,-20.0,-12.32,0.0,73.98,24.0,SAFE,False
CAND_00280,SIM_OPT_00280,180.0,6.0,0.075,0.1,1,0.22,stone_masonry,257445.0,-10.23,-4.77,0.0,49.16,24.0,SAFE,False
CAND_00281,SIM_OPT_00281,165.0,3.0,0.0,0.025,0,0.89,rammed_earth,135980.0,-21.2,-14.4,0.0,222.92,24.0,SAFE,False
CAND_00282,SIM_OPT_00282,340.4,6.0,0.075,0.05,0,0.33,dense_concrete,234732.0,-19.39,-12.18,0.0,75.86,24.0,SAFE,False
CAND_00283,SIM_OPT_00283,130.5,8.0,0.15,0.2,1,0.41,pu_sandwich_panel,403947.0,-8.91,-3.64,0.0,46.59,24.0,SAFE,False
CAND_00284,SIM_OPT_00284,165.0,4.5,0.05,0.1,1,0.21,pu_sandwich_panel,201796.0,-12.02,-7.0,0.0,43.51,24.0,SAFE,False
CAND_00285,SIM_OPT_00285,165.0,8.0,0.075,0.2,1,0.61,stone_masonry,370957.0,-8.5,-1.83,0.0,49.79,24.0,SAFE,False
CAND_00286,SIM_OPT_00286,180.0,4.5,0.075,0.05,0,0.4,dense_concrete,247642.0,-16.29,-9.98,0.0,72.29,24.0,SAFE,False
CAND_00287,SIM_OPT_00287,150.0,2.0,0.025,0.025,1,0.2,mud_brick,123818.0,-17.04,-13.05,0.0,108.72,24.0,SAFE,False
CAND_00288,SIM_OPT_00288,180.0,3.0,0.025,0.0,0,0.21,stone_masonry,150485.0,-20.25,-13.91,0.0,164.63,24.0,SAFE,False
CAND_00289,SIM_OPT_00289,118.0,4.5,0.075,0.075,0,0.58,dense_concrete,251480.0,-18.33,-12.01,0.0,72.41,24.0,SAFE,False
CAND_00290,SIM_OPT_00290,180.0,6.0,0.05,0.1,0,0.35,stone_masonry,252290.0,-14.0,-6.33,0.0,54.78,24.0,SAFE,False
CAND_00291,SIM_OPT_00291,180.0,2.0,0.025,0.0,1,0.37,stone_masonry,111932.0,-17.18,-13.19,0.0,150.23,24.0,SAFE,False
CAND_00292,SIM_OPT_00292,210.0,6.0,0.075,0.05,1,0.66,stone_masonry,233319.0,-12.76,-7.29,0.0,70.37,24.0,SAFE,False
CAND_00293,SIM_OPT_00293,165.0,8.0,0.1,0.2,1,0.58,stone_masonry,324788.0,-4.91,1.29,0.0,36.5,24.0,SAFE,False
CAND_00294,SIM_OPT_00294,187.0,6.0,0.15,0.15,1,0.63,pu_sandwich_panel,373347.0,-4.52,-0.44,0.0,30.47,24.0,SAFE,False
CAND_00295,SIM_OPT_00295,92.5,4.5,0.075,0.075,0,0.63,dense_concrete,214706.0,-19.52,-13.21,0.0,69.2,24.0,SAFE,False
CAND_00296,SIM_OPT_00296,165.0,0.0,0.025,0.025,0,0.49,stone_masonry,109974.0,-20.88,-15.19,0.0,88.66,24.0,SAFE,False
CAND_00297,SIM_OPT_00297,180.0,3.0,0.025,0.025,0,0.61,stone_masonry,140358.0,-19.57,-13.23,0.0,102.63,24.0,SAFE,False
CAND_00298,SIM_OPT_00298,195.0,0.0,0.025,0.0,0,0.65,stone_masonry,114416.0,-20.88,-15.19,0.0,150.21,24.0,SAFE,False
CAND_00299,SIM_OPT_00299,210.0,10.0,0.1,0.1,1,0.75,stone_masonry,357027.0,-5.84,1.56,0.0,44.65,24.0,SAFE,False
CAND_00300,SIM_OPT_00300,165.0,2.0,0.025,0.025,0,0.6,mud_brick,140264.0,-20.25,-14.52,0.0,106.11,24.0,SAFE,False
CAND_00301,SIM_OPT_00301,195.0,8.0,0.1,0.15,1,0.3,pu_sandwich_panel,393814.0,-3.97,2.23,0.0,33.62,24.0,SAFE,False
CAND_00302,SIM_OPT_00302,195.0,10.0,0.15,0.1,1,0.69,stone_masonry,363210.0,-7.8,-1.32,0.0,72.74,24.0,SAFE,False
CAND_00303,SIM_OPT_00303,293.3,6.0,0.025,0.1,1,0.85,stone_masonry,210722.0,-17.31,-10.92,0.0,83.76,24.0,SAFE,False
CAND_00304,SIM_OPT_00304,195.0,0.0,0.025,0.0,0,0.71,mud_brick,113078.0,-20.88,-15.19,0.0,144.82,24.0,SAFE,False
CAND_00305,SIM_OPT_00305,165.0,3.0,0.075,0.05,1,0.28,dense_concrete,230438.0,-14.59,-10.93,0.0,74.68,24.0,SAFE,False
CAND_00306,SIM_OPT_00306,195.0,3.0,0.025,0.0,1,0.77,rammed_earth,143980.0,-17.0,-12.41,0.0,172.47,24.0,SAFE,False
CAND_00307,SIM_OPT_00307,150.0,0.0,0.025,0.0,0,0.66,stone_masonry,109079.0,-20.88,-15.19,0.0,142.63,24.0,SAFE,False
CAND_00308,SIM_OPT_00308,165.0,12.0,0.15,0.15,1,0.24,pu_sandwich_panel,371990.0,-4.59,3.08,0.0,59.76,24.0,SAFE,False
CAND_00309,SIM_OPT_00309,165.0,4.5,0.075,0.05,0,0.28,dense_concrete,250064.0,-16.3,-9.98,0.0,69.97,24.0,SAFE,False
CAND_00310,SIM_OPT_00310,150.0,4.5,0.05,0.1,1,0.73,pu_sandwich_panel,219878.0,-14.71,-9.69,0.0,80.19,24.0,SAFE,False
CAND_00311,SIM_OPT_00311,331.7,4.5,0.075,0.075,1,0.83,dense_concrete,211514.0,-15.8,-11.24,0.0,43.04,24.0,SAFE,False
CAND_00312,SIM_OPT_00312,180.0,4.5,0.025,0.1,1,0.7,stone_masonry,202044.0,-15.49,-10.0,0.0,98.96,24.0,SAFE,False
CAND_00313,SIM_OPT_00313,195.0,2.0,0.025,0.0,0,0.61,rammed_earth,133891.0,-20.66,-14.93,0.0,167.52,24.0,SAFE,False
CAND_00314,SIM_OPT_00314,180.0,6.0,0.05,0.1,1,0.4,dense_concrete,194149.0,-12.86,-6.93,0.0,71.62,24.0,SAFE,False
CAND_00315,SIM_OPT_00315,150.0,4.5,0.025,0.05,0,0.79,dense_concrete,201381.0,-18.98,-11.75,0.0,100.44,24.0,SAFE,False
CAND_00316,SIM_OPT_00316,150.0,3.0,0.0,0.025,1,0.85,rammed_earth,135707.0,-17.82,-12.77,0.0,201.4,24.0,SAFE,False
CAND_00317,SIM_OPT_00317,150.0,3.0,0.025,0.1,0,0.72,dense_concrete,225332.0,-19.91,-13.57,0.0,109.1,24.0,SAFE,False
CAND_00318,SIM_OPT_00318,210.0,2.0,0.0,0.025,0,0.58,stone_masonry,104120.0,-21.48,-15.28,0.0,203.89,24.0,SAFE,False
CAND_00319,SIM_OPT_00319,195.0,3.0,0.0,0.025,1,0.55,mud_brick,129475.0,-17.83,-12.78,0.0,227.96,24.0,SAFE,False
CAND_00320,SIM_OPT_00320,165.0,3.0,0.025,0.1,1,0.55,pu_sandwich_panel,187136.0,-15.85,-11.27,0.0,74.97,24.0,SAFE,False
CAND_00321,SIM_OPT_00321,150.0,4.5,0.075,0.05,1,0.66,pu_sandwich_panel,250878.0,-13.68,-9.12,0.0,69.27,24.0,SAFE,False
CAND_00322,SIM_OPT_00322,165.0,0.0,0.0,0.0,0,0.73,rammed_earth,128761.0,-21.5,-15.5,0.0,269.32,24.0,SAFE,False
CAND_00323,SIM_OPT_00323,35.2,4.5,0.05,0.1,0,0.32,stone_masonry,240655.0,-20.03,-13.26,0.0,57.88,24.0,SAFE,False
CAND_00324,SIM_OPT_00324,180.0,4.5,0.05,0.05,0,0.82,stone_masonry,219685.0,-17.77,-10.99,0.0,92.98,24.0,SAFE,False
CAND_00325,SIM_OPT_00325,150.0,3.0,0.0,0.025,0,0.53,mud_brick,108502.0,-21.21,-14.41,0.0,202.07,24.0,SAFE,False
CAND_00326,SIM_OPT_00326,150.0,6.0,0.025,0.1,0,0.55,pu_sandwich_panel,238631.0,-18.13,-9.99,0.0,98.76,24.0,SAFE,False
CAND_00327,SIM_OPT_00327,180.0,3.0,0.075,0.05,1,0.46,dense_concrete,211448.0,-12.84,-9.18,0.0,41.55,24.0,SAFE,False
CAND_00328,SIM_OPT_00328,165.0,4.5,0.075,0.05,0,0.42,stone_masonry,189633.0,-16.77,-10.46,0.0,79.75,24.0,SAFE,False
CAND_00329,SIM_OPT_00329,150.0,2.0,0.0,0.025,0,0.72,stone_masonry,138165.0,-21.47,-15.27,0.0,200.43,24.0,SAFE,False
CAND_00330,SIM_OPT_00330,180.0,3.0,0.025,0.075,0,0.24,stone_masonry,194449.0,-19.23,-12.89,0.0,85.98,24.0,SAFE,False
CAND_00331,SIM_OPT_00331,195.0,4.5,0.075,0.075,1,0.21,dense_concrete,211160.0,-13.6,-9.04,0.0,75.36,24.0,SAFE,False
CAND_00332,SIM_OPT_00332,195.0,3.0,0.025,0.0,0,0.34,stone_masonry,119972.0,-20.27,-13.93,0.0,161.95,24.0,SAFE,False
CAND_00333,SIM_OPT_00333,210.0,4.5,0.025,0.1,1,0.48,pu_sandwich_panel,194904.0,-14.87,-9.38,0.0,67.97,24.0,SAFE,False
CAND_00334,SIM_OPT_00334,195.0,4.5,0.05,0.1,1,0.47,stone_masonry,214957.0,-13.09,-8.06,0.0,54.72,24.0,SAFE,False
CAND_00335,SIM_OPT_00335,150.0,2.0,0.025,0.025,1,0.36,rammed_earth,142486.0,-16.71,-12.72,0.0,77.52,24.0,SAFE,False
CAND_00336,SIM_OPT_00336,150.0,0.0,0.025,0.025,0,0.85,mud_brick,124065.0,-20.88,-15.19,0.0,100.26,24.0,SAFE,False
CAND_00337,SIM_OPT_00337,210.0,6.0,0.1,0.15,1,0.8,stone_masonry,318816.0,-12.04,-7.04,0.0,68.69,24.0,SAFE,False
CAND_00338,SIM_OPT_00338,165.0,3.0,0.05,0.05,1,0.26,dense_concrete,202705.0,-14.25,-10.12,0.0,50.61,24.0,SAFE,False
CAND_00339,SIM_OPT_00339,150.0,6.0,0.025,0.05,1,0.61,stone_masonry,226476.0,-14.68,-8.29,0.0,85.24,24.0,SAFE,False
CAND_00340,SIM_OPT_00340,150.0,4.5,0.025,0.075,0,0.31,pu_sandwich_panel,225092.0,-18.44,-11.2,0.0,81.72,24.0,SAFE,False
CAND_00341,SIM_OPT_00341,210.0,3.0,0.075,0.05,0,0.32,pu_sandwich_panel,209150.0,-17.4,-11.98,0.0,58.69,24.0,SAFE,False
CAND_00342,SIM_OPT_00342,180.0,2.0,0.0,0.025,1,0.61,rammed_earth,116473.0,-18.0,-13.55,0.0,208.09,24.0,SAFE,False
CAND_00343,SIM_OPT_00343,210.0,3.0,0.0,0.0,0,0.56,mud_brick,120878.0,-21.42,-14.62,0.0,274.27,24.0,SAFE,False
CAND_00344,SIM_OPT_00344,180.0,3.0,0.025,0.1,0,0.5,pu_sandwich_panel,177662.0,-19.45,-13.12,0.0,96.23,24.0,SAFE,False
CAND_00345,SIM_OPT_00345,150.0,8.0,0.1,0.1,1,0.4,stone_masonry,344420.0,-11.16,-4.96,0.0,75.01,24.0,SAFE,False
CAND_00346,SIM_OPT_00346,195.0,6.0,0.075,0.2,1,0.25,pu_sandwich_panel,351743.0,-9.81,-4.35,0.0,44.56,24.0,SAFE,False
CAND_00347,SIM_OPT_00347,195.0,2.0,0.0,0.0,1,0.74,mud_brick,119911.0,-18.0,-13.55,0.0,268.1,24.0,SAFE,False
CAND_00348,SIM_OPT_00348,265.4,3.0,0.05,0.1,1,0.4,stone_masonry,182088.0,-16.75,-12.62,0.0,71.99,24.0,SAFE,False
CAND_00349,SIM_OPT_00349,180.0,4.5,0.025,0.1,0,0.23,stone_masonry,205547.0,-18.3,-11.06,0.0,90.14,24.0,SAFE,False
CAND_00350,SIM_OPT_00350,210.0,6.0,0.075,0.075,0,0.31,stone_masonry,258422.0,-13.48,-6.27,0.0,48.2,24.0,SAFE,False
CAND_00351,SIM_OPT_00351,165.0,3.0,0.075,0.075,1,0.26,pu_sandwich_panel,240167.0,-12.31,-8.65,0.0,35.2,24.0,SAFE,False
CAND_00352,SIM_OPT_00352,210.0,8.0,0.075,0.1,1,0.68,stone_masonry,297067.0,-12.17,-5.5,0.0,81.39,24.0,SAFE,False
CAND_00353,SIM_OPT_00353,127.2,3.0,0.025,0.0,1,0.64,mud_brick,126114.0,-17.27,-12.68,0.0,156.78,24.0,SAFE,False
CAND_00354,SIM_OPT_00354,210.0,2.0,0.025,0.0,1,0.88,mud_brick,112323.0,-17.2,-13.21,0.0,134.61,24.0,SAFE,False
CAND_00355,SIM_OPT_00355,210.0,12.0,0.15,0.1,1,0.67,pu_sandwich_panel,400873.0,-6.8,0.88,0.0,68.42,24.0,SAFE,False
CAND_00356,SIM_OPT_00356,210.0,4.5,0.075,0.075,0,0.34,pu_sandwich_panel,257337.0,-17.1,-10.79,0.0,79.45,24.0,SAFE,False
CAND_00357,SIM_OPT_00357,210.0,4.5,0.05,0.075,1,0.52,pu_sandwich_panel,197567.0,-14.15,-9.12,0.0,65.84,24.0,SAFE,False
CAND_00358,SIM_OPT_00358,172.9,3.0,0.05,0.1,1,0.78,dense_concrete,221953.0,-14.02,-9.89,0.0,48.26,24.0,SAFE,False
CAND_00359,SIM_OPT_00359,210.0,4.5,0.075,0.1,0,0.81,dense_concrete,197065.0,-16.67,-10.36,0.0,69.55,24.0,SAFE,False
CAND_00360,SIM_OPT_00360,210.0,3.0,0.075,0.1,0,0.31,pu_sandwich_panel,250208.0,-16.37,-10.96,0.0,42.66,24.0,SAFE,False
CAND_00361,SIM_OPT_00361,150.0,0.0,0.025,0.0,0,0.34,rammed_earth,131554.0,-20.88,-15.19,0.0,138.74,24.0,SAFE,False
CAND_00362,SIM_OPT_00362,165.0,3.0,0.05,0.075,0,0.73,dense_concrete,226853.0,-18.11,-12.23,0.0,67.52,24.0,SAFE,False
CAND_00363,SIM_OPT_00363,41.0,2.0,0.025,0.0,0,0.55,rammed_earth,133080.0,-20.88,-15.14,0.0,172.39,24.0,SAFE,False
CAND_00364,SIM_OPT_00364,94.5,8.0,0.15,0.1,1,0.52,stone_masonry,380906.0,-13.86,-8.58,0.0,70.22,24.0,SAFE,False
CAND_00365,SIM_OPT_00365,180.0,3.0,0.075,0.075,1,0.41,stone_masonry,191123.0,-12.08,-8.42,0.0,34.57,24.0,REFUSED,False
CAND_00366,SIM_OPT_00366,150.0,3.0,0.025,0.05,0,0.25,pu_sandwich_panel,168448.0,-19.81,-13.47,0.0,102.08,24.0,SAFE,False
CAND_00367,SIM_OPT_00367,195.0,12.0,0.15,0.1,1,0.61,stone_masonry,377387.0,0.03,7.71,0.0,41.05,24.0,SAFE,False
CAND_00368,SIM_OPT_00368,165.0,2.0,0.025,0.0,0,0.28,stone_masonry,116539.0,-20.67,-14.93,0.0,168.25,24.0,SAFE,False
CAND_00369,SIM_OPT_00369,150.0,2.0,0.025,0.0,0,0.49,stone_masonry,124203.0,-20.61,-14.88,0.0,139.88,24.0,SAFE,False
CAND_00370,SIM_OPT_00370,302.1,4.5,0.075,0.1,1,0.49,pu_sandwich_panel,258584.0,-15.9,-11.34,0.0,48.99,24.0,SAFE,False
CAND_00371,SIM_OPT_00371,210.0,6.0,0.05,0.1,1,0.63,dense_concrete,246454.0,-13.14,-7.21,0.0,66.12,24.0,SAFE,False
CAND_00372,SIM_OPT_00372,154.6,6.0,0.025,0.075,1,0.6,stone_masonry,215890.0,-13.93,-7.54,0.0,71.97,24.0,SAFE,False
CAND_00373,SIM_OPT_00373,165.0,3.0,0.05,0.05,1,0.76,stone_masonry,235206.0,-14.59,-10.46,0.0,57.09,24.0,SAFE,False
CAND_00374,SIM_OPT_00374,230.1,4.5,0.05,0.075,0,0.61,stone_masonry,229522.0,-18.59,-11.81,0.0,82.13,24.0,SAFE,False
CAND_00375,SIM_OPT_00375,165.0,3.0,0.0,0.0,0,0.74,mud_brick,128601.0,-21.34,-14.54,0.0,270.56,24.0,SAFE,False
CAND_00376,SIM_OPT_00376,353.6,3.0,0.05,0.05,1,0.24,pu_sandwich_panel,235914.0,-16.75,-12.62,0.0,70.39,24.0,SAFE,False
CAND_00377,SIM_OPT_00377,208.9,3.0,0.025,0.0,1,0.88,stone_masonry,136379.0,-17.02,-12.43,0.0,161.43,24.0,SAFE,False
CAND_00378,SIM_OPT_00378,195.0,4.5,0.025,0.1,0,0.64,dense_concrete,242323.0,-17.68,-10.44,0.0,72.45,24.0,SAFE,False
CAND_00379,SIM_OPT_00379,305.7,3.0,0.0,0.025,1,0.3,mud_brick,149204.0,-18.0,-12.95,0.0,220.09,24.0,SAFE,False
CAND_00380,SIM_OPT_00380,165.0,3.0,0.025,0.0,1,0.44,mud_brick,118985.0,-16.97,-12.38,0.0,167.68,24.0,SAFE,False
CAND_00381,SIM_OPT_00381,150.0,12.0,0.15,0.2,1,0.57,stone_masonry,393952.0,-3.04,4.63,0.0,46.46,24.0,SAFE,False
CAND_00382,SIM_OPT_00382,150.0,12.0,0.15,0.2,1,0.3,pu_sandwich_panel,400821.0,-6.52,1.16,0.0,66.09,24.0,SAFE,False
CAND_00383,SIM_OPT_00383,165.0,3.0,0.05,0.05,1,0.27,dense_concrete,232718.0,-14.07,-9.95,0.0,47.78,24.0,SAFE,False
CAND_00384,SIM_OPT_00384,150.0,3.0,0.075,0.05,1,0.7,dense_concrete,233458.0,-14.67,-11.01,0.0,69.72,24.0,SAFE,False
CAND_00385,SIM_OPT_00385,138.2,2.0,0.025,0.025,0,0.79,rammed_earth,126767.0,-20.46,-14.73,0.0,100.48,24.0,SAFE,False
CAND_00386,SIM_OPT_00386,210.0,3.0,0.05,0.1,1,0.32,pu_sandwich_panel,201720.0,-14.91,-10.79,0.0,58.23,24.0,SAFE,False
CAND_00387,SIM_OPT_00387,165.0,6.0,0.025,0.075,1,0.84,stone_masonry,250996.0,-14.36,-7.97,0.0,86.26,24.0,SAFE,False
CAND_00388,SIM_OPT_00388,165.0,4.5,0.025,0.1,0,0.71,stone_masonry,207474.0,-18.55,-11.32,0.0,94.94,24.0,SAFE,False
CAND_00389,SIM_OPT_00389,180.0,0.0,0.0,0.025,0,0.88,rammed_earth,111214.0,-21.5,-15.5,0.0,228.49,24.0,SAFE,False
CAND_00390,SIM_OPT_00390,180.0,12.0,0.075,0.15,1,0.61,pu_sandwich_panel,385011.0,-8.37,0.7,0.0,76.09,24.0,SAFE,False
CAND_00391,SIM_OPT_00391,228.8,2.0,0.025,0.025,0,0.35,stone_masonry,129460.0,-20.61,-14.87,0.0,105.95,24.0,SAFE,False
CAND_00392,SIM_OPT_00392,165.0,2.0,0.025,0.025,0,0.78,stone_masonry,114803.0,-19.98,-14.25,0.0,85.44,24.0,SAFE,False
CAND_00393,SIM_OPT_00393,195.0,10.0,0.15,0.1,1,0.75,pu_sandwich_panel,402791.0,-0.02,6.46,0.0,34.33,24.0,SAFE,False
CAND_00394,SIM_OPT_00394,195.0,3.0,0.075,0.05,0,0.86,dense_concrete,181526.0,-18.08,-12.67,0.0,87.4,24.0,SAFE,False
CAND_00395,SIM_OPT_00395,150.0,0.0,0.025,0.0,0,0.26,rammed_earth,134929.0,-20.88,-15.19,0.0,138.99,24.0,SAFE,False
CAND_00396,SIM_OPT_00396,158.0,8.0,0.15,0.15,1,0.64,stone_masonry,405967.0,-7.24,-1.97,0.0,51.73,24.0,SAFE,False
CAND_00397,SIM_OPT_00397,150.0,10.0,0.075,0.1,1,0.75,pu_sandwich_panel,331440.0,-8.44,-0.57,0.0,55.37,24.0,SAFE,False
CAND_00398,SIM_OPT_00398,210.0,3.0,0.0,0.0,1,0.71,rammed_earth,119000.0,-17.96,-12.91,0.0,251.35,24.0,REFUSED,False
CAND_00399,SIM_OPT_00399,195.0,6.0,0.05,0.075,1,0.31,stone_masonry,238879.0,-11.83,-5.91,0.0,55.99,24.0,SAFE,False
CAND_00400,SIM_OPT_00400,165.0,2.0,0.0,0.025,0,0.55,stone_masonry,105941.0,-21.42,-15.22,0.0,203.75,24.0,SAFE,False
CAND_00401,SIM_OPT_00401,180.0,6.0,0.05,0.075,1,0.26,dense_concrete,205644.0,-13.54,-7.61,0.0,84.77,24.0,SAFE,False
CAND_00402,SIM_OPT_00402,150.0,6.0,0.025,0.1,0,0.71,stone_masonry,234690.0,-18.53,-10.39,0.0,112.39,24.0,SAFE,False
CAND_00403,SIM_OPT_00403,195.0,2.0,0.025,0.0,0,0.43,mud_brick,131881.0,-20.69,-14.95,0.0,172.51,24.0,SAFE,False
CAND_00404,SIM_OPT_00404,195.0,4.5,0.075,0.1,0,0.89,pu_sandwich_panel,251723.0,-14.68,-8.37,0.0,49.13,24.0,SAFE,False
CAND_00405,SIM_OPT_00405,150.0,3.0,0.025,0.025,1,0.77,mud_brick,131613.0,-16.26,-11.68,0.0,84.46,24.0,SAFE,False
CAND_00406,SIM_OPT_00406,210.0,0.0,0.0,0.025,0,0.63,stone_masonry,126277.0,-21.5,-15.5,0.0,218.19,24.0,SAFE,False
CAND_00407,SIM_OPT_00407,195.0,3.0,0.025,0.1,0,0.49,dense_concrete,172903.0,-19.69,-13.35,0.0,105.86,24.0,SAFE,False
CAND_00408,SIM_OPT_00408,195.0,3.0,0.075,0.075,1,0.22,dense_concrete,204447.0,-13.58,-9.92,0.0,49.84,24.0,SAFE,False
CAND_00409,SIM_OPT_00409,150.0,3.0,0.025,0.025,1,0.3,mud_brick,148760.0,-16.66,-12.07,0.0,111.65,24.0,SAFE,False
CAND_00410,SIM_OPT_00410,180.0,3.0,0.0,0.025,1,0.71,mud_brick,112683.0,-17.8,-12.75,0.0,223.1,24.0,SAFE,False
CAND_00411,SIM_OPT_00411,150.0,2.0,0.0,0.0,1,0.56,mud_brick,120003.0,-18.0,-13.55,0.0,275.4,24.0,SAFE,False
CAND_00412,SIM_OPT_00412,210.0,3.0,0.025,0.05,1,0.44,dense_concrete,170474.0,-16.04,-11.45,0.0,74.02,24.0,SAFE,False
CAND_00413,SIM_OPT_00413,180.0,2.0,0.025,0.025,1,0.5,rammed_earth,124311.0,-16.62,-12.63,0.0,83.44,24.0,SAFE,False
CAND_00414,SIM_OPT_00414,195.0,3.0,0.025,0.025,0,0.79,rammed_earth,146875.0,-19.69,-13.36,0.0,106.24,24.0,SAFE,False
CAND_00415,SIM_OPT_00415,210.0,0.0,0.025,0.025,0,0.45,rammed_earth,112671.0,-20.88,-15.19,0.0,94.43,24.0,SAFE,False
CAND_00416,SIM_OPT_00416,180.0,3.0,0.025,0.1,0,0.43,stone_masonry,220702.0,-18.49,-12.15,0.0,63.97,24.0,SAFE,False
CAND_00417,SIM_OPT_00417,165.0,3.0,0.05,0.1,0,0.89,pu_sandwich_panel,227383.0,-17.19,-11.32,0.0,50.13,24.0,SAFE,False
CAND_00418,SIM_OPT_00418,210.0,8.0,0.075,0.15,1,0.35,pu_sandwich_panel,334001.0,-10.92,-4.26,0.0,63.61,24.0,SAFE,False
CAND_00419,SIM_OPT_00419,180.0,4.5,0.075,0.1,1,0.89,stone_masonry,241235.0,-13.66,-9.1,0.0,79.48,24.0,SAFE,False
CAND_00420,SIM_OPT_00420,165.0,6.0,0.075,0.075,1,0.32,pu_sandwich_panel,251288.0,-8.54,-3.08,0.0,37.54,24.0,SAFE,False
CAND_00421,SIM_OPT_00421,326.6,6.0,0.025,0.05,1,0.63,dense_concrete,231085.0,-17.27,-10.88,0.0,77.92,24.0,SAFE,False
CAND_00422,SIM_OPT_00422,165.0,4.5,0.075,0.05,1,0.73,dense_concrete,200782.0,-12.77,-8.21,0.0,59.0,24.0,SAFE,False
CAND_00423,SIM_OPT_00423,180.0,6.0,0.075,0.075,0,0.46,dense_concrete,245538.0,-13.89,-6.68,0.0,59.26,24.0,SAFE,False
CAND_00424,SIM_OPT_00424,210.0,0.0,0.0,0.0,0,0.87,rammed_earth,97781.0,-21.5,-15.5,0.0,263.43,24.0,SAFE,False
CAND_00425,SIM_OPT_00425,84.4,6.0,0.1,0.2,1,0.64,stone_masonry,333133.0,-14.76,-9.76,0.0,37.87,24.0,SAFE,False
CAND_00426,SIM_OPT_00426,150.0,4.5,0.075,0.1,1,0.88,stone_masonry,243537.0,-12.36,-7.8,0.0,47.87,24.0,SAFE,False
CAND_00427,SIM_OPT_00427,55.7,2.0,0.025,0.025,1,0.53,stone_masonry,139250.0,-17.38,-13.39,0.0,104.78,24.0,SAFE,False
CAND_00428,SIM_OPT_00428,165.0,2.0,0.0,0.0,1,0.29,stone_masonry,112775.0,-18.0,-13.55,0.0,268.05,24.0,SAFE,False
CAND_00429,SIM_OPT_00429,180.0,2.0,0.025,0.0,1,0.54,mud_brick,117274.0,-17.09,-13.1,0.0,133.29,24.0,SAFE,False
CAND_00430,SIM_OPT_00430,150.0,4.5,0.05,0.1,1,0.39,dense_concrete,195328.0,-12.75,-7.72,0.0,45.33,24.0,SAFE,False
CAND_00431,SIM_OPT_00431,105.5,6.0,0.025,0.1,1,0.78,stone_masonry,211210.0,-16.98,-10.59,0.0,93.65,24.0,SAFE,False
CAND_00432,SIM_OPT_00432,150.0,4.5,0.075,0.1,1,0.22,dense_concrete,257220.0,-12.94,-8.38,0.0,55.38,24.0,SAFE,False
CAND_00433,SIM_OPT_00433,150.0,3.0,0.075,0.075,0,0.78,pu_sandwich_panel,201059.0,-17.23,-11.82,0.0,55.36,24.0,SAFE,False
CAND_00434,SIM_OPT_00434,165.0,2.0,0.025,0.0,0,0.48,rammed_earth,134289.0,-20.58,-14.84,0.0,150.16,24.0,SAFE,False
CAND_00435,SIM_OPT_00435,210.0,6.0,0.025,0.1,1,0.31,stone_masonry,218837.0,-13.95,-7.56,0.0,69.31,24.0,SAFE,False
CAND_00436,SIM_OPT_00436,165.0,12.0,0.1,0.1,1,0.25,stone_masonry,396834.0,1.08,9.68,0.39,35.53,23.61,SAFE,False
CAND_00437,SIM_OPT_00437,150.0,6.0,0.1,0.1,1,0.45,pu_sandwich_panel,359274.0,-11.15,-6.15,0.0,56.07,24.0,SAFE,False
CAND_00438,SIM_OPT_00438,165.0,6.0,0.1,0.15,1,0.42,pu_sandwich_panel,357201.0,-9.06,-4.06,0.0,43.72,24.0,SAFE,False
CAND_00439,SIM_OPT_00439,195.0,3.0,0.075,0.05,1,0.74,stone_masonry,215768.0,-14.33,-10.67,0.0,66.13,24.0,SAFE,False
CAND_00440,SIM_OPT_00440,195.0,6.0,0.075,0.05,1,0.6,dense_concrete,232228.0,-11.17,-5.71,0.0,55.59,24.0,SAFE,False
CAND_00441,SIM_OPT_00441,195.0,8.0,0.15,0.2,1,0.37,pu_sandwich_panel,387832.0,-8.09,-2.81,0.0,60.72,24.0,SAFE,False
CAND_00442,SIM_OPT_00442,180.0,3.0,0.0,0.025,1,0.69,rammed_earth,143379.0,-17.77,-12.72,0.0,215.51,24.0,SAFE,False
CAND_00443,SIM_OPT_00443,180.0,2.0,0.0,0.0,1,0.44,mud_brick,137692.0,-18.0,-13.55,0.0,276.67,24.0,SAFE,False
CAND_00444,SIM_OPT_00444,210.0,3.0,0.025,0.025,0,0.9,rammed_earth,132868.0,-20.08,-13.74,0.0,123.47,24.0,SAFE,False
CAND_00445,SIM_OPT_00445,180.0,3.0,0.025,0.075,1,0.23,pu_sandwich_panel,185377.0,-15.83,-11.24,0.0,76.79,24.0,SAFE,False
CAND_00446,SIM_OPT_00446,195.0,3.0,0.0,0.025,0,0.63,stone_masonry,129161.0,-21.14,-14.34,0.0,207.22,24.0,SAFE,False
CAND_00447,SIM_OPT_00447,265.6,3.0,0.0,0.0,0,0.83,rammed_earth,105109.0,-21.5,-14.7,0.0,265.95,24.0,SAFE,False
CAND_00448,SIM_OPT_00448,180.0,3.0,0.05,0.1,0,0.38,dense_concrete,222780.0,-17.4,-11.52,0.0,55.22,24.0,SAFE,False
CAND_00449,SIM_OPT_00449,180.0,12.0,0.1,0.15,1,0.58,stone_masonry,328999.0,1.06,9.66,0.36,36.84,23.64,SAFE,True
CAND_00450,SIM_OPT_00450,42.0,2.0,0.025,0.0,1,0.31,rammed_earth,140521.0,-17.38,-13.39,0.0,147.14,24.0,SAFE,False
CAND_00451,SIM_OPT_00451,180.0,6.0,0.025,0.05,0,0.88,dense_concrete,187698.0,-17.06,-8.92,0.0,85.65,24.0,SAFE,False
CAND_00452,SIM_OPT_00452,306.3,0.0,0.0,0.025,0,0.78,mud_brick,126865.0,-21.5,-15.5,0.0,221.29,24.0,SAFE,False
CAND_00453,SIM_OPT_00453,195.0,6.0,0.05,0.05,1,0.44,dense_concrete,204693.0,-11.87,-5.94,0.0,56.43,24.0,SAFE,False
CAND_00454,SIM_OPT_00454,225.1,2.0,0.025,0.0,0,0.4,mud_brick,114204.0,-20.75,-15.01,0.0,138.2,24.0,SAFE,False
CAND_00455,SIM_OPT_00455,32.1,3.0,0.025,0.0,1,0.45,stone_masonry,122861.0,-17.38,-12.79,0.0,136.07,24.0,SAFE,False
CAND_00456,SIM_OPT_00456,180.0,0.0,0.0,0.025,0,0.66,stone_masonry,108340.0,-21.5,-15.5,0.0,218.32,24.0,SAFE,False
CAND_00457,SIM_OPT_00457,195.0,0.0,0.025,0.025,0,0.27,rammed_earth,118006.0,-20.88,-15.19,0.0,78.22,24.0,SAFE,False
CAND_00458,SIM_OPT_00458,165.0,3.0,0.025,0.0,1,0.84,stone_masonry,124080.0,-17.01,-12.43,0.0,175.43,24.0,SAFE,False
CAND_00459,SIM_OPT_00459,210.0,4.5,0.075,0.075,0,0.62,dense_concrete,184850.0,-15.51,-9.2,0.0,51.98,24.0,SAFE,False
CAND_00460,SIM_OPT_00460,210.0,4.5,0.075,0.05,0,0.63,stone_masonry,211425.0,-17.2,-10.89,0.0,82.08,24.0,SAFE,False
CAND_00461,SIM_OPT_00461,195.0,2.0,0.0,0.025,1,0.4,stone_masonry,129889.0,-18.0,-13.55,0.0,224.51,24.0,SAFE,False
CAND_00462,SIM_OPT_00462,180.0,0.0,0.0,0.025,0,0.31,stone_masonry,126794.0,-21.5,-15.5,0.0,215.45,24.0,SAFE,False
CAND_00463,SIM_OPT_00463,210.0,3.0,0.025,0.05,0,0.88,pu_sandwich_panel,187796.0,-19.71,-13.37,0.0,95.85,24.0,SAFE,False
CAND_00464,SIM_OPT_00464,150.0,8.0,0.15,0.2,1,0.39,stone_masonry,373451.0,-8.67,-3.4,0.0,59.7,24.0,SAFE,False
CAND_00465,SIM_OPT_00465,210.0,6.0,0.075,0.2,1,0.36,pu_sandwich_panel,342935.0,-10.72,-5.26,0.0,46.11,24.0,SAFE,False
CAND_00466,SIM_OPT_00466,210.0,2.0,0.0,0.0,1,0.78,mud_brick,125239.0,-18.0,-13.55,0.0,270.8,24.0,SAFE,False
CAND_00467,SIM_OPT_00467,180.0,6.0,0.075,0.05,1,0.88,pu_sandwich_panel,216568.0,-12.93,-7.47,0.0,85.05,24.0,SAFE,False
CAND_00468,SIM_OPT_00468,180.0,3.0,0.0,0.025,0,0.52,stone_masonry,125642.0,-21.05,-14.25,0.0,194.1,24.0,REFUSED,False
CAND_00469,SIM_OPT_00469,165.0,2.0,0.025,0.025,1,0.23,rammed_earth,151039.0,-16.65,-12.66,0.0,82.77,24.0,SAFE,False
CAND_00470,SIM_OPT_00470,165.0,6.0,0.025,0.05,0,0.83,pu_sandwich_panel,209317.0,-17.81,-9.67,0.0,100.17,24.0,SAFE,False
CAND_00471,SIM_OPT_00471,150.0,2.0,0.0,0.025,1,0.55,mud_brick,138061.0,-18.0,-13.55,0.0,204.1,24.0,SAFE,False
CAND_00472,SIM_OPT_00472,150.0,4.5,0.075,0.05,1,0.56,pu_sandwich_panel,244059.0,-12.23,-7.67,0.0,46.39,24.0,SAFE,False
CAND_00473,SIM_OPT_00473,150.0,8.0,0.15,0.2,1,0.36,pu_sandwich_panel,383635.0,-5.97,-0.69,0.0,41.32,24.0,SAFE,False
CAND_00474,SIM_OPT_00474,150.0,4.5,0.05,0.05,1,0.76,stone_masonry,237030.0,-14.0,-8.97,0.0,62.81,24.0,SAFE,False
CAND_00475,SIM_OPT_00475,92.0,0.0,0.025,0.0,0,0.57,stone_masonry,120219.0,-20.88,-15.19,0.0,142.75,24.0,SAFE,False
CAND_00476,SIM_OPT_00476,180.0,0.0,0.025,0.0,0,0.81,mud_brick,109481.0,-20.88,-15.19,0.0,168.34,24.0,SAFE,False
CAND_00477,SIM_OPT_00477,180.0,4.5,0.075,0.075,1,0.45,dense_concrete,194314.0,-13.1,-8.54,0.0,66.9,24.0,SAFE,False
CAND_00478,SIM_OPT_00478,165.0,4.5,0.075,0.1,0,0.86,pu_sandwich_panel,228452.0,-17.01,-10.7,0.0,86.0,24.0,SAFE,False
CAND_00479,SIM_OPT_00479,195.0,4.5,0.025,0.1,1,0.56,stone_masonry,214648.0,-15.6,-10.12,0.0,100.1,24.0,SAFE,False
CAND_00480,SIM_OPT_00480,195.0,3.0,0.075,0.1,1,0.87,dense_concrete,212813.0,-13.67,-10.0,0.0,51.27,24.0,SAFE,False
CAND_00481,SIM_OPT_00481,150.0,0.0,0.025,0.0,0,0.48,rammed_earth,131146.0,-20.88,-15.19,0.0,159.31,24.0,SAFE,False
CAND_00482,SIM_OPT_00482,152.0,3.0,0.05,0.05,0,0.53,dense_concrete,189844.0,-18.5,-12.62,0.0,72.54,24.0,SAFE,False
CAND_00483,SIM_OPT_00483,150.0,0.0,0.025,0.0,0,0.51,mud_brick,134565.0,-20.88,-15.19,0.0,132.08,24.0,SAFE,False
CAND_00484,SIM_OPT_00484,150.0,2.0,0.0,0.0,0,0.5,stone_masonry,130092.0,-21.5,-15.3,0.0,262.46,24.0,SAFE,False
CAND_00485,SIM_OPT_00485,165.0,8.0,0.075,0.2,1,0.68,pu_sandwich_panel,363117.0,-9.65,-2.99,0.0,58.02,24.0,SAFE,False
CAND_00486,SIM_OPT_00486,150.0,3.0,0.05,0.05,1,0.49,pu_sandwich_panel,178031.0,-15.59,-11.46,0.0,81.99,24.0,SAFE,False
CAND_00487,SIM_OPT_00487,165.0,6.0,0.075,0.1,1,0.31,stone_masonry,310740.0,-12.55,-7.09,0.0,74.48,24.0,SAFE,False
CAND_00488,SIM_OPT_00488,146.5,4.5,0.025,0.1,0,0.55,stone_masonry,214827.0,-18.77,-11.54,0.0,88.76,24.0,SAFE,False
CAND_00489,SIM_OPT_00489,180.0,3.0,0.075,0.05,1,0.55,pu_sandwich_panel,194081.0,-14.66,-11.0,0.0,79.98,24.0,SAFE,False
CAND_00490,SIM_OPT_00490,165.0,6.0,0.05,0.075,0,0.41,pu_sandwich_panel,216025.0,-16.63,-8.96,0.0,86.71,24.0,SAFE,False
CAND_00491,SIM_OPT_00491,180.0,2.0,0.025,0.0,0,0.62,rammed_earth,142029.0,-20.64,-14.91,0.0,168.29,24.0,SAFE,False
CAND_00492,SIM_OPT_00492,238.4,4.5,0.025,0.1,0,0.79,stone_masonry,226312.0,-19.69,-12.45,0.0,85.96,24.0,SAFE,False
CAND_00493,SIM_OPT_00493,150.0,6.0,0.025,0.075,1,0.24,pu_sandwich_panel,211975.0,-14.65,-8.27,0.0,84.39,24.0,SAFE,False
CAND_00494,SIM_OPT_00494,150.0,2.0,0.0,0.0,0,0.32,stone_masonry,134332.0,-21.5,-15.3,0.0,258.97,24.0,SAFE,False
CAND_00495,SIM_OPT_00495,150.0,8.0,0.1,0.2,1,0.72,pu_sandwich_panel,326717.0,-10.91,-4.71,0.0,71.21,24.0,SAFE,False
CAND_00496,SIM_OPT_00496,195.0,4.5,0.05,0.075,1,0.86,stone_masonry,243241.0,-13.84,-8.81,0.0,66.77,24.0,SAFE,False
CAND_00497,SIM_OPT_00497,195.0,6.0,0.075,0.075,1,0.81,dense_concrete,252762.0,-11.31,-5.85,0.0,57.12,24.0,SAFE,False
CAND_00498,SIM_OPT_00498,195.0,4.5,0.075,0.075,0,0.39,pu_sandwich_panel,231586.0,-16.16,-9.85,0.0,67.5,24.0,SAFE,False
CAND_00499,SIM_OPT_00499,195.0,6.0,0.1,0.2,1,0.84,pu_sandwich_panel,373124.0,-10.47,-5.47,0.0,54.85,24.0,SAFE,False
CAND_00500,SIM_OPT_00500,150.0,4.5,0.075,0.1,0,0.68,dense_concrete,230804.0,-15.47,-9.16,0.0,51.54,24.0,SAFE,False
CAND_00501,SIM_OPT_00501,165.0,3.0,0.0,0.025,0,0.6,stone_masonry,112044.0,-21.19,-14.39,0.0,221.73,24.0,SAFE,False
CAND_00502,SIM_OPT_00502,195.0,6.0,0.15,0.15,1,0.56,stone_masonry,370908.0,-7.44,-3.37,0.0,41.51,24.0,SAFE,False
CAND_00503,SIM_OPT_00503,210.0,2.0,0.0,0.0,1,0.44,mud_brick,119030.0,-18.0,-13.55,0.0,277.7,24.0,SAFE,False
CAND_00504,SIM_OPT_00504,210.0,6.0,0.05,0.075,0,0.43,dense_concrete,209157.0,-16.54,-8.87,0.0,76.05,24.0,SAFE,False
CAND_00505,SIM_OPT_00505,195.0,3.0,0.075,0.1,0,0.83,stone_masonry,203197.0,-17.89,-12.47,0.0,79.72,24.0,SAFE,False
CAND_00506,SIM_OPT_00506,210.0,3.0,0.025,0.0,0,0.33,mud_brick,146798.0,-20.31,-13.97,0.0,150.9,24.0,SAFE,False
CAND_00507,SIM_OPT_00507,210.0,2.0,0.0,0.025,0,0.54,mud_brick,130135.0,-21.5,-15.3,0.0,213.26,24.0,SAFE,False
CAND_00508,SIM_OPT_00508,165.0,6.0,0.05,0.1,0,0.35,stone_masonry,210067.0,-16.16,-8.48,0.0,77.78,24.0,SAFE,False
CAND_00509,SIM_OPT_00509,172.4,8.0,0.15,0.15,1,0.3,pu_sandwich_panel,385998.0,-1.07,4.21,0.0,30.36,24.0,SAFE,False
CAND_00510,SIM_OPT_00510,165.0,3.0,0.025,0.025,1,0.63,rammed_earth,127570.0,-16.37,-11.79,0.0,100.9,24.0,SAFE,False
CAND_00511,SIM_OPT_00511,180.0,2.0,0.025,0.0,1,0.78,mud_brick,125479.0,-17.27,-13.28,0.0,172.64,24.0,SAFE,False
CAND_00512,SIM_OPT_00512,165.0,3.0,0.025,0.0,1,0.77,rammed_earth,118194.0,-17.0,-12.41,0.0,173.5,24.0,SAFE,False
CAND_00513,SIM_OPT_00513,180.0,6.0,0.05,0.1,0,0.41,pu_sandwich_panel,247079.0,-16.35,-8.68,0.0,83.95,24.0,SAFE,False
CAND_00514,SIM_OPT_00514,195.0,10.0,0.15,0.1,1,0.33,stone_masonry,412209.0,0.0,6.47,0.0,34.28,24.0,SAFE,False
CAND_00515,SIM_OPT_00515,180.0,2.0,0.0,0.0,1,0.33,stone_masonry,131084.0,-18.0,-13.55,0.0,256.36,24.0,SAFE,False
CAND_00516,SIM_OPT_00516,210.0,3.0,0.025,0.025,0,0.72,mud_brick,144088.0,-19.95,-13.61,0.0,112.02,24.0,SAFE,False
CAND_00517,SIM_OPT_00517,150.0,6.0,0.025,0.075,0,0.81,pu_sandwich_panel,218177.0,-17.18,-9.04,0.0,76.36,24.0,SAFE,False
CAND_00518,SIM_OPT_00518,237.1,0.0,0.025,0.0,0,0.4,stone_masonry,128805.0,-20.88,-15.19,0.0,139.26,24.0,SAFE,False
CAND_00519,SIM_OPT_00519,210.0,3.0,0.05,0.05,1,0.81,pu_sandwich_panel,212526.0,-14.69,-10.56,0.0,53.24,24.0,SAFE,False
CAND_00520,SIM_OPT_00520,210.0,2.0,0.0,0.025,1,0.63,rammed_earth,136635.0,-18.0,-13.55,0.0,191.77,24.0,SAFE,False
CAND_00521,SIM_OPT_00521,150.0,8.0,0.1,0.15,1,0.76,pu_sandwich_panel,329761.0,-9.63,-3.43,0.0,56.92,24.0,SAFE,False
CAND_00522,SIM_OPT_00522,240.1,4.5,0.025,0.1,0,0.41,dense_concrete,218168.0,-19.79,-12.55,0.0,87.07,24.0,SAFE,False
CAND_00523,SIM_OPT_00523,83.0,3.0,0.025,0.0,0,0.24,rammed_earth,149035.0,-20.88,-14.54,0.0,145.62,24.0,SAFE,False
CAND_00524,SIM_OPT_00524,165.0,6.0,0.075,0.075,1,0.43,dense_concrete,206836.0,-11.59,-6.13,0.0,60.29,24.0,SAFE,False
CAND_00525,SIM_OPT_00525,180.0,3.0,0.075,0.1,0,0.78,stone_masonry,197995.0,-17.59,-12.18,0.0,72.91,24.0,SAFE,False
CAND_00526,SIM_OPT_00526,180.0,3.0,0.0,0.0,1,0.53,stone_masonry,142354.0,-17.93,-12.88,0.0,274.46,24.0,SAFE,False
CAND_00527,SIM_OPT_00527,180.0,6.0,0.15,0.15,1,0.65,pu_sandwich_panel,312940.0,-10.2,-6.12,0.0,69.02,24.0,SAFE,False
CAND_00528,SIM_OPT_00528,150.0,2.0,0.025,0.025,0,0.78,stone_masonry,144648.0,-20.45,-14.71,0.0,115.64,24.0,SAFE,False
CAND_00529,SIM_OPT_00529,150.0,3.0,0.05,0.05,0,0.82,pu_sandwich_panel,225502.0,-19.0,-13.12,0.0,91.21,24.0,SAFE,False
CAND_00530,SIM_OPT_00530,195.0,10.0,0.075,0.1,1,0.6,stone_masonry,347931.0,-7.29,0.57,0.0,54.19,24.0,SAFE,False
CAND_00531,SIM_OPT_00531,210.0,4.5,0.05,0.05,1,0.9,dense_concrete,222408.0,-14.5,-9.47,0.0,74.14,24.0,SAFE,False
CAND_00532,SIM_OPT_00532,180.0,0.0,0.0,0.0,0,0.48,mud_brick,121420.0,-21.5,-15.5,0.0,255.8,24.0,SAFE,False
CAND_00533,SIM_OPT_00533,165.0,6.0,0.1,0.2,1,0.79,stone_masonry,338827.0,-11.05,-6.05,0.0,61.27,24.0,SAFE,False
CAND_00534,SIM_OPT_00534,165.0,2.0,0.0,0.025,0,0.7,stone_masonry,128518.0,-21.46,-15.26,0.0,218.55,24.0,SAFE,False
CAND_00535,SIM_OPT_00535,210.0,4.5,0.05,0.075,1,0.75,dense_concrete,221879.0,-14.81,-9.79,0.0,83.72,24.0,SAFE,False
CAND_00536,SIM_OPT_00536,250.6,12.0,0.15,0.1,1,0.82,pu_sandwich_panel,398856.0,-10.23,-2.56,0.0,46.21,24.0,SAFE,False
CAND_00537,SIM_OPT_00537,180.0,4.5,0.075,0.075,0,0.41,stone_masonry,252021.0,-14.8,-8.49,0.0,52.09,24.0,SAFE,False
CAND_00538,SIM_OPT_00538,150.0,3.0,0.025,0.1,0,0.53,dense_concrete,234019.0,-19.07,-12.73,0.0,69.38,24.0,SAFE,False
CAND_00539,SIM_OPT_00539,195.0,6.0,0.15,0.2,1,0.71,stone_masonry,368999.0,-7.77,-3.69,0.0,43.49,24.0,SAFE,False
CAND_00540,SIM_OPT_00540,150.0,2.0,0.0,0.025,1,0.7,stone_masonry,137692.0,-18.0,-13.55,0.0,201.93,24.0,SAFE,False
CAND_00541,SIM_OPT_00541,165.0,3.0,0.0,0.025,0,0.85,mud_brick,134479.0,-21.14,-14.34,0.0,206.47,24.0,SAFE,False
CAND_00542,SIM_OPT_00542,195.0,3.0,0.0,0.0,0,0.69,stone_masonry,129062.0,-21.3,-14.5,0.0,255.91,24.0,SAFE,False
CAND_00543,SIM_OPT_00543,165.0,2.0,0.0,0.025,1,0.22,rammed_earth,143176.0,-17.98,-13.53,0.0,194.81,24.0,SAFE,False
CAND_00544,SIM_OPT_00544,165.0,0.0,0.025,0.025,0,0.75,stone_masonry,120719.0,-20.88,-15.19,0.0,78.53,24.0,SAFE,False
CAND_00545,SIM_OPT_00545,210.0,8.0,0.1,0.2,1,0.63,stone_masonry,341329.0,-9.96,-3.76,0.0,60.02,24.0,SAFE,False
CAND_00546,SIM_OPT_00546,230.7,3.0,0.025,0.1,0,0.89,stone_masonry,174740.0,-20.31,-13.97,0.0,109.64,24.0,SAFE,False
CAND_00547,SIM_OPT_00547,268.2,0.0,0.0,0.0,0,0.56,stone_masonry,101463.0,-21.5,-15.5,0.0,258.51,24.0,SAFE,False
CAND_00548,SIM_OPT_00548,210.0,3.0,0.025,0.05,1,0.87,pu_sandwich_panel,178133.0,-16.05,-11.46,0.0,74.46,24.0,SAFE,False
CAND_00549,SIM_OPT_00549,212.9,10.0,0.075,0.1,1,0.3,stone_masonry,384664.0,-10.97,-3.11,0.0,77.68,24.0,SAFE,False
CAND_00550,SIM_OPT_00550,165.0,3.0,0.075,0.05,1,0.35,stone_masonry,249320.0,-14.24,-10.57,0.0,63.51,24.0,SAFE,False
CAND_00551,SIM_OPT_00551,150.0,8.0,0.15,0.1,1,0.84,stone_masonry,352936.0,-7.91,-2.63,0.0,53.04,24.0,SAFE,False
CAND_00552,SIM_OPT_00552,180.0,6.0,0.075,0.1,0,0.76,dense_concrete,196824.0,-15.73,-8.52,0.0,84.04,24.0,SAFE,False
CAND_00553,SIM_OPT_00553,150.0,0.0,0.0,0.0,0,0.24,rammed_earth,131566.0,-21.5,-15.5,0.0,283.28,24.0,SAFE,False
CAND_00554,SIM_OPT_00554,180.0,8.0,0.1,0.1,1,0.43,stone_masonry,297245.0,-9.8,-3.6,0.0,67.56,24.0,SAFE,False
CAND_00555,SIM_OPT_00555,150.0,6.0,0.075,0.05,0,0.64,dense_concrete,255466.0,-16.07,-8.86,0.0,78.98,24.0,SAFE,False
CAND_00556,SIM_OPT_00556,210.0,3.0,0.025,0.025,0,0.31,mud_brick,139499.0,-19.58,-13.24,0.0,89.36,24.0,SAFE,False
CAND_00557,SIM_OPT_00557,195.0,0.0,0.025,0.0,0,0.81,rammed_earth,108399.0,-20.88,-15.19,0.0,175.03,24.0,SAFE,False
CAND_00558,SIM_OPT_00558,195.0,3.0,0.05,0.05,0,0.77,pu_sandwich_panel,174010.0,-17.76,-11.89,0.0,59.72,24.0,SAFE,False
CAND_00559,SIM_OPT_00559,210.0,6.0,0.075,0.05,1,0.72,stone_masonry,206628.0,-12.23,-6.77,0.0,61.9,24.0,SAFE,False
CAND_00560,SIM_OPT_00560,195.0,2.0,0.025,0.025,0,0.3,mud_brick,133858.0,-19.81,-14.07,0.0,76.14,24.0,SAFE,False
CAND_00561,SIM_OPT_00561,210.0,6.0,0.075,0.075,0,0.61,dense_concrete,196360.0,-15.21,-8.0,0.0,65.06,24.0,SAFE,False
CAND_00562,SIM_OPT_00562,210.0,3.0,0.025,0.075,0,0.23,pu_sandwich_panel,192553.0,-18.85,-12.51,0.0,63.36,24.0,SAFE,False
CAND_00563,SIM_OPT_00563,150.0,12.0,0.1,0.2,1,0.51,stone_masonry,378527.0,-4.91,3.69,0.0,49.07,24.0,SAFE,False
CAND_00564,SIM_OPT_00564,210.0,3.0,0.05,0.075,0,0.64,pu_sandwich_panel,201053.0,-18.39,-12.52,0.0,67.9,24.0,SAFE,False
CAND_00565,SIM_OPT_00565,150.0,2.0,0.025,0.025,0,0.85,rammed_earth,120638.0,-20.49,-14.75,0.0,120.79,24.0,SAFE,False
CAND_00566,SIM_OPT_00566,165.0,8.0,0.1,0.15,1,0.43,stone_masonry,367172.0,-8.5,-2.3,0.0,53.93,24.0,SAFE,False
CAND_00567,SIM_OPT_00567,165.0,2.0,0.0,0.0,1,0.63,mud_brick,122245.0,-18.0,-13.55,0.0,259.99,24.0,SAFE,False
CAND_00568,SIM_OPT_00568,223.0,6.0,0.025,0.05,1,0.33,dense_concrete,236218.0,-15.46,-9.07,0.0,94.97,24.0,SAFE,False
CAND_00569,SIM_OPT_00569,165.0,12.0,0.075,0.1,1,0.65,stone_masonry,385004.0,-5.94,3.12,0.0,56.82,24.0,SAFE,False
CAND_00570,SIM_OPT_00570,165.0,6.0,0.075,0.05,0,0.24,pu_sandwich_panel,231907.0,-15.63,-8.42,0.0,79.45,24.0,SAFE,False
CAND_00571,SIM_OPT_00571,210.0,2.0,0.0,0.0,1,0.32,mud_brick,124303.0,-18.0,-13.55,0.0,276.91,24.0,SAFE,False
CAND_00572,SIM_OPT_00572,180.0,3.0,0.075,0.075,0,0.46,dense_concrete,242411.0,-16.59,-11.18,0.0,52.24,24.0,SAFE,False
CAND_00573,SIM_OPT_00573,180.0,3.0,0.075,0.1,1,0.77,pu_sandwich_panel,209687.0,-12.52,-8.86,0.0,38.28,24.0,SAFE,False
CAND_00574,SIM_OPT_00574,180.0,12.0,0.1,0.2,1,0.73,stone_masonry,390881.0,-5.21,3.39,0.0,58.22,24.0,SAFE,False
CAND_00575,SIM_OPT_00575,110.7,4.5,0.05,0.075,0,0.27,dense_concrete,207691.0,-19.56,-12.79,0.0,82.48,24.0,SAFE,False
CAND_00576,SIM_OPT_00576,203.1,10.0,0.1,0.2,1,0.27,pu_sandwich_panel,339065.0,-7.23,0.17,0.0,54.9,24.0,SAFE,False
CAND_00577,SIM_OPT_00577,165.0,3.0,0.025,0.05,0,0.84,stone_masonry,229351.0,-19.79,-13.46,0.0,112.68,24.0,SAFE,False
CAND_00578,SIM_OPT_00578,180.0,3.0,0.075,0.05,1,0.8,stone_masonry,241424.0,-14.0,-10.34,0.0,59.84,24.0,SAFE,False
CAND_00579,SIM_OPT_00579,31.2,2.0,0.0,0.0,0,0.21,stone_masonry,132961.0,-21.5,-15.3,0.0,284.01,24.0,SAFE,False
CAND_00580,SIM_OPT_00580,210.0,4.5,0.05,0.05,1,0.46,pu_sandwich_panel,224232.0,-14.61,-9.58,0.0,77.3,24.0,SAFE,False
CAND_00581,SIM_OPT_00581,195.0,10.0,0.1,0.15,1,0.48,stone_masonry,371972.0,-1.64,5.76,0.0,35.23,24.0,SAFE,False
CAND_00582,SIM_OPT_00582,195.0,3.0,0.05,0.1,1,0.42,pu_sandwich_panel,217713.0,-14.85,-10.72,0.0,63.12,24.0,SAFE,False
CAND_00583,SIM_OPT_00583,170.4,6.0,0.075,0.2,1,0.66,pu_sandwich_panel,324033.0,-12.59,-7.13,0.0,76.86,24.0,SAFE,False
CAND_00584,SIM_OPT_00584,195.0,2.0,0.025,0.0,1,0.27,rammed_earth,138912.0,-17.21,-13.23,0.0,152.92,24.0,SAFE,False
CAND_00585,SIM_OPT_00585,210.0,6.0,0.05,0.05,0,0.77,stone_masonry,222868.0,-17.39,-9.71,0.0,95.14,24.0,SAFE,False
CAND_00586,SIM_OPT_00586,150.0,3.0,0.025,0.05,1,0.86,stone_masonry,197001.0,-16.17,-11.58,0.0,79.72,24.0,SAFE,False
CAND_00587,SIM_OPT_00587,195.0,3.0,0.0,0.0,0,0.58,stone_masonry,120102.0,-21.31,-14.51,0.0,258.72,24.0,SAFE,False
CAND_00588,SIM_OPT_00588,150.0,3.0,0.025,0.025,1,0.33,stone_masonry,151373.0,-16.28,-11.7,0.0,85.44,24.0,SAFE,False
CAND_00589,SIM_OPT_00589,150.0,3.0,0.025,0.025,0,0.47,rammed_earth,146059.0,-19.53,-13.2,0.0,86.93,24.0,SAFE,False
CAND_00590,SIM_OPT_00590,150.0,0.0,0.025,0.0,0,0.79,stone_masonry,136897.0,-20.88,-15.19,0.0,150.1,24.0,SAFE,False
CAND_00591,SIM_OPT_00591,180.0,8.0,0.1,0.2,1,0.22,pu_sandwich_panel,378943.0,-4.0,2.2,0.0,34.92,24.0,SAFE,False
CAND_00592,SIM_OPT_00592,195.0,6.0,0.025,0.1,1,0.83,pu_sandwich_panel,245247.0,-13.74,-7.35,0.0,73.35,24.0,SAFE,False
CAND_00593,SIM_OPT_00593,180.0,4.5,0.025,0.075,1,0.27,pu_sandwich_panel,185618.0,-15.3,-9.82,0.0,91.52,24.0,SAFE,False
CAND_00594,SIM_OPT_00594,150.0,2.0,0.025,0.0,1,0.62,stone_masonry,122279.0,-17.24,-13.25,0.0,142.68,24.0,SAFE,False
CAND_00595,SIM_OPT_00595,165.0,10.0,0.075,0.15,1,0.72,pu_sandwich_panel,393554.0,-5.24,2.62,0.0,44.43,24.0,SAFE,False
CAND_00596,SIM_OPT_00596,165.0,4.5,0.025,0.075,0,0.51,dense_concrete,237532.0,-18.93,-11.69,0.0,109.37,24.0,SAFE,False
CAND_00597,SIM_OPT_00597,165.0,6.0,0.025,0.075,1,0.58,pu_sandwich_panel,223680.0,-14.75,-8.37,0.0,97.15,24.0,SAFE,False
CAND_00598,SIM_OPT_00598,210.0,6.0,0.075,0.075,1,0.28,stone_masonry,261970.0,-12.24,-6.78,0.0,62.07,24.0,SAFE,False
CAND_00599,SIM_OPT_00599,165.0,3.0,0.075,0.1,1,0.82,stone_masonry,191455.0,-13.31,-9.64,0.0,45.74,24.0,SAFE,False
CAND_00600,SIM_OPT_00600,210.0,0.0,0.0,0.0,0,0.74,mud_brick,118563.0,-21.5,-15.5,0.0,271.12,24.0,SAFE,False
CAND_00601,SIM_OPT_00601,195.0,4.5,0.025,0.05,1,0.73,pu_sandwich_panel,221801.0,-15.7,-10.21,0.0,104.84,24.0,SAFE,False
CAND_00602,SIM_OPT_00602,180.0,10.0,0.075,0.15,1,0.51,pu_sandwich_panel,372365.0,-3.75,4.11,0.0,40.68,24.0,SAFE,False
CAND_00603,SIM_OPT_00603,165.0,3.0,0.0,0.0,1,0.22,mud_brick,141104.0,-17.91,-12.86,0.0,255.54,24.0,SAFE,False
CAND_00604,SIM_OPT_00604,150.0,6.0,0.1,0.2,1,0.86,stone_masonry,336101.0,-11.45,-6.45,0.0,59.86,24.0,SAFE,False
CAND_00605,SIM_OPT_00605,165.0,3.0,0.05,0.05,0,0.33,dense_concrete,239268.0,-18.71,-12.84,0.0,87.68,24.0,SAFE,False
CAND_00606,SIM_OPT_00606,165.0,6.0,0.1,0.2,1,0.7,pu_sandwich_panel,360669.0,-9.11,-4.11,0.0,44.04,24.0,SAFE,False
CAND_00607,SIM_OPT_00607,180.0,4.5,0.025,0.075,0,0.26,pu_sandwich_panel,207380.0,-18.34,-11.1,0.0,91.23,24.0,SAFE,False
CAND_00608,SIM_OPT_00608,195.0,0.0,0.025,0.025,0,0.82,mud_brick,124968.0,-20.88,-15.19,0.0,74.94,24.0,SAFE,False
CAND_00609,SIM_OPT_00609,180.0,6.0,0.05,0.075,0,0.43,stone_masonry,185153.0,-13.57,-5.9,0.0,51.5,24.0,SAFE,False
CAND_00610,SIM_OPT_00610,150.0,10.0,0.075,0.1,1,0.81,pu_sandwich_panel,318714.0,-10.22,-2.36,0.0,70.79,24.0,SAFE,False
CAND_00611,SIM_OPT_00611,221.9,4.5,0.075,0.1,1,0.85,dense_concrete,197334.0,-13.35,-8.79,0.0,53.52,24.0,SAFE,False
CAND_00612,SIM_OPT_00612,180.0,6.0,0.1,0.15,1,0.4,pu_sandwich_panel,357846.0,-8.34,-3.34,0.0,41.02,24.0,SAFE,False
CAND_00613,SIM_OPT_00613,180.0,0.0,0.0,0.025,0,0.36,rammed_earth,97857.0,-21.5,-15.5,0.0,188.35,24.0,SAFE,False
CAND_00614,SIM_OPT_00614,195.0,0.0,0.0,0.025,0,0.25,stone_masonry,135375.0,-21.5,-15.5,0.0,188.2,24.0,SAFE,False
CAND_00615,SIM_OPT_00615,150.0,4.5,0.075,0.075,0,0.43,stone_masonry,245004.0,-17.21,-10.9,0.0,82.41,24.0,SAFE,False
CAND_00616,SIM_OPT_00616,296.7,8.0,0.15,0.1,1,0.76,pu_sandwich_panel,313920.0,-13.48,-8.21,0.0,49.43,24.0,SAFE,False
CAND_00617,SIM_OPT_00617,43.8,6.0,0.075,0.15,1,0.49,stone_masonry,333230.0,-15.79,-10.32,0.0,56.25,24.0,SAFE,False
CAND_00618,SIM_OPT_00618,165.0,4.5,0.025,0.05,0,0.53,pu_sandwich_panel,228126.0,-18.54,-11.3,0.0,94.37,24.0,SAFE,False
CAND_00619,SIM_OPT_00619,195.0,3.0,0.0,0.0,0,0.31,stone_masonry,136646.0,-21.29,-14.49,0.0,252.27,24.0,SAFE,False
CAND_00620,SIM_OPT_00620,195.0,6.0,0.05,0.1,1,0.43,dense_concrete,255689.0,-10.8,-4.88,0.0,47.08,24.0,SAFE,False
CAND_00621,SIM_OPT_00621,217.4,6.0,0.05,0.075,0,0.89,pu_sandwich_panel,219177.0,-17.43,-9.75,0.0,88.56,24.0,SAFE,False
CAND_00622,SIM_OPT_00622,150.0,6.0,0.15,0.1,1,0.27,stone_masonry,362284.0,-9.51,-5.43,0.0,51.9,24.0,SAFE,False
CAND_00623,SIM_OPT_00623,165.0,0.0,0.025,0.0,0,0.38,stone_masonry,118496.0,-20.88,-15.19,0.0,162.39,24.0,SAFE,False
CAND_00624,SIM_OPT_00624,150.0,12.0,0.1,0.2,1,0.84,pu_sandwich_panel,339585.0,-7.95,0.65,0.0,67.61,24.0,SAFE,False
CAND_00625,SIM_OPT_00625,83.5,3.0,0.075,0.075,0,0.79,dense_concrete,210879.0,-19.53,-14.12,0.0,46.37,24.0,SAFE,False
CAND_00626,SIM_OPT_00626,150.0,2.0,0.025,0.0,0,0.37,rammed_earth,127776.0,-20.67,-14.94,0.0,151.56,24.0,SAFE,False
CAND_00627,SIM_OPT_00627,210.0,10.0,0.1,0.15,1,0.74,pu_sandwich_panel,347865.0,-8.9,-1.5,0.0,63.91,24.0,SAFE,False
CAND_00628,SIM_OPT_00628,244.9,3.0,0.05,0.05,1,0.74,pu_sandwich_panel,182032.0,-16.29,-12.16,0.0,69.68,24.0,SAFE,False
CAND_00629,SIM_OPT_00629,180.0,4.5,0.025,0.05,0,0.47,pu_sandwich_panel,206398.0,-17.66,-10.43,0.0,74.71,24.0,SAFE,False
CAND_00630,SIM_OPT_00630,210.0,12.0,0.075,0.2,1,0.3,pu_sandwich_panel,403513.0,-1.67,7.4,0.0,36.38,24.0,SAFE,False
CAND_00631,SIM_OPT_00631,195.0,3.0,0.0,0.0,0,0.52,rammed_earth,113778.0,-21.29,-14.49,0.0,253.19,24.0,SAFE,False
CAND_00632,SIM_OPT_00632,165.0,2.0,0.025,0.025,0,0.22,rammed_earth,139372.0,-20.23,-14.49,0.0,103.88,24.0,SAFE,False
CAND_00633,SIM_OPT_00633,334.7,6.0,0.075,0.075,1,0.64,dense_concrete,240068.0,-15.72,-10.26,0.0,51.96,24.0,SAFE,False
CAND_00634,SIM_OPT_00634,210.0,6.0,0.025,0.1,1,0.35,dense_concrete,185877.0,-13.99,-7.61,0.0,70.08,24.0,SAFE,False
CAND_00635,SIM_OPT_00635,210.0,0.0,0.025,0.0,0,0.5,stone_masonry,113956.0,-20.88,-15.19,0.0,156.74,24.0,SAFE,False
CAND_00636,SIM_OPT_00636,136.8,2.0,0.0,0.025,0,0.22,mud_brick,108704.0,-21.5,-15.3,0.0,226.85,24.0,SAFE,False
CAND_00637,SIM_OPT_00637,150.0,4.5,0.075,0.1,0,0.69,dense_concrete,228129.0,-15.78,-9.47,0.0,55.27,24.0,SAFE,False
CAND_00638,SIM_OPT_00638,195.0,3.0,0.025,0.075,1,0.57,pu_sandwich_panel,180096.0,-15.86,-11.27,0.0,75.16,24.0,SAFE,False
CAND_00639,SIM_OPT_00639,180.0,0.0,0.0,0.0,0,0.3,mud_brick,132180.0,-21.5,-15.5,0.0,249.23,24.0,SAFE,False
CAND_00640,SIM_OPT_00640,180.0,3.0,0.025,0.025,0,0.29,mud_brick,152154.0,-19.47,-13.13,0.0,97.19,24.0,SAFE,False
CAND_00641,SIM_OPT_00641,210.0,0.0,0.025,0.0,0,0.29,rammed_earth,134400.0,-20.88,-15.19,0.0,164.69,24.0,SAFE,False
CAND_00642,SIM_OPT_00642,165.0,6.0,0.1,0.15,1,0.75,stone_masonry,369355.0,-9.76,-4.76,0.0,48.64,24.0,SAFE,False
CAND_00643,SIM_OPT_00643,150.0,6.0,0.05,0.075,1,0.71,stone_masonry,245350.0,-12.28,-6.35,0.0,54.75,24.0,SAFE,False
CAND_00644,SIM_OPT_00644,150.0,0.0,0.025,0.025,0,0.51,mud_brick,105233.0,-20.88,-15.19,0.0,84.42,24.0,SAFE,False
CAND_00645,SIM_OPT_00645,165.0,3.0,0.0,0.025,0,0.58,mud_brick,123499.0,-21.25,-14.45,0.0,237.41,24.0,SAFE,False
CAND_00646,SIM_OPT_00646,195.0,3.0,0.075,0.1,0,0.9,pu_sandwich_panel,207665.0,-17.35,-11.94,0.0,64.44,24.0,SAFE,False
CAND_00647,SIM_OPT_00647,150.0,6.0,0.075,0.05,0,0.27,pu_sandwich_panel,254326.0,-15.68,-8.46,0.0,72.0,24.0,SAFE,False
CAND_00648,SIM_OPT_00648,210.0,2.0,0.025,0.025,1,0.88,rammed_earth,136314.0,-17.02,-13.04,0.0,106.23,24.0,SAFE,False
CAND_00649,SIM_OPT_00649,195.0,12.0,0.15,0.1,1,0.61,pu_sandwich_panel,363710.0,-2.77,4.91,0.0,50.68,24.0,SAFE,False
CAND_00650,SIM_OPT_00650,150.0,2.0,0.025,0.025,1,0.43,stone_masonry,127692.0,-17.04,-13.05,0.0,108.11,24.0,SAFE,False
CAND_00651,SIM_OPT_00651,150.0,3.0,0.0,0.0,0,0.64,rammed_earth,116520.0,-21.45,-14.65,0.0,293.55,24.0,SAFE,False
CAND_00652,SIM_OPT_00652,43.8,6.0,0.025,0.1,0,0.83,dense_concrete,205569.0,-20.83,-12.69,0.0,101.61,24.0,SAFE,False
CAND_00653,SIM_OPT_00653,4.9,2.0,0.025,0.0,0,0.77,stone_masonry,143200.0,-20.88,-15.14,0.0,176.92,24.0,SAFE,False
CAND_00654,SIM_OPT_00654,210.0,4.5,0.025,0.1,1,0.53,pu_sandwich_panel,181917.0,-15.77,-10.29,0.0,97.01,24.0,SAFE,False
CAND_00655,SIM_OPT_00655,165.0,2.0,0.025,0.025,0,0.82,rammed_earth,130343.0,-20.23,-14.5,0.0,104.34,24.0,SAFE,False
CAND_00656,SIM_OPT_00656,165.0,0.0,0.025,0.0,0,0.32,rammed_earth,139687.0,-20.88,-15.19,0.0,152.23,24.0,SAFE,False
CAND_00657,SIM_OPT_00657,320.0,6.0,0.05,0.075,1,0.74,dense_concrete,240524.0,-16.46,-10.54,0.0,59.51,24.0,SAFE,False
CAND_00658,SIM_OPT_00658,150.0,0.0,0.0,0.025,0,0.49,mud_brick,126067.0,-21.5,-15.5,0.0,207.12,24.0,SAFE,False
CAND_00659,SIM_OPT_00659,58.0,3.0,0.075,0.05,1,0.34,dense_concrete,230140.0,-16.12,-12.46,0.0,52.08,24.0,SAFE,False
CAND_00660,SIM_OPT_00660,186.8,6.0,0.075,0.075,0,0.64,dense_concrete,235799.0,-15.41,-8.2,0.0,77.79,24.0,SAFE,False
CAND_00661,SIM_OPT_00661,180.0,4.5,0.025,0.075,0,0.77,dense_concrete,194265.0,-18.06,-10.82,0.0,83.57,24.0,SAFE,False
CAND_00662,SIM_OPT_00662,180.0,0.0,0.025,0.0,0,0.72,rammed_earth,110363.0,-20.88,-15.19,0.0,152.91,24.0,SAFE,False
CAND_00663,SIM_OPT_00663,180.0,6.0,0.05,0.1,1,0.46,stone_masonry,215726.0,-12.45,-6.52,0.0,65.46,24.0,SAFE,False
CAND_00664,SIM_OPT_00664,150.0,3.0,0.05,0.075,1,0.82,pu_sandwich_panel,246227.0,-14.87,-10.74,0.0,57.06,24.0,SAFE,False
CAND_00665,SIM_OPT_00665,165.0,3.0,0.075,0.1,0,0.85,pu_sandwich_panel,201180.0,-17.3,-11.88,0.0,63.15,24.0,SAFE,False
CAND_00666,SIM_OPT_00666,210.0,3.0,0.0,0.025,0,0.83,rammed_earth,129321.0,-21.3,-14.5,0.0,229.98,24.0,SAFE,False
CAND_00667,SIM_OPT_00667,176.0,12.0,0.075,0.2,1,0.66,pu_sandwich_panel,325015.0,-5.27,3.79,0.0,55.18,24.0,SAFE,False
CAND_00668,SIM_OPT_00668,210.0,12.0,0.15,0.15,1,0.73,pu_sandwich_panel,374639.0,-5.88,1.8,0.0,61.36,24.0,SAFE,False
CAND_00669,SIM_OPT_00669,150.0,2.0,0.0,0.0,0,0.27,mud_brick,123404.0,-21.5,-15.3,0.0,281.58,24.0,SAFE,False
CAND_00670,SIM_OPT_00670,150.0,0.0,0.0,0.025,0,0.29,rammed_earth,113673.0,-21.5,-15.5,0.0,224.96,24.0,SAFE,False
CAND_00671,SIM_OPT_00671,195.0,6.0,0.075,0.075,1,0.83,stone_masonry,256790.0,-11.47,-6.01,0.0,58.92,24.0,SAFE,False
CAND_00672,SIM_OPT_00672,195.0,6.0,0.075,0.1,0,0.45,stone_masonry,254113.0,-14.65,-7.44,0.0,65.24,24.0,SAFE,False
CAND_00673,SIM_OPT_00673,165.0,3.0,0.025,0.05,1,0.82,stone_masonry,181233.0,-16.44,-11.86,0.0,106.06,24.0,SAFE,False
CAND_00674,SIM_OPT_00674,317.6,12.0,0.1,0.2,1,0.65,stone_masonry,377740.0,-14.33,-5.73,0.0,56.54,24.0,SAFE,False
CAND_00675,SIM_OPT_00675,210.0,8.0,0.1,0.15,1,0.49,pu_sandwich_panel,331664.0,-9.08,-2.88,0.0,52.4,24.0,SAFE,False
CAND_00676,SIM_OPT_00676,195.0,6.0,0.025,0.075,1,0.32,dense_concrete,256319.0,-13.3,-6.91,0.0,66.28,24.0,SAFE,False
CAND_00677,SIM_OPT_00677,180.0,0.0,0.025,0.025,0,0.88,mud_brick,106518.0,-20.88,-15.19,0.0,82.27,24.0,SAFE,False
CAND_00678,SIM_OPT_00678,195.0,2.0,0.025,0.025,0,0.45,stone_masonry,134320.0,-19.93,-14.19,0.0,82.32,24.0,SAFE,False
CAND_00679,SIM_OPT_00679,165.0,4.5,0.05,0.05,0,0.62,pu_sandwich_panel,174792.0,-16.99,-10.21,0.0,71.12,24.0,SAFE,False
CAND_00680,SIM_OPT_00680,180.0,6.0,0.15,0.15,1,0.87,pu_sandwich_panel,314403.0,-7.96,-3.88,0.0,46.3,24.0,SAFE,False
CAND_00681,SIM_OPT_00681,180.0,12.0,0.1,0.2,1,0.75,pu_sandwich_panel,353586.0,-4.66,3.94,0.0,55.39,24.0,SAFE,False
CAND_00682,SIM_OPT_00682,195.0,6.0,0.075,0.1,1,0.6,dense_concrete,202547.0,-12.28,-6.82,0.0,69.89,24.0,SAFE,False
CAND_00683,SIM_OPT_00683,195.0,6.0,0.075,0.1,1,0.32,stone_masonry,213399.0,-7.9,-2.44,0.0,34.78,24.0,SAFE,False
CAND_00684,SIM_OPT_00684,165.0,2.0,0.025,0.025,0,0.7,mud_brick,141173.0,-20.0,-14.27,0.0,86.59,24.0,SAFE,False
CAND_00685,SIM_OPT_00685,302.1,0.0,0.0,0.0,0,0.34,rammed_earth,133886.0,-21.5,-15.5,0.0,275.83,24.0,SAFE,False
CAND_00686,SIM_OPT_00686,150.0,0.0,0.0,0.025,0,0.82,stone_masonry,130953.0,-21.5,-15.5,0.0,195.85,24.0,SAFE,False
CAND_00687,SIM_OPT_00687,150.0,4.5,0.075,0.075,1,0.64,stone_masonry,252659.0,-14.0,-9.44,0.0,77.59,24.0,SAFE,False
CAND_00688,SIM_OPT_00688,180.0,3.0,0.025,0.0,1,0.67,rammed_earth,140470.0,-16.71,-12.12,0.0,134.94,24.0,SAFE,False
CAND_00689,SIM_OPT_00689,180.0,12.0,0.075,0.1,1,0.33,pu_sandwich_panel,350902.0,-7.97,1.1,0.0,72.59,24.0,SAFE,False
CAND_00690,SIM_OPT_00690,150.0,0.0,0.0,0.0,0,0.53,rammed_earth,97378.0,-21.5,-15.5,0.0,269.69,24.0,SAFE,False
CAND_00691,SIM_OPT_00691,210.0,10.0,0.1,0.1,1,0.32,pu_sandwich_panel,373271.0,-2.43,4.97,0.0,33.42,24.0,SAFE,False
CAND_00692,SIM_OPT_00692,258.7,3.0,0.075,0.1,1,0.88,stone_masonry,244231.0,-16.1,-12.44,0.0,58.47,24.0,SAFE,False
CAND_00693,SIM_OPT_00693,195.0,0.0,0.025,0.025,0,0.63,stone_masonry,127497.0,-20.88,-15.19,0.0,101.78,24.0,SAFE,False
CAND_00694,SIM_OPT_00694,195.0,0.0,0.0,0.025,0,0.57,mud_brick,119753.0,-21.5,-15.5,0.0,214.2,24.0,SAFE,False
CAND_00695,SIM_OPT_00695,195.0,6.0,0.075,0.075,1,0.58,pu_sandwich_panel,251100.0,-12.66,-7.2,0.0,76.63,24.0,SAFE,False
CAND_00696,SIM_OPT_00696,165.0,4.5,0.025,0.075,0,0.44,stone_masonry,188813.0,-18.21,-10.98,0.0,84.69,24.0,SAFE,False
CAND_00697,SIM_OPT_00697,165.0,3.0,0.075,0.05,0,0.48,pu_sandwich_panel,210475.0,-17.95,-12.54,0.0,82.09,24.0,SAFE,False
CAND_00698,SIM_OPT_00698,195.0,0.0,0.0,0.0,0,0.9,mud_brick,106148.0,-21.5,-15.5,0.0,262.02,24.0,SAFE,False
CAND_00699,SIM_OPT_00699,195.0,6.0,0.025,0.1,1,0.88,pu_sandwich_panel,245294.0,-14.53,-8.14,0.0,90.83,24.0,SAFE,False
CAND_00700,SIM_OPT_00700,150.0,0.0,0.025,0.025,0,0.53,stone_masonry,114748.0,-20.88,-15.19,0.0,101.77,24.0,SAFE,False
CAND_00701,SIM_OPT_00701,189.0,3.0,0.0,0.0,1,0.74,mud_brick,143217.0,-17.93,-12.88,0.0,273.58,24.0,SAFE,False
CAND_00702,SIM_OPT_00702,180.0,3.0,0.025,0.0,0,0.36,stone_masonry,118452.0,-20.22,-13.88,0.0,160.54,24.0,SAFE,False
CAND_00703,SIM_OPT_00703,165.0,6.0,0.025,0.075,0,0.48,stone_masonry,182035.0,-17.55,-9.42,0.0,93.41,24.0,SAFE,False
CAND_00704,SIM_OPT_00704,210.0,6.0,0.15,0.15,1,0.29,pu_sandwich_panel,345108.0,-10.58,-6.5,0.0,65.25,24.0,SAFE,False
CAND_00705,SIM_OPT_00705,218.8,3.0,0.025,0.0,1,0.86,rammed_earth,116806.0,-17.06,-12.47,0.0,149.99,24.0,SAFE,False
CAND_00706,SIM_OPT_00706,210.0,4.5,0.075,0.05,0,0.78,pu_sandwich_panel,193817.0,-15.68,-9.37,0.0,53.96,24.0,SAFE,False
CAND_00707,SIM_OPT_00707,175.1,8.0,0.075,0.1,1,0.59,pu_sandwich_panel,336373.0,-7.73,-1.07,0.0,46.94,24.0,SAFE,False
CAND_00708,SIM_OPT_00708,195.0,3.0,0.075,0.075,0,0.57,stone_masonry,205678.0,-17.78,-12.37,0.0,76.03,24.0,SAFE,False
CAND_00709,SIM_OPT_00709,165.0,10.0,0.1,0.15,1,0.81,pu_sandwich_panel,363507.0,-6.17,1.23,0.0,51.46,24.0,SAFE,False
CAND_00710,SIM_OPT_00710,180.0,0.0,0.0,0.025,0,0.79,rammed_earth,100519.0,-21.5,-15.5,0.0,220.9,24.0,SAFE,False
CAND_00711,SIM_OPT_00711,210.0,0.0,0.0,0.025,0,0.81,stone_masonry,123347.0,-21.5,-15.5,0.0,222.06,24.0,SAFE,False
CAND_00712,SIM_OPT_00712,212.5,6.0,0.15,0.15,1,0.68,stone_masonry,384591.0,-10.13,-6.06,0.0,57.33,24.0,SAFE,False
CAND_00713,SIM_OPT_00713,150.0,4.5,0.025,0.075,1,0.2,dense_concrete,184151.0,-14.96,-9.48,0.0,70.05,24.0,SAFE,False
CAND_00714,SIM_OPT_00714,180.0,0.0,0.0,0.0,0,0.84,mud_brick,123279.0,-21.5,-15.5,0.0,276.92,24.0,SAFE,False
CAND_00715,SIM_OPT_00715,38.5,6.0,0.075,0.05,0,0.88,pu_sandwich_panel,192990.0,-19.47,-12.26,0.0,85.17,24.0,SAFE,False
CAND_00716,SIM_OPT_00716,340.9,12.0,0.1,0.1,1,0.42,pu_sandwich_panel,396626.0,-14.41,-5.81,0.0,59.44,24.0,SAFE,False
CAND_00717,SIM_OPT_00717,222.3,6.0,0.075,0.2,1,0.85,stone_masonry,318413.0,-12.97,-7.51,0.0,63.64,24.0,SAFE,False
CAND_00718,SIM_OPT_00718,165.0,0.0,0.0,0.0,0,0.89,stone_masonry,115589.0,-21.5,-15.5,0.0,279.49,24.0,SAFE,False
CAND_00719,SIM_OPT_00719,180.0,6.0,0.075,0.1,1,0.37,stone_masonry,338906.0,-11.4,-5.94,0.0,60.1,24.0,SAFE,False
CAND_00720,SIM_OPT_00720,150.0,2.0,0.0,0.0,0,0.26,stone_masonry,118855.0,-21.5,-15.3,0.0,262.43,24.0,SAFE,False
CAND_00721,SIM_OPT_00721,195.0,3.0,0.025,0.025,1,0.69,mud_brick,142689.0,-16.03,-11.45,0.0,82.4,24.0,SAFE,False
CAND_00722,SIM_OPT_00722,150.0,6.0,0.15,0.2,1,0.4,pu_sandwich_panel,366107.0,-6.32,-2.25,0.0,32.27,24.0,SAFE,False
CAND_00723,SIM_OPT_00723,150.0,4.5,0.075,0.1,1,0.8,stone_masonry,228209.0,-12.61,-8.04,0.0,50.82,24.0,SAFE,False
CAND_00724,SIM_OPT_00724,150.0,6.0,0.05,0.1,0,0.35,stone_masonry,238333.0,-14.5,-6.83,0.0,51.18,24.0,SAFE,False
CAND_00725,SIM_OPT_00725,291.4,6.0,0.1,0.1,1,0.64,pu_sandwich_panel,329591.0,-15.3,-10.3,0.0,67.4,24.0,SAFE,False
CAND_00726,SIM_OPT_00726,195.0,4.5,0.05,0.05,1,0.6,dense_concrete,234867.0,-13.66,-8.63,0.0,63.31,24.0,SAFE,False
CAND_00727,SIM_OPT_00727,195.0,6.0,0.1,0.1,1,0.29,stone_masonry,355362.0,-7.78,-2.78,0.0,36.91,24.0,SAFE,False
CAND_00728,SIM_OPT_00728,165.0,3.0,0.0,0.025,0,0.26,rammed_earth,121416.0,-21.17,-14.37,0.0,213.99,24.0,SAFE,False
CAND_00729,SIM_OPT_00729,210.0,8.0,0.1,0.15,1,0.27,pu_sandwich_panel,321604.0,-5.0,1.2,0.0,32.97,24.0,SAFE,False
CAND_00730,SIM_OPT_00730,180.0,6.0,0.075,0.075,0,0.34,pu_sandwich_panel,261641.0,-15.62,-8.4,0.0,81.99,24.0,SAFE,False
CAND_00731,SIM_OPT_00731,210.0,3.0,0.025,0.0,0,0.56,mud_brick,113442.0,-20.45,-14.11,0.0,172.77,24.0,SAFE,False
CAND_00732,SIM_OPT_00732,165.0,0.0,0.025,0.0,0,0.55,mud_brick,136173.0,-20.88,-15.19,0.0,141.72,24.0,SAFE,False
CAND_00733,SIM_OPT_00733,150.0,4.5,0.075,0.05,1,0.51,pu_sandwich_panel,254635.0,-13.46,-8.9,0.0,64.5,24.0,SAFE,False
CAND_00734,SIM_OPT_00734,180.0,2.0,0.025,0.0,0,0.27,rammed_earth,115581.0,-20.57,-14.83,0.0,152.58,24.0,SAFE,False
CAND_00735,SIM_OPT_00735,195.0,2.0,0.025,0.025,1,0.28,rammed_earth,148785.0,-16.72,-12.73,0.0,87.53,24.0,SAFE,False
CAND_00736,SIM_OPT_00736,210.0,0.0,0.0,0.0,0,0.76,mud_brick,95702.0,-21.5,-15.5,0.0,283.59,24.0,SAFE,False
CAND_00737,SIM_OPT_00737,210.0,2.0,0.0,0.025,0,0.68,rammed_earth,120257.0,-21.5,-15.3,0.0,225.1,24.0,SAFE,False
CAND_00738,SIM_OPT_00738,210.0,6.0,0.05,0.075,0,0.65,stone_masonry,227531.0,-15.71,-8.04,0.0,63.48,24.0,SAFE,False
CAND_00739,SIM_OPT_00739,165.0,4.5,0.075,0.05,1,0.58,dense_concrete,225280.0,-11.32,-6.76,0.0,42.92,24.0,SAFE,False
CAND_00740,SIM_OPT_00740,165.0,10.0,0.15,0.2,1,0.83,pu_sandwich_panel,382310.0,-5.79,0.69,0.0,56.46,24.0,SAFE,False
CAND_00741,SIM_OPT_00741,195.0,6.0,0.025,0.1,1,0.72,dense_concrete,253174.0,-14.88,-8.49,0.0,101.22,24.0,SAFE,False
CAND_00742,SIM_OPT_00742,212.9,3.0,0.025,0.0,0,0.29,mud_brick,120325.0,-20.46,-14.12,0.0,169.65,24.0,SAFE,False
CAND_00743,SIM_OPT_00743,150.0,6.0,0.025,0.075,1,0.48,stone_masonry,229418.0,-15.17,-8.79,0.0,100.61,24.0,SAFE,False
CAND_00744,SIM_OPT_00744,55.2,12.0,0.1,0.1,1,0.3,stone_masonry,387961.0,-14.47,-5.87,0.0,61.49,24.0,SAFE,False
CAND_00745,SIM_OPT_00745,180.0,0.0,0.025,0.025,0,0.65,stone_masonry,121870.0,-20.88,-15.19,0.0,87.0,24.0,SAFE,False
CAND_00746,SIM_OPT_00746,165.0,6.0,0.05,0.05,0,0.29,dense_concrete,222634.0,-15.97,-8.29,0.0,74.65,24.0,SAFE,False
CAND_00747,SIM_OPT_00747,195.0,4.5,0.025,0.05,1,0.29,dense_concrete,225272.0,-14.95,-9.46,0.0,77.94,24.0,SAFE,False
CAND_00748,SIM_OPT_00748,195.0,6.0,0.05,0.075,1,0.21,stone_masonry,260342.0,-11.08,-5.16,0.0,49.17,24.0,SAFE,False
CAND_00749,SIM_OPT_00749,244.1,2.0,0.025,0.025,0,0.73,rammed_earth,113269.0,-20.81,-15.07,0.0,95.2,24.0,SAFE,False
CAND_00750,SIM_OPT_00750,165.0,4.5,0.075,0.075,0,0.67,stone_masonry,197523.0,-14.15,-7.83,0.0,44.79,24.0,SAFE,False
CAND_00751,SIM_OPT_00751,165.0,3.0,0.025,0.025,1,0.22,rammed_earth,124927.0,-16.37,-11.78,0.0,100.59,24.0,SAFE,False
CAND_00752,SIM_OPT_00752,338.8,3.0,0.025,0.0,0,0.71,mud_brick,119514.0,-20.88,-14.54,0.0,171.63,24.0,SAFE,False
CAND_00753,SIM_OPT_00753,210.0,6.0,0.075,0.075,0,0.45,dense_concrete,248030.0,-14.85,-7.64,0.0,60.68,24.0,SAFE,False
CAND_00754,SIM_OPT_00754,195.0,2.0,0.025,0.0,0,0.32,mud_brick,138971.0,-20.49,-14.75,0.0,134.98,24.0,SAFE,False
CAND_00755,SIM_OPT_00755,165.0,4.5,0.05,0.1,0,0.58,stone_masonry,201583.0,-17.56,-10.79,0.0,84.0,24.0,SAFE,False
CAND_00756,SIM_OPT_00756,165.0,2.0,0.025,0.025,0,0.38,stone_masonry,139080.0,-20.33,-14.59,0.0,114.31,24.0,SAFE,False
CAND_00757,SIM_OPT_00757,210.0,2.0,0.0,0.0,0,0.62,rammed_earth,123249.0,-21.5,-15.3,0.0,260.03,24.0,SAFE,False
CAND_00758,SIM_OPT_00758,195.0,2.0,0.0,0.025,0,0.71,stone_masonry,119339.0,-21.48,-15.28,0.0,230.37,24.0,SAFE,False
CAND_00759,SIM_OPT_00759,210.0,6.0,0.075,0.05,1,0.83,dense_concrete,245786.0,-11.01,-5.54,0.0,48.42,24.0,SAFE,False
CAND_00760,SIM_OPT_00760,165.0,2.0,0.0,0.025,1,0.39,mud_brick,117907.0,-18.0,-13.55,0.0,207.93,24.0,SAFE,False
CAND_00761,SIM_OPT_00761,165.0,6.0,0.025,0.075,1,0.29,stone_masonry,205153.0,-14.15,-7.77,0.0,81.57,24.0,SAFE,False
CAND_00762,SIM_OPT_00762,195.0,6.0,0.1,0.2,1,0.6,pu_sandwich_panel,310054.0,-9.27,-4.27,0.0,45.06,24.0,SAFE,False
CAND_00763,SIM_OPT_00763,165.0,3.0,0.0,0.025,0,0.46,rammed_earth,114949.0,-21.17,-14.37,0.0,215.55,24.0,SAFE,False
CAND_00764,SIM_OPT_00764,195.0,3.0,0.025,0.025,0,0.7,mud_brick,118860.0,-19.27,-12.93,0.0,84.9,24.0,SAFE,False
CAND_00765,SIM_OPT_00765,195.0,3.0,0.075,0.1,1,0.4,stone_masonry,209346.0,-13.6,-9.94,0.0,50.19,24.0,SAFE,False
CAND_00766,SIM_OPT_00766,150.0,8.0,0.075,0.15,1,0.62,stone_masonry,374665.0,-7.47,-0.8,0.0,39.61,24.0,SAFE,False
CAND_00767,SIM_OPT_00767,150.0,6.0,0.075,0.05,1,0.3,stone_masonry,228088.0,-12.39,-6.93,0.0,64.17,24.0,SAFE,False
CAND_00768,SIM_OPT_00768,210.0,3.0,0.025,0.1,0,0.39,pu_sandwich_panel,189445.0,-19.03,-12.69,0.0,68.2,24.0,SAFE,False
CAND_00769,SIM_OPT_00769,180.0,6.0,0.1,0.1,1,0.52,pu_sandwich_panel,339056.0,-11.1,-6.1,0.0,64.17,24.0,SAFE,False
CAND_00770,SIM_OPT_00770,150.0,3.0,0.025,0.025,1,0.47,mud_brick,120824.0,-16.41,-11.82,0.0,93.04,24.0,SAFE,False
CAND_00771,SIM_OPT_00771,210.0,4.5,0.025,0.075,1,0.44,stone_masonry,185260.0,-15.72,-10.23,0.0,94.49,24.0,SAFE,False
CAND_00772,SIM_OPT_00772,150.0,2.0,0.025,0.0,0,0.28,mud_brick,138559.0,-20.66,-14.92,0.0,148.34,24.0,SAFE,False
CAND_00773,SIM_OPT_00773,165.0,4.5,0.05,0.1,0,0.43,pu_sandwich_panel,195382.0,-15.16,-8.38,0.0,47.87,24.0,SAFE,False
CAND_00774,SIM_OPT_00774,165.0,12.0,0.1,0.2,1,0.65,pu_sandwich_panel,373486.0,-2.5,6.1,0.0,44.97,24.0,SAFE,False
CAND_00775,SIM_OPT_00775,72.6,3.0,0.0,0.025,0,0.59,rammed_earth,108805.0,-21.5,-14.7,0.0,217.36,24.0,SAFE,False
CAND_00776,SIM_OPT_00776,195.0,8.0,0.075,0.15,1,0.84,pu_sandwich_panel,306839.0,-9.68,-3.02,0.0,58.27,24.0,SAFE,False
CAND_00777,SIM_OPT_00777,184.7,3.0,0.025,0.1,1,0.43,stone_masonry,229106.0,-16.24,-11.65,0.0,95.64,24.0,SAFE,False
CAND_00778,SIM_OPT_00778,112.0,0.0,0.025,0.0,0,0.8,rammed_earth,126699.0,-20.88,-15.19,0.0,155.49,24.0,SAFE,False
CAND_00779,SIM_OPT_00779,195.0,3.0,0.025,0.025,1,0.41,mud_brick,135751.0,-16.55,-11.96,0.0,114.36,24.0,SAFE,False
CAND_00780,SIM_OPT_00780,150.0,4.5,0.075,0.1,0,0.58,pu_sandwich_panel,208701.0,-16.34,-10.03,0.0,63.35,24.0,SAFE,False
CAND_00781,SIM_OPT_00781,165.0,4.5,0.025,0.075,1,0.44,stone_masonry,237814.0,-14.52,-9.04,0.0,67.89,24.0,SAFE,False
CAND_00782,SIM_OPT_00782,180.0,6.0,0.15,0.2,1,0.4,stone_masonry,344710.0,-4.26,-0.18,0.0,29.96,24.0,SAFE,False
CAND_00783,SIM_OPT_00783,195.0,2.0,0.0,0.0,1,0.88,mud_brick,112825.0,-18.0,-13.55,0.0,276.85,24.0,SAFE,False
CAND_00784,SIM_OPT_00784,150.0,3.0,0.025,0.0,1,0.46,mud_brick,121546.0,-16.93,-12.34,0.0,144.17,24.0,SAFE,False
CAND_00785,SIM_OPT_00785,203.2,4.5,0.05,0.1,1,0.68,stone_masonry,220787.0,-12.99,-7.96,0.0,50.89,24.0,SAFE,False
CAND_00786,SIM_OPT_00786,165.0,3.0,0.05,0.075,1,0.85,dense_concrete,201898.0,-15.51,-11.38,0.0,87.39,24.0,SAFE,False
CAND_00787,SIM_OPT_00787,150.0,6.0,0.025,0.075,0,0.54,dense_concrete,238535.0,-18.06,-9.92,0.0,96.63,24.0,SAFE,False
CAND_00788,SIM_OPT_00788,180.0,12.0,0.1,0.1,1,0.66,stone_masonry,387447.0,-1.9,6.7,0.0,44.57,24.0,SAFE,False
CAND_00789,SIM_OPT_00789,210.0,3.0,0.0,0.0,0,0.74,stone_masonry,131208.0,-21.46,-14.66,0.0,294.85,24.0,SAFE,False
CAND_00790,SIM_OPT_00790,124.2,0.0,0.025,0.025,0,0.88,mud_brick,118710.0,-20.88,-15.19,0.0,115.17,24.0,SAFE,False
CAND_00791,SIM_OPT_00791,195.0,3.0,0.05,0.1,0,0.28,pu_sandwich_panel,192534.0,-17.91,-12.04,0.0,62.91,24.0,SAFE,False
CAND_00792,SIM_OPT_00792,200.4,2.0,0.0,0.025,1,0.28,rammed_earth,130452.0,-18.0,-13.55,0.0,204.45,24.0,SAFE,False
CAND_00793,SIM_OPT_00793,150.0,3.0,0.025,0.1,1,0.28,pu_sandwich_panel,195331.0,-16.3,-11.71,0.0,86.5,24.0,SAFE,False
CAND_00794,SIM_OPT_00794,150.0,0.0,0.0,0.0,0,0.41,rammed_earth,95666.0,-21.5,-15.5,0.0,245.77,24.0,SAFE,False
CAND_00795,SIM_OPT_00795,0.9,6.0,0.025,0.075,1,0.34,dense_concrete,189142.0,-17.38,-10.99,0.0,94.55,24.0,SAFE,False
CAND_00796,SIM_OPT_00796,150.0,6.0,0.05,0.075,1,0.88,stone_masonry,239218.0,-12.59,-6.67,0.0,58.37,24.0,SAFE,False
CAND_00797,SIM_OPT_00797,195.0,12.0,0.15,0.2,1,0.73,pu_sandwich_panel,353130.0,-0.6,7.08,0.0,42.88,24.0,SAFE,False
CAND_00798,SIM_OPT_00798,150.0,6.0,0.05,0.075,1,0.41,stone_masonry,249897.0,-11.91,-5.99,0.0,50.99,24.0,SAFE,False
CAND_00799,SIM_OPT_00799,195.0,2.0,0.025,0.0,0,0.63,mud_brick,113361.0,-20.5,-14.76,0.0,135.91,24.0,SAFE,False
CAND_00800,SIM_OPT_00800,195.0,3.0,0.075,0.05,1,0.27,dense_concrete,206869.0,-14.41,-10.75,0.0,68.64,24.0,SAFE,False
CAND_00801,SIM_OPT_00801,210.0,4.5,0.025,0.075,1,0.77,stone_masonry,228126.0,-15.27,-9.79,0.0,78.34,24.0,SAFE,False
CAND_00802,SIM_OPT_00802,150.0,0.0,0.025,0.025,0,0.77,stone_masonry,120872.0,-20.88,-15.19,0.0,106.42,24.0,SAFE,False
CAND_00803,SIM_OPT_00803,26.3,6.0,0.05,0.1,0,0.28,pu_sandwich_panel,192084.0,-19.9,-12.22,0.0,65.05,24.0,SAFE,False
CAND_00804,SIM_OPT_00804,210.0,3.0,0.025,0.1,0,0.31,stone_masonry,180391.0,-19.31,-12.97,0.0,77.45,24.0,SAFE,False
CAND_00805,SIM_OPT_00805,135.3,3.0,0.025,0.0,0,0.41,rammed_earth,114292.0,-20.42,-14.09,0.0,137.93,24.0,SAFE,False
CAND_00806,SIM_OPT_00806,81.5,2.0,0.025,0.0,0,0.71,stone_masonry,134129.0,-20.88,-15.14,0.0,169.2,24.0,SAFE,False
CAND_00807,SIM_OPT_00807,180.0,3.0,0.025,0.025,1,0.71,stone_masonry,131629.0,-16.39,-11.8,0.0,105.53,24.0,SAFE,False
CAND_00808,SIM_OPT_00808,180.0,2.0,0.0,0.025,0,0.25,mud_brick,130808.0,-21.4,-15.2,0.0,204.88,24.0,SAFE,False
CAND_00809,SIM_OPT_00809,210.0,3.0,0.0,0.0,1,0.6,stone_masonry,126500.0,-18.0,-12.95,0.0,288.86,24.0,SAFE,False
CAND_00810,SIM_OPT_00810,195.0,12.0,0.15,0.2,1,0.79,pu_sandwich_panel,367447.0,-1.91,5.76,0.0,47.26,24.0,SAFE,False
CAND_00811,SIM_OPT_00811,195.0,0.0,0.025,0.025,0,0.49,rammed_earth,137067.0,-20.88,-15.19,0.0,81.33,24.0,SAFE,False
CAND_00812,SIM_OPT_00812,150.0,0.0,0.025,0.025,0,0.55,rammed_earth,124250.0,-20.88,-15.19,0.0,86.73,24.0,SAFE,False
CAND_00813,SIM_OPT_00813,180.0,3.0,0.075,0.05,1,0.59,stone_masonry,230028.0,-14.55,-10.89,0.0,75.75,24.0,SAFE,False
CAND_00814,SIM_OPT_00814,180.0,3.0,0.075,0.1,1,0.8,pu_sandwich_panel,203993.0,-14.14,-10.47,0.0,63.21,24.0,SAFE,False
CAND_00815,SIM_OPT_00815,150.0,3.0,0.075,0.1,0,0.57,stone_masonry,215691.0,-17.45,-12.04,0.0,59.91,24.0,SAFE,False
CAND_00816,SIM_OPT_00816,180.0,3.0,0.025,0.0,1,0.4,mud_brick,119706.0,-16.69,-12.11,0.0,133.11,24.0,SAFE,False
CAND_00817,SIM_OPT_00817,150.0,2.0,0.025,0.025,1,0.74,rammed_earth,128738.0,-16.85,-12.86,0.0,88.22,24.0,SAFE,False
CAND_00818,SIM_OPT_00818,150.0,6.0,0.05,0.075,0,0.5,stone_masonry,242809.0,-17.07,-9.39,0.0,86.98,24.0,SAFE,False
CAND_00819,SIM_OPT_00819,165.0,8.0,0.1,0.1,1,0.32,stone_masonry,315970.0,-8.22,-2.02,0.0,52.0,24.0,SAFE,False
CAND_00820,SIM_OPT_00820,180.0,4.5,0.025,0.1,0,0.75,stone_masonry,183639.0,-17.96,-10.72,0.0,81.07,24.0,SAFE,False
CAND_00821,SIM_OPT_00821,150.0,4.5,0.075,0.1,1,0.52,dense_concrete,235781.0,-13.48,-8.92,0.0,64.92,24.0,SAFE,False
CAND_00822,SIM_OPT_00822,195.0,6.0,0.075,0.05,0,0.82,dense_concrete,240217.0,-16.27,-9.05,0.0,92.49,24.0,SAFE,False
CAND_00823,SIM_OPT_00823,150.0,6.0,0.05,0.075,1,0.24,dense_concrete,212040.0,-14.05,-8.12,0.0,85.02,24.0,SAFE,False
CAND_00824,SIM_OPT_00824,16.0,2.0,0.025,0.025,0,0.32,stone_masonry,143777.0,-20.88,-15.14,0.0,73.96,24.0,REFUSED,False
CAND_00825,SIM_OPT_00825,210.0,6.0,0.05,0.1,0,0.82,stone_masonry,221511.0,-15.77,-8.1,0.0,64.21,24.0,SAFE,False
CAND_00826,SIM_OPT_00826,149.3,4.5,0.075,0.075,1,0.55,dense_concrete,206190.0,-13.06,-8.5,0.0,56.76,24.0,SAFE,False
CAND_00827,SIM_OPT_00827,150.0,3.0,0.075,0.1,1,0.46,pu_sandwich_panel,214467.0,-13.63,-9.97,0.0,45.44,24.0,SAFE,False
CAND_00828,SIM_OPT_00828,165.0,4.5,0.05,0.075,1,0.66,stone_masonry,198828.0,-13.75,-8.72,0.0,64.95,24.0,SAFE,False
CAND_00829,SIM_OPT_00829,17.3,4.5,0.075,0.1,1,0.87,stone_masonry,245080.0,-16.12,-11.56,0.0,70.75,24.0,SAFE,False
CAND_00830,SIM_OPT_00830,180.0,0.0,0.025,0.0,0,0.44,mud_brick,129732.0,-20.88,-15.19,0.0,132.71,24.0,SAFE,False
CAND_00831,SIM_OPT_00831,210.0,3.0,0.025,0.075,0,0.41,dense_concrete,235001.0,-19.83,-13.49,0.0,103.73,24.0,SAFE,False
CAND_00832,SIM_OPT_00832,83.5,0.0,0.025,0.0,0,0.83,stone_masonry,116134.0,-20.88,-15.19,0.0,174.64,24.0,SAFE,False
CAND_00833,SIM_OPT_00833,143.3,3.0,0.0,0.025,0,0.42,mud_brick,128680.0,-21.28,-14.48,0.0,205.01,24.0,SAFE,False
CAND_00834,SIM_OPT_00834,180.0,4.5,0.025,0.075,0,0.58,dense_concrete,196930.0,-18.88,-11.64,0.0,111.31,24.0,SAFE,False
CAND_00835,SIM_OPT_00835,318.3,0.0,0.025,0.0,0,0.87,mud_brick,104668.0,-20.88,-15.19,0.0,158.97,24.0,SAFE,False
CAND_00836,SIM_OPT_00836,165.0,4.5,0.025,0.075,0,0.29,pu_sandwich_panel,242702.0,-18.76,-11.52,0.0,102.28,24.0,SAFE,False
CAND_00837,SIM_OPT_00837,195.0,6.0,0.1,0.1,1,0.76,stone_masonry,305395.0,-7.64,-2.64,0.0,36.32,24.0,SAFE,False
CAND_00838,SIM_OPT_00838,165.0,2.0,0.025,0.0,0,0.73,stone_masonry,124333.0,-20.69,-14.96,0.0,173.83,24.0,SAFE,False
CAND_00839,SIM_OPT_00839,195.0,3.0,0.025,0.05,0,0.69,stone_masonry,181561.0,-19.47,-13.13,0.0,93.9,24.0,SAFE,False
CAND_00840,SIM_OPT_00840,180.0,3.0,0.05,0.075,1,0.79,pu_sandwich_panel,220433.0,-14.58,-10.46,0.0,58.73,24.0,SAFE,False
CAND_00841,SIM_OPT_00841,195.0,8.0,0.075,0.15,1,0.83,pu_sandwich_panel,382922.0,-11.73,-5.07,0.0,82.68,24.0,SAFE,False
CAND_00842,SIM_OPT_00842,150.0,12.0,0.1,0.15,1,0.71,pu_sandwich_panel,340093.0,-6.52,2.08,0.0,57.41,24.0,SAFE,False
CAND_00843,SIM_OPT_00843,150.0,6.0,0.05,0.1,0,0.5,pu_sandwich_panel,188247.0,-16.37,-8.7,0.0,73.04,24.0,SAFE,False
CAND_00844,SIM_OPT_00844,165.0,4.5,0.075,0.05,0,0.29,dense_concrete,234734.0,-16.37,-10.06,0.0,71.38,24.0,SAFE,False
CAND_00845,SIM_OPT_00845,210.0,4.5,0.05,0.1,1,0.73,stone_masonry,228093.0,-14.71,-9.69,0.0,80.19,24.0,SAFE,False
CAND_00846,SIM_OPT_00846,210.0,4.5,0.05,0.075,0,0.8,pu_sandwich_panel,209573.0,-16.4,-9.62,0.0,55.17,24.0,SAFE,False
CAND_00847,SIM_OPT_00847,210.0,3.0,0.025,0.075,0,0.59,stone_masonry,221969.0,-18.98,-12.64,0.0,66.74,24.0,SAFE,False
CAND_00848,SIM_OPT_00848,195.0,8.0,0.15,0.2,1,0.66,pu_sandwich_panel,325086.0,-9.01,-3.73,0.0,70.52,24.0,SAFE,False
CAND_00849,SIM_OPT_00849,180.0,3.0,0.025,0.025,0,0.28,rammed_earth,151500.0,-19.25,-12.91,0.0,87.04,24.0,SAFE,False
CAND_00850,SIM_OPT_00850,180.0,3.0,0.0,0.025,1,0.42,mud_brick,142573.0,-17.8,-12.75,0.0,225.89,24.0,SAFE,False
CAND_00851,SIM_OPT_00851,165.0,10.0,0.1,0.2,1,0.35,pu_sandwich_panel,339167.0,-2.89,4.51,0.0,38.59,24.0,SAFE,False
CAND_00852,SIM_OPT_00852,210.0,6.0,0.075,0.05,0,0.87,pu_sandwich_panel,252160.0,-15.45,-8.24,0.0,68.47,24.0,SAFE,False
CAND_00853,SIM_OPT_00853,150.0,3.0,0.0,0.0,1,0.77,mud_brick,138769.0,-18.0,-12.95,0.0,277.44,24.0,SAFE,False
CAND_00854,SIM_OPT_00854,180.0,0.0,0.0,0.025,0,0.51,mud_brick,110861.0,-21.5,-15.5,0.0,220.61,24.0,SAFE,False
CAND_00855,SIM_OPT_00855,172.2,6.0,0.075,0.1,1,0.41,stone_masonry,335732.0,-11.55,-6.09,0.0,61.39,24.0,SAFE,False
CAND_00856,SIM_OPT_00856,165.0,4.5,0.05,0.1,0,0.81,pu_sandwich_panel,229600.0,-17.79,-11.02,0.0,90.57,24.0,SAFE,False
CAND_00857,SIM_OPT_00857,165.0,4.5,0.025,0.05,0,0.21,pu_sandwich_panel,186801.0,-18.55,-11.31,0.0,94.72,24.0,SAFE,False
CAND_00858,SIM_OPT_00858,210.0,6.0,0.075,0.1,0,0.73,dense_concrete,229996.0,-13.24,-6.03,0.0,46.51,24.0,SAFE,False
CAND_00859,SIM_OPT_00859,165.0,0.0,0.0,0.0,0,0.49,mud_brick,115747.0,-21.5,-15.5,0.0,250.92,24.0,SAFE,False
CAND_00860,SIM_OPT_00860,180.0,0.0,0.025,0.025,0,0.2,stone_masonry,135358.0,-20.88,-15.19,0.0,71.41,24.0,SAFE,False
CAND_00861,SIM_OPT_00861,150.0,8.0,0.1,0.1,1,0.44,pu_sandwich_panel,321342.0,-10.76,-4.56,0.0,69.23,24.0,SAFE,False
CAND_00862,SIM_OPT_00862,177.7,2.0,0.025,0.0,1,0.65,rammed_earth,117651.0,-17.11,-13.12,0.0,137.54,24.0,SAFE,False
CAND_00863,SIM_OPT_00863,165.0,3.0,0.0,0.0,0,0.66,mud_brick,120418.0,-21.37,-14.57,0.0,284.69,24.0,SAFE,False
CAND_00864,SIM_OPT_00864,195.0,8.0,0.15,0.2,1,0.33,stone_masonry,397660.0,1.11,6.38,0.0,25.51,24.0,SAFE,False
CAND_00865,SIM_OPT_00865,195.0,4.5,0.075,0.1,1,0.21,pu_sandwich_panel,230819.0,-10.37,-5.8,0.0,36.36,24.0,SAFE,False
CAND_00866,SIM_OPT_00866,165.0,6.0,0.025,0.1,1,0.3,pu_sandwich_panel,242528.0,-14.3,-7.92,0.0,84.98,24.0,SAFE,False
CAND_00867,SIM_OPT_00867,180.0,0.0,0.025,0.0,0,0.62,stone_masonry,123837.0,-20.88,-15.19,0.0,150.2,24.0,SAFE,False
CAND_00868,SIM_OPT_00868,210.0,0.0,0.025,0.025,0,0.21,rammed_earth,109793.0,-20.88,-15.19,0.0,79.37,24.0,SAFE,False
CAND_00869,SIM_OPT_00869,165.0,6.0,0.05,0.075,1,0.71,stone_masonry,226252.0,-12.33,-6.41,0.0,61.69,24.0,SAFE,False
CAND_00870,SIM_OPT_00870,210.0,2.0,0.025,0.025,1,0.37,mud_brick,124070.0,-17.03,-13.05,0.0,107.33,24.0,SAFE,False
CAND_00871,SIM_OPT_00871,195.0,6.0,0.05,0.1,1,0.24,dense_concrete,206212.0,-12.06,-6.14,0.0,58.5,24.0,SAFE,False
CAND_00872,SIM_OPT_00872,210.0,6.0,0.025,0.075,1,0.71,dense_concrete,196475.0,-14.19,-7.8,0.0,73.91,24.0,SAFE,False
CAND_00873,SIM_OPT_00873,195.0,6.0,0.1,0.15,1,0.24,pu_sandwich_panel,378130.0,-5.56,-0.56,0.0,29.06,24.0,SAFE,False
CAND_00874,SIM_OPT_00874,210.0,3.0,0.0,0.0,1,0.75,stone_masonry,136696.0,-18.0,-12.95,0.0,294.02,24.0,SAFE,False
CAND_00875,SIM_OPT_00875,195.0,6.0,0.15,0.2,1,0.33,pu_sandwich_panel,374325.0,-9.5,-5.42,0.0,57.84,24.0,SAFE,False
CAND_00876,SIM_OPT_00876,165.0,10.0,0.15,0.2,1,0.6,pu_sandwich_panel,389984.0,-4.89,1.59,0.0,51.29,24.0,SAFE,False
CAND_00877,SIM_OPT_00877,336.3,6.0,0.05,0.075,0,0.26,dense_concrete,249911.0,-19.86,-12.18,0.0,62.41,24.0,SAFE,False
CAND_00878,SIM_OPT_00878,165.0,4.5,0.05,0.05,0,0.38,dense_concrete,225860.0,-16.04,-9.27,0.0,56.83,24.0,SAFE,False
CAND_00879,SIM_OPT_00879,210.0,2.0,0.0,0.025,1,0.61,rammed_earth,113554.0,-18.0,-13.55,0.0,200.38,24.0,SAFE,False
CAND_00880,SIM_OPT_00880,165.0,3.0,0.025,0.0,1,0.33,mud_brick,147453.0,-16.76,-12.18,0.0,136.44,24.0,SAFE,False
CAND_00881,SIM_OPT_00881,210.0,3.0,0.025,0.0,1,0.32,mud_brick,126407.0,-16.99,-12.4,0.0,153.4,24.0,SAFE,False
CAND_00882,SIM_OPT_00882,195.0,4.5,0.05,0.075,1,0.49,dense_concrete,194374.0,-13.83,-8.8,0.0,66.6,24.0,SAFE,False
CAND_00883,SIM_OPT_00883,150.0,8.0,0.15,0.15,1,0.5,stone_masonry,343150.0,-8.67,-3.4,0.0,59.68,24.0,SAFE,False
CAND_00884,SIM_OPT_00884,210.0,2.0,0.025,0.0,0,0.36,mud_brick,123008.0,-20.72,-14.98,0.0,163.25,24.0,SAFE,False
CAND_00885,SIM_OPT_00885,150.0,6.0,0.025,0.1,1,0.57,stone_masonry,254241.0,-13.9,-7.51,0.0,68.44,24.0,SAFE,False
CAND_00886,SIM_OPT_00886,122.0,8.0,0.075,0.1,1,0.86,pu_sandwich_panel,341485.0,-13.62,-6.95,0.0,73.83,24.0,SAFE,False
CAND_00887,SIM_OPT_00887,161.8,0.0,0.025,0.0,0,0.7,stone_masonry,110043.0,-20.88,-15.19,0.0,146.49,24.0,SAFE,False
CAND_00888,SIM_OPT_00888,150.0,6.0,0.05,0.075,0,0.87,pu_sandwich_panel,230846.0,-17.28,-9.61,0.0,92.29,24.0,SAFE,False
CAND_00889,SIM_OPT_00889,210.0,2.0,0.0,0.025,1,0.6,stone_masonry,114412.0,-18.0,-13.55,0.0,207.06,24.0,SAFE,False
CAND_00890,SIM_OPT_00890,150.0,4.5,0.025,0.1,0,0.78,dense_concrete,226437.0,-18.57,-11.34,0.0,85.7,24.0,SAFE,False
CAND_00891,SIM_OPT_00891,293.2,10.0,0.075,0.15,1,0.57,pu_sandwich_panel,327518.0,-14.62,-6.75,0.0,39.15,24.0,SAFE,False
CAND_00892,SIM_OPT_00892,180.0,0.0,0.025,0.025,0,0.38,stone_masonry,105585.0,-20.88,-15.19,0.0,95.97,24.0,SAFE,False
CAND_00893,SIM_OPT_00893,150.0,3.0,0.025,0.025,0,0.76,rammed_earth,119136.0,-19.92,-13.58,0.0,109.97,24.0,SAFE,False
CAND_00894,SIM_OPT_00894,150.0,3.0,0.0,0.0,0,0.84,stone_masonry,121523.0,-21.45,-14.65,0.0,291.39,24.0,SAFE,False
CAND_00895,SIM_OPT_00895,165.0,3.0,0.025,0.025,0,0.33,rammed_earth,142204.0,-19.61,-13.27,0.0,101.05,24.0,SAFE,False
CAND_00896,SIM_OPT_00896,195.0,3.0,0.025,0.1,1,0.62,dense_concrete,214401.0,-16.15,-11.56,0.0,87.96,24.0,SAFE,False
CAND_00897,SIM_OPT_00897,165.0,4.5,0.025,0.1,1,0.36,stone_masonry,223872.0,-14.25,-8.77,0.0,62.82,24.0,SAFE,False
CAND_00898,SIM_OPT_00898,210.0,0.0,0.0,0.025,0,0.68,stone_masonry,126399.0,-21.5,-15.5,0.0,191.59,24.0,SAFE,False
CAND_00899,SIM_OPT_00899,210.0,3.0,0.025,0.05,1,0.77,pu_sandwich_panel,231683.0,-16.28,-11.69,0.0,85.11,24.0,SAFE,False
CAND_00900,SIM_OPT_00900,180.0,3.0,0.05,0.075,1,0.8,stone_masonry,178026.0,-15.02,-10.89,0.0,70.55,24.0,SAFE,False
CAND_00901,SIM_OPT_00901,180.0,3.0,0.05,0.075,1,0.38,pu_sandwich_panel,219052.0,-14.6,-10.47,0.0,59.19,24.0,SAFE,False
CAND_00902,SIM_OPT_00902,165.0,8.0,0.075,0.2,1,0.76,stone_masonry,360932.0,-10.49,-3.83,0.0,66.0,24.0,SAFE,False
CAND_00903,SIM_OPT_00903,210.0,6.0,0.025,0.1,0,0.3,pu_sandwich_panel,200475.0,-17.66,-9.53,0.0,86.26,24.0,SAFE,False
CAND_00904,SIM_OPT_00904,180.0,2.0,0.025,0.025,0,0.54,mud_brick,119655.0,-20.13,-14.39,0.0,98.78,24.0,SAFE,False
CAND_00905,SIM_OPT_00905,150.0,8.0,0.1,0.2,1,0.81,pu_sandwich_panel,357928.0,-10.82,-4.62,0.0,70.07,24.0,SAFE,False
CAND_00906,SIM_OPT_00906,210.0,12.0,0.075,0.1,1,0.84,pu_sandwich_panel,380085.0,-5.52,3.54,0.0,49.01,24.0,SAFE,False
CAND_00907,SIM_OPT_00907,180.0,10.0,0.1,0.15,1,0.48,stone_masonry,360431.0,-5.08,2.32,0.0,47.95,24.0,SAFE,False
CAND_00908,SIM_OPT_00908,195.0,4.5,0.075,0.075,0,0.46,stone_masonry,185505.0,-16.43,-10.12,0.0,72.39,24.0,SAFE,False
CAND_00909,SIM_OPT_00909,210.0,6.0,0.075,0.1,1,0.82,pu_sandwich_panel,282137.0,-11.81,-6.35,0.0,56.55,24.0,SAFE,False
CAND_00910,SIM_OPT_00910,188.7,3.0,0.0,0.0,0,0.39,rammed_earth,132475.0,-21.36,-14.56,0.0,283.37,24.0,SAFE,False
CAND_00911,SIM_OPT_00911,180.0,3.0,0.075,0.075,0,0.6,pu_sandwich_panel,247826.0,-17.84,-12.43,0.0,80.79,24.0,SAFE,False
CAND_00912,SIM_OPT_00912,180.0,3.0,0.025,0.05,1,0.69,stone_masonry,212044.0,-15.9,-11.32,0.0,79.71,24.0,SAFE,False
CAND_00913,SIM_OPT_00913,150.0,2.0,0.0,0.025,1,0.34,mud_brick,134960.0,-18.0,-13.55,0.0,208.83,24.0,SAFE,False
CAND_00914,SIM_OPT_00914,150.0,3.0,0.025,0.0,0,0.43,stone_masonry,120817.0,-20.26,-13.92,0.0,143.45,24.0,SAFE,False
CAND_00915,SIM_OPT_00915,150.0,6.0,0.15,0.2,1,0.35,pu_sandwich_panel,313091.0,-10.31,-6.24,0.0,61.31,24.0,SAFE,False
CAND_00916,SIM_OPT_00916,210.0,6.0,0.1,0.1,1,0.51,pu_sandwich_panel,335420.0,-10.87,-5.87,0.0,52.99,24.0,SAFE,False
CAND_00917,SIM_OPT_00917,165.0,6.0,0.15,0.1,1,0.25,stone_masonry,389752.0,-7.39,-3.31,0.0,41.23,24.0,SAFE,False
CAND_00918,SIM_OPT_00918,165.0,4.5,0.025,0.05,1,0.72,pu_sandwich_panel,203189.0,-15.77,-10.28,0.0,107.92,24.0,SAFE,False
CAND_00919,SIM_OPT_00919,210.0,3.0,0.075,0.1,1,0.65,dense_concrete,246365.0,-14.0,-10.34,0.0,51.76,24.0,SAFE,False
CAND_00920,SIM_OPT_00920,150.0,0.0,0.025,0.0,0,0.72,mud_brick,132995.0,-20.88,-15.19,0.0,140.71,24.0,SAFE,False
CAND_00921,SIM_OPT_00921,180.0,6.0,0.075,0.15,1,0.6,stone_masonry,346260.0,-12.1,-6.64,0.0,69.5,24.0,SAFE,False
CAND_00922,SIM_OPT_00922,210.0,8.0,0.1,0.2,1,0.38,pu_sandwich_panel,374354.0,-7.93,-1.73,0.0,44.96,24.0,SAFE,False
CAND_00923,SIM_OPT_00923,165.0,0.0,0.0,0.0,0,0.79,mud_brick,101876.0,-21.5,-15.5,0.0,260.72,24.0,SAFE,False
CAND_00924,SIM_OPT_00924,14.3,8.0,0.1,0.15,1,0.78,pu_sandwich_panel,383763.0,-15.15,-8.95,0.0,73.5,24.0,SAFE,False
CAND_00925,SIM_OPT_00925,150.0,2.0,0.0,0.0,1,0.68,mud_brick,137074.0,-18.0,-13.55,0.0,254.21,24.0,SAFE,False
CAND_00926,SIM_OPT_00926,263.1,4.5,0.025,0.1,1,0.83,stone_masonry,243025.0,-17.38,-11.89,0.0,87.41,24.0,SAFE,False
CAND_00927,SIM_OPT_00927,280.5,4.5,0.075,0.05,1,0.48,stone_masonry,225739.0,-16.12,-11.56,0.0,76.32,24.0,SAFE,False
CAND_00928,SIM_OPT_00928,210.0,10.0,0.1,0.15,1,0.33,pu_sandwich_panel,381636.0,-8.83,-1.43,0.0,63.23,24.0,SAFE,False
CAND_00929,SIM_OPT_00929,173.6,6.0,0.15,0.15,1,0.21,pu_sandwich_panel,345245.0,-8.88,-4.81,0.0,53.17,24.0,SAFE,False
CAND_00930,SIM_OPT_00930,165.0,2.0,0.025,0.025,0,0.26,rammed_earth,130799.0,-19.91,-14.17,0.0,81.15,24.0,SAFE,False
CAND_00931,SIM_OPT_00931,180.0,4.5,0.075,0.1,0,0.72,stone_masonry,217564.0,-14.55,-8.24,0.0,49.75,24.0,SAFE,False
CAND_00932,SIM_OPT_00932,180.0,8.0,0.1,0.2,1,0.26,stone_masonry,397178.0,-8.96,-2.76,0.0,59.47,24.0,SAFE,False
CAND_00933,SIM_OPT_00933,210.0,6.0,0.05,0.05,1,0.58,dense_concrete,256081.0,-11.8,-5.88,0.0,49.89,24.0,SAFE,False
CAND_00934,SIM_OPT_00934,180.0,8.0,0.15,0.2,1,0.74,stone_masonry,398436.0,-5.21,0.06,0.0,43.93,24.0,SAFE,False
CAND_00935,SIM_OPT_00935,150.0,12.0,0.1,0.15,1,0.88,pu_sandwich_panel,337143.0,-7.07,1.53,0.0,60.9,24.0,SAFE,False
CAND_00936,SIM_OPT_00936,195.0,0.0,0.025,0.0,0,0.61,stone_masonry,120354.0,-20.88,-15.19,0.0,160.23,24.0,SAFE,False
CAND_00937,SIM_OPT_00937,37.9,10.0,0.15,0.15,1,0.44,pu_sandwich_panel,361199.0,-12.8,-6.33,0.0,40.32,24.0,SAFE,False
CAND_00938,SIM_OPT_00938,195.0,3.0,0.0,0.0,1,0.59,rammed_earth,109753.0,-17.95,-12.9,0.0,273.82,24.0,SAFE,False
CAND_00939,SIM_OPT_00939,150.0,2.0,0.0,0.025,1,0.32,mud_brick,113643.0,-18.0,-13.55,0.0,207.93,24.0,SAFE,False
CAND_00940,SIM_OPT_00940,150.0,6.0,0.025,0.1,0,0.77,dense_concrete,208667.0,-17.75,-9.62,0.0,88.37,24.0,SAFE,False
CAND_00941,SIM_OPT_00941,180.0,10.0,0.075,0.15,1,0.65,pu_sandwich_panel,311962.0,-8.24,-0.38,0.0,62.42,24.0,SAFE,False
CAND_00942,SIM_OPT_00942,150.0,6.0,0.075,0.1,1,0.37,stone_masonry,251803.0,-12.67,-7.21,0.0,68.84,24.0,SAFE,False
CAND_00943,SIM_OPT_00943,281.2,6.0,0.15,0.1,1,0.79,stone_masonry,342446.0,-13.68,-9.61,0.0,44.12,24.0,SAFE,False
CAND_00944,SIM_OPT_00944,210.0,3.0,0.0,0.025,0,0.4,mud_brick,127292.0,-21.23,-14.43,0.0,206.68,24.0,SAFE,False
CAND_00945,SIM_OPT_00945,50.1,2.0,0.025,0.025,1,0.51,mud_brick,141601.0,-17.38,-13.39,0.0,104.52,24.0,SAFE,False
CAND_00946,SIM_OPT_00946,20.9,3.0,0.025,0.025,0,0.56,mud_brick,120236.0,-20.88,-14.54,0.0,93.75,24.0,SAFE,False
CAND_00947,SIM_OPT_00947,302.6,3.0,0.05,0.1,0,0.29,stone_masonry,200439.0,-20.25,-14.38,0.0,78.21,24.0,SAFE,False
CAND_00948,SIM_OPT_00948,195.0,0.0,0.0,0.0,0,0.59,rammed_earth,97704.0,-21.5,-15.5,0.0,259.67,24.0,SAFE,False
CAND_00949,SIM_OPT_00949,150.0,3.0,0.025,0.025,0,0.25,stone_masonry,130773.0,-19.97,-13.63,0.0,113.64,24.0,SAFE,False
CAND_00950,SIM_OPT_00950,165.0,4.5,0.075,0.075,0,0.27,pu_sandwich_panel,206558.0,-16.43,-10.12,0.0,72.5,24.0,SAFE,False
CAND_00951,SIM_OPT_00951,180.0,6.0,0.05,0.05,0,0.3,dense_concrete,239624.0,-16.61,-8.94,0.0,89.17,24.0,SAFE,False
CAND_00952,SIM_OPT_00952,210.0,3.0,0.025,0.0,0,0.33,stone_masonry,148859.0,-20.27,-13.93,0.0,144.21,24.0,SAFE,False
CAND_00953,SIM_OPT_00953,150.0,8.0,0.075,0.1,1,0.42,pu_sandwich_panel,327599.0,-11.35,-4.69,0.0,68.77,24.0,SAFE,False
CAND_00954,SIM_OPT_00954,195.0,12.0,0.075,0.15,1,0.38,stone_masonry,323955.0,-8.14,0.92,0.0,71.56,24.0,SAFE,False
CAND_00955,SIM_OPT_00955,210.0,6.0,0.05,0.1,0,0.7,pu_sandwich_panel,238060.0,-15.48,-7.81,0.0,60.73,24.0,SAFE,False
CAND_00956,SIM_OPT_00956,195.0,10.0,0.075,0.15,1,0.44,pu_sandwich_panel,358354.0,-7.69,0.17,0.0,56.61,24.0,SAFE,False
CAND_00957,SIM_OPT_00957,150.0,0.0,0.025,0.0,0,0.5,mud_brick,127558.0,-20.88,-15.19,0.0,162.78,24.0,SAFE,False
CAND_00958,SIM_OPT_00958,195.0,3.0,0.025,0.1,1,0.43,stone_masonry,204001.0,-16.0,-11.41,0.0,81.0,24.0,SAFE,False
CAND_00959,SIM_OPT_00959,150.0,12.0,0.15,0.2,1,0.88,stone_masonry,362391.0,-3.24,4.43,0.0,47.27,24.0,SAFE,False
CAND_00960,SIM_OPT_00960,180.0,0.0,0.0,0.025,0,0.2,mud_brick,129259.0,-21.5,-15.5,0.0,211.84,24.0,SAFE,False
CAND_00961,SIM_OPT_00961,180.0,0.0,0.0,0.0,0,0.52,mud_brick,126510.0,-21.5,-15.5,0.0,279.97,24.0,SAFE,False
CAND_00962,SIM_OPT_00962,165.0,6.0,0.075,0.05,1,0.89,stone_masonry,254365.0,-13.1,-7.63,0.0,86.08,24.0,SAFE,False
CAND_00963,SIM_OPT_00963,195.0,2.0,0.025,0.0,1,0.87,mud_brick,127506.0,-17.13,-13.14,0.0,135.13,24.0,SAFE,False
CAND_00964,SIM_OPT_00964,210.0,6.0,0.025,0.1,0,0.58,stone_masonry,227804.0,-18.51,-10.38,0.0,111.74,24.0,SAFE,False
CAND_00965,SIM_OPT_00965,150.0,3.0,0.05,0.05,0,0.68,stone_masonry,187917.0,-18.98,-13.11,0.0,90.42,24.0,SAFE,False
CAND_00966,SIM_OPT_00966,165.0,6.0,0.15,0.15,1,0.42,stone_masonry,375756.0,-5.84,-1.76,0.0,34.04,24.0,SAFE,False
CAND_00967,SIM_OPT_00967,150.0,2.0,0.0,0.0,0,0.77,mud_brick,104823.0,-21.5,-15.3,0.0,282.79,24.0,SAFE,False
CAND_00968,SIM_OPT_00968,150.0,2.0,0.0,0.025,1,0.36,stone_masonry,139504.0,-18.0,-13.55,0.0,214.1,24.0,SAFE,False
CAND_00969,SIM_OPT_00969,195.0,2.0,0.025,0.0,0,0.5,rammed_earth,126544.0,-20.65,-14.91,0.0,163.39,24.0,SAFE,False
CAND_00970,SIM_OPT_00970,195.0,0.0,0.025,0.0,0,0.78,mud_brick,123002.0,-20.88,-15.19,0.0,137.76,24.0,SAFE,False
CAND_00971,SIM_OPT_00971,114.2,4.5,0.025,0.05,1,0.83,dense_concrete,201619.0,-16.84,-11.35,0.0,93.16,24.0,SAFE,False
CAND_00972,SIM_OPT_00972,150.0,4.5,0.075,0.075,0,0.32,stone_masonry,191317.0,-16.53,-10.22,0.0,66.85,24.0,SAFE,False
CAND_00973,SIM_OPT_00973,165.0,3.0,0.05,0.05,0,0.78,stone_masonry,220634.0,-18.6,-12.73,0.0,83.11,24.0,SAFE,False
CAND_00974,SIM_OPT_00974,210.0,6.0,0.05,0.05,0,0.51,stone_masonry,194703.0,-15.1,-7.42,0.0,56.69,24.0,SAFE,False
CAND_00975,SIM_OPT_00975,150.0,6.0,0.025,0.075,0,0.82,dense_concrete,202786.0,-18.61,-10.47,0.0,115.93,24.0,SAFE,False
CAND_00976,SIM_OPT_00976,180.0,3.0,0.075,0.1,0,0.77,stone_masonry,245922.0,-15.84,-10.43,0.0,43.1,24.0,SAFE,False
CAND_00977,SIM_OPT_00977,150.0,6.0,0.075,0.05,0,0.82,dense_concrete,205504.0,-14.22,-7.0,0.0,54.2,24.0,SAFE,False
CAND_00978,SIM_OPT_00978,321.5,6.0,0.025,0.1,1,0.58,dense_concrete,224219.0,-17.26,-10.87,0.0,76.28,24.0,SAFE,False
CAND_00979,SIM_OPT_00979,165.0,6.0,0.15,0.2,1,0.77,pu_sandwich_panel,342528.0,-10.11,-6.04,0.0,65.34,24.0,SAFE,False
CAND_00980,SIM_OPT_00980,195.0,2.0,0.025,0.025,1,0.35,mud_brick,132134.0,-16.64,-12.65,0.0,81.76,24.0,SAFE,False
CAND_00981,SIM_OPT_00981,210.0,10.0,0.1,0.1,1,0.56,stone_masonry,350782.0,-9.16,-1.76,0.0,66.34,24.0,SAFE,False
CAND_00982,SIM_OPT_00982,22.5,2.0,0.0,0.025,1,0.77,mud_brick,116415.0,-18.0,-13.55,0.0,202.45,24.0,SAFE,False
CAND_00983,SIM_OPT_00983,180.0,6.0,0.075,0.05,1,0.6,dense_concrete,195918.0,-12.02,-6.55,0.0,68.18,24.0,SAFE,False
CAND_00984,SIM_OPT_00984,195.0,3.0,0.025,0.075,1,0.77,stone_masonry,207124.0,-16.19,-11.6,0.0,89.96,24.0,SAFE,False
CAND_00985,SIM_OPT_00985,180.0,2.0,0.0,0.0,1,0.23,rammed_earth,116917.0,-18.0,-13.55,0.0,272.66,24.0,SAFE,False
CAND_00986,SIM_OPT_00986,241.9,3.0,0.0,0.025,1,0.47,stone_masonry,134176.0,-18.0,-12.95,0.0,223.45,24.0,SAFE,False
CAND_00987,SIM_OPT_00987,165.0,0.0,0.025,0.025,0,0.59,stone_masonry,130800.0,-20.88,-15.19,0.0,77.74,24.0,SAFE,False
CAND_00988,SIM_OPT_00988,165.0,10.0,0.15,0.1,1,0.7,pu_sandwich_panel,398389.0,-6.96,-0.48,0.0,64.9,24.0,SAFE,False
CAND_00989,SIM_OPT_00989,195.0,3.0,0.0,0.025,1,0.62,mud_brick,139939.0,-17.84,-12.79,0.0,228.74,24.0,SAFE,False
CAND_00990,SIM_OPT_00990,180.0,2.0,0.025,0.025,1,0.64,rammed_earth,146321.0,-16.46,-12.48,0.0,74.08,24.0,SAFE,False
CAND_00991,SIM_OPT_00991,180.0,0.0,0.025,0.025,0,0.79,mud_brick,137138.0,-20.88,-15.19,0.0,80.34,24.0,SAFE,False
CAND_00992,SIM_OPT_00992,195.0,10.0,0.1,0.1,1,0.46,stone_masonry,384286.0,-4.86,2.54,0.0,45.39,24.0,SAFE,False
CAND_00993,SIM_OPT_00993,210.0,0.0,0.025,0.025,0,0.89,rammed_earth,119107.0,-20.88,-15.19,0.0,100.65,24.0,SAFE,False
CAND_00994,SIM_OPT_00994,210.0,4.5,0.025,0.05,0,0.82,stone_masonry,226151.0,-19.21,-11.98,0.0,111.11,24.0,SAFE,False
CAND_00995,SIM_OPT_00995,17.1,2.0,0.0,0.025,1,0.76,mud_brick,122942.0,-18.0,-13.55,0.0,216.07,24.0,SAFE,False
CAND_00996,SIM_OPT_00996,150.0,4.5,0.05,0.05,1,0.28,dense_concrete,209832.0,-14.6,-9.57,0.0,77.02,24.0,SAFE,False
CAND_00997,SIM_OPT_00997,195.0,6.0,0.025,0.1,1,0.65,stone_masonry,250968.0,-14.76,-8.38,0.0,97.49,24.0,SAFE,False
CAND_00998,SIM_OPT_00998,180.0,6.0,0.15,0.15,1,0.84,pu_sandwich_panel,352901.0,-5.02,-0.94,0.0,32.29,24.0,REFUSED,False
CAND_00999,SIM_OPT_00999,150.0,6.0,0.05,0.05,1,0.88,stone_masonry,229326.0,-14.16,-8.23,0.0,88.09,24.0,SAFE,False
CAND_01000,SIM_OPT_01000,150.0,3.0,0.025,0.0,1,0.29,stone_masonry,134046.0,-17.04,-12.46,0.0,163.81,24.0,SAFE,False
CAND_01001,SIM_OPT_01001,220.6,6.0,0.025,0.05,1,0.5,dense_concrete,197729.0,-15.35,-8.96,0.0,94.61,24.0,SAFE,False
CAND_01002,SIM_OPT_01002,165.0,3.0,0.0,0.025,1,0.52,rammed_earth,143951.0,-17.83,-12.78,0.0,224.87,24.0,SAFE,False
CAND_01003,SIM_OPT_01003,180.0,4.5,0.075,0.1,1,0.59,stone_masonry,213032.0,-13.42,-8.86,0.0,73.41,24.0,SAFE,False
CAND_01004,SIM_OPT_01004,154.3,10.0,0.075,0.2,1,0.75,pu_sandwich_panel,395885.0,-10.28,-2.42,0.0,74.41,24.0,SAFE,False
CAND_01005,SIM_OPT_01005,195.0,0.0,0.0,0.0,0,0.62,rammed_earth,116753.0,-21.5,-15.5,0.0,268.03,24.0,SAFE,False
CAND_01006,SIM_OPT_01006,210.0,3.0,0.05,0.075,0,0.69,dense_concrete,224614.0,-18.7,-12.82,0.0,78.05,24.0,SAFE,False
CAND_01007,SIM_OPT_01007,165.0,3.0,0.0,0.0,0,0.64,mud_brick,121567.0,-21.38,-14.58,0.0,287.9,24.0,SAFE,False
CAND_01008,SIM_OPT_01008,195.0,0.0,0.025,0.025,0,0.31,rammed_earth,139012.0,-20.88,-15.19,0.0,104.18,24.0,SAFE,False
CAND_01009,SIM_OPT_01009,69.7,4.5,0.025,0.1,1,0.45,pu_sandwich_panel,213294.0,-17.38,-11.89,0.0,86.34,24.0,SAFE,False
CAND_01010,SIM_OPT_01010,150.0,4.5,0.025,0.05,0,0.22,pu_sandwich_panel,214151.0,-18.03,-10.79,0.0,71.85,24.0,SAFE,False
CAND_01011,SIM_OPT_01011,165.0,0.0,0.0,0.025,0,0.38,stone_masonry,121627.0,-21.5,-15.5,0.0,208.91,24.0,SAFE,False
CAND_01012,SIM_OPT_01012,210.0,6.0,0.025,0.075,0,0.2,dense_concrete,198214.0,-17.66,-9.52,0.0,86.06,24.0,SAFE,False
CAND_01013,SIM_OPT_01013,150.0,6.0,0.075,0.05,1,0.33,pu_sandwich_panel,258750.0,-12.82,-7.36,0.0,71.49,24.0,SAFE,False
CAND_01014,SIM_OPT_01014,180.0,3.0,0.0,0.0,1,0.87,stone_masonry,111890.0,-17.96,-12.91,0.0,292.74,24.0,SAFE,False
CAND_01015,SIM_OPT_01015,165.0,12.0,0.075,0.15,1,0.44,pu_sandwich_panel,385317.0,-3.43,5.63,0.0,46.0,24.0,SAFE,False
CAND_01016,SIM_OPT_01016,150.0,2.0,0.0,0.0,0,0.32,mud_brick,128155.0,-21.5,-15.3,0.0,277.21,24.0,SAFE,False
CAND_01017,SIM_OPT_01017,165.0,6.0,0.075,0.1,1,0.4,dense_concrete,259188.0,-8.45,-2.98,0.0,37.1,24.0,SAFE,False
CAND_01018,SIM_OPT_01018,195.0,0.0,0.025,0.0,0,0.75,mud_brick,121814.0,-20.88,-15.19,0.0,158.7,24.0,SAFE,False
CAND_01019,SIM_OPT_01019,165.0,4.5,0.075,0.1,1,0.52,dense_concrete,196109.0,-11.15,-6.58,0.0,41.54,24.0,SAFE,False
CAND_01020,SIM_OPT_01020,33.7,0.0,0.025,0.025,0,0.67,rammed_earth,109564.0,-20.88,-15.19,0.0,115.27,24.0,SAFE,False
CAND_01021,SIM_OPT_01021,55.7,0.0,0.025,0.0,0,0.61,mud_brick,127735.0,-20.88,-15.19,0.0,152.9,24.0,SAFE,False
CAND_01022,SIM_OPT_01022,180.0,6.0,0.15,0.1,1,0.46,stone_masonry,318075.0,-6.11,-2.04,0.0,36.37,24.0,SAFE,False
CAND_01023,SIM_OPT_01023,165.0,3.0,0.0,0.0,0,0.37,rammed_earth,122474.0,-21.32,-14.52,0.0,261.91,24.0,SAFE,False
CAND_01024,SIM_OPT_01024,126.6,4.5,0.025,0.05,1,0.78,dense_concrete,242670.0,-15.97,-10.48,0.0,73.88,24.0,SAFE,False
CAND_01025,SIM_OPT_01025,195.0,2.0,0.0,0.025,0,0.62,stone_masonry,138798.0,-21.4,-15.2,0.0,199.26,24.0,SAFE,False
CAND_01026,SIM_OPT_01026,210.0,12.0,0.15,0.2,1,0.52,pu_sandwich_panel,405973.0,-1.03,6.65,0.0,39.65,24.0,SAFE,False
CAND_01027,SIM_OPT_01027,195.0,8.0,0.075,0.15,1,0.75,pu_sandwich_panel,333308.0,-10.53,-3.86,0.0,66.36,24.0,SAFE,False
CAND_01028,SIM_OPT_01028,195.0,12.0,0.1,0.1,1,0.65,stone_masonry,370898.0,-6.57,2.03,0.0,64.35,24.0,SAFE,False
CAND_01029,SIM_OPT_01029,195.0,6.0,0.1,0.15,1,0.66,pu_sandwich_panel,333791.0,-7.1,-2.1,0.0,34.11,24.0,SAFE,False
CAND_01030,SIM_OPT_01030,195.0,6.0,0.025,0.05,1,0.45,stone_masonry,212666.0,-14.41,-8.03,0.0,87.66,24.0,SAFE,False
CAND_01031,SIM_OPT_01031,180.0,6.0,0.05,0.1,0,0.72,pu_sandwich_panel,199916.0,-14.53,-6.85,0.0,59.44,24.0,SAFE,False
CAND_01032,SIM_OPT_01032,308.5,12.0,0.1,0.15,1,0.79,stone_masonry,407197.0,-14.09,-5.49,0.0,49.33,24.0,SAFE,False
CAND_01033,SIM_OPT_01033,180.0,4.5,0.075,0.1,1,0.65,dense_concrete,232716.0,-10.97,-6.41,0.0,41.68,24.0,SAFE,False
CAND_01034,SIM_OPT_01034,165.0,0.0,0.0,0.0,0,0.47,rammed_earth,123116.0,-21.5,-15.5,0.0,276.88,24.0,SAFE,False
CAND_01035,SIM_OPT_01035,180.0,6.0,0.15,0.2,1,0.89,pu_sandwich_panel,320483.0,-6.62,-2.54,0.0,38.62,24.0,SAFE,False
CAND_01036,SIM_OPT_01036,347.5,12.0,0.075,0.15,1,0.27,pu_sandwich_panel,355459.0,-14.75,-5.69,0.0,50.35,24.0,SAFE,False
CAND_01037,SIM_OPT_01037,202.0,4.5,0.05,0.075,0,0.36,pu_sandwich_panel,223435.0,-17.58,-10.8,0.0,81.07,24.0,SAFE,False
CAND_01038,SIM_OPT_01038,262.8,4.5,0.05,0.075,1,0.85,pu_sandwich_panel,209738.0,-16.75,-11.72,0.0,91.44,24.0,SAFE,False
CAND_01039,SIM_OPT_01039,150.0,4.5,0.075,0.05,1,0.29,dense_concrete,247349.0,-11.78,-7.22,0.0,42.12,24.0,SAFE,False
CAND_01040,SIM_OPT_01040,210.0,2.0,0.025,0.0,0,0.47,mud_brick,122446.0,-20.67,-14.94,0.0,152.34,24.0,SAFE,False
CAND_01041,SIM_OPT_01041,195.0,4.5,0.025,0.05,1,0.4,stone_masonry,213762.0,-14.56,-9.07,0.0,68.7,24.0,SAFE,False
CAND_01042,SIM_OPT_01042,210.0,4.5,0.05,0.075,1,0.77,pu_sandwich_panel,209562.0,-14.15,-9.12,0.0,65.86,24.0,SAFE,False
CAND_01043,SIM_OPT_01043,195.0,3.0,0.0,0.025,1,0.75,stone_masonry,128015.0,-17.84,-12.79,0.0,230.81,24.0,SAFE,False
CAND_01044,SIM_OPT_01044,94.0,3.0,0.025,0.1,1,0.42,dense_concrete,231339.0,-17.38,-12.79,0.0,75.73,24.0,SAFE,False
CAND_01045,SIM_OPT_01045,195.0,8.0,0.15,0.15,1,0.86,stone_masonry,330015.0,-9.14,-3.87,0.0,72.18,24.0,SAFE,False
CAND_01046,SIM_OPT_01046,165.0,12.0,0.15,0.2,1,0.31,pu_sandwich_panel,397464.0,5.15,12.82,3.91,30.5,20.09,SAFE,True
CAND_01047,SIM_OPT_01047,150.0,3.0,0.075,0.075,0,0.64,pu_sandwich_panel,222411.0,-17.94,-12.53,0.0,73.21,24.0,SAFE,False
CAND_01048,SIM_OPT_01048,195.0,0.0,0.0,0.025,0,0.34,stone_masonry,114464.0,-21.5,-15.5,0.0,204.41,24.0,SAFE,False
CAND_01049,SIM_OPT_01049,180.0,6.0,0.05,0.075,1,0.4,pu_sandwich_panel,231689.0,-13.31,-7.38,0.0,79.77,24.0,SAFE,False
CAND_01050,SIM_OPT_01050,165.0,6.0,0.025,0.05,0,0.26,stone_masonry,199350.0,-17.38,-9.24,0.0,89.31,24.0,SAFE,False
CAND_01051,SIM_OPT_01051,210.0,2.0,0.025,0.0,0,0.28,rammed_earth,147570.0,-20.71,-14.97,0.0,160.16,24.0,SAFE,False
CAND_01052,SIM_OPT_01052,180.0,6.0,0.075,0.15,1,0.55,pu_sandwich_panel,329264.0,-11.42,-5.96,0.0,60.37,24.0,SAFE,False
CAND_01053,SIM_OPT_01053,180.0,4.5,0.05,0.05,0,0.63,stone_masonry,194914.0,-17.07,-10.29,0.0,75.23,24.0,SAFE,False
CAND_01054,SIM_OPT_01054,195.0,0.0,0.025,0.0,0,0.68,rammed_earth,128847.0,-20.88,-15.19,0.0,164.99,24.0,SAFE,False
CAND_01055,SIM_OPT_01055,210.0,4.5,0.025,0.1,0,0.28,pu_sandwich_panel,201365.0,-18.53,-11.29,0.0,84.49,24.0,SAFE,False
CAND_01056,SIM_OPT_01056,195.0,6.0,0.025,0.075,1,0.59,pu_sandwich_panel,191663.0,-14.69,-8.3,0.0,95.23,24.0,SAFE,False
CAND_01057,SIM_OPT_01057,358.4,2.0,0.0,0.025,0,0.89,mud_brick,131687.0,-21.5,-15.3,0.0,196.98,24.0,SAFE,False
CAND_01058,SIM_OPT_01058,165.0,12.0,0.1,0.1,1,0.49,pu_sandwich_panel,330697.0,-1.93,6.67,0.0,43.13,24.0,SAFE,False
CAND_01059,SIM_OPT_01059,180.0,3.0,0.075,0.1,1,0.85,dense_concrete,203233.0,-14.41,-10.75,0.0,70.8,24.0,SAFE,False
CAND_01060,SIM_OPT_01060,165.0,0.0,0.0,0.025,0,0.69,stone_masonry,123791.0,-21.5,-15.5,0.0,203.03,24.0,SAFE,False
CAND_01061,SIM_OPT_01061,33.5,4.5,0.075,0.075,0,0.25,pu_sandwich_panel,240195.0,-19.48,-13.16,0.0,64.02,24.0,SAFE,False
CAND_01062,SIM_OPT_01062,195.0,4.5,0.075,0.1,1,0.36,pu_sandwich_panel,195021.0,-11.99,-7.42,0.0,49.1,24.0,SAFE,False
CAND_01063,SIM_OPT_01063,109.2,6.0,0.075,0.1,0,0.46,pu_sandwich_panel,207598.0,-18.5,-11.29,0.0,74.75,24.0,SAFE,False
CAND_01064,SIM_OPT_01064,95.8,3.0,0.05,0.075,1,0.39,stone_masonry,223740.0,-16.75,-12.62,0.0,54.83,24.0,SAFE,False
CAND_01065,SIM_OPT_01065,189.3,2.0,0.025,0.0,1,0.52,mud_brick,145390.0,-17.22,-13.23,0.0,158.47,24.0,SAFE,False
CAND_01066,SIM_OPT_01066,180.0,0.0,0.025,0.025,0,0.7,rammed_earth,123029.0,-20.88,-15.19,0.0,115.53,24.0,SAFE,False
CAND_01067,SIM_OPT_01067,165.0,3.0,0.025,0.0,0,0.34,mud_brick,131425.0,-20.26,-13.93,0.0,160.53,24.0,SAFE,False
CAND_01068,SIM_OPT_01068,210.0,3.0,0.075,0.1,0,0.77,pu_sandwich_panel,198219.0,-17.62,-12.21,0.0,63.78,24.0,SAFE,False
CAND_01069,SIM_OPT_01069,195.0,6.0,0.025,0.075,1,0.24,stone_masonry,205175.0,-14.68,-8.29,0.0,94.93,24.0,SAFE,False
CAND_01070,SIM_OPT_01070,195.0,2.0,0.025,0.025,0,0.57,stone_masonry,122514.0,-20.35,-14.61,0.0,116.0,24.0,SAFE,False
CAND_01071,SIM_OPT_01071,150.0,3.0,0.025,0.025,0,0.22,mud_brick,132954.0,-19.53,-13.2,0.0,86.78,24.0,SAFE,False
CAND_01072,SIM_OPT_01072,87.4,10.0,0.1,0.2,1,0.33,stone_masonry,355017.0,-14.56,-7.16,0.0,54.39,24.0,SAFE,False
CAND_01073,SIM_OPT_01073,195.0,4.5,0.025,0.1,1,0.45,stone_masonry,234420.0,-15.4,-9.91,0.0,91.87,24.0,SAFE,False
CAND_01074,SIM_OPT_01074,165.0,3.0,0.025,0.0,1,0.63,rammed_earth,131948.0,-16.88,-12.29,0.0,153.05,24.0,SAFE,False
CAND_01075,SIM_OPT_01075,180.0,3.0,0.025,0.0,0,0.81,stone_masonry,141012.0,-20.07,-13.73,0.0,141.31,24.0,SAFE,False
CAND_01076,SIM_OPT_01076,180.0,3.0,0.075,0.1,0,0.64,dense_concrete,228153.0,-16.17,-10.76,0.0,46.68,24.0,SAFE,False
CAND_01077,SIM_OPT_01077,150.0,6.0,0.025,0.05,1,0.42,stone_masonry,188081.0,-15.09,-8.7,0.0,97.55,24.0,SAFE,False
CAND_01078,SIM_OPT_01078,210.0,4.5,0.05,0.05,1,0.4,pu_sandwich_panel,221797.0,-14.79,-9.77,0.0,82.82,24.0,SAFE,False
CAND_01079,SIM_OPT_01079,210.0,2.0,0.025,0.025,0,0.78,stone_masonry,117463.0,-20.34,-14.6,0.0,103.05,24.0,SAFE,False
CAND_01080,SIM_OPT_01080,321.8,8.0,0.075,0.2,1,0.59,stone_masonry,317781.0,-15.77,-9.11,0.0,73.82,24.0,SAFE,False
CAND_01081,SIM_OPT_01081,210.0,0.0,0.0,0.0,0,0.62,mud_brick,120507.0,-21.5,-15.5,0.0,262.76,24.0,SAFE,False
CAND_01082,SIM_OPT_01082,165.0,6.0,0.025,0.05,1,0.7,stone_masonry,222650.0,-15.0,-8.61,0.0,105.42,24.0,SAFE,False
CAND_01083,SIM_OPT_01083,210.0,2.0,0.025,0.025,1,0.73,stone_masonry,144602.0,-17.08,-13.09,0.0,113.66,24.0,SAFE,False
CAND_01084,SIM_OPT_01084,165.0,8.0,0.075,0.15,1,0.45,pu_sandwich_panel,376301.0,-8.66,-2.0,0.0,50.77,24.0,SAFE,False
CAND_01085,SIM_OPT_01085,195.0,2.0,0.025,0.025,0,0.57,rammed_earth,135517.0,-20.0,-14.27,0.0,86.58,24.0,SAFE,False
CAND_01086,SIM_OPT_01086,165.0,3.0,0.05,0.05,1,0.43,pu_sandwich_panel,174794.0,-14.98,-10.86,0.0,66.94,24.0,SAFE,False
CAND_01087,SIM_OPT_01087,165.0,6.0,0.075,0.05,1,0.33,dense_concrete,233370.0,-10.07,-4.61,0.0,46.31,24.0,SAFE,False
CAND_01088,SIM_OPT_01088,165.0,12.0,0.15,0.15,1,0.48,pu_sandwich_panel,398880.0,-6.12,1.56,0.0,70.32,24.0,SAFE,False
CAND_01089,SIM_OPT_01089,283.4,3.0,0.025,0.025,1,0.27,stone_masonry,136583.0,-17.38,-12.79,0.0,88.39,24.0,SAFE,False
CAND_01090,SIM_OPT_01090,165.0,3.0,0.0,0.025,0,0.76,rammed_earth,127136.0,-21.16,-14.36,0.0,213.65,24.0,SAFE,False
CAND_01091,SIM_OPT_01091,150.0,2.0,0.0,0.0,0,0.26,rammed_earth,133064.0,-21.5,-15.3,0.0,247.27,24.0,SAFE,False
CAND_01092,SIM_OPT_01092,180.0,0.0,0.0,0.025,0,0.59,stone_masonry,121094.0,-21.5,-15.5,0.0,199.94,24.0,SAFE,False
CAND_01093,SIM_OPT_01093,35.3,3.0,0.05,0.05,1,0.37,dense_concrete,178941.0,-16.75,-12.62,0.0,85.83,24.0,SAFE,False
CAND_01094,SIM_OPT_01094,166.0,0.0,0.025,0.0,0,0.38,rammed_earth,118490.0,-20.88,-15.19,0.0,146.71,24.0,SAFE,False
CAND_01095,SIM_OPT_01095,150.0,3.0,0.05,0.1,0,0.56,stone_masonry,195952.0,-17.93,-12.05,0.0,56.78,24.0,SAFE,False
CAND_01096,SIM_OPT_01096,195.0,10.0,0.1,0.1,1,0.31,stone_masonry,354143.0,-1.59,5.81,0.0,35.09,24.0,SAFE,False
CAND_01097,SIM_OPT_01097,195.0,10.0,0.075,0.15,1,0.29,pu_sandwich_panel,328756.0,-9.32,-1.46,0.0,69.19,24.0,SAFE,False
CAND_01098,SIM_OPT_01098,195.0,0.0,0.0,0.0,0,0.49,mud_brick,123260.0,-21.5,-15.5,0.0,284.07,24.0,SAFE,False
CAND_01099,SIM_OPT_01099,150.0,3.0,0.025,0.075,1,0.3,stone_masonry,222437.0,-16.45,-11.87,0.0,95.69,24.0,SAFE,False
CAND_01100,SIM_OPT_01100,165.0,0.0,0.0,0.0,0,0.37,stone_masonry,124578.0,-21.5,-15.5,0.0,258.62,24.0,SAFE,False
CAND_01101,SIM_OPT_01101,180.0,0.0,0.0,0.0,0,0.53,stone_masonry,100553.0,-21.5,-15.5,0.0,254.65,24.0,SAFE,False
CAND_01102,SIM_OPT_01102,165.0,10.0,0.075,0.2,1,0.34,pu_sandwich_panel,363341.0,-3.4,4.46,0.0,38.25,24.0,SAFE,False
CAND_01103,SIM_OPT_01103,18.4,3.0,0.075,0.075,1,0.26,dense_concrete,246535.0,-16.12,-12.46,0.0,69.89,24.0,SAFE,False
CAND_01104,SIM_OPT_01104,195.0,4.5,0.05,0.1,1,0.81,pu_sandwich_panel,206375.0,-14.68,-9.65,0.0,88.55,24.0,SAFE,False
CAND_01105,SIM_OPT_01105,165.0,2.0,0.0,0.025,0,0.85,rammed_earth,126368.0,-21.5,-15.3,0.0,239.25,24.0,SAFE,False
CAND_01106,SIM_OPT_01106,165.0,3.0,0.05,0.1,1,0.38,stone_masonry,197755.0,-15.3,-11.18,0.0,77.64,24.0,SAFE,False
CAND_01107,SIM_OPT_01107,195.0,2.0,0.025,0.0,0,0.34,rammed_earth,145352.0,-20.57,-14.84,0.0,148.6,24.0,SAFE,False
CAND_01108,SIM_OPT_01108,195.0,2.0,0.025,0.025,0,0.22,stone_masonry,126329.0,-19.98,-14.24,0.0,85.25,24.0,SAFE,False
CAND_01109,SIM_OPT_01109,195.0,3.0,0.025,0.1,0,0.67,pu_sandwich_panel,213618.0,-18.96,-12.62,0.0,73.89,24.0,SAFE,False
CAND_01110,SIM_OPT_01110,150.0,8.0,0.15,0.2,1,0.23,stone_masonry,381316.0,-8.47,-3.2,0.0,57.75,24.0,SAFE,False
CAND_01111,SIM_OPT_01111,210.0,3.0,0.025,0.0,0,0.55,stone_masonry,126285.0,-20.32,-13.98,0.0,151.43,24.0,SAFE,False
CAND_01112,SIM_OPT_01112,165.0,6.0,0.15,0.2,1,0.89,stone_masonry,354038.0,-10.23,-6.16,0.0,67.15,24.0,SAFE,False
CAND_01113,SIM_OPT_01113,180.0,6.0,0.15,0.15,1,0.21,pu_sandwich_panel,391772.0,-4.68,-0.6,0.0,31.19,24.0,SAFE,False
CAND_01114,SIM_OPT_01114,165.0,6.0,0.025,0.075,1,0.39,stone_masonry,210788.0,-14.52,-8.13,0.0,90.45,24.0,SAFE,False
CAND_01115,SIM_OPT_01115,309.4,4.5,0.075,0.05,0,0.78,dense_concrete,206312.0,-19.39,-13.08,0.0,56.92,24.0,SAFE,False
CAND_01116,SIM_OPT_01116,210.0,8.0,0.075,0.1,1,0.79,stone_masonry,309076.0,-12.27,-5.61,0.0,83.33,24.0,SAFE,False
CAND_01117,SIM_OPT_01117,195.0,3.0,0.075,0.1,1,0.41,pu_sandwich_panel,194325.0,-13.96,-10.29,0.0,56.87,24.0,SAFE,False
CAND_01118,SIM_OPT_01118,180.0,3.0,0.0,0.025,0,0.72,rammed_earth,131937.0,-21.23,-14.43,0.0,239.22,24.0,SAFE,False
CAND_01119,SIM_OPT_01119,180.0,0.0,0.0,0.0,0,0.5,rammed_earth,121952.0,-21.5,-15.5,0.0,270.33,24.0,SAFE,False
CAND_01120,SIM_OPT_01120,195.0,0.0,0.025,0.025,0,0.64,stone_masonry,111494.0,-20.88,-15.19,0.0,107.3,24.0,SAFE,False
CAND_01121,SIM_OPT_01121,165.0,3.0,0.0,0.025,0,0.4,rammed_earth,142175.0,-21.14,-14.34,0.0,207.83,24.0,SAFE,False
CAND_01122,SIM_OPT_01122,291.9,8.0,0.1,0.1,1,0.81,pu_sandwich_panel,336457.0,-14.84,-8.64,0.0,54.37,24.0,SAFE,False
CAND_01123,SIM_OPT_01123,210.0,3.0,0.05,0.05,1,0.84,stone_masonry,202862.0,-14.6,-10.47,0.0,51.31,24.0,SAFE,False
CAND_01124,SIM_OPT_01124,210.0,3.0,0.075,0.05,0,0.76,stone_masonry,210501.0,-18.23,-12.82,0.0,84.56,24.0,SAFE,False
CAND_01125,SIM_OPT_01125,195.0,3.0,0.025,0.025,1,0.76,rammed_earth,140302.0,-16.56,-11.97,0.0,115.56,24.0,SAFE,False
CAND_01126,SIM_OPT_01126,180.0,10.0,0.15,0.2,1,0.32,stone_masonry,380920.0,-5.32,1.15,0.0,55.5,24.0,SAFE,False
CAND_01127,SIM_OPT_01127,150.0,3.0,0.05,0.05,0,0.25,stone_masonry,215257.0,-18.31,-12.43,0.0,65.57,24.0,SAFE,False
CAND_01128,SIM_OPT_01128,150.0,0.0,0.0,0.0,0,0.21,rammed_earth,115699.0,-21.5,-15.5,0.0,274.92,24.0,SAFE,False
CAND_01129,SIM_OPT_01129,195.0,4.5,0.075,0.1,0,0.79,stone_masonry,247623.0,-14.27,-7.96,0.0,45.77,24.0,SAFE,False
CAND_01130,SIM_OPT_01130,150.0,6.0,0.025,0.05,1,0.78,stone_masonry,199415.0,-14.9,-8.51,0.0,91.3,24.0,SAFE,False
CAND_01131,SIM_OPT_01131,195.0,12.0,0.15,0.2,1,0.86,pu_sandwich_panel,387756.0,-4.06,3.61,0.0,56.77,24.0,SAFE,False
CAND_01132,SIM_OPT_01132,58.7,3.0,0.025,0.1,1,0.34,pu_sandwich_panel,219563.0,-17.38,-12.79,0.0,90.88,24.0,SAFE,False
CAND_01133,SIM_OPT_01133,165.0,0.0,0.025,0.0,0,0.47,stone_masonry,112641.0,-20.88,-15.19,0.0,155.71,24.0,SAFE,False
CAND_01134,SIM_OPT_01134,180.0,3.0,0.05,0.05,0,0.88,dense_concrete,222283.0,-18.12,-12.25,0.0,70.14,24.0,SAFE,False
CAND_01135,SIM_OPT_01135,180.0,6.0,0.025,0.05,0,0.61,stone_masonry,173975.0,-18.13,-9.99,0.0,113.76,24.0,SAFE,False
CAND_01136,SIM_OPT_01136,180.0,6.0,0.05,0.075,1,0.29,dense_concrete,248178.0,-12.69,-6.76,0.0,68.84,24.0,SAFE,False
CAND_01137,SIM_OPT_01137,150.0,2.0,0.025,0.025,0,0.27,stone_masonry,147883.0,-20.32,-14.59,0.0,101.19,24.0,SAFE,False
CAND_01138,SIM_OPT_01138,195.0,3.0,0.025,0.075,0,0.82,pu_sandwich_panel,178889.0,-19.4,-13.06,0.0,90.54,24.0,SAFE,False
CAND_01139,SIM_OPT_01139,150.0,6.0,0.075,0.15,1,0.48,stone_masonry,299330.0,-10.59,-5.12,0.0,45.07,24.0,SAFE,False
CAND_01140,SIM_OPT_01140,210.0,6.0,0.05,0.1,0,0.86,dense_concrete,224970.0,-17.21,-9.54,0.0,90.43,24.0,SAFE,False
CAND_01141,SIM_OPT_01141,150.0,4.5,0.075,0.075,0,0.7,stone_masonry,227219.0,-15.48,-9.17,0.0,51.73,24.0,SAFE,False
CAND_01142,SIM_OPT_01142,166.4,12.0,0.15,0.15,1,0.63,pu_sandwich_panel,370551.0,3.64,11.31,1.55,33.2,22.45,SAFE,True
CAND_01143,SIM_OPT_01143,195.0,4.5,0.025,0.05,1,0.31,stone_masonry,230807.0,-14.79,-9.3,0.0,73.7,24.0,SAFE,False
CAND_01144,SIM_OPT_01144,82.9,4.5,0.025,0.075,0,0.53,pu_sandwich_panel,170087.0,-20.88,-13.64,0.0,99.99,24.0,SAFE,False
CAND_01145,SIM_OPT_01145,195.0,10.0,0.075,0.2,1,0.29,pu_sandwich_panel,384888.0,-4.79,3.07,0.0,42.75,24.0,SAFE,False
CAND_01146,SIM_OPT_01146,210.0,2.0,0.0,0.025,0,0.44,mud_brick,114416.0,-21.5,-15.3,0.0,214.79,24.0,SAFE,False
CAND_01147,SIM_OPT_01147,58.7,3.0,0.0,0.0,1,0.85,mud_brick,130159.0,-18.0,-12.95,0.0,290.94,24.0,SAFE,False
CAND_01148,SIM_OPT_01148,210.0,3.0,0.0,0.025,0,0.5,mud_brick,129229.0,-21.24,-14.44,0.0,209.39,24.0,SAFE,False
CAND_01149,SIM_OPT_01149,78.6,0.0,0.0,0.025,0,0.22,rammed_earth,127550.0,-21.5,-15.5,0.0,190.13,24.0,SAFE,False
CAND_01150,SIM_OPT_01150,150.0,6.0,0.1,0.15,1,0.27,stone_masonry,317983.0,-9.63,-4.63,0.0,42.68,24.0,SAFE,False
CAND_01151,SIM_OPT_01151,150.0,2.0,0.025,0.0,0,0.36,rammed_earth,132456.0,-20.75,-15.01,0.0,170.06,24.0,SAFE,False
CAND_01152,SIM_OPT_01152,165.0,2.0,0.025,0.0,0,0.64,rammed_earth,141313.0,-20.66,-14.92,0.0,166.37,24.0,SAFE,False
CAND_01153,SIM_OPT_01153,166.2,2.0,0.0,0.025,0,0.26,rammed_earth,135542.0,-21.45,-15.25,0.0,218.37,24.0,SAFE,False
CAND_01154,SIM_OPT_01154,195.0,0.0,0.025,0.025,0,0.73,mud_brick,139926.0,-20.88,-15.19,0.0,106.29,24.0,SAFE,False
CAND_01155,SIM_OPT_01155,165.0,0.0,0.025,0.0,0,0.43,rammed_earth,126597.0,-20.88,-15.19,0.0,132.71,24.0,SAFE,False
CAND_01156,SIM_OPT_01156,165.0,4.5,0.05,0.05,1,0.67,pu_sandwich_panel,199854.0,-14.18,-9.15,0.0,74.24,24.0,SAFE,False
CAND_01157,SIM_OPT_01157,180.0,3.0,0.025,0.1,1,0.42,dense_concrete,190337.0,-16.27,-11.68,0.0,97.57,24.0,SAFE,False
CAND_01158,SIM_OPT_01158,150.0,6.0,0.1,0.15,1,0.84,stone_masonry,347937.0,-12.13,-7.13,0.0,70.37,24.0,SAFE,False
CAND_01159,SIM_OPT_01159,195.0,0.0,0.025,0.025,0,0.21,mud_brick,115477.0,-20.88,-15.19,0.0,68.84,24.0,SAFE,False
CAND_01160,SIM_OPT_01160,195.0,6.0,0.05,0.05,0,0.67,pu_sandwich_panel,226206.0,-16.55,-8.88,0.0,85.1,24.0,SAFE,False
CAND_01161,SIM_OPT_01161,150.0,3.0,0.05,0.075,0,0.54,pu_sandwich_panel,184453.0,-18.83,-12.95,0.0,83.43,24.0,SAFE,False
CAND_01162,SIM_OPT_01162,165.0,3.0,0.025,0.025,1,0.74,mud_brick,142451.0,-15.97,-11.38,0.0,79.71,24.0,SAFE,False
CAND_01163,SIM_OPT_01163,34.8,8.0,0.1,0.1,1,0.48,pu_sandwich_panel,365285.0,-15.07,-8.87,0.0,67.44,24.0,SAFE,False
CAND_01164,SIM_OPT_01164,210.0,3.0,0.025,0.025,1,0.71,mud_brick,122010.0,-16.45,-11.86,0.0,95.38,24.0,SAFE,False
CAND_01165,SIM_OPT_01165,210.0,2.0,0.0,0.0,0,0.77,stone_masonry,118610.0,-21.5,-15.3,0.0,272.89,24.0,SAFE,False
CAND_01166,SIM_OPT_01166,150.0,4.5,0.05,0.05,1,0.47,pu_sandwich_panel,248616.0,-14.27,-9.24,0.0,68.44,24.0,SAFE,False
CAND_01167,SIM_OPT_01167,219.3,3.0,0.025,0.0,1,0.87,stone_masonry,127069.0,-17.05,-12.46,0.0,147.04,24.0,SAFE,False
CAND_01168,SIM_OPT_01168,210.0,3.0,0.075,0.05,1,0.27,pu_sandwich_panel,250726.0,-14.79,-11.13,0.0,74.17,24.0,SAFE,False
CAND_01169,SIM_OPT_01169,165.0,12.0,0.15,0.1,1,0.7,stone_masonry,344970.0,-0.1,7.58,0.0,41.44,24.0,SAFE,False
CAND_01170,SIM_OPT_01170,195.0,2.0,0.0,0.0,0,0.48,stone_masonry,129009.0,-21.5,-15.3,0.0,286.1,24.0,SAFE,False
CAND_01171,SIM_OPT_01171,150.0,2.0,0.025,0.025,0,0.68,rammed_earth,116672.0,-20.25,-14.51,0.0,94.56,24.0,SAFE,False
CAND_01172,SIM_OPT_01172,210.0,6.0,0.025,0.05,1,0.8,pu_sandwich_panel,245104.0,-14.43,-8.04,0.0,78.96,24.0,SAFE,False
CAND_01173,SIM_OPT_01173,259.2,10.0,0.15,0.2,1,0.28,pu_sandwich_panel,386453.0,-12.78,-6.3,0.0,49.84,24.0,SAFE,False
CAND_01174,SIM_OPT_01174,150.0,4.5,0.025,0.1,0,0.67,dense_concrete,213958.0,-19.21,-11.97,0.0,110.74,24.0,SAFE,False
CAND_01175,SIM_OPT_01175,302.3,0.0,0.025,0.025,0,0.8,mud_brick,108737.0,-20.88,-15.19,0.0,111.95,24.0,SAFE,False
CAND_01176,SIM_OPT_01176,55.4,3.0,0.075,0.1,0,0.85,pu_sandwich_panel,230995.0,-19.47,-14.05,0.0,42.21,24.0,SAFE,False
CAND_01177,SIM_OPT_01177,165.0,0.0,0.025,0.0,0,0.22,stone_masonry,135083.0,-20.88,-15.19,0.0,138.08,24.0,SAFE,False
CAND_01178,SIM_OPT_01178,150.0,3.0,0.05,0.075,1,0.27,pu_sandwich_panel,229128.0,-14.32,-10.2,0.0,46.46,24.0,SAFE,False
CAND_01179,SIM_OPT_01179,229.3,2.0,0.025,0.025,1,0.2,mud_brick,149307.0,-17.22,-13.23,0.0,103.71,24.0,SAFE,False
CAND_01180,SIM_OPT_01180,150.0,3.0,0.05,0.075,0,0.53,dense_concrete,198824.0,-18.85,-12.98,0.0,84.33,24.0,SAFE,False
CAND_01181,SIM_OPT_01181,195.0,0.0,0.025,0.025,0,0.28,mud_brick,117649.0,-20.88,-15.19,0.0,67.82,24.0,SAFE,False
CAND_01182,SIM_OPT_01182,165.0,3.0,0.025,0.025,0,0.34,rammed_earth,134808.0,-19.78,-13.45,0.0,111.98,24.0,SAFE,False
CAND_01183,SIM_OPT_01183,150.0,3.0,0.025,0.075,0,0.24,pu_sandwich_panel,186649.0,-19.48,-13.14,0.0,84.57,24.0,SAFE,False
CAND_01184,SIM_OPT_01184,195.0,8.0,0.1,0.1,1,0.76,stone_masonry,338957.0,-8.88,-2.68,0.0,56.8,24.0,SAFE,False
CAND_01185,SIM_OPT_01185,180.0,6.0,0.1,0.1,1,0.24,pu_sandwich_panel,321832.0,-9.94,-4.94,0.0,51.81,24.0,SAFE,False
CAND_01186,SIM_OPT_01186,150.0,4.5,0.025,0.075,0,0.28,stone_masonry,193528.0,-18.22,-10.98,0.0,76.07,24.0,SAFE,False
CAND_01187,SIM_OPT_01187,195.0,12.0,0.075,0.1,1,0.47,stone_masonry,326741.0,-8.52,0.54,0.0,74.92,24.0,SAFE,False
CAND_01188,SIM_OPT_01188,320.2,3.0,0.025,0.025,0,0.46,stone_masonry,144928.0,-20.88,-14.54,0.0,108.39,24.0,SAFE,False
CAND_01189,SIM_OPT_01189,150.0,0.0,0.025,0.0,0,0.86,rammed_earth,129834.0,-20.88,-15.19,0.0,157.81,24.0,SAFE,False
CAND_01190,SIM_OPT_01190,210.0,6.0,0.15,0.1,1,0.71,stone_masonry,335654.0,-8.56,-4.49,0.0,43.98,24.0,SAFE,False
CAND_01191,SIM_OPT_01191,195.0,3.0,0.025,0.025,0,0.42,rammed_earth,142819.0,-19.2,-12.86,0.0,82.05,24.0,SAFE,False
CAND_01192,SIM_OPT_01192,180.0,12.0,0.075,0.15,1,0.52,pu_sandwich_panel,399607.0,-5.01,4.05,0.0,54.1,24.0,SAFE,False
CAND_01193,SIM_OPT_01193,195.0,3.0,0.0,0.0,1,0.42,mud_brick,110968.0,-17.91,-12.86,0.0,255.82,24.0,SAFE,False
CAND_01194,SIM_OPT_01194,210.0,0.0,0.0,0.025,0,0.68,stone_masonry,107263.0,-21.5,-15.5,0.0,218.96,24.0,SAFE,False
CAND_01195,SIM_OPT_01195,195.0,10.0,0.1,0.2,1,0.57,pu_sandwich_panel,404007.0,-1.01,6.39,0.0,33.73,24.0,SAFE,False
CAND_01196,SIM_OPT_01196,195.0,0.0,0.025,0.025,0,0.77,stone_masonry,107488.0,-20.88,-15.19,0.0,84.32,24.0,SAFE,False
CAND_01197,SIM_OPT_01197,101.0,2.0,0.0,0.0,1,0.84,rammed_earth,132916.0,-18.0,-13.55,0.0,258.21,24.0,SAFE,False
CAND_01198,SIM_OPT_01198,180.0,12.0,0.075,0.2,1,0.81,stone_masonry,320165.0,-8.87,0.2,0.0,81.02,24.0,SAFE,False
CAND_01199,SIM_OPT_01199,339.0,4.5,0.05,0.1,0,0.81,pu_sandwich_panel,205689.0,-20.25,-13.47,0.0,91.73,24.0,SAFE,False
CAND_01200,SIM_OPT_01200,150.0,3.0,0.025,0.0,0,0.85,mud_brick,139868.0,-20.33,-13.99,0.0,153.65,24.0,SAFE,False
CAND_01201,SIM_OPT_01201,180.0,3.0,0.0,0.025,0,0.25,rammed_earth,118189.0,-21.12,-14.32,0.0,210.9,24.0,SAFE,False
CAND_01202,SIM_OPT_01202,210.0,3.0,0.05,0.05,0,0.85,stone_masonry,196773.0,-18.31,-12.43,0.0,65.64,24.0,SAFE,False
CAND_01203,SIM_OPT_01203,212.3,0.0,0.0,0.025,0,0.82,stone_masonry,131505.0,-21.5,-15.5,0.0,215.64,24.0,SAFE,False
CAND_01204,SIM_OPT_01204,150.0,0.0,0.025,0.0,0,0.5,stone_masonry,130933.0,-20.88,-15.19,0.0,139.78,24.0,SAFE,False
CAND_01205,SIM_OPT_01205,210.0,12.0,0.075,0.2,1,0.74,pu_sandwich_panel,385034.0,-9.38,-0.32,0.0,75.1,24.0,SAFE,False
CAND_01206,SIM_OPT_01206,150.0,3.0,0.05,0.1,0,0.21,stone_masonry,192512.0,-18.33,-12.45,0.0,66.25,24.0,SAFE,False
CAND_01207,SIM_OPT_01207,165.0,2.0,0.0,0.025,1,0.22,stone_masonry,112874.0,-18.0,-13.55,0.0,200.46,24.0,SAFE,False
CAND_01208,SIM_OPT_01208,180.0,3.0,0.075,0.075,1,0.25,dense_concrete,210277.0,-14.02,-10.36,0.0,60.38,24.0,SAFE,False
CAND_01209,SIM_OPT_01209,210.0,4.5,0.05,0.075,0,0.36,dense_concrete,180249.0,-16.34,-9.56,0.0,54.48,24.0,SAFE,False
CAND_01210,SIM_OPT_01210,195.0,0.0,0.025,0.025,0,0.53,rammed_earth,133142.0,-20.88,-15.19,0.0,100.61,24.0,SAFE,False
CAND_01211,SIM_OPT_01211,210.0,4.5,0.025,0.05,1,0.63,dense_concrete,230473.0,-15.65,-10.16,0.0,91.59,24.0,SAFE,False
CAND_01212,SIM_OPT_01212,180.0,6.0,0.025,0.05,0,0.73,pu_sandwich_panel,225868.0,-17.49,-9.35,0.0,95.14,24.0,SAFE,False
CAND_01213,SIM_OPT_01213,165.0,4.5,0.05,0.075,1,0.64,stone_masonry,204019.0,-13.4,-8.38,0.0,59.17,24.0,SAFE,False
CAND_01214,SIM_OPT_01214,329.9,3.0,0.025,0.0,0,0.4,stone_masonry,124725.0,-20.88,-14.54,0.0,135.48,24.0,SAFE,False
CAND_01215,SIM_OPT_01215,145.5,8.0,0.15,0.2,1,0.56,stone_masonry,393435.0,-7.89,-2.61,0.0,50.33,24.0,SAFE,False
CAND_01216,SIM_OPT_01216,195.0,4.5,0.05,0.05,1,0.63,dense_concrete,231717.0,-12.74,-7.71,0.0,50.46,24.0,SAFE,False
CAND_01217,SIM_OPT_01217,150.0,12.0,0.075,0.2,1,0.41,pu_sandwich_panel,321204.0,-2.03,7.03,0.0,37.29,24.0,REFUSED,False
CAND_01218,SIM_OPT_01218,180.0,6.0,0.075,0.1,0,0.57,dense_concrete,228217.0,-13.94,-6.72,0.0,59.73,24.0,SAFE,False
CAND_01219,SIM_OPT_01219,150.0,6.0,0.05,0.1,0,0.43,dense_concrete,226372.0,-15.18,-7.5,0.0,57.49,24.0,SAFE,False
CAND_01220,SIM_OPT_01220,180.0,12.0,0.1,0.15,1,0.48,pu_sandwich_panel,404096.0,-5.17,3.43,0.0,58.03,24.0,SAFE,False
CAND_01221,SIM_OPT_01221,180.0,4.5,0.05,0.05,1,0.29,stone_masonry,238748.0,-14.45,-9.43,0.0,84.22,24.0,SAFE,False
CAND_01222,SIM_OPT_01222,101.3,2.0,0.0,0.025,1,0.45,stone_masonry,109968.0,-18.0,-13.55,0.0,228.76,24.0,SAFE,False
CAND_01223,SIM_OPT_01223,150.0,3.0,0.025,0.0,1,0.22,mud_brick,120958.0,-16.92,-12.34,0.0,143.11,24.0,SAFE,False
CAND_01224,SIM_OPT_01224,150.0,6.0,0.025,0.05,0,0.81,dense_concrete,204494.0,-17.47,-9.33,0.0,82.05,24.0,SAFE,False
CAND_01225,SIM_OPT_01225,165.0,2.0,0.025,0.025,0,0.39,rammed_earth,125413.0,-20.16,-14.42,0.0,97.61,24.0,SAFE,False
CAND_01226,SIM_OPT_01226,150.0,12.0,0.075,0.2,1,0.87,stone_masonry,363924.0,-9.34,-0.28,0.0,74.73,24.0,SAFE,False
CAND_01227,SIM_OPT_01227,195.0,4.5,0.025,0.075,0,0.5,stone_masonry,209162.0,-17.78,-10.54,0.0,74.55,24.0,SAFE,False
CAND_01228,SIM_OPT_01228,165.0,2.0,0.025,0.025,1,0.31,mud_brick,127975.0,-16.81,-12.82,0.0,94.99,24.0,SAFE,False
CAND_01229,SIM_OPT_01229,195.0,3.0,0.05,0.1,1,0.63,stone_masonry,186830.0,-14.51,-10.38,0.0,55.44,24.0,SAFE,False
CAND_01230,SIM_OPT_01230,180.0,6.0,0.075,0.075,1,0.85,stone_masonry,238023.0,-10.54,-5.07,0.0,51.6,24.0,SAFE,False
CAND_01231,SIM_OPT_01231,150.0,2.0,0.0,0.025,0,0.8,stone_masonry,104854.0,-21.46,-15.26,0.0,198.51,24.0,SAFE,False
CAND_01232,SIM_OPT_01232,22.9,2.0,0.0,0.025,0,0.46,mud_brick,132941.0,-21.5,-15.3,0.0,202.97,24.0,SAFE,False
CAND_01233,SIM_OPT_01233,302.5,3.0,0.025,0.025,0,0.39,mud_brick,145875.0,-20.88,-14.54,0.0,97.72,24.0,SAFE,False
CAND_01234,SIM_OPT_01234,180.0,3.0,0.025,0.05,0,0.3,stone_masonry,190755.0,-19.58,-13.24,0.0,103.24,24.0,SAFE,False
CAND_01235,SIM_OPT_01235,165.0,2.0,0.0,0.025,1,0.66,rammed_earth,108024.0,-18.0,-13.55,0.0,223.9,24.0,SAFE,False
CAND_01236,SIM_OPT_01236,195.0,3.0,0.0,0.0,1,0.42,rammed_earth,123725.0,-17.89,-12.84,0.0,249.52,24.0,SAFE,False
CAND_01237,SIM_OPT_01237,195.0,10.0,0.1,0.2,1,0.78,stone_masonry,401573.0,-6.67,0.73,0.0,54.18,24.0,SAFE,False
CAND_01238,SIM_OPT_01238,165.0,12.0,0.15,0.2,1,0.48,stone_masonry,406689.0,-6.2,1.48,0.0,70.99,24.0,SAFE,False
CAND_01239,SIM_OPT_01239,195.0,3.0,0.025,0.025,1,0.83,rammed_earth,144066.0,-16.35,-11.77,0.0,99.63,24.0,SAFE,False
CAND_01240,SIM_OPT_01240,150.0,6.0,0.025,0.1,1,0.48,dense_concrete,237260.0,-14.3,-7.91,0.0,76.01,24.0,SAFE,False
CAND_01241,SIM_OPT_01241,32.2,6.0,0.025,0.1,1,0.38,dense_concrete,200537.0,-17.12,-10.73,0.0,62.63,24.0,SAFE,False
CAND_01242,SIM_OPT_01242,180.0,0.0,0.025,0.0,0,0.21,rammed_earth,117211.0,-20.88,-15.19,0.0,163.52,24.0,SAFE,False
CAND_01243,SIM_OPT_01243,195.0,4.5,0.075,0.1,1,0.43,dense_concrete,213817.0,-13.4,-8.84,0.0,70.57,24.0,SAFE,False
CAND_01244,SIM_OPT_01244,128.2,2.0,0.0,0.025,0,0.86,rammed_earth,137037.0,-21.5,-15.3,0.0,198.13,24.0,SAFE,False
CAND_01245,SIM_OPT_01245,195.0,6.0,0.05,0.05,0,0.53,pu_sandwich_panel,215801.0,-17.05,-9.38,0.0,96.4,24.0,SAFE,False
CAND_01246,SIM_OPT_01246,195.0,2.0,0.025,0.025,0,0.66,mud_brick,143657.0,-20.1,-14.36,0.0,93.01,24.0,SAFE,False
CAND_01247,SIM_OPT_01247,180.0,4.5,0.05,0.075,1,0.34,dense_concrete,226770.0,-12.65,-7.62,0.0,51.17,24.0,SAFE,False
CAND_01248,SIM_OPT_01248,210.0,0.0,0.0,0.0,0,0.48,stone_masonry,104115.0,-21.5,-15.5,0.0,262.36,24.0,SAFE,False
CAND_01249,SIM_OPT_01249,165.0,8.0,0.075,0.15,1,0.55,stone_masonry,357008.0,-9.46,-2.8,0.0,56.44,24.0,SAFE,False
CAND_01250,SIM_OPT_01250,195.0,8.0,0.1,0.15,1,0.79,pu_sandwich_panel,306469.0,-6.19,0.01,0.0,41.25,24.0,SAFE,False
CAND_01251,SIM_OPT_01251,210.0,2.0,0.0,0.025,0,0.67,mud_brick,139049.0,-21.5,-15.3,0.0,214.05,24.0,SAFE,False
CAND_01252,SIM_OPT_01252,165.0,0.0,0.025,0.025,0,0.67,rammed_earth,113998.0,-20.88,-15.19,0.0,102.17,24.0,SAFE,False
CAND_01253,SIM_OPT_01253,165.0,6.0,0.15,0.1,1,0.31,stone_masonry,336927.0,-9.17,-5.09,0.0,54.34,24.0,SAFE,False
CAND_01254,SIM_OPT_01254,164.5,6.0,0.05,0.075,0,0.61,dense_concrete,219509.0,-15.88,-8.21,0.0,73.11,24.0,SAFE,False
CAND_01255,SIM_OPT_01255,99.4,6.0,0.075,0.075,0,0.38,pu_sandwich_panel,241371.0,-18.79,-11.58,0.0,45.38,24.0,SAFE,False
CAND_01256,SIM_OPT_01256,150.0,8.0,0.15,0.15,1,0.42,stone_masonry,359428.0,-3.99,1.28,0.0,33.71,24.0,SAFE,False
CAND_01257,SIM_OPT_01257,165.0,6.0,0.075,0.15,1,0.46,stone_masonry,346456.0,-12.21,-6.75,0.0,68.71,24.0,SAFE,False
CAND_01258,SIM_OPT_01258,180.0,3.0,0.05,0.05,1,0.78,stone_masonry,195140.0,-14.68,-10.55,0.0,61.2,24.0,SAFE,False
CAND_01259,SIM_OPT_01259,150.0,8.0,0.1,0.1,1,0.45,pu_sandwich_panel,326441.0,-7.79,-1.59,0.0,44.18,24.0,SAFE,False
CAND_01260,SIM_OPT_01260,150.0,4.5,0.075,0.05,1,0.54,pu_sandwich_panel,192935.0,-12.52,-7.96,0.0,49.73,24.0,SAFE,False
CAND_01261,SIM_OPT_01261,210.0,3.0,0.0,0.025,0,0.33,stone_masonry,117094.0,-21.26,-14.46,0.0,217.21,24.0,SAFE,False
CAND_01262,SIM_OPT_01262,165.0,6.0,0.05,0.05,1,0.3,dense_concrete,234547.0,-11.91,-5.99,0.0,56.8,24.0,SAFE,False
CAND_01263,SIM_OPT_01263,195.0,4.5,0.05,0.075,0,0.53,stone_masonry,235895.0,-16.81,-10.04,0.0,67.99,24.0,SAFE,False
CAND_01264,SIM_OPT_01264,74.5,3.0,0.025,0.0,1,0.31,mud_brick,137368.0,-17.38,-12.79,0.0,154.3,24.0,SAFE,False
CAND_01265,SIM_OPT_01265,165.0,3.0,0.075,0.075,1,0.42,dense_concrete,247520.0,-14.59,-10.93,0.0,74.41,24.0,SAFE,False
CAND_01266,SIM_OPT_01266,210.0,2.0,0.025,0.0,0,0.54,stone_masonry,132397.0,-20.6,-14.87,0.0,138.34,24.0,SAFE,False
CAND_01267,SIM_OPT_01267,180.0,3.0,0.05,0.05,1,0.44,stone_masonry,214860.0,-14.7,-10.57,0.0,61.55,24.0,SAFE,False
CAND_01268,SIM_OPT_01268,150.0,10.0,0.075,0.15,1,0.37,pu_sandwich_panel,374242.0,-10.73,-2.87,0.0,76.9,24.0,SAFE,False
CAND_01269,SIM_OPT_01269,180.0,4.5,0.05,0.1,0,0.57,dense_concrete,226176.0,-17.37,-10.6,0.0,81.94,24.0,SAFE,False
CAND_01270,SIM_OPT_01270,165.0,6.0,0.075,0.05,0,0.3,pu_sandwich_panel,191510.0,-14.75,-7.54,0.0,66.48,24.0,SAFE,False
CAND_01271,SIM_OPT_01271,180.0,8.0,0.1,0.2,1,0.64,pu_sandwich_panel,389623.0,-7.56,-1.36,0.0,49.62,24.0,SAFE,False
CAND_01272,SIM_OPT_01272,284.1,3.0,0.075,0.1,0,0.23,dense_concrete,202565.0,-19.62,-14.21,0.0,59.23,24.0,SAFE,False
CAND_01273,SIM_OPT_01273,165.0,6.0,0.075,0.05,1,0.25,dense_concrete,247342.0,-12.65,-7.19,0.0,76.37,24.0,SAFE,False
CAND_01274,SIM_OPT_01274,210.0,6.0,0.075,0.15,1,0.34,pu_sandwich_panel,356660.0,-8.92,-3.46,0.0,35.29,24.0,SAFE,False
CAND_01275,SIM_OPT_01275,165.0,4.5,0.05,0.075,0,0.61,stone_masonry,240392.0,-15.92,-9.14,0.0,55.4,24.0,SAFE,False
CAND_01276,SIM_OPT_01276,210.0,4.5,0.025,0.075,0,0.29,pu_sandwich_panel,181723.0,-18.68,-11.45,0.0,89.17,24.0,SAFE,False
CAND_01277,SIM_OPT_01277,150.0,12.0,0.1,0.1,1,0.78,pu_sandwich_panel,381222.0,-8.67,-0.07,0.0,74.26,24.0,SAFE,False
CAND_01278,SIM_OPT_01278,165.0,3.0,0.0,0.0,1,0.21,rammed_earth,129911.0,-17.93,-12.88,0.0,266.46,24.0,SAFE,False
CAND_01279,SIM_OPT_01279,237.4,6.0,0.075,0.2,1,0.37,stone_masonry,348204.0,-13.66,-8.2,0.0,57.04,24.0,SAFE,False
CAND_01280,SIM_OPT_01280,210.0,10.0,0.15,0.15,1,0.48,pu_sandwich_panel,377055.0,-2.57,3.91,0.0,37.24,24.0,SAFE,False
CAND_01281,SIM_OPT_01281,180.0,6.0,0.075,0.1,1,0.82,dense_concrete,245838.0,-12.65,-7.19,0.0,79.04,24.0,SAFE,False
CAND_01282,SIM_OPT_01282,180.0,4.5,0.075,0.1,0,0.87,dense_concrete,195989.0,-15.12,-8.81,0.0,55.42,24.0,SAFE,False
CAND_01283,SIM_OPT_01283,180.0,4.5,0.025,0.05,0,0.5,stone_masonry,196503.0,-18.92,-11.69,0.0,113.13,24.0,SAFE,False
CAND_01284,SIM_OPT_01284,180.0,2.0,0.025,0.0,1,0.42,mud_brick,117978.0,-17.18,-13.19,0.0,150.24,24.0,SAFE,False
CAND_01285,SIM_OPT_01285,165.0,0.0,0.025,0.025,0,0.46,mud_brick,127446.0,-20.88,-15.19,0.0,82.61,24.0,SAFE,False
CAND_01286,SIM_OPT_01286,16.5,6.0,0.075,0.075,1,0.39,pu_sandwich_panel,217786.0,-15.94,-10.47,0.0,68.51,24.0,SAFE,False
CAND_01287,SIM_OPT_01287,150.0,2.0,0.025,0.025,1,0.46,stone_masonry,138030.0,-16.66,-12.67,0.0,74.44,24.0,SAFE,False
CAND_01288,SIM_OPT_01288,165.0,6.0,0.025,0.05,0,0.68,dense_concrete,225668.0,-17.8,-9.67,0.0,99.89,24.0,SAFE,False
CAND_01289,SIM_OPT_01289,180.0,6.0,0.15,0.1,1,0.63,stone_masonry,358672.0,-9.87,-5.79,0.0,64.4,24.0,SAFE,False
CAND_01290,SIM_OPT_01290,165.0,6.0,0.075,0.1,1,0.48,dense_concrete,246410.0,-10.17,-4.71,0.0,47.0,24.0,SAFE,False
CAND_01291,SIM_OPT_01291,195.0,0.0,0.0,0.025,0,0.84,stone_masonry,116123.0,-21.5,-15.5,0.0,221.68,24.0,SAFE,False
CAND_01292,SIM_OPT_01292,195.0,6.0,0.025,0.05,0,0.32,stone_masonry,240114.0,-18.18,-10.04,0.0,111.67,24.0,SAFE,False
CAND_01293,SIM_OPT_01293,165.0,0.0,0.025,0.0,0,0.56,mud_brick,125185.0,-20.88,-15.19,0.0,154.57,24.0,SAFE,False
CAND_01294,SIM_OPT_01294,210.0,4.5,0.075,0.1,0,0.42,pu_sandwich_panel,225611.0,-15.49,-9.18,0.0,51.77,24.0,SAFE,False
CAND_01295,SIM_OPT_01295,150.0,4.5,0.075,0.075,0,0.23,dense_concrete,194986.0,-17.02,-10.71,0.0,77.25,24.0,SAFE,False
CAND_01296,SIM_OPT_01296,150.0,3.0,0.025,0.0,1,0.82,stone_masonry,144227.0,-16.96,-12.38,0.0,149.22,24.0,SAFE,False
CAND_01297,SIM_OPT_01297,210.0,3.0,0.025,0.05,0,0.45,stone_masonry,169436.0,-19.63,-13.29,0.0,91.69,24.0,SAFE,False
CAND_01298,SIM_OPT_01298,165.0,3.0,0.0,0.025,0,0.23,stone_masonry,127054.0,-21.06,-14.26,0.0,190.72,24.0,SAFE,False
CAND_01299,SIM_OPT_01299,165.0,8.0,0.1,0.15,1,0.57,pu_sandwich_panel,346580.0,-9.09,-2.89,0.0,58.57,24.0,SAFE,False
CAND_01300,SIM_OPT_01300,180.0,0.0,0.025,0.025,0,0.32,stone_masonry,135843.0,-20.88,-15.19,0.0,103.03,24.0,SAFE,False
CAND_01301,SIM_OPT_01301,48.4,4.5,0.025,0.05,1,0.35,dense_concrete,232406.0,-17.38,-11.89,0.0,92.59,24.0,SAFE,False
CAND_01302,SIM_OPT_01302,150.0,6.0,0.025,0.1,0,0.61,dense_concrete,210069.0,-18.17,-10.04,0.0,99.92,24.0,SAFE,False
CAND_01303,SIM_OPT_01303,202.5,4.5,0.075,0.075,0,0.72,stone_masonry,208017.0,-15.74,-9.43,0.0,58.42,24.0,SAFE,False
CAND_01304,SIM_OPT_01304,150.0,4.5,0.025,0.1,1,0.31,pu_sandwich_panel,204301.0,-15.08,-9.59,0.0,72.96,24.0,SAFE,False
CAND_01305,SIM_OPT_01305,210.0,2.0,0.0,0.025,1,0.65,mud_brick,112195.0,-18.0,-13.55,0.0,207.45,24.0,SAFE,False
CAND_01306,SIM_OPT_01306,256.9,4.5,0.05,0.05,1,0.47,stone_masonry,193206.0,-16.55,-11.53,0.0,76.02,24.0,SAFE,False
CAND_01307,SIM_OPT_01307,180.0,6.0,0.025,0.05,1,0.53,stone_masonry,215619.0,-14.94,-8.55,0.0,106.95,24.0,SAFE,False
CAND_01308,SIM_OPT_01308,180.0,6.0,0.15,0.15,1,0.84,stone_masonry,332349.0,-4.66,-0.58,0.0,31.14,24.0,SAFE,False
CAND_01309,SIM_OPT_01309,150.0,3.0,0.0,0.0,0,0.71,rammed_earth,111945.0,-21.4,-14.6,0.0,265.8,24.0,SAFE,False
CAND_01310,SIM_OPT_01310,165.0,4.5,0.025,0.05,0,0.55,pu_sandwich_panel,226300.0,-18.29,-11.05,0.0,86.92,24.0,SAFE,False
CAND_01311,SIM_OPT_01311,150.0,0.0,0.0,0.025,0,0.75,stone_masonry,112413.0,-21.5,-15.5,0.0,198.8,24.0,SAFE,False
CAND_01312,SIM_OPT_01312,180.0,0.0,0.025,0.0,0,0.5,stone_masonry,116733.0,-20.88,-15.19,0.0,141.33,24.0,SAFE,False
CAND_01313,SIM_OPT_01313,165.0,3.0,0.05,0.05,0,0.21,pu_sandwich_panel,240854.0,-18.54,-12.66,0.0,80.6,24.0,SAFE,False
CAND_01314,SIM_OPT_01314,210.0,2.0,0.025,0.025,1,0.26,rammed_earth,142724.0,-16.72,-12.73,0.0,78.79,24.0,SAFE,False
CAND_01315,SIM_OPT_01315,150.0,8.0,0.1,0.15,1,0.66,pu_sandwich_panel,386673.0,-10.91,-4.71,0.0,71.3,24.0,SAFE,False
CAND_01316,SIM_OPT_01316,195.0,6.0,0.05,0.1,0,0.83,dense_concrete,194112.0,-15.62,-7.94,0.0,69.61,24.0,SAFE,False
CAND_01317,SIM_OPT_01317,210.0,4.5,0.075,0.05,1,0.45,dense_concrete,242637.0,-14.04,-9.48,0.0,79.02,24.0,SAFE,False
CAND_01318,SIM_OPT_01318,165.0,6.0,0.075,0.1,0,0.25,stone_masonry,199220.0,-13.15,-5.94,0.0,51.21,24.0,SAFE,False
CAND_01319,SIM_OPT_01319,195.0,4.5,0.075,0.1,0,0.89,stone_masonry,196932.0,-16.14,-9.83,0.0,67.24,24.0,SAFE,False
CAND_01320,SIM_OPT_01320,195.0,2.0,0.0,0.0,0,0.28,stone_masonry,121631.0,-21.5,-15.3,0.0,253.44,24.0,SAFE,False
CAND_01321,SIM_OPT_01321,150.0,4.5,0.025,0.075,1,0.52,pu_sandwich_panel,244277.0,-15.37,-9.88,0.0,81.52,24.0,SAFE,False
CAND_01322,SIM_OPT_01322,180.0,2.0,0.025,0.025,0,0.73,stone_masonry,140512.0,-19.94,-14.2,0.0,85.57,24.0,SAFE,False
CAND_01323,SIM_OPT_01323,195.0,4.5,0.025,0.1,1,0.39,pu_sandwich_panel,180170.0,-14.57,-9.08,0.0,68.86,24.0,SAFE,False
CAND_01324,SIM_OPT_01324,210.0,6.0,0.15,0.1,1,0.5,pu_sandwich_panel,317731.0,-6.25,-2.17,0.0,32.0,24.0,SAFE,False
CAND_01325,SIM_OPT_01325,263.6,10.0,0.15,0.15,1,0.77,stone_masonry,352280.0,-13.66,-7.19,0.0,72.23,24.0,SAFE,False
CAND_01326,SIM_OPT_01326,124.1,2.0,0.025,0.025,1,0.21,rammed_earth,141168.0,-17.06,-13.07,0.0,72.23,24.0,SAFE,False
CAND_01327,SIM_OPT_01327,180.0,3.0,0.025,0.1,1,0.8,stone_masonry,231269.0,-16.06,-11.47,0.0,86.43,24.0,SAFE,False
CAND_01328,SIM_OPT_01328,150.0,0.0,0.025,0.025,0,0.86,rammed_earth,127165.0,-20.88,-15.19,0.0,77.26,24.0,SAFE,False
CAND_01329,SIM_OPT_01329,210.0,10.0,0.15,0.15,1,0.45,pu_sandwich_panel,351299.0,1.16,7.63,0.0,28.5,24.0,SAFE,False
CAND_01330,SIM_OPT_01330,195.0,2.0,0.025,0.0,1,0.21,rammed_earth,118187.0,-17.12,-13.13,0.0,133.38,24.0,SAFE,False
CAND_01331,SIM_OPT_01331,150.0,0.0,0.0,0.025,0,0.28,rammed_earth,132183.0,-21.5,-15.5,0.0,198.1,24.0,SAFE,False
CAND_01332,SIM_OPT_01332,224.3,3.0,0.075,0.075,1,0.38,stone_masonry,194406.0,-15.08,-11.42,0.0,72.99,24.0,SAFE,False
CAND_01333,SIM_OPT_01333,195.0,6.0,0.05,0.1,1,0.59,dense_concrete,253354.0,-12.59,-6.67,0.0,65.09,24.0,SAFE,False
CAND_01334,SIM_OPT_01334,210.0,2.0,0.025,0.0,1,0.21,stone_masonry,144763.0,-17.21,-13.22,0.0,136.34,24.0,SAFE,False
CAND_01335,SIM_OPT_01335,180.0,2.0,0.0,0.025,1,0.35,rammed_earth,127389.0,-17.98,-13.53,0.0,200.22,24.0,SAFE,False
CAND_01336,SIM_OPT_01336,194.2,3.0,0.075,0.05,0,0.89,dense_concrete,200094.0,-18.13,-12.71,0.0,89.72,24.0,SAFE,False
CAND_01337,SIM_OPT_01337,210.0,3.0,0.025,0.0,0,0.88,mud_brick,125773.0,-20.29,-13.96,0.0,148.13,24.0,SAFE,False
CAND_01338,SIM_OPT_01338,150.0,0.0,0.0,0.025,0,0.48,stone_masonry,101251.0,-21.5,-15.5,0.0,192.34,24.0,SAFE,False
CAND_01339,SIM_OPT_01339,150.0,10.0,0.1,0.2,1,0.77,stone_masonry,345556.0,-5.1,2.3,0.0,41.59,24.0,SAFE,False
CAND_01340,SIM_OPT_01340,354.3,3.0,0.025,0.0,1,0.52,stone_masonry,127440.0,-17.38,-12.79,0.0,169.23,24.0,SAFE,False
CAND_01341,SIM_OPT_01341,180.0,6.0,0.025,0.1,0,0.85,stone_masonry,210914.0,-16.97,-8.83,0.0,83.88,24.0,SAFE,False
CAND_01342,SIM_OPT_01342,180.0,8.0,0.075,0.2,1,0.43,stone_masonry,334817.0,-7.63,-0.96,0.0,46.56,24.0,SAFE,False
CAND_01343,SIM_OPT_01343,266.3,6.0,0.025,0.1,1,0.76,dense_concrete,246123.0,-17.2,-10.81,0.0,70.13,24.0,SAFE,False
CAND_01344,SIM_OPT_01344,95.4,2.0,0.025,0.0,0,0.83,mud_brick,125516.0,-20.88,-15.14,0.0,142.23,24.0,SAFE,False
CAND_01345,SIM_OPT_01345,195.0,2.0,0.025,0.025,1,0.73,stone_masonry,118789.0,-16.95,-12.96,0.0,108.91,24.0,SAFE,False
CAND_01346,SIM_OPT_01346,210.0,10.0,0.1,0.2,1,0.81,stone_masonry,391498.0,-5.67,1.73,0.0,43.91,24.0,SAFE,False
CAND_01347,SIM_OPT_01347,180.0,6.0,0.05,0.1,1,0.64,stone_masonry,247184.0,-13.35,-7.42,0.0,80.51,24.0,SAFE,False
CAND_01348,SIM_OPT_01348,195.0,2.0,0.0,0.025,0,0.58,stone_masonry,109583.0,-21.45,-15.25,0.0,214.68,24.0,SAFE,False
CAND_01349,SIM_OPT_01349,150.0,2.0,0.0,0.025,1,0.56,rammed_earth,109867.0,-18.0,-13.55,0.0,201.91,24.0,SAFE,False
CAND_01350,SIM_OPT_01350,150.0,3.0,0.025,0.025,1,0.31,mud_brick,134652.0,-16.22,-11.63,0.0,82.23,24.0,SAFE,False
CAND_01351,SIM_OPT_01351,150.0,10.0,0.075,0.2,1,0.27,pu_sandwich_panel,346620.0,-10.06,-2.2,0.0,69.08,24.0,SAFE,False
CAND_01352,SIM_OPT_01352,329.2,6.0,0.075,0.05,1,0.74,stone_masonry,210600.0,-15.75,-10.29,0.0,53.55,24.0,SAFE,False
CAND_01353,SIM_OPT_01353,165.0,3.0,0.05,0.075,1,0.84,pu_sandwich_panel,223138.0,-14.79,-10.66,0.0,61.69,24.0,SAFE,False
CAND_01354,SIM_OPT_01354,169.0,0.0,0.0,0.025,0,0.41,rammed_earth,112519.0,-21.5,-15.5,0.0,201.71,24.0,SAFE,False
CAND_01355,SIM_OPT_01355,210.0,10.0,0.1,0.1,1,0.86,pu_sandwich_panel,357772.0,-9.45,-2.05,0.0,69.2,24.0,SAFE,False
CAND_01356,SIM_OPT_01356,195.0,4.5,0.025,0.075,1,0.25,dense_concrete,219846.0,-15.39,-9.9,0.0,91.52,24.0,SAFE,False
CAND_01357,SIM_OPT_01357,278.0,2.0,0.0,0.025,0,0.89,stone_masonry,119702.0,-21.5,-15.3,0.0,229.36,24.0,SAFE,False
CAND_01358,SIM_OPT_01358,31.8,0.0,0.025,0.0,0,0.33,rammed_earth,138874.0,-20.88,-15.19,0.0,127.3,24.0,SAFE,False
CAND_01359,SIM_OPT_01359,165.0,3.0,0.0,0.025,0,0.35,stone_masonry,139755.0,-21.15,-14.35,0.0,210.53,24.0,SAFE,False
CAND_01360,SIM_OPT_01360,210.0,8.0,0.15,0.2,1,0.41,pu_sandwich_panel,362755.0,-8.24,-2.96,0.0,55.71,24.0,SAFE,False
CAND_01361,SIM_OPT_01361,195.0,0.0,0.025,0.0,0,0.82,stone_masonry,122645.0,-20.88,-15.19,0.0,168.34,24.0,SAFE,False
CAND_01362,SIM_OPT_01362,180.0,4.5,0.075,0.1,0,0.43,stone_masonry,223535.0,-16.73,-10.42,0.0,81.71,24.0,SAFE,False
CAND_01363,SIM_OPT_01363,195.0,0.0,0.025,0.025,0,0.85,mud_brick,116944.0,-20.88,-15.19,0.0,91.01,24.0,SAFE,False
CAND_01364,SIM_OPT_01364,150.0,3.0,0.0,0.025,1,0.21,stone_masonry,145003.0,-17.87,-12.82,0.0,216.49,24.0,SAFE,False
CAND_01365,SIM_OPT_01365,185.2,3.0,0.025,0.025,0,0.87,mud_brick,115192.0,-19.79,-13.45,0.0,116.02,24.0,SAFE,False
CAND_01366,SIM_OPT_01366,180.0,4.5,0.025,0.075,1,0.81,pu_sandwich_panel,244406.0,-14.55,-9.06,0.0,70.76,24.0,SAFE,False
CAND_01367,SIM_OPT_01367,165.0,2.0,0.025,0.0,1,0.84,stone_masonry,122127.0,-17.12,-13.14,0.0,134.22,24.0,SAFE,False
CAND_01368,SIM_OPT_01368,165.0,2.0,0.0,0.0,1,0.89,rammed_earth,136917.0,-18.0,-13.55,0.0,265.54,24.0,SAFE,False
CAND_01369,SIM_OPT_01369,210.0,3.0,0.025,0.05,1,0.29,stone_masonry,182390.0,-15.87,-11.28,0.0,67.71,24.0,SAFE,False
CAND_01370,SIM_OPT_01370,161.7,3.0,0.025,0.075,0,0.54,stone_masonry,209060.0,-19.11,-12.78,0.0,77.53,24.0,SAFE,False
CAND_01371,SIM_OPT_01371,165.0,2.0,0.025,0.025,0,0.77,rammed_earth,122930.0,-20.38,-14.64,0.0,119.11,24.0,SAFE,False
CAND_01372,SIM_OPT_01372,195.0,3.0,0.0,0.025,1,0.72,rammed_earth,135517.0,-17.83,-12.78,0.0,227.47,24.0,SAFE,False
CAND_01373,SIM_OPT_01373,180.0,12.0,0.075,0.15,1,0.79,stone_masonry,364217.0,-8.61,0.45,0.0,78.42,24.0,SAFE,False
CAND_01374,SIM_OPT_01374,165.0,4.5,0.05,0.1,1,0.78,stone_masonry,215485.0,-13.04,-8.02,0.0,54.11,24.0,SAFE,False
CAND_01375,SIM_OPT_01375,195.0,3.0,0.025,0.05,1,0.88,stone_masonry,170935.0,-16.48,-11.89,0.0,108.89,24.0,SAFE,False
CAND_01376,SIM_OPT_01376,150.0,3.0,0.05,0.1,0,0.5,dense_concrete,219387.0,-18.41,-12.54,0.0,68.33,24.0,SAFE,False
CAND_01377,SIM_OPT_01377,54.1,6.0,0.025,0.05,1,0.54,stone_masonry,197391.0,-17.37,-10.98,0.0,93.97,24.0,SAFE,False
CAND_01378,SIM_OPT_01378,210.0,0.0,0.0,0.025,0,0.21,rammed_earth,103416.0,-21.5,-15.5,0.0,198.22,24.0,SAFE,False
CAND_01379,SIM_OPT_01379,290.3,0.0,0.025,0.0,0,0.54,stone_masonry,123853.0,-20.88,-15.19,0.0,136.32,24.0,SAFE,False
CAND_01380,SIM_OPT_01380,103.8,0.0,0.025,0.025,0,0.22,mud_brick,118418.0,-20.88,-15.19,0.0,89.27,24.0,SAFE,False
CAND_01381,SIM_OPT_01381,210.0,3.0,0.025,0.0,1,0.42,rammed_earth,133644.0,-16.94,-12.36,0.0,146.22,24.0,SAFE,False
CAND_01382,SIM_OPT_01382,180.0,6.0,0.075,0.1,0,0.84,stone_masonry,232994.0,-14.5,-7.29,0.0,65.67,24.0,SAFE,False
CAND_01383,SIM_OPT_01383,144.0,2.0,0.025,0.0,0,0.43,mud_brick,131552.0,-20.69,-14.96,0.0,146.55,24.0,SAFE,False
CAND_01384,SIM_OPT_01384,165.0,6.0,0.05,0.1,1,0.88,dense_concrete,228973.0,-12.29,-6.36,0.0,61.14,24.0,SAFE,False
CAND_01385,SIM_OPT_01385,210.0,4.5,0.05,0.1,0,0.72,pu_sandwich_panel,198222.0,-17.86,-11.08,0.0,83.11,24.0,SAFE,False
CAND_01386,SIM_OPT_01386,278.1,3.0,0.025,0.025,0,0.76,rammed_earth,139164.0,-20.88,-14.54,0.0,121.79,24.0,SAFE,False
CAND_01387,SIM_OPT_01387,195.0,3.0,0.05,0.1,0,0.73,stone_masonry,181349.0,-18.48,-12.61,0.0,78.64,24.0,SAFE,False
CAND_01388,SIM_OPT_01388,195.0,3.0,0.025,0.025,0,0.66,mud_brick,125089.0,-19.68,-13.34,0.0,105.2,24.0,SAFE,False
CAND_01389,SIM_OPT_01389,180.0,3.0,0.0,0.0,1,0.49,rammed_earth,142130.0,-17.89,-12.84,0.0,256.59,24.0,SAFE,False
CAND_01390,SIM_OPT_01390,165.0,3.0,0.025,0.05,1,0.55,dense_concrete,214855.0,-16.34,-11.75,0.0,99.09,24.0,SAFE,False
CAND_01391,SIM_OPT_01391,165.0,2.0,0.025,0.0,0,0.37,rammed_earth,111480.0,-20.47,-14.73,0.0,132.16,24.0,SAFE,False
CAND_01392,SIM_OPT_01392,150.0,6.0,0.075,0.1,1,0.21,pu_sandwich_panel,222362.0,-13.02,-7.55,0.0,75.37,24.0,SAFE,False
CAND_01393,SIM_OPT_01393,195.0,6.0,0.075,0.075,1,0.86,pu_sandwich_panel,214496.0,-12.48,-7.02,0.0,73.19,24.0,SAFE,False
CAND_01394,SIM_OPT_01394,180.0,6.0,0.1,0.1,1,0.31,pu_sandwich_panel,302545.0,-10.53,-5.53,0.0,57.47,24.0,SAFE,False
CAND_01395,SIM_OPT_01395,210.0,3.0,0.0,0.025,1,0.43,stone_masonry,144132.0,-17.9,-12.85,0.0,228.2,24.0,SAFE,False
CAND_01396,SIM_OPT_01396,109.9,3.0,0.05,0.05,0,0.56,stone_masonry,171417.0,-19.92,-14.05,0.0,75.5,24.0,SAFE,False
CAND_01397,SIM_OPT_01397,210.0,0.0,0.0,0.025,0,0.47,stone_masonry,132215.0,-21.5,-15.5,0.0,204.29,24.0,SAFE,False
CAND_01398,SIM_OPT_01398,210.0,2.0,0.0,0.025,1,0.85,stone_masonry,132008.0,-18.0,-13.55,0.0,201.69,24.0,SAFE,False
CAND_01399,SIM_OPT_01399,195.0,6.0,0.15,0.15,1,0.7,stone_masonry,341762.0,-9.68,-5.6,0.0,59.9,24.0,SAFE,False
CAND_01400,SIM_OPT_01400,12.3,2.0,0.025,0.025,0,0.39,mud_brick,117450.0,-20.88,-15.14,0.0,79.49,24.0,SAFE,False
CAND_01401,SIM_OPT_01401,180.0,10.0,0.1,0.1,1,0.27,pu_sandwich_panel,348782.0,-6.74,0.66,0.0,56.55,24.0,SAFE,False
CAND_01402,SIM_OPT_01402,165.0,0.0,0.025,0.0,0,0.75,stone_masonry,113016.0,-20.88,-15.19,0.0,152.66,24.0,SAFE,False
CAND_01403,SIM_OPT_01403,165.0,4.5,0.075,0.05,1,0.5,dense_concrete,241206.0,-11.89,-7.33,0.0,48.05,24.0,SAFE,False
CAND_01404,SIM_OPT_01404,210.0,2.0,0.0,0.025,1,0.71,mud_brick,137933.0,-18.0,-13.55,0.0,210.28,24.0,SAFE,False
CAND_01405,SIM_OPT_01405,195.0,2.0,0.0,0.025,0,0.7,rammed_earth,116854.0,-21.43,-15.23,0.0,207.11,24.0,SAFE,False
CAND_01406,SIM_OPT_01406,165.0,3.0,0.0,0.0,0,0.78,stone_masonry,138124.0,-21.39,-14.59,0.0,292.67,24.0,SAFE,False
CAND_01407,SIM_OPT_01407,150.0,8.0,0.1,0.1,1,0.22,stone_masonry,335018.0,-6.55,-0.35,0.0,38.37,24.0,SAFE,False
CAND_01408,SIM_OPT_01408,160.4,8.0,0.1,0.2,1,0.74,stone_masonry,365948.0,-8.27,-2.07,0.0,51.04,24.0,SAFE,False
CAND_01409,SIM_OPT_01409,180.8,4.5,0.075,0.05,0,0.78,stone_masonry,236771.0,-16.1,-9.79,0.0,68.87,24.0,SAFE,False
CAND_01410,SIM_OPT_01410,165.0,3.0,0.025,0.1,1,0.49,dense_concrete,228027.0,-15.73,-11.14,0.0,70.59,24.0,SAFE,False
CAND_01411,SIM_OPT_01411,195.0,4.5,0.025,0.1,1,0.33,pu_sandwich_panel,197429.0,-14.21,-8.73,0.0,62.17,24.0,SAFE,False
CAND_01412,SIM_OPT_01412,210.0,4.5,0.025,0.1,0,0.21,pu_sandwich_panel,212913.0,-17.92,-10.69,0.0,69.57,24.0,SAFE,False
CAND_01413,SIM_OPT_01413,180.0,6.0,0.075,0.075,1,0.25,dense_concrete,255177.0,-12.2,-6.73,0.0,70.94,24.0,SAFE,False
CAND_01414,SIM_OPT_01414,180.0,8.0,0.075,0.2,1,0.75,stone_masonry,356512.0,-9.24,-2.58,0.0,56.75,24.0,SAFE,False
CAND_01415,SIM_OPT_01415,180.0,10.0,0.075,0.2,1,0.25,pu_sandwich_panel,319313.0,-7.5,0.36,0.0,57.39,24.0,SAFE,False
CAND_01416,SIM_OPT_01416,180.0,12.0,0.075,0.15,1,0.67,stone_masonry,362232.0,-6.05,3.02,0.0,59.39,24.0,SAFE,False
CAND_01417,SIM_OPT_01417,150.0,2.0,0.0,0.025,1,0.63,mud_brick,137134.0,-18.0,-13.55,0.0,212.2,24.0,SAFE,False
CAND_01418,SIM_OPT_01418,240.1,12.0,0.075,0.1,1,0.39,pu_sandwich_panel,358999.0,-9.68,-0.62,0.0,45.1,24.0,SAFE,False
CAND_01419,SIM_OPT_01419,165.0,6.0,0.05,0.075,0,0.9,pu_sandwich_panel,196907.0,-15.96,-8.29,0.0,74.56,24.0,SAFE,False
CAND_01420,SIM_OPT_01420,165.0,4.5,0.05,0.075,0,0.51,pu_sandwich_panel,228280.0,-16.38,-9.61,0.0,61.3,24.0,SAFE,False
CAND_01421,SIM_OPT_01421,150.0,3.0,0.05,0.075,0,0.41,dense_concrete,220101.0,-17.81,-11.93,0.0,54.51,24.0,SAFE,False
CAND_01422,SIM_OPT_01422,180.0,0.0,0.0,0.0,0,0.61,mud_brick,112409.0,-21.5,-15.5,0.0,269.57,24.0,SAFE,False
CAND_01423,SIM_OPT_01423,165.0,6.0,0.025,0.075,0,0.63,dense_concrete,202471.0,-16.46,-8.32,0.0,72.61,24.0,SAFE,False
CAND_01424,SIM_OPT_01424,180.0,0.0,0.0,0.025,0,0.59,mud_brick,117963.0,-21.5,-15.5,0.0,189.4,24.0,REFUSED,False
CAND_01425,SIM_OPT_01425,210.0,4.5,0.075,0.05,0,0.34,dense_concrete,207015.0,-14.84,-8.53,0.0,45.43,24.0,SAFE,False
CAND_01426,SIM_OPT_01426,180.0,4.5,0.025,0.05,1,0.57,stone_masonry,213421.0,-14.4,-8.92,0.0,67.82,24.0,SAFE,False
CAND_01427,SIM_OPT_01427,165.0,8.0,0.075,0.2,1,0.75,pu_sandwich_panel,307100.0,-10.28,-3.62,0.0,63.81,24.0,SAFE,False
CAND_01428,SIM_OPT_01428,210.0,2.0,0.025,0.0,1,0.51,stone_masonry,139497.0,-17.33,-13.34,0.0,167.72,24.0,SAFE,False
CAND_01429,SIM_OPT_01429,150.0,2.0,0.025,0.025,0,0.52,stone_masonry,121686.0,-20.07,-14.34,0.0,81.82,24.0,SAFE,False
CAND_01430,SIM_OPT_01430,180.0,3.0,0.0,0.025,0,0.46,mud_brick,140565.0,-21.08,-14.28,0.0,200.39,24.0,SAFE,False
CAND_01431,SIM_OPT_01431,195.0,10.0,0.15,0.2,1,0.72,pu_sandwich_panel,337906.0,-6.96,-0.48,0.0,64.93,24.0,SAFE,False
CAND_01432,SIM_OPT_01432,210.0,12.0,0.075,0.2,1,0.27,stone_masonry,340360.0,-5.31,3.76,0.0,48.07,24.0,SAFE,False
CAND_01433,SIM_OPT_01433,180.0,2.0,0.0,0.0,0,0.34,stone_masonry,120642.0,-21.5,-15.3,0.0,282.1,24.0,SAFE,False
CAND_01434,SIM_OPT_01434,150.0,6.0,0.075,0.1,1,0.8,stone_masonry,327060.0,-10.49,-5.03,0.0,44.34,24.0,SAFE,False
CAND_01435,SIM_OPT_01435,354.9,6.0,0.025,0.1,1,0.82,pu_sandwich_panel,223102.0,-17.38,-10.99,0.0,97.25,24.0,SAFE,False
CAND_01436,SIM_OPT_01436,195.0,10.0,0.1,0.1,1,0.75,pu_sandwich_panel,368571.0,-8.62,-1.22,0.0,68.55,24.0,SAFE,False
CAND_01437,SIM_OPT_01437,219.9,3.0,0.025,0.1,0,0.63,pu_sandwich_panel,214150.0,-19.65,-13.31,0.0,81.98,24.0,SAFE,False
CAND_01438,SIM_OPT_01438,48.9,6.0,0.025,0.1,1,0.78,dense_concrete,202782.0,-17.26,-10.87,0.0,76.56,24.0,SAFE,False
CAND_01439,SIM_OPT_01439,180.0,12.0,0.075,0.2,1,0.83,stone_masonry,373448.0,-4.91,4.15,0.0,53.65,24.0,SAFE,False
CAND_01440,SIM_OPT_01440,165.0,3.0,0.025,0.1,0,0.46,pu_sandwich_panel,219406.0,-19.25,-12.91,0.0,84.15,24.0,SAFE,False
CAND_01441,SIM_OPT_01441,165.0,4.5,0.025,0.05,0,0.53,dense_concrete,206562.0,-18.18,-10.95,0.0,83.84,24.0,SAFE,False
CAND_01442,SIM_OPT_01442,180.0,0.0,0.025,0.025,0,0.24,rammed_earth,140656.0,-20.88,-15.19,0.0,104.69,24.0,SAFE,False
CAND_01443,SIM_OPT_01443,195.0,10.0,0.075,0.1,1,0.59,stone_masonry,365000.0,-7.93,-0.07,0.0,58.18,24.0,SAFE,False
CAND_01444,SIM_OPT_01444,195.0,3.0,0.025,0.025,1,0.38,rammed_earth,121490.0,-16.47,-11.88,0.0,108.32,24.0,SAFE,False
CAND_01445,SIM_OPT_01445,191.0,3.0,0.0,0.025,0,0.9,stone_masonry,120651.0,-21.23,-14.43,0.0,236.93,24.0,SAFE,False
CAND_01446,SIM_OPT_01446,250.9,8.0,0.075,0.15,1,0.23,pu_sandwich_panel,313894.0,-13.39,-6.73,0.0,42.4,24.0,SAFE,False
CAND_01447,SIM_OPT_01447,195.0,4.5,0.075,0.1,1,0.34,dense_concrete,246641.0,-12.62,-8.05,0.0,56.81,24.0,SAFE,False
CAND_01448,SIM_OPT_01448,210.0,3.0,0.0,0.025,1,0.8,mud_brick,138022.0,-17.88,-12.83,0.0,217.97,24.0,SAFE,False
CAND_01449,SIM_OPT_01449,150.0,2.0,0.025,0.025,1,0.59,mud_brick,145973.0,-16.83,-12.84,0.0,87.18,24.0,SAFE,False
CAND_01450,SIM_OPT_01450,165.0,3.0,0.0,0.0,0,0.61,stone_masonry,111032.0,-21.35,-14.55,0.0,276.59,24.0,SAFE,False
CAND_01451,SIM_OPT_01451,180.0,6.0,0.1,0.15,1,0.6,stone_masonry,357078.0,-10.11,-5.11,0.0,53.38,24.0,SAFE,False
CAND_01452,SIM_OPT_01452,150.0,4.5,0.025,0.075,1,0.69,dense_concrete,214558.0,-15.89,-10.4,0.0,102.62,24.0,SAFE,False
CAND_01453,SIM_OPT_01453,43.7,6.0,0.025,0.075,0,0.56,dense_concrete,203969.0,-20.81,-12.67,0.0,98.56,24.0,SAFE,False
CAND_01454,SIM_OPT_01454,180.0,2.0,0.0,0.025,0,0.27,mud_brick,117089.0,-21.44,-15.24,0.0,220.81,24.0,SAFE,False
CAND_01455,SIM_OPT_01455,210.0,3.0,0.05,0.075,1,0.59,dense_concrete,211661.0,-15.17,-11.04,0.0,65.26,24.0,SAFE,False
CAND_01456,SIM_OPT_01456,114.9,0.0,0.0,0.0,0,0.85,stone_masonry,122686.0,-21.5,-15.5,0.0,253.28,24.0,SAFE,False
CAND_01457,SIM_OPT_01457,150.0,0.0,0.0,0.0,0,0.45,stone_masonry,100389.0,-21.5,-15.5,0.0,276.36,24.0,SAFE,False
CAND_01458,SIM_OPT_01458,210.0,12.0,0.075,0.15,1,0.53,pu_sandwich_panel,399157.0,-8.91,0.15,0.0,70.55,24.0,SAFE,False
CAND_01459,SIM_OPT_01459,150.0,2.0,0.0,0.025,0,0.85,stone_masonry,127912.0,-21.5,-15.3,0.0,227.69,24.0,SAFE,False
CAND_01460,SIM_OPT_01460,134.9,0.0,0.0,0.025,0,0.41,rammed_earth,98926.0,-21.5,-15.5,0.0,191.43,24.0,SAFE,False
CAND_01461,SIM_OPT_01461,180.0,6.0,0.1,0.2,1,0.88,stone_masonry,338776.0,-6.98,-1.98,0.0,34.81,24.0,SAFE,False
CAND_01462,SIM_OPT_01462,210.0,3.0,0.05,0.05,1,0.61,dense_concrete,234778.0,-15.15,-11.03,0.0,64.91,24.0,SAFE,False
CAND_01463,SIM_OPT_01463,153.7,6.0,0.05,0.05,1,0.48,pu_sandwich_panel,207689.0,-13.72,-7.79,0.0,79.82,24.0,SAFE,False
CAND_01464,SIM_OPT_01464,165.0,6.0,0.075,0.05,0,0.53,stone_masonry,249901.0,-15.06,-7.85,0.0,70.49,24.0,SAFE,False
CAND_01465,SIM_OPT_01465,287.7,6.0,0.15,0.2,1,0.85,pu_sandwich_panel,323295.0,-13.59,-9.52,0.0,40.67,24.0,SAFE,False
CAND_01466,SIM_OPT_01466,165.0,10.0,0.075,0.15,1,0.7,stone_masonry,358495.0,-9.18,-1.32,0.0,67.95,24.0,SAFE,False
CAND_01467,SIM_OPT_01467,210.0,2.0,0.0,0.0,1,0.56,stone_masonry,106287.0,-18.0,-13.55,0.0,265.12,24.0,SAFE,False
CAND_01468,SIM_OPT_01468,210.0,4.5,0.05,0.05,1,0.35,pu_sandwich_panel,182071.0,-14.92,-9.89,0.0,87.57,24.0,SAFE,False
CAND_01469,SIM_OPT_01469,165.0,10.0,0.1,0.1,1,0.74,pu_sandwich_panel,321017.0,-9.21,-1.81,0.0,74.46,24.0,SAFE,False
CAND_01470,SIM_OPT_01470,150.0,2.0,0.0,0.0,1,0.71,mud_brick,117289.0,-18.0,-13.55,0.0,277.86,24.0,SAFE,False
CAND_01471,SIM_OPT_01471,150.0,4.5,0.05,0.1,0,0.78,pu_sandwich_panel,242028.0,-18.13,-11.36,0.0,91.47,24.0,SAFE,False
CAND_01472,SIM_OPT_01472,205.2,3.0,0.025,0.025,0,0.82,mud_brick,144122.0,-19.82,-13.48,0.0,107.53,24.0,SAFE,False
CAND_01473,SIM_OPT_01473,195.0,3.0,0.075,0.05,0,0.53,dense_concrete,191457.0,-17.24,-11.82,0.0,61.8,24.0,SAFE,False
CAND_01474,SIM_OPT_01474,150.0,0.0,0.0,0.025,0,0.84,rammed_earth,105356.0,-21.5,-15.5,0.0,214.1,24.0,SAFE,False
CAND_01475,SIM_OPT_01475,195.0,4.5,0.05,0.075,1,0.36,dense_concrete,185798.0,-13.61,-8.58,0.0,62.61,24.0,SAFE,False
CAND_01476,SIM_OPT_01476,281.3,3.0,0.05,0.05,1,0.35,dense_concrete,197359.0,-16.75,-12.62,0.0,56.14,24.0,SAFE,False
CAND_01477,SIM_OPT_01477,210.0,0.0,0.0,0.025,0,0.69,stone_masonry,98626.0,-21.5,-15.5,0.0,199.95,24.0,SAFE,False
CAND_01478,SIM_OPT_01478,210.0,4.5,0.05,0.05,0,0.71,dense_concrete,196450.0,-16.71,-9.94,0.0,59.43,24.0,SAFE,False
CAND_01479,SIM_OPT_01479,290.3,3.0,0.025,0.025,1,0.55,stone_masonry,128859.0,-17.38,-12.79,0.0,90.86,24.0,SAFE,False
CAND_01480,SIM_OPT_01480,150.0,3.0,0.075,0.05,0,0.71,dense_concrete,194928.0,-17.88,-12.46,0.0,71.2,24.0,SAFE,False
CAND_01481,SIM_OPT_01481,210.0,10.0,0.1,0.15,1,0.33,stone_masonry,376705.0,-5.77,1.63,0.0,44.34,24.0,SAFE,False
CAND_01482,SIM_OPT_01482,210.0,6.0,0.025,0.075,0,0.59,stone_masonry,207730.0,-18.33,-10.19,0.0,104.99,24.0,SAFE,False
CAND_01483,SIM_OPT_01483,292.3,2.0,0.0,0.0,1,0.88,rammed_earth,124228.0,-18.0,-13.55,0.0,291.75,24.0,SAFE,False
CAND_01484,SIM_OPT_01484,258.3,4.5,0.025,0.1,0,0.74,pu_sandwich_panel,226549.0,-20.74,-13.5,0.0,88.14,24.0,SAFE,False
CAND_01485,SIM_OPT_01485,150.0,12.0,0.1,0.1,1,0.62,stone_masonry,371779.0,-1.87,6.73,0.0,38.52,24.0,SAFE,False
CAND_01486,SIM_OPT_01486,150.0,3.0,0.05,0.05,1,0.42,pu_sandwich_panel,242525.0,-14.55,-10.43,0.0,50.37,24.0,SAFE,False
CAND_01487,SIM_OPT_01487,180.0,3.0,0.025,0.05,0,0.84,pu_sandwich_panel,197331.0,-19.2,-12.86,0.0,84.92,24.0,SAFE,False
CAND_01488,SIM_OPT_01488,148.4,3.0,0.025,0.025,0,0.38,mud_brick,133600.0,-19.63,-13.29,0.0,90.39,24.0,SAFE,False
CAND_01489,SIM_OPT_01489,150.0,3.0,0.075,0.1,0,0.51,pu_sandwich_panel,216668.0,-17.17,-11.76,0.0,54.12,24.0,SAFE,False
CAND_01490,SIM_OPT_01490,150.0,2.0,0.025,0.025,0,0.66,mud_brick,127902.0,-20.19,-14.46,0.0,90.18,24.0,SAFE,False
CAND_01491,SIM_OPT_01491,195.0,10.0,0.075,0.2,1,0.52,stone_masonry,382442.0,-10.31,-2.45,0.0,80.03,24.0,SAFE,False
CAND_01492,SIM_OPT_01492,195.0,6.0,0.075,0.075,1,0.31,pu_sandwich_panel,217406.0,-12.76,-7.3,0.0,78.52,24.0,SAFE,False
CAND_01493,SIM_OPT_01493,210.0,6.0,0.05,0.1,0,0.32,pu_sandwich_panel,231275.0,-16.63,-8.96,0.0,77.78,24.0,SAFE,False
CAND_01494,SIM_OPT_01494,195.0,3.0,0.025,0.0,0,0.76,stone_masonry,143744.0,-20.18,-13.84,0.0,149.02,24.0,SAFE,False
CAND_01495,SIM_OPT_01495,165.0,4.5,0.025,0.075,1,0.24,dense_concrete,223661.0,-14.87,-9.38,0.0,75.71,24.0,SAFE,False
CAND_01496,SIM_OPT_01496,180.0,2.0,0.0,0.025,0,0.56,stone_masonry,127843.0,-21.44,-15.24,0.0,219.56,24.0,SAFE,False
CAND_01497,SIM_OPT_01497,306.8,0.0,0.0,0.0,0,0.38,mud_brick,100738.0,-21.5,-15.5,0.0,284.06,24.0,SAFE,False
CAND_01498,SIM_OPT_01498,172.6,4.5,0.075,0.075,0,0.66,pu_sandwich_panel,206380.0,-14.86,-8.55,0.0,52.24,24.0,SAFE,False
CAND_01499,SIM_OPT_01499,195.0,4.5,0.075,0.1,1,0.61,stone_masonry,224040.0,-11.71,-7.15,0.0,46.3,24.0,SAFE,False
CAND_01500,SIM_OPT_01500,165.0,3.0,0.025,0.0,0,0.23,stone_masonry,138726.0,-20.23,-13.89,0.0,155.51,24.0,SAFE,False
CAND_01501,SIM_OPT_01501,210.0,3.0,0.05,0.075,1,0.56,dense_concrete,208042.0,-15.51,-11.38,0.0,78.23,24.0,SAFE,False
CAND_01502,SIM_OPT_01502,165.0,6.0,0.05,0.075,0,0.42,stone_masonry,223164.0,-15.63,-7.96,0.0,69.75,24.0,SAFE,False
CAND_01503,SIM_OPT_01503,157.0,6.0,0.05,0.1,1,0.7,pu_sandwich_panel,204272.0,-11.91,-5.99,0.0,54.18,24.0,SAFE,False
CAND_01504,SIM_OPT_01504,210.0,6.0,0.15,0.15,1,0.58,stone_masonry,309424.0,-10.87,-6.79,0.0,70.04,24.0,SAFE,False
CAND_01505,SIM_OPT_01505,210.0,3.0,0.025,0.05,0,0.64,pu_sandwich_panel,187765.0,-19.9,-13.56,0.0,108.29,24.0,SAFE,False
CAND_01506,SIM_OPT_01506,102.8,0.0,0.025,0.025,0,0.76,mud_brick,124250.0,-20.88,-15.19,0.0,106.29,24.0,SAFE,False
CAND_01507,SIM_OPT_01507,208.7,6.0,0.05,0.1,1,0.63,pu_sandwich_panel,253884.0,-11.51,-5.58,0.0,48.0,24.0,SAFE,False
CAND_01508,SIM_OPT_01508,150.0,3.0,0.0,0.025,0,0.27,mud_brick,131250.0,-21.27,-14.47,0.0,219.38,24.0,SAFE,False
CAND_01509,SIM_OPT_01509,180.0,2.0,0.0,0.025,1,0.43,mud_brick,129529.0,-18.0,-13.55,0.0,229.27,24.0,SAFE,False
CAND_01510,SIM_OPT_01510,199.7,3.0,0.05,0.05,1,0.54,stone_masonry,227471.0,-14.55,-10.43,0.0,54.75,24.0,SAFE,False
CAND_01511,SIM_OPT_01511,180.0,8.0,0.1,0.2,1,0.68,pu_sandwich_panel,381140.0,-4.45,1.75,0.0,36.26,24.0,SAFE,False
CAND_01512,SIM_OPT_01512,150.0,2.0,0.025,0.0,1,0.57,stone_masonry,112704.0,-17.29,-13.3,0.0,156.16,24.0,SAFE,False
CAND_01513,SIM_OPT_01513,195.0,0.0,0.025,0.025,0,0.21,stone_masonry,110423.0,-20.88,-15.19,0.0,91.07,24.0,SAFE,False
CAND_01514,SIM_OPT_01514,165.0,4.5,0.075,0.05,1,0.34,stone_masonry,223138.0,-11.0,-6.44,0.0,40.46,24.0,SAFE,False
CAND_01515,SIM_OPT_01515,210.0,3.0,0.0,0.025,0,0.6,stone_masonry,131191.0,-21.2,-14.4,0.0,199.89,24.0,SAFE,False
CAND_01516,SIM_OPT_01516,210.0,10.0,0.15,0.15,1,0.5,stone_masonry,361995.0,-7.68,-1.21,0.0,64.1,24.0,SAFE,False
CAND_01517,SIM_OPT_01517,165.0,0.0,0.0,0.0,0,0.46,rammed_earth,116748.0,-21.5,-15.5,0.0,249.89,24.0,SAFE,False
CAND_01518,SIM_OPT_01518,210.0,6.0,0.075,0.1,1,0.24,dense_concrete,232809.0,-10.44,-4.98,0.0,44.02,24.0,SAFE,False
CAND_01519,SIM_OPT_01519,293.5,3.0,0.05,0.1,1,0.51,stone_masonry,183989.0,-16.75,-12.62,0.0,71.1,24.0,SAFE,False
CAND_01520,SIM_OPT_01520,150.0,4.5,0.05,0.1,1,0.5,stone_masonry,217301.0,-13.56,-8.54,0.0,55.37,24.0,SAFE,False
CAND_01521,SIM_OPT_01521,2.6,10.0,0.075,0.2,1,0.46,stone_masonry,395068.0,-15.33,-7.46,0.0,60.63,24.0,SAFE,False
CAND_01522,SIM_OPT_01522,91.9,3.0,0.05,0.05,0,0.45,pu_sandwich_panel,230887.0,-20.25,-14.38,0.0,65.72,24.0,SAFE,False
CAND_01523,SIM_OPT_01523,165.0,6.0,0.1,0.2,1,0.6,stone_masonry,369634.0,-11.16,-6.16,0.0,62.66,24.0,SAFE,False
CAND_01524,SIM_OPT_01524,210.0,6.0,0.025,0.1,1,0.39,dense_concrete,185986.0,-14.46,-8.07,0.0,79.6,24.0,SAFE,False
CAND_01525,SIM_OPT_01525,288.4,6.0,0.025,0.05,0,0.61,pu_sandwich_panel,215675.0,-20.79,-12.65,0.0,95.39,24.0,SAFE,False
CAND_01526,SIM_OPT_01526,210.0,0.0,0.0,0.025,0,0.8,stone_masonry,108676.0,-21.5,-15.5,0.0,233.75,24.0,SAFE,False
CAND_01527,SIM_OPT_01527,210.0,6.0,0.05,0.05,1,0.55,pu_sandwich_panel,202359.0,-13.84,-7.92,0.0,79.7,24.0,SAFE,False
CAND_01528,SIM_OPT_01528,355.2,3.0,0.05,0.1,1,0.21,dense_concrete,187211.0,-16.69,-12.57,0.0,42.41,24.0,SAFE,False
CAND_01529,SIM_OPT_01529,210.0,12.0,0.1,0.1,1,0.34,pu_sandwich_panel,324654.0,-7.04,1.56,0.0,60.72,24.0,SAFE,False
CAND_01530,SIM_OPT_01530,210.0,0.0,0.0,0.0,0,0.32,rammed_earth,100422.0,-21.5,-15.5,0.0,268.25,24.0,SAFE,False
CAND_01531,SIM_OPT_01531,150.0,6.0,0.05,0.075,0,0.44,pu_sandwich_panel,199787.0,-14.57,-6.9,0.0,51.76,24.0,SAFE,False
CAND_01532,SIM_OPT_01532,210.0,2.0,0.0,0.025,0,0.42,rammed_earth,116600.0,-21.5,-15.3,0.0,216.46,24.0,SAFE,False
CAND_01533,SIM_OPT_01533,180.0,8.0,0.1,0.15,1,0.87,pu_sandwich_panel,351079.0,-7.93,-1.73,0.0,51.92,24.0,SAFE,False
CAND_01534,SIM_OPT_01534,180.0,3.0,0.075,0.1,1,0.38,dense_concrete,243168.0,-12.43,-8.77,0.0,37.47,24.0,SAFE,False
CAND_01535,SIM_OPT_01535,210.0,3.0,0.025,0.025,0,0.44,rammed_earth,131946.0,-19.97,-13.63,0.0,114.04,24.0,SAFE,False
CAND_01536,SIM_OPT_01536,180.0,2.0,0.0,0.0,1,0.24,mud_brick,114514.0,-18.0,-13.55,0.0,282.43,24.0,SAFE,False
CAND_01537,SIM_OPT_01537,210.0,3.0,0.025,0.075,1,0.27,pu_sandwich_panel,191873.0,-16.45,-11.86,0.0,95.43,24.0,SAFE,False
CAND_01538,SIM_OPT_01538,165.0,2.0,0.025,0.025,1,0.66,mud_brick,144379.0,-16.71,-12.73,0.0,87.06,24.0,SAFE,False
CAND_01539,SIM_OPT_01539,210.0,12.0,0.1,0.15,1,0.48,pu_sandwich_panel,381610.0,-0.8,7.8,0.0,35.8,24.0,REFUSED,False
CAND_01540,SIM_OPT_01540,210.0,3.0,0.025,0.025,0,0.33,mud_brick,142296.0,-19.4,-13.06,0.0,81.14,24.0,SAFE,False
CAND_01541,SIM_OPT_01541,165.0,0.0,0.025,0.0,0,0.87,mud_brick,103902.0,-20.88,-15.19,0.0,150.88,24.0,SAFE,False
CAND_01542,SIM_OPT_01542,165.0,4.5,0.025,0.075,1,0.52,dense_concrete,226808.0,-15.58,-10.09,0.0,99.13,24.0,SAFE,False
CAND_01543,SIM_OPT_01543,165.0,0.0,0.0,0.025,0,0.39,stone_masonry,114029.0,-21.5,-15.5,0.0,214.82,24.0,SAFE,False
CAND_01544,SIM_OPT_01544,165.0,3.0,0.025,0.1,0,0.9,stone_masonry,194868.0,-19.46,-13.12,0.0,93.06,24.0,SAFE,False
CAND_01545,SIM_OPT_01545,195.0,6.0,0.025,0.05,1,0.26,dense_concrete,223439.0,-14.35,-7.96,0.0,85.97,24.0,SAFE,False
CAND_01546,SIM_OPT_01546,195.0,2.0,0.025,0.025,0,0.51,stone_masonry,144151.0,-19.88,-14.14,0.0,79.37,24.0,SAFE,False
CAND_01547,SIM_OPT_01547,195.0,8.0,0.1,0.15,1,0.85,stone_masonry,373827.0,-9.3,-3.1,0.0,60.4,24.0,SAFE,False
CAND_01548,SIM_OPT_01548,180.0,3.0,0.0,0.025,0,0.74,rammed_earth,117563.0,-21.2,-14.4,0.0,232.03,24.0,SAFE,False
CAND_01549,SIM_OPT_01549,165.0,4.5,0.075,0.1,0,0.61,dense_concrete,218913.0,-16.69,-10.38,0.0,78.01,24.0,SAFE,False
CAND_01550,SIM_OPT_01550,255.5,0.0,0.025,0.0,0,0.73,stone_masonry,123633.0,-20.88,-15.19,0.0,169.49,24.0,SAFE,False
CAND_01551,SIM_OPT_01551,165.0,10.0,0.15,0.2,1,0.63,stone_masonry,420096.0,-6.45,0.02,0.0,60.93,24.0,SAFE,False
CAND_01552,SIM_OPT_01552,150.0,6.0,0.075,0.15,1,0.43,pu_sandwich_panel,361074.0,-12.81,-7.35,0.0,71.28,24.0,SAFE,False
CAND_01553,SIM_OPT_01553,150.0,2.0,0.0,0.025,1,0.22,mud_brick,122695.0,-18.0,-13.55,0.0,226.42,24.0,SAFE,False
CAND_01554,SIM_OPT_01554,150.0,10.0,0.075,0.15,1,0.22,stone_masonry,373628.0,-4.43,3.44,0.0,37.18,24.0,SAFE,False
CAND_01555,SIM_OPT_01555,195.0,4.5,0.05,0.075,1,0.58,dense_concrete,238913.0,-14.59,-9.56,0.0,85.63,24.0,SAFE,False
CAND_01556,SIM_OPT_01556,150.0,4.5,0.075,0.1,1,0.69,pu_sandwich_panel,218165.0,-13.56,-9.0,0.0,66.61,24.0,SAFE,False
CAND_01557,SIM_OPT_01557,180.0,6.0,0.025,0.1,1,0.36,pu_sandwich_panel,186100.0,-13.7,-7.31,0.0,75.22,24.0,SAFE,False
CAND_01558,SIM_OPT_01558,210.0,2.0,0.025,0.025,0,0.78,stone_masonry,123133.0,-20.32,-14.59,0.0,101.38,24.0,SAFE,False
CAND_01559,SIM_OPT_01559,150.0,3.0,0.05,0.1,0,0.53,stone_masonry,208059.0,-18.23,-12.36,0.0,63.46,24.0,SAFE,False
CAND_01560,SIM_OPT_01560,210.0,0.0,0.0,0.0,0,0.31,mud_brick,120204.0,-21.5,-15.5,0.0,258.87,24.0,SAFE,False
CAND_01561,SIM_OPT_01561,180.0,4.5,0.025,0.1,0,0.89,dense_concrete,180417.0,-17.69,-10.46,0.0,75.3,24.0,SAFE,False
CAND_01562,SIM_OPT_01562,180.0,2.0,0.025,0.025,1,0.74,stone_masonry,146016.0,-16.87,-12.89,0.0,104.41,24.0,SAFE,False
CAND_01563,SIM_OPT_01563,150.0,0.0,0.025,0.025,0,0.37,mud_brick,137474.0,-20.88,-15.19,0.0,80.93,24.0,SAFE,False
CAND_01564,SIM_OPT_01564,25.7,0.0,0.025,0.0,0,0.2,stone_masonry,133938.0,-20.88,-15.19,0.0,127.42,24.0,SAFE,False
CAND_01565,SIM_OPT_01565,195.0,6.0,0.05,0.075,1,0.25,pu_sandwich_panel,241646.0,-10.28,-4.35,0.0,43.52,24.0,SAFE,False
CAND_01566,SIM_OPT_01566,195.0,6.0,0.075,0.05,0,0.85,pu_sandwich_panel,203501.0,-15.73,-8.52,0.0,81.19,24.0,SAFE,False
CAND_01567,SIM_OPT_01567,195.0,4.5,0.075,0.05,0,0.47,stone_masonry,188578.0,-16.5,-10.19,0.0,73.84,24.0,SAFE,False
CAND_01568,SIM_OPT_01568,60.3,2.0,0.025,0.0,0,0.7,stone_masonry,109158.0,-20.88,-15.14,0.0,150.57,24.0,SAFE,False
CAND_01569,SIM_OPT_01569,286.2,6.0,0.075,0.1,1,0.3,stone_masonry,211826.0,-15.73,-10.27,0.0,52.77,24.0,SAFE,False
CAND_01570,SIM_OPT_01570,165.0,8.0,0.15,0.1,1,0.59,stone_masonry,343475.0,-9.2,-3.92,0.0,72.93,24.0,SAFE,False
CAND_01571,SIM_OPT_01571,352.2,0.0,0.0,0.0,0,0.7,mud_brick,116531.0,-21.5,-15.5,0.0,288.6,24.0,SAFE,False
CAND_01572,SIM_OPT_01572,310.9,10.0,0.15,0.15,1,0.42,pu_sandwich_panel,376662.0,-12.87,-6.39,0.0,41.86,24.0,SAFE,False
CAND_01573,SIM_OPT_01573,210.0,8.0,0.15,0.1,1,0.82,stone_masonry,332721.0,-9.23,-3.96,0.0,65.76,24.0,SAFE,False
CAND_01574,SIM_OPT_01574,165.0,3.0,0.075,0.1,0,0.46,dense_concrete,248010.0,-15.99,-10.58,0.0,43.19,24.0,SAFE,False
CAND_01575,SIM_OPT_01575,219.5,4.5,0.075,0.05,0,0.24,stone_masonry,201584.0,-17.05,-10.74,0.0,69.58,24.0,SAFE,False
CAND_01576,SIM_OPT_01576,210.0,6.0,0.05,0.05,1,0.86,stone_masonry,211148.0,-12.92,-7.0,0.0,62.77,24.0,SAFE,False
CAND_01577,SIM_OPT_01577,195.0,6.0,0.15,0.2,1,0.72,pu_sandwich_panel,377508.0,-10.47,-6.4,0.0,70.98,24.0,SAFE,False
CAND_01578,SIM_OPT_01578,210.0,3.0,0.05,0.075,0,0.5,pu_sandwich_panel,231833.0,-17.57,-11.7,0.0,50.28,24.0,SAFE,False
CAND_01579,SIM_OPT_01579,158.8,3.0,0.0,0.025,1,0.78,stone_masonry,138190.0,-17.85,-12.8,0.0,223.75,24.0,SAFE,False
CAND_01580,SIM_OPT_01580,111.5,4.5,0.025,0.05,1,0.26,stone_masonry,216594.0,-16.96,-11.47,0.0,94.12,24.0,SAFE,False
CAND_01581,SIM_OPT_01581,150.0,2.0,0.025,0.0,0,0.41,rammed_earth,120210.0,-20.66,-14.93,0.0,149.51,24.0,SAFE,False
CAND_01582,SIM_OPT_01582,99.6,3.0,0.025,0.05,1,0.88,pu_sandwich_panel,166866.0,-17.38,-12.79,0.0,108.38,24.0,SAFE,False
CAND_01583,SIM_OPT_01583,195.0,8.0,0.1,0.2,1,0.66,pu_sandwich_panel,350963.0,-10.63,-4.43,0.0,75.32,24.0,SAFE,False
CAND_01584,SIM_OPT_01584,165.0,0.0,0.0,0.025,0,0.42,stone_masonry,124169.0,-21.5,-15.5,0.0,203.77,24.0,SAFE,False
CAND_01585,SIM_OPT_01585,165.0,4.5,0.05,0.1,0,0.78,pu_sandwich_panel,244054.0,-17.68,-10.9,0.0,87.23,24.0,SAFE,False
CAND_01586,SIM_OPT_01586,130.9,3.0,0.025,0.05,1,0.43,stone_masonry,201622.0,-16.91,-12.32,0.0,106.4,24.0,SAFE,False
CAND_01587,SIM_OPT_01587,150.0,4.5,0.025,0.075,0,0.82,stone_masonry,223103.0,-19.23,-11.99,0.0,111.85,24.0,SAFE,False
CAND_01588,SIM_OPT_01588,165.0,0.0,0.025,0.0,0,0.8,stone_masonry,132566.0,-20.88,-15.19,0.0,165.39,24.0,SAFE,False
CAND_01589,SIM_OPT_01589,195.0,3.0,0.025,0.1,0,0.84,stone_masonry,211852.0,-19.74,-13.4,0.0,109.12,24.0,SAFE,False
CAND_01590,SIM_OPT_01590,180.0,6.0,0.05,0.075,1,0.33,dense_concrete,201002.0,-12.79,-6.86,0.0,70.39,24.0,SAFE,False
CAND_01591,SIM_OPT_01591,216.0,6.0,0.025,0.05,1,0.63,dense_concrete,244305.0,-14.97,-8.58,0.0,87.43,24.0,SAFE,False
CAND_01592,SIM_OPT_01592,180.0,4.5,0.05,0.075,1,0.37,stone_masonry,233810.0,-13.7,-8.67,0.0,66.46,24.0,SAFE,False
CAND_01593,SIM_OPT_01593,210.0,3.0,0.0,0.0,1,0.64,rammed_earth,110397.0,-17.96,-12.91,0.0,250.44,24.0,SAFE,False
CAND_01594,SIM_OPT_01594,165.0,8.0,0.1,0.1,1,0.56,pu_sandwich_panel,376397.0,-5.43,0.77,0.0,38.28,24.0,SAFE,False
CAND_01595,SIM_OPT_01595,72.6,2.0,0.0,0.0,0,0.74,stone_masonry,111408.0,-21.5,-15.3,0.0,257.34,24.0,SAFE,False
CAND_01596,SIM_OPT_01596,150.0,3.0,0.05,0.05,1,0.3,stone_masonry,184792.0,-15.06,-10.94,0.0,62.18,24.0,SAFE,False
CAND_01597,SIM_OPT_01597,210.0,4.5,0.025,0.1,0,0.43,dense_concrete,221987.0,-17.98,-10.75,0.0,70.76,24.0,SAFE,False
CAND_01598,SIM_OPT_01598,165.0,0.0,0.025,0.025,0,0.5,mud_brick,138266.0,-20.88,-15.19,0.0,78.38,24.0,SAFE,False
CAND_01599,SIM_OPT_01599,150.0,3.0,0.075,0.1,0,0.85,dense_concrete,229680.0,-17.71,-12.29,0.0,66.23,24.0,SAFE,False
CAND_01600,SIM_OPT_01600,4.2,2.0,0.025,0.025,0,0.57,rammed_earth,133306.0,-20.88,-15.14,0.0,109.96,24.0,SAFE,False
CAND_01601,SIM_OPT_01601,150.0,12.0,0.075,0.2,1,0.52,stone_masonry,340587.0,-6.71,2.35,0.0,54.9,24.0,SAFE,False
CAND_01602,SIM_OPT_01602,210.0,6.0,0.075,0.1,1,0.44,pu_sandwich_panel,270323.0,-9.61,-4.14,0.0,38.78,24.0,SAFE,False
CAND_01603,SIM_OPT_01603,195.0,6.0,0.05,0.075,0,0.64,stone_masonry,223636.0,-16.25,-8.57,0.0,79.28,24.0,SAFE,False
CAND_01604,SIM_OPT_01604,195.0,10.0,0.075,0.1,1,0.41,pu_sandwich_panel,353695.0,-8.23,-0.37,0.0,60.21,24.0,SAFE,False
CAND_01605,SIM_OPT_01605,106.8,12.0,0.1,0.2,1,0.89,pu_sandwich_panel,390773.0,-12.67,-4.07,0.0,54.51,24.0,SAFE,False
CAND_01606,SIM_OPT_01606,11.2,6.0,0.05,0.05,0,0.45,stone_masonry,186048.0,-20.03,-12.36,0.0,77.5,24.0,SAFE,False
CAND_01607,SIM_OPT_01607,210.0,6.0,0.075,0.075,1,0.31,pu_sandwich_panel,230193.0,-13.15,-7.69,0.0,78.4,24.0,SAFE,False
CAND_01608,SIM_OPT_01608,195.0,2.0,0.0,0.0,0,0.57,mud_brick,114642.0,-21.5,-15.3,0.0,254.11,24.0,SAFE,False
CAND_01609,SIM_OPT_01609,195.0,6.0,0.075,0.1,0,0.27,dense_concrete,239782.0,-15.42,-8.21,0.0,75.89,24.0,SAFE,False
CAND_01610,SIM_OPT_01610,195.0,4.5,0.075,0.1,0,0.49,stone_masonry,202789.0,-15.99,-9.68,0.0,64.76,24.0,SAFE,False
CAND_01611,SIM_OPT_01611,180.0,0.0,0.0,0.025,0,0.4,mud_brick,109427.0,-21.5,-15.5,0.0,214.05,24.0,SAFE,False
CAND_01612,SIM_OPT_01612,195.0,0.0,0.025,0.025,0,0.47,mud_brick,119497.0,-20.88,-15.19,0.0,97.13,24.0,SAFE,False
CAND_01613,SIM_OPT_01613,210.0,4.5,0.075,0.075,0,0.57,dense_concrete,236492.0,-16.2,-9.88,0.0,61.1,24.0,SAFE,False
CAND_01614,SIM_OPT_01614,210.0,2.0,0.0,0.0,1,0.62,rammed_earth,127804.0,-18.0,-13.55,0.0,259.6,24.0,SAFE,False
CAND_01615,SIM_OPT_01615,150.0,6.0,0.075,0.05,1,0.27,stone_masonry,212844.0,-12.43,-6.96,0.0,64.81,24.0,SAFE,False
CAND_01616,SIM_OPT_01616,180.0,0.0,0.0,0.0,0,0.85,stone_masonry,123642.0,-21.5,-15.5,0.0,250.19,24.0,SAFE,False
CAND_01617,SIM_OPT_01617,195.0,0.0,0.025,0.0,0,0.62,mud_brick,132297.0,-20.88,-15.19,0.0,132.47,24.0,SAFE,False
CAND_01618,SIM_OPT_01618,150.0,4.5,0.025,0.05,1,0.79,dense_concrete,212082.0,-16.0,-10.52,0.0,109.09,24.0,SAFE,False
CAND_01619,SIM_OPT_01619,165.0,3.0,0.025,0.075,0,0.68,dense_concrete,231388.0,-19.34,-13.0,0.0,87.83,24.0,SAFE,False
CAND_01620,SIM_OPT_01620,150.0,0.0,0.0,0.025,0,0.5,rammed_earth,127669.0,-21.5,-15.5,0.0,208.15,24.0,SAFE,False
CAND_01621,SIM_OPT_01621,150.0,0.0,0.0,0.025,0,0.6,stone_masonry,114331.0,-21.5,-15.5,0.0,190.04,24.0,SAFE,False
CAND_01622,SIM_OPT_01622,195.0,0.0,0.025,0.025,0,0.84,mud_brick,116330.0,-20.88,-15.19,0.0,77.0,24.0,SAFE,False
CAND_01623,SIM_OPT_01623,195.0,8.0,0.15,0.15,1,0.63,pu_sandwich_panel,339065.0,-1.77,3.5,0.0,31.17,24.0,SAFE,False
CAND_01624,SIM_OPT_01624,165.0,6.0,0.075,0.075,0,0.42,stone_masonry,212878.0,-15.3,-8.09,0.0,74.04,24.0,SAFE,False
CAND_01625,SIM_OPT_01625,307.9,6.0,0.075,0.05,1,0.59,pu_sandwich_panel,250392.0,-15.8,-10.34,0.0,57.0,24.0,SAFE,False
CAND_01626,SIM_OPT_01626,150.0,2.0,0.0,0.0,1,0.78,rammed_earth,133903.0,-18.0,-13.55,0.0,268.61,24.0,SAFE,False
CAND_01627,SIM_OPT_01627,150.0,12.0,0.075,0.1,1,0.55,stone_masonry,342005.0,-7.62,1.44,0.0,60.41,24.0,SAFE,False
CAND_01628,SIM_OPT_01628,165.0,12.0,0.15,0.15,1,0.5,pu_sandwich_panel,403312.0,-5.04,2.64,0.0,62.49,24.0,SAFE,False
CAND_01629,SIM_OPT_01629,150.0,3.0,0.025,0.075,1,0.31,pu_sandwich_panel,235388.0,-15.67,-11.08,0.0,61.64,24.0,REFUSED,False
CAND_01630,SIM_OPT_01630,165.0,3.0,0.05,0.075,0,0.51,stone_masonry,223248.0,-18.42,-12.55,0.0,76.75,24.0,SAFE,False
CAND_01631,SIM_OPT_01631,336.4,4.5,0.025,0.075,1,0.64,pu_sandwich_panel,197093.0,-17.38,-11.89,0.0,103.0,24.0,SAFE,False
CAND_01632,SIM_OPT_01632,195.0,2.0,0.0,0.025,1,0.48,stone_masonry,126907.0,-18.0,-13.55,0.0,214.37,24.0,SAFE,False
CAND_01633,SIM_OPT_01633,165.0,2.0,0.0,0.025,0,0.5,mud_brick,135723.0,-21.43,-15.23,0.0,207.47,24.0,SAFE,False
CAND_01634,SIM_OPT_01634,210.0,4.5,0.025,0.075,0,0.77,pu_sandwich_panel,199740.0,-18.41,-11.17,0.0,80.87,24.0,SAFE,False
CAND_01635,SIM_OPT_01635,210.0,3.0,0.075,0.05,1,0.35,stone_masonry,217430.0,-14.03,-10.37,0.0,52.33,24.0,SAFE,False
CAND_01636,SIM_OPT_01636,195.0,2.0,0.025,0.0,0,0.78,stone_masonry,109368.0,-20.67,-14.93,0.0,168.05,24.0,SAFE,False
CAND_01637,SIM_OPT_01637,195.0,3.0,0.075,0.1,1,0.58,pu_sandwich_panel,218520.0,-13.96,-10.3,0.0,57.02,24.0,SAFE,False
CAND_01638,SIM_OPT_01638,150.0,0.0,0.025,0.025,0,0.43,rammed_earth,113558.0,-20.88,-15.19,0.0,86.72,24.0,SAFE,False
CAND_01639,SIM_OPT_01639,195.0,6.0,0.075,0.075,1,0.75,stone_masonry,198277.0,-11.2,-5.74,0.0,55.96,24.0,SAFE,False
CAND_01640,SIM_OPT_01640,210.0,3.0,0.025,0.025,0,0.78,rammed_earth,123784.0,-19.69,-13.35,0.0,94.94,24.0,SAFE,False
CAND_01641,SIM_OPT_01641,210.0,0.0,0.0,0.025,0,0.74,stone_masonry,121535.0,-21.5,-15.5,0.0,230.15,24.0,SAFE,False
CAND_01642,SIM_OPT_01642,150.0,3.0,0.025,0.075,0,0.3,dense_concrete,184454.0,-19.45,-13.12,0.0,83.29,24.0,SAFE,False
CAND_01643,SIM_OPT_01643,180.0,8.0,0.15,0.1,1,0.29,pu_sandwich_panel,381032.0,-8.05,-2.78,0.0,62.49,24.0,SAFE,False
CAND_01644,SIM_OPT_01644,150.0,0.0,0.0,0.025,0,0.66,mud_brick,117769.0,-21.5,-15.5,0.0,218.83,24.0,SAFE,False
CAND_01645,SIM_OPT_01645,210.0,6.0,0.05,0.1,1,0.29,pu_sandwich_panel,261080.0,-12.27,-6.34,0.0,54.65,24.0,SAFE,False
CAND_01646,SIM_OPT_01646,150.0,12.0,0.075,0.15,1,0.35,pu_sandwich_panel,375626.0,-8.87,0.2,0.0,70.15,24.0,SAFE,False
CAND_01647,SIM_OPT_01647,210.0,3.0,0.025,0.025,1,0.36,mud_brick,135375.0,-15.96,-11.38,0.0,71.06,24.0,SAFE,False
CAND_01648,SIM_OPT_01648,210.0,6.0,0.1,0.2,1,0.38,pu_sandwich_panel,299501.0,-11.4,-6.4,0.0,59.17,24.0,SAFE,False
CAND_01649,SIM_OPT_01649,165.0,6.0,0.075,0.075,0,0.81,dense_concrete,213586.0,-14.25,-7.04,0.0,60.72,24.0,SAFE,False
CAND_01650,SIM_OPT_01650,180.0,6.0,0.15,0.1,1,0.86,stone_masonry,319957.0,-10.09,-6.01,0.0,67.38,24.0,SAFE,False
CAND_01651,SIM_OPT_01651,257.8,6.0,0.05,0.05,1,0.8,dense_concrete,200385.0,-16.53,-10.61,0.0,91.8,24.0,SAFE,False
CAND_01652,SIM_OPT_01652,195.0,3.0,0.0,0.025,0,0.41,mud_brick,125220.0,-21.18,-14.38,0.0,217.34,24.0,SAFE,False
CAND_01653,SIM_OPT_01653,180.0,6.0,0.1,0.15,1,0.49,pu_sandwich_panel,295026.0,-11.53,-6.53,0.0,70.33,24.0,SAFE,False
CAND_01654,SIM_OPT_01654,150.0,4.5,0.025,0.075,0,0.59,pu_sandwich_panel,198860.0,-18.02,-10.78,0.0,71.47,24.0,REFUSED,False
CAND_01655,SIM_OPT_01655,180.0,2.0,0.0,0.0,0,0.31,mud_brick,135609.0,-21.5,-15.3,0.0,271.82,24.0,SAFE,False
CAND_01656,SIM_OPT_01656,180.0,4.5,0.025,0.075,0,0.47,dense_concrete,232514.0,-17.52,-10.29,0.0,71.97,24.0,SAFE,False
CAND_01657,SIM_OPT_01657,210.0,3.0,0.025,0.05,1,0.44,pu_sandwich_panel,182404.0,-16.21,-11.62,0.0,81.73,24.0,SAFE,False
CAND_01658,SIM_OPT_01658,282.2,4.5,0.025,0.1,1,0.42,pu_sandwich_panel,200878.0,-17.38,-11.89,0.0,102.66,24.0,SAFE,False
CAND_01659,SIM_OPT_01659,98.4,3.0,0.075,0.05,0,0.45,stone_masonry,177386.0,-19.5,-14.09,0.0,44.31,24.0,SAFE,False
CAND_01660,SIM_OPT_01660,180.0,6.0,0.075,0.1,0,0.58,dense_concrete,194558.0,-14.66,-7.45,0.0,67.57,24.0,SAFE,False
CAND_01661,SIM_OPT_01661,165.0,6.0,0.075,0.1,1,0.54,stone_masonry,243482.0,-12.49,-7.03,0.0,73.35,24.0,SAFE,False
CAND_01662,SIM_OPT_01662,297.3,6.0,0.05,0.1,1,0.52,stone_masonry,255429.0,-16.59,-10.66,0.0,71.25,24.0,SAFE,False
CAND_01663,SIM_OPT_01663,150.0,6.0,0.025,0.075,1,0.7,stone_masonry,222656.0,-14.76,-8.38,0.0,87.4,24.0,SAFE,False
CAND_01664,SIM_OPT_01664,210.0,6.0,0.075,0.2,1,0.53,pu_sandwich_panel,369502.0,-10.27,-4.8,0.0,42.79,24.0,SAFE,False
CAND_01665,SIM_OPT_01665,150.0,3.0,0.025,0.0,0,0.71,mud_brick,112144.0,-20.3,-13.96,0.0,148.37,24.0,SAFE,False
CAND_01666,SIM_OPT_01666,180.0,2.0,0.025,0.0,0,0.23,stone_masonry,137688.0,-20.45,-14.71,0.0,132.78,24.0,SAFE,False
CAND_01667,SIM_OPT_01667,195.0,3.0,0.025,0.1,0,0.3,stone_masonry,205360.0,-19.57,-13.23,0.0,98.65,24.0,SAFE,False
CAND_01668,SIM_OPT_01668,195.0,4.5,0.075,0.1,0,0.79,pu_sandwich_panel,233077.0,-16.82,-10.51,0.0,80.98,24.0,SAFE,False
CAND_01669,SIM_OPT_01669,307.1,3.0,0.05,0.075,0,0.82,dense_concrete,186147.0,-20.25,-14.38,0.0,68.3,24.0,SAFE,False
CAND_01670,SIM_OPT_01670,195.0,4.5,0.075,0.075,0,0.41,dense_concrete,231209.0,-14.8,-8.49,0.0,50.29,24.0,SAFE,False
CAND_01671,SIM_OPT_01671,195.0,10.0,0.1,0.1,1,0.78,stone_masonry,328056.0,-7.43,-0.03,0.0,59.04,24.0,SAFE,False
CAND_01672,SIM_OPT_01672,150.0,0.0,0.0,0.025,0,0.61,mud_brick,102891.0,-21.5,-15.5,0.0,204.95,24.0,SAFE,False
CAND_01673,SIM_OPT_01673,210.0,2.0,0.025,0.025,1,0.89,rammed_earth,132019.0,-17.01,-13.02,0.0,104.3,24.0,SAFE,False
CAND_01674,SIM_OPT_01674,210.0,2.0,0.025,0.025,1,0.48,stone_masonry,122644.0,-16.9,-12.91,0.0,93.21,24.0,SAFE,False
CAND_01675,SIM_OPT_01675,165.0,10.0,0.15,0.2,1,0.37,pu_sandwich_panel,370077.0,3.48,9.96,0.0,27.75,24.0,REFUSED,False
CAND_01676,SIM_OPT_01676,180.0,6.0,0.025,0.1,0,0.43,stone_masonry,222772.0,-17.93,-9.79,0.0,107.22,24.0,SAFE,False
CAND_01677,SIM_OPT_01677,180.0,8.0,0.1,0.15,1,0.45,stone_masonry,334887.0,-8.78,-2.58,0.0,58.05,24.0,SAFE,False
CAND_01678,SIM_OPT_01678,180.0,6.0,0.075,0.075,0,0.7,pu_sandwich_panel,211657.0,-14.18,-6.96,0.0,62.12,24.0,SAFE,False
CAND_01679,SIM_OPT_01679,359.3,0.0,0.025,0.025,0,0.28,mud_brick,135622.0,-20.88,-15.19,0.0,87.99,24.0,SAFE,False
CAND_01680,SIM_OPT_01680,150.0,12.0,0.075,0.15,1,0.56,stone_masonry,383659.0,-8.67,0.4,0.0,68.37,24.0,SAFE,False
CAND_01681,SIM_OPT_01681,126.6,6.0,0.025,0.075,0,0.87,pu_sandwich_panel,181135.0,-19.4,-11.26,0.0,111.7,24.0,SAFE,False
CAND_01682,SIM_OPT_01682,198.4,4.5,0.025,0.1,1,0.76,pu_sandwich_panel,214059.0,-15.08,-9.59,0.0,79.95,24.0,SAFE,False
CAND_01683,SIM_OPT_01683,165.0,3.0,0.025,0.025,1,0.69,mud_brick,122367.0,-16.03,-11.45,0.0,82.27,24.0,SAFE,False
CAND_01684,SIM_OPT_01684,150.0,10.0,0.075,0.15,1,0.63,stone_masonry,392931.0,-5.23,2.63,0.0,39.8,24.0,SAFE,False
CAND_01685,SIM_OPT_01685,275.0,6.0,0.05,0.05,0,0.64,pu_sandwich_panel,200678.0,-20.01,-12.34,0.0,75.08,24.0,SAFE,False
CAND_01686,SIM_OPT_01686,195.0,2.0,0.025,0.0,0,0.49,stone_masonry,116396.0,-20.48,-14.74,0.0,132.81,24.0,REFUSED,False
CAND_01687,SIM_OPT_01687,210.0,2.0,0.0,0.0,1,0.74,stone_masonry,122489.0,-18.0,-13.55,0.0,270.28,24.0,SAFE,False
CAND_01688,SIM_OPT_01688,195.0,4.5,0.025,0.075,1,0.39,pu_sandwich_panel,179584.0,-15.06,-9.57,0.0,80.87,24.0,SAFE,False
CAND_01689,SIM_OPT_01689,165.0,0.0,0.0,0.025,0,0.33,stone_masonry,124433.0,-21.5,-15.5,0.0,225.61,24.0,SAFE,False
CAND_01690,SIM_OPT_01690,150.0,4.5,0.075,0.1,0,0.8,pu_sandwich_panel,253967.0,-15.73,-9.42,0.0,54.64,24.0,SAFE,False
CAND_01691,SIM_OPT_01691,324.8,3.0,0.025,0.025,1,0.32,mud_brick,153309.0,-17.38,-12.79,0.0,93.02,24.0,SAFE,False
CAND_01692,SIM_OPT_01692,195.0,6.0,0.075,0.1,1,0.87,pu_sandwich_panel,236603.0,-10.03,-4.57,0.0,46.02,24.0,SAFE,False
CAND_01693,SIM_OPT_01693,195.0,3.0,0.025,0.025,0,0.76,rammed_earth,119053.0,-19.72,-13.38,0.0,107.91,24.0,SAFE,False
CAND_01694,SIM_OPT_01694,150.0,4.5,0.025,0.05,1,0.38,stone_masonry,184071.0,-15.93,-10.45,0.0,104.93,24.0,SAFE,False
CAND_01695,SIM_OPT_01695,279.0,3.0,0.05,0.075,1,0.46,pu_sandwich_panel,194269.0,-16.75,-12.62,0.0,56.12,24.0,SAFE,False
CAND_01696,SIM_OPT_01696,150.0,8.0,0.075,0.1,1,0.81,stone_masonry,367153.0,-11.26,-4.6,0.0,67.65,24.0,SAFE,False
CAND_01697,SIM_OPT_01697,165.0,3.0,0.0,0.0,1,0.57,mud_brick,142151.0,-17.94,-12.89,0.0,269.58,24.0,SAFE,False
CAND_01698,SIM_OPT_01698,150.0,3.0,0.0,0.025,1,0.2,mud_brick,146496.0,-17.89,-12.84,0.0,221.5,24.0,SAFE,False
CAND_01699,SIM_OPT_01699,165.0,4.5,0.025,0.1,0,0.3,stone_masonry,209056.0,-18.85,-11.62,0.0,106.21,24.0,SAFE,False
CAND_01700,SIM_OPT_01700,150.0,0.0,0.0,0.025,0,0.46,mud_brick,126110.0,-21.5,-15.5,0.0,202.36,24.0,SAFE,False
CAND_01701,SIM_OPT_01701,180.0,0.0,0.0,0.0,0,0.3,stone_masonry,129084.0,-21.5,-15.5,0.0,270.82,24.0,SAFE,False
CAND_01702,SIM_OPT_01702,150.0,12.0,0.1,0.1,1,0.75,stone_masonry,337996.0,-7.87,0.73,0.0,66.93,24.0,SAFE,False
CAND_01703,SIM_OPT_01703,195.0,12.0,0.1,0.2,1,0.82,stone_masonry,382378.0,-7.91,0.69,0.0,75.06,24.0,SAFE,False
CAND_01704,SIM_OPT_01704,165.0,4.5,0.025,0.075,1,0.76,pu_sandwich_panel,177189.0,-15.28,-9.79,0.0,87.72,24.0,SAFE,False
CAND_01705,SIM_OPT_01705,210.0,3.0,0.025,0.025,1,0.44,stone_masonry,132886.0,-16.67,-12.08,0.0,112.57,24.0,SAFE,False
CAND_01706,SIM_OPT_01706,180.0,4.5,0.025,0.1,0,0.26,pu_sandwich_panel,235870.0,-18.64,-11.4,0.0,101.32,24.0,SAFE,False
CAND_01707,SIM_OPT_01707,180.0,6.0,0.075,0.15,1,0.56,pu_sandwich_panel,300767.0,-11.3,-5.83,0.0,58.96,24.0,SAFE,False
CAND_01708,SIM_OPT_01708,195.0,3.0,0.0,0.0,1,0.5,rammed_earth,116752.0,-17.89,-12.84,0.0,250.69,24.0,SAFE,False
CAND_01709,SIM_OPT_01709,28.8,4.5,0.05,0.1,1,0.8,stone_masonry,190421.0,-16.58,-11.55,0.0,52.57,24.0,SAFE,False
CAND_01710,SIM_OPT_01710,210.0,3.0,0.025,0.0,0,0.65,rammed_earth,146630.0,-20.39,-14.05,0.0,162.88,24.0,SAFE,False
CAND_01711,SIM_OPT_01711,210.0,3.0,0.025,0.075,0,0.72,pu_sandwich_panel,176686.0,-19.42,-13.08,0.0,81.66,24.0,SAFE,False
CAND_01712,SIM_OPT_01712,150.0,3.0,0.05,0.05,1,0.5,pu_sandwich_panel,238161.0,-15.66,-11.54,0.0,85.58,24.0,SAFE,False
CAND_01713,SIM_OPT_01713,165.0,0.0,0.0,0.0,0,0.48,stone_masonry,99786.0,-21.5,-15.5,0.0,257.22,24.0,SAFE,False
CAND_01714,SIM_OPT_01714,195.0,3.0,0.0,0.025,1,0.52,mud_brick,117658.0,-17.81,-12.76,0.0,220.63,24.0,SAFE,False
CAND_01715,SIM_OPT_01715,295.2,3.0,0.075,0.075,0,0.44,pu_sandwich_panel,212215.0,-19.62,-14.21,0.0,61.75,24.0,SAFE,False
CAND_01716,SIM_OPT_01716,165.0,0.0,0.0,0.0,0,0.64,stone_masonry,126839.0,-21.5,-15.5,0.0,285.12,24.0,SAFE,False
CAND_01717,SIM_OPT_01717,210.0,6.0,0.05,0.075,0,0.67,pu_sandwich_panel,209510.0,-15.08,-7.41,0.0,56.41,24.0,REFUSED,False
CAND_01718,SIM_OPT_01718,210.0,3.0,0.05,0.1,0,0.59,pu_sandwich_panel,226862.0,-18.86,-12.98,0.0,84.53,24.0,SAFE,False
CAND_01719,SIM_OPT_01719,236.3,10.0,0.1,0.15,1,0.32,stone_masonry,332620.0,-11.14,-3.74,0.0,59.76,24.0,SAFE,False
CAND_01720,SIM_OPT_01720,180.0,0.0,0.025,0.0,0,0.53,rammed_earth,109027.0,-20.88,-15.19,0.0,163.94,24.0,SAFE,False
CAND_01721,SIM_OPT_01721,180.0,3.0,0.05,0.075,0,0.79,dense_concrete,175046.0,-18.49,-12.61,0.0,81.79,24.0,SAFE,False
CAND_01722,SIM_OPT_01722,294.1,6.0,0.05,0.1,0,0.46,stone_masonry,242906.0,-20.03,-12.36,0.0,77.41,24.0,SAFE,False
CAND_01723,SIM_OPT_01723,210.0,3.0,0.0,0.0,1,0.44,rammed_earth,140841.0,-17.96,-12.91,0.0,253.89,24.0,SAFE,False
CAND_01724,SIM_OPT_01724,195.0,4.5,0.05,0.05,0,0.82,stone_masonry,193219.0,-16.25,-9.47,0.0,59.45,24.0,SAFE,False
CAND_01725,SIM_OPT_01725,195.0,4.5,0.025,0.05,1,0.86,dense_concrete,187618.0,-15.35,-9.87,0.0,90.21,24.0,SAFE,False
CAND_01726,SIM_OPT_01726,195.0,3.0,0.025,0.0,0,0.48,stone_masonry,129967.0,-20.26,-13.93,0.0,160.55,24.0,SAFE,False
CAND_01727,SIM_OPT_01727,165.0,6.0,0.075,0.075,0,0.73,pu_sandwich_panel,192425.0,-15.3,-8.09,0.0,73.94,24.0,SAFE,False
CAND_01728,SIM_OPT_01728,210.0,3.0,0.0,0.0,0,0.6,rammed_earth,128810.0,-21.39,-14.59,0.0,260.52,24.0,SAFE,False
CAND_01729,SIM_OPT_01729,210.0,4.5,0.075,0.075,1,0.86,dense_concrete,250634.0,-13.62,-9.06,0.0,67.98,24.0,SAFE,False
CAND_01730,SIM_OPT_01730,210.0,0.0,0.025,0.025,0,0.53,rammed_earth,108526.0,-20.88,-15.19,0.0,109.6,24.0,SAFE,False
CAND_01731,SIM_OPT_01731,210.0,3.0,0.05,0.05,0,0.24,stone_masonry,201298.0,-18.49,-12.61,0.0,70.71,24.0,SAFE,False
CAND_01732,SIM_OPT_01732,210.0,6.0,0.1,0.2,1,0.85,stone_masonry,352118.0,-11.15,-6.15,0.0,56.14,24.0,SAFE,False
CAND_01733,SIM_OPT_01733,165.0,6.0,0.075,0.1,1,0.29,stone_masonry,358056.0,-12.22,-6.76,0.0,68.83,24.0,SAFE,False
CAND_01734,SIM_OPT_01734,210.0,3.0,0.025,0.075,1,0.56,stone_masonry,202870.0,-16.18,-11.59,0.0,80.3,24.0,SAFE,False
CAND_01735,SIM_OPT_01735,195.0,0.0,0.0,0.0,0,0.29,mud_brick,121061.0,-21.5,-15.5,0.0,273.13,24.0,SAFE,False
CAND_01736,SIM_OPT_01736,180.0,10.0,0.1,0.2,1,0.6,pu_sandwich_panel,333218.0,-8.66,-1.26,0.0,71.38,24.0,SAFE,False
CAND_01737,SIM_OPT_01737,180.0,12.0,0.075,0.15,1,0.47,stone_masonry,359463.0,-4.9,4.17,0.0,53.58,24.0,SAFE,False
CAND_01738,SIM_OPT_01738,150.0,3.0,0.075,0.075,0,0.86,pu_sandwich_panel,206609.0,-16.87,-11.46,0.0,49.21,24.0,SAFE,False
CAND_01739,SIM_OPT_01739,150.0,10.0,0.15,0.1,1,0.26,stone_masonry,385724.0,-4.42,2.05,0.0,43.91,24.0,SAFE,False
CAND_01740,SIM_OPT_01740,195.0,4.5,0.075,0.075,1,0.23,stone_masonry,218044.0,-11.6,-7.04,0.0,45.29,24.0,SAFE,False
CAND_01741,SIM_OPT_01741,89.9,3.0,0.05,0.075,0,0.79,dense_concrete,179344.0,-20.25,-14.38,0.0,60.59,24.0,SAFE,False
CAND_01742,SIM_OPT_01742,180.0,4.5,0.025,0.075,0,0.82,dense_concrete,223057.0,-18.33,-11.09,0.0,91.03,24.0,SAFE,False
CAND_01743,SIM_OPT_01743,165.0,2.0,0.025,0.025,1,0.63,rammed_earth,125979.0,-16.89,-12.91,0.0,102.86,24.0,SAFE,False
CAND_01744,SIM_OPT_01744,165.0,0.0,0.0,0.025,0,0.25,mud_brick,112292.0,-21.5,-15.5,0.0,221.36,24.0,SAFE,False
CAND_01745,SIM_OPT_01745,150.0,3.0,0.025,0.025,0,0.52,rammed_earth,123951.0,-19.32,-12.98,0.0,77.95,24.0,REFUSED,False
CAND_01746,SIM_OPT_01746,180.0,3.0,0.075,0.05,0,0.84,pu_sandwich_panel,220884.0,-16.69,-11.28,0.0,53.74,24.0,SAFE,False
CAND_01747,SIM_OPT_01747,165.0,12.0,0.1,0.1,1,0.39,pu_sandwich_panel,388923.0,0.37,8.97,0.0,37.08,24.0,SAFE,False
CAND_01748,SIM_OPT_01748,195.0,6.0,0.05,0.1,0,0.54,stone_masonry,222403.0,-15.49,-7.82,0.0,67.91,24.0,SAFE,False
CAND_01749,SIM_OPT_01749,165.0,4.5,0.05,0.1,0,0.46,dense_concrete,184679.0,-16.82,-10.04,0.0,68.18,24.0,SAFE,False
CAND_01750,SIM_OPT_01750,195.0,3.0,0.025,0.025,0,0.54,stone_masonry,141708.0,-19.39,-13.05,0.0,89.77,24.0,SAFE,False
CAND_01751,SIM_OPT_01751,165.0,3.0,0.075,0.05,1,0.54,stone_masonry,198653.0,-14.48,-10.82,0.0,70.73,24.0,SAFE,False
CAND_01752,SIM_OPT_01752,165.0,0.0,0.0,0.0,0,0.66,stone_masonry,110074.0,-21.5,-15.5,0.0,247.99,24.0,REFUSED,False
CAND_01753,SIM_OPT_01753,195.0,6.0,0.075,0.1,0,0.3,pu_sandwich_panel,207528.0,-15.43,-8.21,0.0,76.02,24.0,SAFE,False
CAND_01754,SIM_OPT_01754,200.1,3.0,0.025,0.05,0,0.28,pu_sandwich_panel,197367.0,-18.99,-12.65,0.0,72.66,24.0,SAFE,False
CAND_01755,SIM_OPT_01755,195.0,4.5,0.075,0.075,0,0.44,pu_sandwich_panel,242340.0,-14.87,-8.55,0.0,50.93,24.0,SAFE,False
CAND_01756,SIM_OPT_01756,165.0,6.0,0.025,0.1,1,0.79,dense_concrete,203705.0,-14.67,-8.28,0.0,94.55,24.0,SAFE,False
CAND_01757,SIM_OPT_01757,165.0,4.5,0.075,0.05,0,0.47,stone_masonry,239866.0,-16.49,-10.17,0.0,73.59,24.0,SAFE,False
CAND_01758,SIM_OPT_01758,195.0,2.0,0.0,0.0,0,0.3,mud_brick,112246.0,-21.5,-15.3,0.0,257.81,24.0,SAFE,False
CAND_01759,SIM_OPT_01759,210.0,12.0,0.075,0.2,1,0.6,pu_sandwich_panel,356536.0,-9.69,-0.62,0.0,78.43,24.0,SAFE,False
CAND_01760,SIM_OPT_01760,165.0,6.0,0.15,0.15,1,0.4,pu_sandwich_panel,314657.0,-2.82,1.26,0.0,25.43,24.0,SAFE,False
CAND_01761,SIM_OPT_01761,296.5,10.0,0.15,0.2,1,0.86,stone_masonry,394565.0,-12.87,-6.39,0.0,41.81,24.0,SAFE,False
CAND_01762,SIM_OPT_01762,347.4,4.5,0.05,0.075,1,0.26,stone_masonry,209911.0,-16.75,-11.72,0.0,79.04,24.0,SAFE,False
CAND_01763,SIM_OPT_01763,180.0,3.0,0.025,0.075,0,0.49,stone_masonry,232725.0,-19.08,-12.74,0.0,80.61,24.0,SAFE,False
CAND_01764,SIM_OPT_01764,133.7,2.0,0.025,0.025,1,0.71,mud_brick,145564.0,-16.93,-12.94,0.0,76.4,24.0,SAFE,False
CAND_01765,SIM_OPT_01765,210.0,4.5,0.05,0.05,0,0.58,dense_concrete,180752.0,-17.0,-10.22,0.0,64.04,24.0,SAFE,False
CAND_01766,SIM_OPT_01766,195.0,3.0,0.05,0.05,0,0.3,pu_sandwich_panel,239371.0,-18.08,-12.2,0.0,66.86,24.0,SAFE,False
CAND_01767,SIM_OPT_01767,195.0,0.0,0.0,0.0,0,0.7,rammed_earth,120136.0,-21.5,-15.5,0.0,249.66,24.0,SAFE,False
CAND_01768,SIM_OPT_01768,195.0,2.0,0.0,0.0,1,0.22,rammed_earth,122799.0,-18.0,-13.55,0.0,246.45,24.0,SAFE,False
CAND_01769,SIM_OPT_01769,107.0,12.0,0.15,0.1,1,0.9,pu_sandwich_panel,414317.0,-10.78,-3.1,0.0,46.22,24.0,SAFE,False
CAND_01770,SIM_OPT_01770,210.0,3.0,0.05,0.1,0,0.64,pu_sandwich_panel,180468.0,-17.8,-11.93,0.0,54.34,24.0,SAFE,False
CAND_01771,SIM_OPT_01771,341.9,3.0,0.025,0.1,0,0.89,dense_concrete,193104.0,-20.88,-14.54,0.0,81.62,24.0,SAFE,False
CAND_01772,SIM_OPT_01772,23.0,3.0,0.025,0.0,1,0.73,rammed_earth,125382.0,-17.38,-12.79,0.0,140.85,24.0,SAFE,False
CAND_01773,SIM_OPT_01773,20.7,6.0,0.075,0.2,1,0.79,stone_masonry,328737.0,-15.7,-10.23,0.0,50.79,24.0,SAFE,False
CAND_01774,SIM_OPT_01774,165.0,4.5,0.05,0.075,1,0.55,pu_sandwich_panel,184039.0,-14.51,-9.48,0.0,83.06,24.0,SAFE,False
CAND_01775,SIM_OPT_01775,180.0,2.0,0.0,0.0,1,0.7,mud_brick,136759.0,-18.0,-13.55,0.0,274.0,24.0,SAFE,False
CAND_01776,SIM_OPT_01776,189.9,3.0,0.0,0.025,0,0.6,rammed_earth,107457.0,-21.19,-14.39,0.0,223.53,24.0,SAFE,False
CAND_01777,SIM_OPT_01777,180.0,2.0,0.025,0.0,1,0.88,mud_brick,119843.0,-17.28,-13.29,0.0,175.73,24.0,SAFE,False
CAND_01778,SIM_OPT_01778,180.0,3.0,0.025,0.025,1,0.37,rammed_earth,136526.0,-15.91,-11.32,0.0,79.92,24.0,SAFE,False
CAND_01779,SIM_OPT_01779,195.0,4.5,0.025,0.1,1,0.85,pu_sandwich_panel,206688.0,-14.76,-9.28,0.0,73.15,24.0,SAFE,False
CAND_01780,SIM_OPT_01780,180.0,3.0,0.0,0.0,0,0.62,stone_masonry,117741.0,-21.31,-14.51,0.0,267.72,24.0,SAFE,False
CAND_01781,SIM_OPT_01781,180.0,6.0,0.05,0.05,1,0.5,dense_concrete,210403.0,-13.07,-7.15,0.0,75.07,24.0,SAFE,False
CAND_01782,SIM_OPT_01782,210.0,8.0,0.1,0.15,1,0.61,stone_masonry,350033.0,-11.16,-4.96,0.0,75.02,24.0,SAFE,False
CAND_01783,SIM_OPT_01783,180.0,2.0,0.0,0.0,1,0.51,rammed_earth,126425.0,-18.0,-13.55,0.0,260.75,24.0,SAFE,False
CAND_01784,SIM_OPT_01784,210.0,3.0,0.075,0.075,0,0.57,dense_concrete,189749.0,-17.93,-12.52,0.0,73.07,24.0,SAFE,False
CAND_01785,SIM_OPT_01785,165.0,3.0,0.0,0.0,1,0.81,mud_brick,126259.0,-17.98,-12.93,0.0,291.58,24.0,SAFE,False
CAND_01786,SIM_OPT_01786,195.0,6.0,0.025,0.075,1,0.24,pu_sandwich_panel,251246.0,-13.79,-7.4,0.0,74.37,24.0,SAFE,False
CAND_01787,SIM_OPT_01787,165.0,2.0,0.0,0.025,1,0.61,mud_brick,126891.0,-18.0,-13.55,0.0,233.91,24.0,SAFE,False
CAND_01788,SIM_OPT_01788,180.0,10.0,0.15,0.1,1,0.66,stone_masonry,378779.0,-5.74,0.73,0.0,58.09,24.0,SAFE,False
CAND_01789,SIM_OPT_01789,195.0,8.0,0.1,0.2,1,0.64,stone_masonry,344197.0,-9.32,-3.12,0.0,60.54,24.0,SAFE,False
CAND_01790,SIM_OPT_01790,150.0,10.0,0.15,0.15,1,0.32,stone_masonry,403624.0,0.68,7.16,0.0,29.39,24.0,SAFE,False
CAND_01791,SIM_OPT_01791,94.9,3.0,0.05,0.05,0,0.59,stone_masonry,204841.0,-20.25,-14.38,0.0,69.21,24.0,SAFE,False
CAND_01792,SIM_OPT_01792,165.0,6.0,0.025,0.05,0,0.37,pu_sandwich_panel,183700.0,-18.24,-10.1,0.0,113.74,24.0,SAFE,False
CAND_01793,SIM_OPT_01793,210.0,3.0,0.075,0.1,1,0.28,pu_sandwich_panel,194503.0,-13.81,-10.14,0.0,48.25,24.0,SAFE,False
CAND_01794,SIM_OPT_01794,180.0,3.0,0.0,0.025,1,0.83,stone_masonry,127354.0,-17.74,-12.69,0.0,207.95,24.0,SAFE,False
CAND_01795,SIM_OPT_01795,165.0,6.0,0.1,0.1,1,0.68,stone_masonry,310688.0,-10.87,-5.87,0.0,59.18,24.0,SAFE,False
CAND_01796,SIM_OPT_01796,195.0,0.0,0.0,0.0,0,0.73,mud_brick,95488.0,-21.5,-15.5,0.0,278.83,24.0,SAFE,False
CAND_01797,SIM_OPT_01797,195.0,3.0,0.025,0.025,1,0.49,stone_masonry,134705.0,-16.47,-11.88,0.0,108.2,24.0,SAFE,False
CAND_01798,SIM_OPT_01798,195.0,6.0,0.025,0.1,0,0.37,dense_concrete,207409.0,-17.46,-9.33,0.0,91.28,24.0,SAFE,False
CAND_01799,SIM_OPT_01799,195.0,10.0,0.15,0.15,1,0.87,stone_masonry,327957.0,-1.98,4.5,0.0,39.6,24.0,SAFE,False
CAND_01800,SIM_OPT_01800,165.0,3.0,0.0,0.0,0,0.6,mud_brick,130222.0,-21.31,-14.51,0.0,259.37,24.0,SAFE,False
CAND_01801,SIM_OPT_01801,180.0,6.0,0.075,0.1,1,0.55,pu_sandwich_panel,366163.0,-9.79,-4.33,0.0,45.98,24.0,SAFE,False
CAND_01802,SIM_OPT_01802,150.0,3.0,0.0,0.0,0,0.67,mud_brick,113259.0,-21.41,-14.61,0.0,271.07,24.0,SAFE,False
CAND_01803,SIM_OPT_01803,74.0,3.0,0.05,0.05,1,0.23,dense_concrete,223481.0,-16.75,-12.62,0.0,81.57,24.0,SAFE,False
CAND_01804,SIM_OPT_01804,180.0,3.0,0.05,0.075,1,0.89,stone_masonry,192119.0,-14.03,-9.9,0.0,48.84,24.0,SAFE,False
CAND_01805,SIM_OPT_01805,109.2,2.0,0.0,0.0,1,0.78,rammed_earth,120516.0,-18.0,-13.55,0.0,292.51,24.0,SAFE,False
CAND_01806,SIM_OPT_01806,180.0,2.0,0.0,0.0,0,0.31,stone_masonry,117287.0,-21.5,-15.3,0.0,280.81,24.0,SAFE,False
CAND_01807,SIM_OPT_01807,165.0,0.0,0.0,0.0,0,0.79,rammed_earth,121859.0,-21.5,-15.5,0.0,283.34,24.0,SAFE,False
CAND_01808,SIM_OPT_01808,165.0,12.0,0.1,0.1,1,0.84,stone_masonry,373189.0,-7.29,1.31,0.0,69.64,24.0,SAFE,False
CAND_01809,SIM_OPT_01809,165.0,2.0,0.0,0.025,0,0.52,stone_masonry,127846.0,-21.48,-15.28,0.0,227.26,24.0,SAFE,False
CAND_01810,SIM_OPT_01810,180.0,4.5,0.075,0.1,0,0.86,pu_sandwich_panel,197481.0,-15.61,-9.3,0.0,61.46,24.0,SAFE,False
CAND_01811,SIM_OPT_01811,180.0,0.0,0.025,0.0,0,0.49,mud_brick,126845.0,-20.88,-15.19,0.0,132.07,24.0,SAFE,False
CAND_01812,SIM_OPT_01812,210.0,8.0,0.075,0.1,1,0.8,pu_sandwich_panel,292076.0,-10.49,-3.83,0.0,59.17,24.0,SAFE,False
CAND_01813,SIM_OPT_01813,180.0,4.5,0.05,0.05,1,0.73,dense_concrete,199866.0,-13.75,-8.72,0.0,67.31,24.0,SAFE,False
CAND_01814,SIM_OPT_01814,210.0,6.0,0.075,0.075,0,0.8,stone_masonry,232113.0,-15.14,-7.93,0.0,64.18,24.0,SAFE,False
CAND_01815,SIM_OPT_01815,165.0,3.0,0.075,0.075,0,0.31,pu_sandwich_panel,231375.0,-17.52,-12.11,0.0,68.42,24.0,SAFE,False
CAND_01816,SIM_OPT_01816,165.0,8.0,0.1,0.1,1,0.64,pu_sandwich_panel,386028.0,-9.41,-3.21,0.0,61.42,24.0,SAFE,False
CAND_01817,SIM_OPT_01817,210.0,3.0,0.0,0.025,1,0.88,mud_brick,126177.0,-17.89,-12.84,0.0,222.22,24.0,SAFE,False
CAND_01818,SIM_OPT_01818,180.0,12.0,0.15,0.15,1,0.44,pu_sandwich_panel,350712.0,2.83,10.5,0.28,35.75,23.72,SAFE,False
CAND_01819,SIM_OPT_01819,195.0,2.0,0.025,0.025,1,0.41,rammed_earth,128509.0,-16.94,-12.95,0.0,108.1,24.0,SAFE,False
CAND_01820,SIM_OPT_01820,180.0,2.0,0.025,0.0,0,0.65,mud_brick,136380.0,-20.47,-14.73,0.0,135.4,24.0,SAFE,False
CAND_01821,SIM_OPT_01821,283.0,10.0,0.15,0.15,1,0.77,stone_masonry,349279.0,-12.62,-6.14,0.0,36.89,24.0,SAFE,False
CAND_01822,SIM_OPT_01822,195.0,6.0,0.05,0.075,1,0.61,dense_concrete,195460.0,-13.86,-7.93,0.0,89.43,24.0,SAFE,False
CAND_01823,SIM_OPT_01823,210.0,3.0,0.05,0.1,1,0.27,stone_masonry,250724.0,-14.3,-10.18,0.0,46.15,24.0,SAFE,False
CAND_01824,SIM_OPT_01824,180.0,4.5,0.025,0.075,0,0.79,pu_sandwich_panel,177175.0,-18.4,-11.16,0.0,93.08,24.0,SAFE,False
CAND_01825,SIM_OPT_01825,210.0,2.0,0.025,0.025,0,0.73,mud_brick,118301.0,-20.26,-14.53,0.0,95.97,24.0,SAFE,False
CAND_01826,SIM_OPT_01826,150.0,4.5,0.075,0.05,0,0.84,pu_sandwich_panel,200897.0,-16.0,-9.69,0.0,58.21,24.0,SAFE,False
CAND_01827,SIM_OPT_01827,210.0,3.0,0.05,0.1,1,0.3,pu_sandwich_panel,195992.0,-15.08,-10.96,0.0,62.6,24.0,SAFE,False
CAND_01828,SIM_OPT_01828,165.0,12.0,0.15,0.15,1,0.5,stone_masonry,339662.0,-1.82,5.85,0.0,46.94,24.0,SAFE,False
CAND_01829,SIM_OPT_01829,41.6,0.0,0.025,0.025,0,0.78,stone_masonry,123190.0,-20.88,-15.19,0.0,85.22,24.0,SAFE,False
CAND_01830,SIM_OPT_01830,210.0,6.0,0.075,0.1,1,0.53,stone_masonry,301633.0,-11.05,-5.59,0.0,48.81,24.0,SAFE,False
CAND_01831,SIM_OPT_01831,165.0,3.0,0.05,0.075,1,0.27,stone_masonry,188148.0,-14.2,-10.07,0.0,49.8,24.0,SAFE,False
CAND_01832,SIM_OPT_01832,195.0,0.0,0.0,0.0,0,0.52,stone_masonry,116715.0,-21.5,-15.5,0.0,262.23,24.0,SAFE,False
CAND_01833,SIM_OPT_01833,165.0,12.0,0.15,0.2,1,0.3,stone_masonry,412890.0,5.84,13.52,4.99,29.47,19.01,SAFE,True
CAND_01834,SIM_OPT_01834,195.0,3.0,0.025,0.0,1,0.73,rammed_earth,144096.0,-16.83,-12.24,0.0,144.97,24.0,SAFE,False
CAND_01835,SIM_OPT_01835,46.5,6.0,0.025,0.075,0,0.61,pu_sandwich_panel,211944.0,-20.85,-12.71,0.0,105.12,24.0,SAFE,False
CAND_01836,SIM_OPT_01836,165.0,0.0,0.025,0.0,0,0.56,stone_masonry,128138.0,-20.88,-15.19,0.0,137.99,24.0,SAFE,False
CAND_01837,SIM_OPT_01837,180.0,0.0,0.025,0.025,0,0.31,stone_masonry,121087.0,-20.88,-15.19,0.0,91.59,24.0,SAFE,False
CAND_01838,SIM_OPT_01838,210.0,4.5,0.025,0.1,1,0.37,pu_sandwich_panel,239508.0,-15.68,-10.2,0.0,93.01,24.0,SAFE,False
CAND_01839,SIM_OPT_01839,150.0,0.0,0.0,0.0,0,0.69,stone_masonry,104561.0,-21.5,-15.5,0.0,276.13,24.0,SAFE,False
CAND_01840,SIM_OPT_01840,195.0,0.0,0.0,0.0,0,0.44,mud_brick,105395.0,-21.5,-15.5,0.0,256.31,24.0,SAFE,False
CAND_01841,SIM_OPT_01841,165.0,6.0,0.075,0.05,0,0.39,dense_concrete,213059.0,-15.21,-8.0,0.0,72.65,24.0,SAFE,False
CAND_01842,SIM_OPT_01842,210.0,3.0,0.075,0.1,1,0.31,stone_masonry,248304.0,-13.66,-10.0,0.0,45.81,24.0,SAFE,False
CAND_01843,SIM_OPT_01843,180.0,3.0,0.025,0.0,0,0.84,stone_masonry,126954.0,-20.19,-13.86,0.0,155.96,24.0,SAFE,False
CAND_01844,SIM_OPT_01844,180.0,4.5,0.075,0.1,0,0.47,dense_concrete,247340.0,-16.49,-10.17,0.0,76.19,24.0,SAFE,False
CAND_01845,SIM_OPT_01845,355.4,3.0,0.075,0.1,1,0.79,dense_concrete,203860.0,-16.11,-12.45,0.0,45.74,24.0,SAFE,False
CAND_01846,SIM_OPT_01846,150.0,6.0,0.05,0.075,0,0.26,dense_concrete,250898.0,-14.31,-6.63,0.0,49.69,24.0,SAFE,False
CAND_01847,SIM_OPT_01847,195.0,4.5,0.075,0.075,1,0.79,stone_masonry,194562.0,-12.23,-7.67,0.0,51.78,24.0,SAFE,False
CAND_01848,SIM_OPT_01848,150.0,12.0,0.075,0.2,1,0.6,pu_sandwich_panel,354913.0,-4.26,4.8,0.0,43.99,24.0,SAFE,False
CAND_01849,SIM_OPT_01849,165.0,4.5,0.05,0.075,1,0.65,dense_concrete,200196.0,-12.92,-7.89,0.0,52.62,24.0,SAFE,False
CAND_01850,SIM_OPT_01850,165.0,4.5,0.075,0.05,1,0.52,dense_concrete,201417.0,-12.91,-8.35,0.0,61.29,24.0,SAFE,False
CAND_01851,SIM_OPT_01851,150.0,3.0,0.0,0.025,1,0.43,mud_brick,142657.0,-17.86,-12.81,0.0,212.53,24.0,SAFE,False
CAND_01852,SIM_OPT_01852,210.0,4.5,0.025,0.05,0,0.58,stone_masonry,175004.0,-18.73,-11.49,0.0,90.65,24.0,SAFE,False
CAND_01853,SIM_OPT_01853,150.0,6.0,0.025,0.1,1,0.32,stone_masonry,229985.0,-14.21,-7.82,0.0,74.19,24.0,SAFE,False
CAND_01854,SIM_OPT_01854,180.0,2.0,0.0,0.0,1,0.42,rammed_earth,124142.0,-18.0,-13.55,0.0,288.49,24.0,SAFE,False
CAND_01855,SIM_OPT_01855,198.6,6.0,0.05,0.075,1,0.28,dense_concrete,251155.0,-13.62,-7.69,0.0,82.07,24.0,SAFE,False
CAND_01856,SIM_OPT_01856,210.0,10.0,0.15,0.2,1,0.4,stone_masonry,334483.0,-6.99,-0.52,0.0,58.47,24.0,SAFE,False
CAND_01857,SIM_OPT_01857,165.0,3.0,0.05,0.05,1,0.4,dense_concrete,209933.0,-14.74,-10.62,0.0,60.52,24.0,SAFE,False
CAND_01858,SIM_OPT_01858,150.0,2.0,0.0,0.0,0,0.69,rammed_earth,133580.0,-21.5,-15.3,0.0,254.25,24.0,SAFE,False
CAND_01859,SIM_OPT_01859,326.4,4.5,0.075,0.05,1,0.46,dense_concrete,204755.0,-15.92,-11.36,0.0,50.36,24.0,SAFE,False
CAND_01860,SIM_OPT_01860,210.0,4.5,0.05,0.075,1,0.65,stone_masonry,243490.0,-14.37,-9.34,0.0,70.86,24.0,SAFE,False
CAND_01861,SIM_OPT_01861,210.0,4.5,0.025,0.075,0,0.66,pu_sandwich_panel,239529.0,-18.5,-11.26,0.0,83.43,24.0,SAFE,False
CAND_01862,SIM_OPT_01862,210.0,6.0,0.075,0.05,0,0.27,dense_concrete,216022.0,-16.38,-9.17,0.0,85.49,24.0,SAFE,False
CAND_01863,SIM_OPT_01863,180.0,4.5,0.05,0.05,1,0.39,dense_concrete,217550.0,-14.16,-9.13,0.0,76.14,24.0,SAFE,False
CAND_01864,SIM_OPT_01864,195.0,3.0,0.025,0.0,1,0.38,mud_brick,127167.0,-16.74,-12.15,0.0,133.62,24.0,SAFE,False
CAND_01865,SIM_OPT_01865,195.0,3.0,0.075,0.1,0,0.57,pu_sandwich_panel,219181.0,-16.64,-11.22,0.0,51.17,24.0,SAFE,False
CAND_01866,SIM_OPT_01866,180.0,4.5,0.075,0.1,1,0.63,dense_concrete,235848.0,-13.37,-8.81,0.0,72.39,24.0,SAFE,False
CAND_01867,SIM_OPT_01867,165.0,2.0,0.0,0.025,0,0.55,rammed_earth,119495.0,-21.43,-15.23,0.0,208.12,24.0,SAFE,False
CAND_01868,SIM_OPT_01868,226.5,12.0,0.1,0.1,1,0.3,pu_sandwich_panel,335911.0,-4.41,4.19,0.0,37.33,24.0,SAFE,False
CAND_01869,SIM_OPT_01869,180.0,3.0,0.0,0.0,1,0.49,mud_brick,132322.0,-17.95,-12.9,0.0,284.99,24.0,SAFE,False
CAND_01870,SIM_OPT_01870,180.0,3.0,0.075,0.05,1,0.84,pu_sandwich_panel,186531.0,-14.02,-10.36,0.0,60.23,24.0,SAFE,False
CAND_01871,SIM_OPT_01871,180.0,3.0,0.075,0.075,0,0.22,stone_masonry,238223.0,-15.01,-9.6,0.0,36.16,24.0,REFUSED,False
CAND_01872,SIM_OPT_01872,165.0,2.0,0.025,0.025,1,0.81,rammed_earth,120706.0,-16.89,-12.9,0.0,102.62,24.0,SAFE,False
CAND_01873,SIM_OPT_01873,210.0,6.0,0.075,0.075,0,0.45,pu_sandwich_panel,228607.0,-15.63,-8.42,0.0,71.21,24.0,SAFE,False
CAND_01874,SIM_OPT_01874,210.0,4.5,0.025,0.075,0,0.26,dense_concrete,236695.0,-18.8,-11.56,0.0,93.15,24.0,SAFE,False
CAND_01875,SIM_OPT_01875,150.0,8.0,0.1,0.2,1,0.83,pu_sandwich_panel,332781.0,-9.1,-2.9,0.0,52.59,24.0,SAFE,False
CAND_01876,SIM_OPT_01876,180.0,4.5,0.075,0.1,0,0.77,stone_masonry,227528.0,-14.58,-8.27,0.0,50.01,24.0,SAFE,False
CAND_01877,SIM_OPT_01877,165.0,10.0,0.15,0.2,1,0.87,pu_sandwich_panel,396027.0,-1.65,4.83,0.0,38.6,24.0,SAFE,False
CAND_01878,SIM_OPT_01878,195.0,6.0,0.075,0.1,0,0.52,pu_sandwich_panel,205417.0,-14.46,-7.25,0.0,63.07,24.0,SAFE,False
CAND_01879,SIM_OPT_01879,195.0,6.0,0.025,0.075,0,0.35,dense_concrete,228702.0,-17.84,-9.7,0.0,100.98,24.0,SAFE,False
CAND_01880,SIM_OPT_01880,180.0,6.0,0.075,0.2,1,0.84,stone_masonry,359827.0,-12.01,-6.55,0.0,68.14,24.0,SAFE,False
CAND_01881,SIM_OPT_01881,165.0,3.0,0.025,0.025,1,0.49,rammed_earth,135041.0,-16.06,-11.47,0.0,83.79,24.0,SAFE,False
CAND_01882,SIM_OPT_01882,180.0,0.0,0.025,0.025,0,0.81,mud_brick,139713.0,-20.88,-15.19,0.0,108.86,24.0,SAFE,False
CAND_01883,SIM_OPT_01883,150.0,6.0,0.025,0.05,1,0.42,stone_masonry,243551.0,-14.35,-7.96,0.0,77.12,24.0,SAFE,False
CAND_01884,SIM_OPT_01884,287.7,6.0,0.075,0.15,1,0.63,stone_masonry,351347.0,-16.02,-10.55,0.0,77.85,24.0,SAFE,False
CAND_01885,SIM_OPT_01885,165.0,10.0,0.15,0.15,1,0.59,stone_masonry,389203.0,-7.14,-0.67,0.0,66.42,24.0,SAFE,False
CAND_01886,SIM_OPT_01886,150.0,0.0,0.0,0.0,0,0.49,mud_brick,122499.0,-21.5,-15.5,0.0,277.78,24.0,SAFE,False
CAND_01887,SIM_OPT_01887,165.0,2.0,0.025,0.025,0,0.32,rammed_earth,119715.0,-20.32,-14.59,0.0,113.02,24.0,SAFE,False
CAND_01888,SIM_OPT_01888,180.0,6.0,0.075,0.075,1,0.52,dense_concrete,224415.0,-9.78,-4.32,0.0,45.91,24.0,SAFE,False
CAND_01889,SIM_OPT_01889,210.0,8.0,0.15,0.15,1,0.71,pu_sandwich_panel,328068.0,-6.63,-1.35,0.0,44.67,24.0,SAFE,False
CAND_01890,SIM_OPT_01890,165.0,6.0,0.05,0.075,1,0.66,pu_sandwich_panel,232542.0,-13.4,-7.48,0.0,78.77,24.0,SAFE,False
CAND_01891,SIM_OPT_01891,180.0,4.5,0.05,0.075,0,0.21,stone_masonry,215248.0,-16.55,-9.78,0.0,66.02,24.0,SAFE,False
CAND_01892,SIM_OPT_01892,180.0,6.0,0.075,0.15,1,0.6,stone_masonry,317159.0,-11.03,-5.56,0.0,56.13,24.0,SAFE,False
CAND_01893,SIM_OPT_01893,165.0,0.0,0.0,0.025,0,0.89,stone_masonry,112434.0,-21.5,-15.5,0.0,200.1,24.0,SAFE,False
CAND_01894,SIM_OPT_01894,210.0,6.0,0.025,0.05,0,0.87,dense_concrete,184919.0,-18.02,-9.88,0.0,95.54,24.0,SAFE,False
CAND_01895,SIM_OPT_01895,180.0,3.0,0.0,0.025,1,0.54,rammed_earth,146134.0,-17.71,-12.66,0.0,198.15,24.0,SAFE,False
CAND_01896,SIM_OPT_01896,150.0,6.0,0.075,0.075,1,0.23,stone_masonry,217544.0,-9.61,-4.15,0.0,38.81,24.0,SAFE,False
CAND_01897,SIM_OPT_01897,165.0,4.5,0.05,0.05,0,0.3,stone_masonry,236399.0,-17.77,-10.99,0.0,89.97,24.0,SAFE,False
CAND_01898,SIM_OPT_01898,165.0,12.0,0.1,0.2,1,0.46,pu_sandwich_panel,335677.0,-5.04,3.56,0.0,55.36,24.0,SAFE,False
CAND_01899,SIM_OPT_01899,210.0,3.0,0.05,0.075,1,0.72,dense_concrete,229910.0,-14.66,-10.54,0.0,52.55,24.0,SAFE,False
CAND_01900,SIM_OPT_01900,195.0,6.0,0.075,0.1,0,0.32,stone_masonry,219041.0,-12.27,-5.05,0.0,45.44,24.0,SAFE,False
CAND_01901,SIM_OPT_01901,180.0,8.0,0.1,0.15,1,0.76,pu_sandwich_panel,372183.0,-9.45,-3.25,0.0,63.99,24.0,SAFE,False
CAND_01902,SIM_OPT_01902,195.0,2.0,0.0,0.0,0,0.68,mud_brick,128635.0,-21.5,-15.3,0.0,267.1,24.0,SAFE,False
CAND_01903,SIM_OPT_01903,210.0,6.0,0.025,0.075,0,0.65,stone_masonry,208077.0,-17.43,-9.29,0.0,81.09,24.0,SAFE,False
CAND_01904,SIM_OPT_01904,150.0,2.0,0.025,0.025,0,0.54,stone_masonry,118698.0,-20.27,-14.54,0.0,96.85,24.0,SAFE,False
CAND_01905,SIM_OPT_01905,195.0,0.0,0.025,0.025,0,0.51,rammed_earth,131003.0,-20.88,-15.19,0.0,112.3,24.0,SAFE,False
CAND_01906,SIM_OPT_01906,180.0,4.5,0.05,0.05,0,0.23,pu_sandwich_panel,195293.0,-17.71,-10.94,0.0,91.25,24.0,SAFE,False
CAND_01907,SIM_OPT_01907,150.0,6.0,0.075,0.05,0,0.41,stone_masonry,218559.0,-16.24,-9.02,0.0,82.29,24.0,SAFE,False
CAND_01908,SIM_OPT_01908,180.0,3.0,0.0,0.025,1,0.55,mud_brick,113504.0,-17.68,-12.63,0.0,191.08,24.0,SAFE,False
CAND_01909,SIM_OPT_01909,150.0,3.0,0.0,0.025,1,0.26,mud_brick,146381.0,-17.82,-12.77,0.0,199.92,24.0,SAFE,False
CAND_01910,SIM_OPT_01910,301.4,3.0,0.05,0.075,1,0.58,stone_masonry,228064.0,-16.75,-12.62,0.0,61.27,24.0,SAFE,False
CAND_01911,SIM_OPT_01911,150.0,2.0,0.0,0.025,0,0.5,stone_masonry,124121.0,-21.48,-15.28,0.0,203.62,24.0,SAFE,False
CAND_01912,SIM_OPT_01912,165.0,0.0,0.025,0.025,0,0.82,mud_brick,116566.0,-20.88,-15.19,0.0,83.3,24.0,SAFE,False
CAND_01913,SIM_OPT_01913,150.0,3.0,0.025,0.05,1,0.24,dense_concrete,173803.0,-16.45,-11.86,0.0,95.2,24.0,SAFE,False
CAND_01914,SIM_OPT_01914,165.0,2.0,0.025,0.025,1,0.28,mud_brick,124678.0,-16.91,-12.93,0.0,104.88,24.0,SAFE,False
CAND_01915,SIM_OPT_01915,150.0,6.0,0.15,0.1,1,0.35,stone_masonry,377038.0,-10.42,-6.34,0.0,62.83,24.0,SAFE,False
CAND_01916,SIM_OPT_01916,195.0,3.0,0.025,0.025,0,0.44,stone_masonry,136830.0,-19.25,-12.91,0.0,84.1,24.0,SAFE,False
CAND_01917,SIM_OPT_01917,195.0,6.0,0.025,0.1,0,0.78,dense_concrete,204841.0,-18.12,-9.99,0.0,109.7,24.0,SAFE,False
CAND_01918,SIM_OPT_01918,150.0,6.0,0.05,0.075,1,0.41,dense_concrete,222191.0,-11.69,-5.76,0.0,48.94,24.0,SAFE,False
CAND_01919,SIM_OPT_01919,210.0,4.5,0.075,0.1,1,0.36,pu_sandwich_panel,219811.0,-13.51,-8.95,0.0,65.55,24.0,SAFE,False
CAND_01920,SIM_OPT_01920,195.0,0.0,0.025,0.0,0,0.41,stone_masonry,124467.0,-20.88,-15.19,0.0,160.33,24.0,SAFE,False
CAND_01921,SIM_OPT_01921,180.0,3.0,0.025,0.0,0,0.51,stone_masonry,127075.0,-20.25,-13.91,0.0,163.76,24.0,SAFE,False
CAND_01922,SIM_OPT_01922,210.0,4.5,0.075,0.1,0,0.41,pu_sandwich_panel,229186.0,-14.32,-8.01,0.0,41.36,24.0,SAFE,False
CAND_01923,SIM_OPT_01923,165.0,2.0,0.025,0.025,1,0.84,rammed_earth,125854.0,-16.97,-12.98,0.0,112.26,24.0,SAFE,False
CAND_01924,SIM_OPT_01924,260.3,6.0,0.075,0.1,1,0.49,dense_concrete,240636.0,-15.32,-9.86,0.0,40.58,24.0,SAFE,False
CAND_01925,SIM_OPT_01925,150.0,3.0,0.025,0.075,0,0.56,dense_concrete,190878.0,-19.87,-13.53,0.0,106.06,24.0,SAFE,False
CAND_01926,SIM_OPT_01926,165.0,6.0,0.05,0.05,0,0.37,stone_masonry,229638.0,-16.39,-8.71,0.0,81.86,24.0,SAFE,False
CAND_01927,SIM_OPT_01927,180.0,2.0,0.0,0.025,1,0.35,stone_masonry,139479.0,-18.0,-13.55,0.0,225.02,24.0,SAFE,False
CAND_01928,SIM_OPT_01928,210.0,12.0,0.15,0.1,1,0.24,pu_sandwich_panel,410558.0,-3.92,3.75,0.0,50.26,24.0,SAFE,False
CAND_01929,SIM_OPT_01929,210.0,8.0,0.1,0.1,1,0.8,pu_sandwich_panel,350985.0,-10.49,-4.29,0.0,65.8,24.0,SAFE,False
CAND_01930,SIM_OPT_01930,180.0,6.0,0.1,0.1,1,0.57,stone_masonry,317310.0,-7.53,-2.53,0.0,37.07,24.0,SAFE,False
CAND_01931,SIM_OPT_01931,150.0,6.0,0.05,0.05,1,0.54,dense_concrete,189111.0,-13.46,-7.54,0.0,71.73,24.0,SAFE,False
CAND_01932,SIM_OPT_01932,180.0,2.0,0.0,0.025,0,0.9,stone_masonry,111703.0,-21.46,-15.26,0.0,230.01,24.0,SAFE,False
CAND_01933,SIM_OPT_01933,44.8,12.0,0.15,0.15,1,0.81,stone_masonry,360549.0,-13.32,-5.65,0.0,65.86,24.0,SAFE,False
CAND_01934,SIM_OPT_01934,195.0,0.0,0.0,0.025,0,0.44,mud_brick,128238.0,-21.5,-15.5,0.0,191.7,24.0,SAFE,False
CAND_01935,SIM_OPT_01935,134.7,4.5,0.075,0.1,0,0.74,dense_concrete,229810.0,-17.42,-11.11,0.0,71.98,24.0,SAFE,False
CAND_01936,SIM_OPT_01936,165.0,6.0,0.15,0.2,1,0.22,stone_masonry,352394.0,-8.66,-4.58,0.0,49.86,24.0,SAFE,False
CAND_01937,SIM_OPT_01937,165.0,3.0,0.025,0.025,0,0.42,rammed_earth,114770.0,-19.48,-13.14,0.0,94.0,24.0,SAFE,False
CAND_01938,SIM_OPT_01938,210.0,3.0,0.075,0.075,0,0.28,dense_concrete,210500.0,-17.56,-12.14,0.0,62.38,24.0,SAFE,False
CAND_01939,SIM_OPT_01939,210.0,3.0,0.025,0.05,0,0.31,dense_concrete,216278.0,-19.41,-13.07,0.0,81.65,24.0,SAFE,False
CAND_01940,SIM_OPT_01940,165.0,6.0,0.025,0.1,1,0.9,dense_concrete,236980.0,-14.82,-8.43,0.0,99.31,24.0,SAFE,False
CAND_01941,SIM_OPT_01941,210.0,0.0,0.0,0.025,0,0.24,mud_brick,104543.0,-21.5,-15.5,0.0,219.81,24.0,SAFE,False
CAND_01942,SIM_OPT_01942,210.0,0.0,0.025,0.025,0,0.38,rammed_earth,120735.0,-20.88,-15.19,0.0,103.16,24.0,SAFE,False
CAND_01943,SIM_OPT_01943,180.0,4.5,0.075,0.05,1,0.47,pu_sandwich_panel,238181.0,-12.11,-7.54,0.0,52.16,24.0,SAFE,False
CAND_01944,SIM_OPT_01944,150.0,8.0,0.1,0.1,1,0.79,stone_masonry,320581.0,-7.32,-1.12,0.0,41.77,24.0,SAFE,False
CAND_01945,SIM_OPT_01945,150.0,8.0,0.1,0.2,1,0.49,pu_sandwich_panel,333919.0,-8.43,-2.23,0.0,47.93,24.0,SAFE,False
CAND_01946,SIM_OPT_01946,165.0,3.0,0.025,0.075,1,0.65,pu_sandwich_panel,174207.0,-15.69,-11.11,0.0,69.51,24.0,SAFE,False
CAND_01947,SIM_OPT_01947,150.0,0.0,0.0,0.0,0,0.49,mud_brick,121412.0,-21.5,-15.5,0.0,268.01,24.0,SAFE,False
CAND_01948,SIM_OPT_01948,195.0,12.0,0.1,0.2,1,0.41,stone_masonry,403524.0,-7.5,1.1,0.0,71.42,24.0,SAFE,False
CAND_01949,SIM_OPT_01949,150.0,4.5,0.05,0.1,0,0.49,pu_sandwich_panel,241806.0,-16.18,-9.4,0.0,52.5,24.0,SAFE,False
CAND_01950,SIM_OPT_01950,195.0,2.0,0.025,0.025,0,0.85,rammed_earth,140736.0,-20.24,-14.5,0.0,104.98,24.0,SAFE,False
CAND_01951,SIM_OPT_01951,150.0,3.0,0.025,0.025,1,0.55,rammed_earth,120965.0,-16.66,-12.07,0.0,111.68,24.0,SAFE,False
CAND_01952,SIM_OPT_01952,150.0,3.0,0.025,0.0,0,0.83,stone_masonry,123331.0,-20.36,-14.02,0.0,157.25,24.0,SAFE,False
CAND_01953,SIM_OPT_01953,210.0,4.5,0.025,0.05,1,0.59,dense_concrete,204692.0,-15.34,-9.85,0.0,80.41,24.0,SAFE,False
CAND_01954,SIM_OPT_01954,195.0,4.5,0.05,0.075,0,0.76,pu_sandwich_panel,188396.0,-16.24,-9.46,0.0,59.4,24.0,SAFE,False
CAND_01955,SIM_OPT_01955,195.0,3.0,0.0,0.0,0,0.84,stone_masonry,121688.0,-21.36,-14.56,0.0,280.21,24.0,SAFE,False
CAND_01956,SIM_OPT_01956,210.0,2.0,0.0,0.0,0,0.81,mud_brick,121849.0,-21.5,-15.3,0.0,295.9,24.0,SAFE,False
CAND_01957,SIM_OPT_01957,195.0,3.0,0.0,0.0,1,0.84,mud_brick,140534.0,-17.98,-12.93,0.0,290.81,24.0,SAFE,False
CAND_01958,SIM_OPT_01958,345.6,6.0,0.025,0.05,0,0.22,stone_masonry,203467.0,-20.59,-12.46,0.0,70.67,24.0,SAFE,False
CAND_01959,SIM_OPT_01959,165.0,12.0,0.075,0.15,1,0.73,stone_masonry,342838.0,-3.1,5.96,0.0,44.88,24.0,SAFE,False
CAND_01960,SIM_OPT_01960,210.0,4.5,0.075,0.05,1,0.67,pu_sandwich_panel,219567.0,-13.2,-8.63,0.0,59.51,24.0,SAFE,False
CAND_01961,SIM_OPT_01961,195.0,3.0,0.0,0.0,0,0.42,mud_brick,121329.0,-21.29,-14.49,0.0,251.51,24.0,SAFE,False
CAND_01962,SIM_OPT_01962,210.0,0.0,0.0,0.025,0,0.49,stone_masonry,125226.0,-21.5,-15.5,0.0,211.36,24.0,SAFE,False
CAND_01963,SIM_OPT_01963,63.8,3.0,0.0,0.025,1,0.71,stone_masonry,130002.0,-18.0,-12.95,0.0,208.7,24.0,SAFE,False
CAND_01964,SIM_OPT_01964,210.0,3.0,0.0,0.0,0,0.42,rammed_earth,126545.0,-21.44,-14.64,0.0,285.3,24.0,SAFE,False
CAND_01965,SIM_OPT_01965,165.0,0.0,0.0,0.0,0,0.47,stone_masonry,100842.0,-21.5,-15.5,0.0,263.26,24.0,SAFE,False
CAND_01966,SIM_OPT_01966,180.0,6.0,0.1,0.2,1,0.68,pu_sandwich_panel,373940.0,-11.57,-6.57,0.0,70.9,24.0,SAFE,False
CAND_01967,SIM_OPT_01967,297.5,12.0,0.075,0.1,1,0.4,pu_sandwich_panel,343924.0,-15.13,-6.07,0.0,63.09,24.0,SAFE,False
CAND_01968,SIM_OPT_01968,180.0,2.0,0.0,0.0,0,0.71,rammed_earth,115958.0,-21.5,-15.3,0.0,285.48,24.0,SAFE,False
CAND_01969,SIM_OPT_01969,180.0,6.0,0.05,0.1,1,0.71,dense_concrete,206589.0,-13.4,-7.48,0.0,81.68,24.0,SAFE,False
CAND_01970,SIM_OPT_01970,180.0,0.0,0.0,0.0,0,0.88,rammed_earth,110470.0,-21.5,-15.5,0.0,276.54,24.0,SAFE,False
CAND_01971,SIM_OPT_01971,210.0,3.0,0.05,0.1,0,0.49,pu_sandwich_panel,179152.0,-18.45,-12.57,0.0,69.62,24.0,SAFE,False
CAND_01972,SIM_OPT_01972,150.0,3.0,0.025,0.1,1,0.46,dense_concrete,227881.0,-16.37,-11.79,0.0,90.64,24.0,SAFE,False
CAND_01973,SIM_OPT_01973,180.0,4.5,0.05,0.05,0,0.66,pu_sandwich_panel,207612.0,-16.05,-9.28,0.0,59.04,24.0,SAFE,False
CAND_01974,SIM_OPT_01974,195.0,3.0,0.05,0.075,0,0.23,dense_concrete,219420.0,-18.61,-12.73,0.0,83.27,24.0,SAFE,False
CAND_01975,SIM_OPT_01975,150.0,12.0,0.1,0.1,1,0.37,stone_masonry,404328.0,-3.68,4.92,0.0,44.15,24.0,SAFE,False
CAND_01976,SIM_OPT_01976,165.0,8.0,0.15,0.1,1,0.55,stone_masonry,356898.0,-6.85,-1.57,0.0,51.21,24.0,SAFE,False
CAND_01977,SIM_OPT_01977,180.0,3.0,0.075,0.075,1,0.82,dense_concrete,204664.0,-14.38,-10.71,0.0,69.95,24.0,SAFE,False
CAND_01978,SIM_OPT_01978,150.0,3.0,0.0,0.025,0,0.28,stone_masonry,115271.0,-21.31,-14.51,0.0,230.43,24.0,SAFE,False
CAND_01979,SIM_OPT_01979,150.0,3.0,0.05,0.075,1,0.83,stone_masonry,178088.0,-15.54,-11.41,0.0,79.55,24.0,SAFE,False
CAND_01980,SIM_OPT_01980,165.0,3.0,0.025,0.0,0,0.66,rammed_earth,117967.0,-20.29,-13.96,0.0,164.68,24.0,SAFE,False
CAND_01981,SIM_OPT_01981,165.0,4.5,0.075,0.1,1,0.66,dense_concrete,214057.0,-13.16,-8.6,0.0,65.71,24.0,SAFE,False
CAND_01982,SIM_OPT_01982,165.0,3.0,0.05,0.1,0,0.35,pu_sandwich_panel,194914.0,-18.23,-12.36,0.0,70.76,24.0,SAFE,False
CAND_01983,SIM_OPT_01983,150.0,4.5,0.075,0.075,1,0.45,stone_masonry,231912.0,-13.38,-8.82,0.0,62.79,24.0,SAFE,False
CAND_01984,SIM_OPT_01984,210.0,8.0,0.1,0.15,1,0.73,pu_sandwich_panel,327983.0,-11.04,-4.84,0.0,73.11,24.0,SAFE,False
CAND_01985,SIM_OPT_01985,180.0,0.0,0.0,0.0,0,0.32,mud_brick,125973.0,-21.5,-15.5,0.0,244.48,24.0,SAFE,False
CAND_01986,SIM_OPT_01986,150.0,3.0,0.025,0.1,0,0.29,stone_masonry,187242.0,-19.64,-13.3,0.0,92.48,24.0,SAFE,False
CAND_01987,SIM_OPT_01987,165.0,2.0,0.0,0.0,0,0.73,rammed_earth,105920.0,-21.5,-15.3,0.0,282.4,24.0,SAFE,False
CAND_01988,SIM_OPT_01988,165.0,3.0,0.05,0.05,0,0.64,stone_masonry,218685.0,-18.45,-12.57,0.0,77.57,24.0,SAFE,False
CAND_01989,SIM_OPT_01989,210.0,4.5,0.025,0.075,0,0.82,stone_masonry,192437.0,-18.31,-11.07,0.0,78.31,24.0,SAFE,False
CAND_01990,SIM_OPT_01990,150.0,3.0,0.075,0.05,0,0.44,pu_sandwich_panel,208061.0,-18.09,-12.68,0.0,78.75,24.0,SAFE,False
CAND_01991,SIM_OPT_01991,180.0,4.5,0.075,0.1,1,0.81,stone_masonry,248331.0,-13.1,-8.54,0.0,66.76,24.0,SAFE,False
CAND_01992,SIM_OPT_01992,195.0,3.0,0.075,0.1,0,0.23,dense_concrete,190479.0,-16.84,-11.43,0.0,54.34,24.0,SAFE,False
CAND_01993,SIM_OPT_01993,79.7,2.0,0.025,0.0,1,0.66,mud_brick,145057.0,-17.38,-13.39,0.0,135.62,24.0,SAFE,False
CAND_01994,SIM_OPT_01994,165.0,6.0,0.05,0.1,1,0.5,pu_sandwich_panel,246127.0,-11.26,-5.33,0.0,50.69,24.0,SAFE,False
CAND_01995,SIM_OPT_01995,132.6,8.0,0.15,0.15,1,0.82,stone_masonry,370303.0,-7.16,-1.89,0.0,37.36,24.0,SAFE,False
CAND_01996,SIM_OPT_01996,180.0,2.0,0.025,0.0,0,0.2,stone_masonry,144570.0,-20.47,-14.73,0.0,135.99,24.0,SAFE,False
CAND_01997,SIM_OPT_01997,176.8,3.0,0.05,0.1,0,0.58,pu_sandwich_panel,180801.0,-17.21,-11.34,0.0,52.15,24.0,SAFE,False
CAND_01998,SIM_OPT_01998,195.0,2.0,0.0,0.0,0,0.42,stone_masonry,123541.0,-21.5,-15.3,0.0,288.53,24.0,SAFE,False
CAND_01999,SIM_OPT_01999,180.0,3.0,0.0,0.0,1,0.2,rammed_earth,147001.0,-17.91,-12.86,0.0,266.2,24.0,SAFE,False
CAND_02000,SIM_OPT_02000,180.0,3.0,0.05,0.075,0,0.81,dense_concrete,191227.0,-17.59,-11.71,0.0,58.41,24.0,SAFE,False
CAND_02001,SIM_OPT_02001,180.0,3.0,0.075,0.05,1,0.63,stone_masonry,251052.0,-14.28,-10.62,0.0,67.01,24.0,SAFE,False
CAND_02002,SIM_OPT_02002,150.0,6.0,0.025,0.1,0,0.75,pu_sandwich_panel,237813.0,-17.56,-9.42,0.0,84.0,24.0,SAFE,False
CAND_02003,SIM_OPT_02003,91.8,2.0,0.0,0.0,1,0.32,rammed_earth,122414.0,-18.0,-13.55,0.0,287.19,24.0,SAFE,False
CAND_02004,SIM_OPT_02004,165.0,3.0,0.0,0.0,1,0.26,mud_brick,137358.0,-17.9,-12.85,0.0,252.46,24.0,SAFE,False
CAND_02005,SIM_OPT_02005,195.0,6.0,0.15,0.15,1,0.67,pu_sandwich_panel,355233.0,-10.17,-6.09,0.0,66.32,24.0,SAFE,False
CAND_02006,SIM_OPT_02006,237.2,0.0,0.0,0.025,0,0.81,stone_masonry,123594.0,-21.5,-15.5,0.0,218.72,24.0,SAFE,False
CAND_02007,SIM_OPT_02007,18.5,0.0,0.0,0.0,0,0.41,rammed_earth,102432.0,-21.5,-15.5,0.0,266.85,24.0,SAFE,False
CAND_02008,SIM_OPT_02008,216.6,0.0,0.025,0.025,0,0.26,mud_brick,128572.0,-20.88,-15.19,0.0,94.41,24.0,SAFE,False
CAND_02009,SIM_OPT_02009,180.0,3.0,0.025,0.075,1,0.83,pu_sandwich_panel,199557.0,-15.9,-11.31,0.0,79.43,24.0,SAFE,False
CAND_02010,SIM_OPT_02010,165.0,6.0,0.075,0.075,0,0.88,pu_sandwich_panel,220266.0,-14.47,-7.26,0.0,63.16,24.0,SAFE,False
CAND_02011,SIM_OPT_02011,210.0,3.0,0.025,0.075,1,0.37,stone_masonry,191839.0,-16.07,-11.48,0.0,75.39,24.0,SAFE,False
CAND_02012,SIM_OPT_02012,180.0,6.0,0.075,0.1,1,0.76,dense_concrete,252878.0,-9.98,-4.52,0.0,47.29,24.0,SAFE,False
CAND_02013,SIM_OPT_02013,195.0,6.0,0.025,0.1,1,0.69,pu_sandwich_panel,245750.0,-13.56,-7.18,0.0,70.38,24.0,SAFE,False
CAND_02014,SIM_OPT_02014,180.0,3.0,0.0,0.025,1,0.71,mud_brick,117971.0,-17.82,-12.77,0.0,229.78,24.0,SAFE,False
CAND_02015,SIM_OPT_02015,103.9,6.0,0.025,0.075,1,0.52,pu_sandwich_panel,228500.0,-17.11,-10.72,0.0,98.82,24.0,SAFE,False
CAND_02016,SIM_OPT_02016,180.0,6.0,0.05,0.075,1,0.72,pu_sandwich_panel,233001.0,-13.75,-7.83,0.0,89.7,24.0,SAFE,False
CAND_02017,SIM_OPT_02017,210.0,10.0,0.1,0.1,1,0.64,stone_masonry,327842.0,-7.27,0.13,0.0,51.96,24.0,SAFE,False
CAND_02018,SIM_OPT_02018,210.0,12.0,0.15,0.2,1,0.21,pu_sandwich_panel,433777.0,-0.21,7.46,0.0,37.43,24.0,SAFE,False
CAND_02019,SIM_OPT_02019,210.0,3.0,0.025,0.025,0,0.28,stone_masonry,147761.0,-19.81,-13.47,0.0,102.59,24.0,SAFE,False
CAND_02020,SIM_OPT_02020,150.0,4.5,0.075,0.1,1,0.75,pu_sandwich_panel,261158.0,-12.66,-8.1,0.0,51.46,24.0,SAFE,False
CAND_02021,SIM_OPT_02021,195.0,6.0,0.1,0.15,1,0.41,stone_masonry,329535.0,-11.53,-6.53,0.0,67.88,24.0,SAFE,False
CAND_02022,SIM_OPT_02022,165.0,4.5,0.075,0.1,1,0.87,pu_sandwich_panel,216175.0,-11.82,-7.25,0.0,47.36,24.0,SAFE,False
CAND_02023,SIM_OPT_02023,195.0,4.5,0.025,0.05,1,0.56,pu_sandwich_panel,243240.0,-15.72,-10.23,0.0,105.72,24.0,SAFE,False
CAND_02024,SIM_OPT_02024,195.0,4.5,0.025,0.1,0,0.82,pu_sandwich_panel,225922.0,-18.53,-11.29,0.0,94.06,24.0,SAFE,False
CAND_02025,SIM_OPT_02025,195.0,2.0,0.0,0.0,0,0.33,rammed_earth,125106.0,-21.5,-15.3,0.0,256.4,24.0,SAFE,False
CAND_02026,SIM_OPT_02026,242.9,6.0,0.05,0.075,0,0.43,dense_concrete,227846.0,-17.78,-10.11,0.0,56.64,24.0,SAFE,False
CAND_02027,SIM_OPT_02027,150.0,6.0,0.1,0.2,1,0.48,stone_masonry,365132.0,-10.48,-5.48,0.0,49.29,24.0,SAFE,False
CAND_02028,SIM_OPT_02028,107.6,3.0,0.05,0.1,1,0.59,pu_sandwich_panel,225269.0,-16.48,-12.36,0.0,61.86,24.0,SAFE,False
CAND_02029,SIM_OPT_02029,180.0,0.0,0.0,0.0,0,0.46,mud_brick,119294.0,-21.5,-15.5,0.0,249.89,24.0,SAFE,False
CAND_02030,SIM_OPT_02030,180.0,0.0,0.0,0.0,0,0.77,stone_masonry,125042.0,-21.5,-15.5,0.0,260.72,24.0,SAFE,False
CAND_02031,SIM_OPT_02031,210.0,0.0,0.025,0.025,0,0.54,rammed_earth,138524.0,-20.88,-15.19,0.0,76.33,24.0,SAFE,False
CAND_02032,SIM_OPT_02032,232.8,3.0,0.075,0.075,1,0.26,stone_masonry,207348.0,-14.47,-10.81,0.0,44.07,24.0,SAFE,False
CAND_02033,SIM_OPT_02033,210.0,4.5,0.05,0.05,0,0.67,pu_sandwich_panel,205711.0,-18.08,-11.3,0.0,90.01,24.0,SAFE,False
CAND_02034,SIM_OPT_02034,247.7,0.0,0.0,0.0,0,0.34,mud_brick,116571.0,-21.5,-15.5,0.0,249.62,24.0,SAFE,False
CAND_02035,SIM_OPT_02035,195.0,0.0,0.0,0.0,0,0.48,mud_brick,122151.0,-21.5,-15.5,0.0,266.47,24.0,SAFE,False
CAND_02036,SIM_OPT_02036,172.4,3.0,0.0,0.025,0,0.64,stone_masonry,119034.0,-21.16,-14.36,0.0,218.01,24.0,SAFE,False
CAND_02037,SIM_OPT_02037,74.1,2.0,0.025,0.025,0,0.85,mud_brick,132482.0,-20.88,-15.14,0.0,118.99,24.0,SAFE,False
CAND_02038,SIM_OPT_02038,347.0,0.0,0.0,0.0,0,0.8,stone_masonry,120140.0,-21.5,-15.5,0.0,279.1,24.0,SAFE,False
CAND_02039,SIM_OPT_02039,195.0,3.0,0.075,0.1,0,0.65,pu_sandwich_panel,225215.0,-16.75,-11.34,0.0,52.85,24.0,SAFE,False
CAND_02040,SIM_OPT_02040,180.0,3.0,0.0,0.0,0,0.82,stone_masonry,128982.0,-21.37,-14.57,0.0,293.44,24.0,SAFE,False
CAND_02041,SIM_OPT_02041,195.0,12.0,0.075,0.2,1,0.54,stone_masonry,348722.0,-8.84,0.22,0.0,77.91,24.0,SAFE,False
CAND_02042,SIM_OPT_02042,165.0,10.0,0.15,0.2,1,0.85,pu_sandwich_panel,415503.0,-7.49,-1.02,0.0,69.7,24.0,SAFE,False
CAND_02043,SIM_OPT_02043,210.0,3.0,0.025,0.025,1,0.89,rammed_earth,147998.0,-16.58,-11.99,0.0,105.16,24.0,SAFE,False
CAND_02044,SIM_OPT_02044,150.0,2.0,0.0,0.025,1,0.46,mud_brick,126929.0,-18.0,-13.55,0.0,205.37,24.0,SAFE,False
CAND_02045,SIM_OPT_02045,180.0,4.5,0.075,0.05,0,0.39,stone_masonry,218070.0,-16.54,-10.22,0.0,77.3,24.0,SAFE,False
CAND_02046,SIM_OPT_02046,358.1,0.0,0.0,0.0,0,0.41,stone_masonry,108738.0,-21.5,-15.5,0.0,269.8,24.0,SAFE,False
CAND_02047,SIM_OPT_02047,220.7,0.0,0.025,0.0,0,0.75,stone_masonry,127491.0,-20.88,-15.19,0.0,142.0,24.0,SAFE,False
CAND_02048,SIM_OPT_02048,180.0,3.0,0.05,0.1,0,0.35,pu_sandwich_panel,223149.0,-17.38,-11.5,0.0,54.83,24.0,SAFE,False
CAND_02049,SIM_OPT_02049,165.0,6.0,0.05,0.075,0,0.73,stone_masonry,183781.0,-14.48,-6.81,0.0,56.93,24.0,SAFE,False
CAND_02050,SIM_OPT_02050,195.0,0.0,0.0,0.025,0,0.45,rammed_earth,120599.0,-21.5,-15.5,0.0,207.76,24.0,SAFE,False
CAND_02051,SIM_OPT_02051,150.0,6.0,0.075,0.1,0,0.5,stone_masonry,249497.0,-14.89,-7.68,0.0,61.14,24.0,SAFE,False
CAND_02052,SIM_OPT_02052,210.0,12.0,0.15,0.2,1,0.6,pu_sandwich_panel,407455.0,-2.94,4.74,0.0,46.08,24.0,SAFE,False
CAND_02053,SIM_OPT_02053,150.0,3.0,0.075,0.1,1,0.61,stone_masonry,256181.0,-14.49,-10.82,0.0,63.58,24.0,SAFE,False
CAND_02054,SIM_OPT_02054,150.0,6.0,0.05,0.1,0,0.24,pu_sandwich_panel,252978.0,-16.85,-9.18,0.0,82.01,24.0,SAFE,False
CAND_02055,SIM_OPT_02055,195.0,6.0,0.075,0.15,1,0.85,pu_sandwich_panel,355394.0,-9.15,-3.69,0.0,40.61,24.0,SAFE,False
CAND_02056,SIM_OPT_02056,165.0,3.0,0.025,0.025,0,0.21,stone_masonry,142598.0,-19.44,-13.1,0.0,92.17,24.0,SAFE,False
CAND_02057,SIM_OPT_02057,195.0,0.0,0.0,0.025,0,0.88,rammed_earth,115106.0,-21.5,-15.5,0.0,206.26,24.0,SAFE,False
CAND_02058,SIM_OPT_02058,165.0,12.0,0.075,0.2,1,0.61,pu_sandwich_panel,351956.0,-6.69,2.37,0.0,61.08,24.0,SAFE,False
CAND_02059,SIM_OPT_02059,186.9,4.5,0.075,0.075,1,0.25,stone_masonry,237646.0,-13.13,-8.57,0.0,66.88,24.0,SAFE,False
CAND_02060,SIM_OPT_02060,180.0,6.0,0.075,0.075,1,0.28,stone_masonry,264268.0,-11.33,-5.87,0.0,59.38,24.0,SAFE,False
CAND_02061,SIM_OPT_02061,210.0,3.0,0.025,0.05,0,0.44,pu_sandwich_panel,203452.0,-19.13,-12.79,0.0,71.39,24.0,SAFE,False
CAND_02062,SIM_OPT_02062,150.0,6.0,0.025,0.1,1,0.54,pu_sandwich_panel,242663.0,-14.52,-8.13,0.0,81.03,24.0,SAFE,False
CAND_02063,SIM_OPT_02063,20.5,2.0,0.0,0.0,1,0.65,mud_brick,105888.0,-18.0,-13.55,0.0,282.09,24.0,SAFE,False
CAND_02064,SIM_OPT_02064,195.0,0.0,0.025,0.025,0,0.22,stone_masonry,132338.0,-20.88,-15.19,0.0,88.75,24.0,SAFE,False
CAND_02065,SIM_OPT_02065,165.0,3.0,0.025,0.025,1,0.83,rammed_earth,133611.0,-16.55,-11.96,0.0,114.67,24.0,SAFE,False
CAND_02066,SIM_OPT_02066,180.0,3.0,0.025,0.075,0,0.85,stone_masonry,198039.0,-19.63,-13.29,0.0,105.71,24.0,SAFE,False
CAND_02067,SIM_OPT_02067,150.0,2.0,0.025,0.025,0,0.36,rammed_earth,121715.0,-20.45,-14.71,0.0,115.34,24.0,SAFE,False
CAND_02068,SIM_OPT_02068,180.0,4.5,0.025,0.075,0,0.38,pu_sandwich_panel,178538.0,-18.38,-11.14,0.0,92.65,24.0,SAFE,False
CAND_02069,SIM_OPT_02069,210.0,3.0,0.025,0.025,1,0.63,stone_masonry,135999.0,-16.61,-12.03,0.0,107.58,24.0,SAFE,False
CAND_02070,SIM_OPT_02070,150.0,3.0,0.075,0.075,0,0.25,pu_sandwich_panel,233883.0,-18.07,-12.66,0.0,77.92,24.0,SAFE,False
CAND_02071,SIM_OPT_02071,180.0,6.0,0.075,0.2,1,0.67,pu_sandwich_panel,364881.0,-12.29,-6.83,0.0,72.49,24.0,SAFE,False
CAND_02072,SIM_OPT_02072,180.0,3.0,0.025,0.05,0,0.43,dense_concrete,197169.0,-18.64,-12.3,0.0,67.66,24.0,SAFE,False
CAND_02073,SIM_OPT_02073,180.0,6.0,0.025,0.05,1,0.25,stone_masonry,220418.0,-14.51,-8.12,0.0,93.42,24.0,SAFE,False
CAND_02074,SIM_OPT_02074,150.0,2.0,0.025,0.0,1,0.77,rammed_earth,144200.0,-17.3,-13.32,0.0,158.63,24.0,SAFE,False
CAND_02075,SIM_OPT_02075,109.8,4.5,0.05,0.05,1,0.31,stone_masonry,194470.0,-16.14,-11.12,0.0,71.63,24.0,SAFE,False
CAND_02076,SIM_OPT_02076,310.9,3.0,0.075,0.05,1,0.41,stone_masonry,199847.0,-16.12,-12.46,0.0,62.23,24.0,SAFE,False
CAND_02077,SIM_OPT_02077,210.0,4.5,0.075,0.1,1,0.38,pu_sandwich_panel,209509.0,-13.57,-9.01,0.0,66.71,24.0,SAFE,False
CAND_02078,SIM_OPT_02078,195.0,3.0,0.025,0.025,1,0.64,stone_masonry,129132.0,-15.92,-11.33,0.0,77.51,24.0,SAFE,False
CAND_02079,SIM_OPT_02079,22.8,0.0,0.025,0.0,0,0.2,rammed_earth,133426.0,-20.88,-15.19,0.0,131.78,24.0,SAFE,False
CAND_02080,SIM_OPT_02080,150.0,6.0,0.15,0.2,1,0.41,stone_masonry,333136.0,-8.51,-4.43,0.0,43.58,24.0,SAFE,False
CAND_02081,SIM_OPT_02081,195.0,2.0,0.025,0.025,0,0.83,mud_brick,145419.0,-20.3,-14.56,0.0,110.63,24.0,SAFE,False
CAND_02082,SIM_OPT_02082,165.0,2.0,0.0,0.025,1,0.39,mud_brick,130817.0,-18.0,-13.55,0.0,225.28,24.0,SAFE,False
CAND_02083,SIM_OPT_02083,195.5,6.0,0.075,0.1,1,0.45,pu_sandwich_panel,320973.0,-12.52,-7.05,0.0,73.73,24.0,SAFE,False
CAND_02084,SIM_OPT_02084,210.0,6.0,0.025,0.1,1,0.26,pu_sandwich_panel,224407.0,-15.0,-8.62,0.0,94.74,24.0,SAFE,False
CAND_02085,SIM_OPT_02085,74.4,3.0,0.025,0.025,0,0.86,stone_masonry,138011.0,-20.88,-14.54,0.0,99.44,24.0,SAFE,False
CAND_02086,SIM_OPT_02086,195.0,6.0,0.05,0.1,0,0.83,pu_sandwich_panel,245320.0,-16.29,-8.62,0.0,80.02,24.0,SAFE,False
CAND_02087,SIM_OPT_02087,180.0,12.0,0.1,0.2,1,0.22,pu_sandwich_panel,343802.0,-2.66,5.94,0.0,47.11,24.0,SAFE,False
CAND_02088,SIM_OPT_02088,180.0,3.0,0.025,0.0,1,0.61,stone_masonry,130742.0,-16.89,-12.3,0.0,158.7,24.0,SAFE,False
CAND_02089,SIM_OPT_02089,151.0,2.0,0.0,0.025,1,0.63,stone_masonry,124058.0,-18.0,-13.55,0.0,213.1,24.0,SAFE,False
CAND_02090,SIM_OPT_02090,4.3,6.0,0.05,0.1,1,0.39,dense_concrete,232944.0,-16.24,-10.31,0.0,46.82,24.0,SAFE,False
CAND_02091,SIM_OPT_02091,180.0,3.0,0.075,0.05,1,0.82,stone_masonry,214621.0,-14.18,-10.52,0.0,64.21,24.0,SAFE,False
CAND_02092,SIM_OPT_02092,195.0,10.0,0.1,0.1,1,0.59,pu_sandwich_panel,327190.0,-2.89,4.51,0.0,38.59,24.0,SAFE,False
CAND_02093,SIM_OPT_02093,217.7,4.5,0.05,0.1,1,0.57,pu_sandwich_panel,206015.0,-13.42,-8.39,0.0,48.69,24.0,SAFE,False
CAND_02094,SIM_OPT_02094,210.0,2.0,0.0,0.025,1,0.71,rammed_earth,131779.0,-18.0,-13.55,0.0,193.19,24.0,SAFE,False
CAND_02095,SIM_OPT_02095,195.0,6.0,0.025,0.05,0,0.89,pu_sandwich_panel,195020.0,-18.28,-10.14,0.0,115.21,24.0,SAFE,False
CAND_02096,SIM_OPT_02096,165.0,6.0,0.075,0.075,0,0.69,pu_sandwich_panel,225478.0,-14.67,-7.46,0.0,65.46,24.0,SAFE,False
CAND_02097,SIM_OPT_02097,150.0,0.0,0.025,0.0,0,0.89,rammed_earth,116446.0,-20.88,-15.19,0.0,143.42,24.0,SAFE,False
CAND_02098,SIM_OPT_02098,150.0,3.0,0.075,0.075,1,0.68,dense_concrete,211155.0,-13.93,-10.27,0.0,50.41,24.0,SAFE,False
CAND_02099,SIM_OPT_02099,195.0,2.0,0.0,0.025,0,0.32,mud_brick,140715.0,-21.41,-15.21,0.0,201.54,24.0,SAFE,False
CAND_02100,SIM_OPT_02100,150.0,0.0,0.0,0.0,0,0.59,stone_masonry,125722.0,-21.5,-15.5,0.0,286.78,24.0,SAFE,False
CAND_02101,SIM_OPT_02101,210.0,3.0,0.05,0.1,1,0.47,dense_concrete,236400.0,-15.31,-11.19,0.0,70.2,24.0,SAFE,False
CAND_02102,SIM_OPT_02102,195.0,2.0,0.025,0.0,0,0.36,rammed_earth,141063.0,-20.63,-14.89,0.0,159.65,24.0,SAFE,False
CAND_02103,SIM_OPT_02103,210.0,4.5,0.025,0.1,0,0.71,stone_masonry,224908.0,-19.21,-11.97,0.0,110.75,24.0,SAFE,False
CAND_02104,SIM_OPT_02104,150.0,0.0,0.025,0.0,0,0.38,mud_brick,106576.0,-20.88,-15.19,0.0,128.21,24.0,REFUSED,False
CAND_02105,SIM_OPT_02105,165.0,6.0,0.075,0.075,1,0.66,dense_concrete,246992.0,-12.47,-7.01,0.0,73.04,24.0,SAFE,False
CAND_02106,SIM_OPT_02106,210.0,4.5,0.05,0.075,0,0.52,pu_sandwich_panel,201444.0,-18.02,-11.24,0.0,87.9,24.0,SAFE,False
CAND_02107,SIM_OPT_02107,195.0,10.0,0.1,0.1,1,0.36,pu_sandwich_panel,343899.0,-1.37,6.03,0.0,34.58,24.0,SAFE,False
CAND_02108,SIM_OPT_02108,81.8,0.0,0.025,0.025,0,0.81,mud_brick,114492.0,-20.88,-15.19,0.0,114.13,24.0,SAFE,False
CAND_02109,SIM_OPT_02109,210.0,6.0,0.05,0.1,0,0.56,pu_sandwich_panel,186086.0,-17.28,-9.61,0.0,92.19,24.0,SAFE,False
CAND_02110,SIM_OPT_02110,195.0,2.0,0.025,0.0,0,0.49,rammed_earth,111878.0,-20.58,-14.84,0.0,149.77,24.0,SAFE,False
CAND_02111,SIM_OPT_02111,180.0,3.0,0.025,0.05,1,0.49,stone_masonry,218221.0,-15.97,-11.38,0.0,82.38,24.0,SAFE,False
CAND_02112,SIM_OPT_02112,165.0,4.5,0.075,0.1,1,0.66,dense_concrete,230010.0,-12.03,-7.46,0.0,49.52,24.0,SAFE,False
CAND_02113,SIM_OPT_02113,195.0,3.0,0.025,0.075,0,0.43,pu_sandwich_panel,193250.0,-18.85,-12.52,0.0,70.71,24.0,SAFE,False
CAND_02114,SIM_OPT_02114,150.0,3.0,0.025,0.075,1,0.89,pu_sandwich_panel,210308.0,-16.45,-11.86,0.0,95.37,24.0,SAFE,False
CAND_02115,SIM_OPT_02115,180.0,3.0,0.075,0.05,0,0.3,stone_masonry,231697.0,-15.72,-10.31,0.0,41.98,24.0,SAFE,False
CAND_02116,SIM_OPT_02116,195.0,2.0,0.025,0.0,0,0.62,mud_brick,112262.0,-20.67,-14.94,0.0,169.32,24.0,SAFE,False
CAND_02117,SIM_OPT_02117,150.0,4.5,0.075,0.05,1,0.69,pu_sandwich_panel,231491.0,-11.81,-7.25,0.0,42.42,24.0,SAFE,False
CAND_02118,SIM_OPT_02118,150.0,12.0,0.15,0.1,1,0.37,stone_masonry,390075.0,-3.84,3.83,0.0,49.89,24.0,SAFE,False
CAND_02119,SIM_OPT_02119,19.4,8.0,0.075,0.15,1,0.36,stone_masonry,323280.0,-15.59,-8.93,0.0,60.53,24.0,SAFE,False
CAND_02120,SIM_OPT_02120,150.0,0.0,0.0,0.0,0,0.87,mud_brick,100810.0,-21.5,-15.5,0.0,273.32,24.0,SAFE,False
CAND_02121,SIM_OPT_02121,116.1,3.0,0.05,0.1,1,0.43,pu_sandwich_panel,245666.0,-16.29,-12.16,0.0,72.12,24.0,SAFE,False
CAND_02122,SIM_OPT_02122,165.0,0.0,0.0,0.025,0,0.22,stone_masonry,112919.0,-21.5,-15.5,0.0,205.42,24.0,SAFE,False
CAND_02123,SIM_OPT_02123,150.0,6.0,0.025,0.05,0,0.82,pu_sandwich_panel,197814.0,-18.48,-10.35,0.0,110.7,24.0,SAFE,False
CAND_02124,SIM_OPT_02124,150.0,2.0,0.025,0.025,0,0.64,rammed_earth,134813.0,-20.21,-14.48,0.0,91.6,24.0,SAFE,False
CAND_02125,SIM_OPT_02125,165.0,4.5,0.075,0.1,1,0.23,pu_sandwich_panel,199042.0,-9.94,-5.38,0.0,34.05,24.0,SAFE,False
CAND_02126,SIM_OPT_02126,210.0,2.0,0.0,0.0,1,0.4,rammed_earth,105645.0,-18.0,-13.55,0.0,259.19,24.0,SAFE,False
CAND_02127,SIM_OPT_02127,210.0,2.0,0.0,0.025,0,0.84,stone_masonry,126801.0,-21.46,-15.26,0.0,198.9,24.0,SAFE,False
CAND_02128,SIM_OPT_02128,53.5,8.0,0.075,0.15,1,0.32,pu_sandwich_panel,369446.0,-14.97,-8.3,0.0,37.91,24.0,SAFE,False
CAND_02129,SIM_OPT_02129,165.0,0.0,0.0,0.025,0,0.39,mud_brick,129486.0,-21.5,-15.5,0.0,225.23,24.0,SAFE,False
CAND_02130,SIM_OPT_02130,180.0,6.0,0.025,0.05,0,0.59,stone_masonry,222309.0,-18.1,-9.96,0.0,112.99,24.0,SAFE,False
CAND_02131,SIM_OPT_02131,180.0,2.0,0.0,0.025,0,0.32,rammed_earth,112114.0,-21.41,-15.21,0.0,209.77,24.0,SAFE,False
CAND_02132,SIM_OPT_02132,165.0,3.0,0.075,0.05,0,0.7,pu_sandwich_panel,213221.0,-16.11,-10.7,0.0,44.47,24.0,SAFE,False
CAND_02133,SIM_OPT_02133,208.4,8.0,0.075,0.15,1,0.53,stone_masonry,346307.0,-11.61,-4.94,0.0,73.4,24.0,SAFE,False
CAND_02134,SIM_OPT_02134,180.0,3.0,0.025,0.025,0,0.24,mud_brick,139011.0,-19.58,-13.24,0.0,103.1,24.0,SAFE,False
CAND_02135,SIM_OPT_02135,78.7,4.5,0.075,0.075,1,0.82,stone_masonry,226164.0,-15.97,-11.41,0.0,53.58,24.0,SAFE,False
CAND_02136,SIM_OPT_02136,180.0,3.0,0.025,0.0,0,0.21,rammed_earth,116906.0,-20.22,-13.88,0.0,159.75,24.0,SAFE,False
CAND_02137,SIM_OPT_02137,210.0,2.0,0.025,0.025,0,0.75,stone_masonry,143206.0,-20.35,-14.62,0.0,104.33,24.0,SAFE,False
CAND_02138,SIM_OPT_02138,150.0,2.0,0.0,0.025,1,0.49,rammed_earth,113502.0,-18.0,-13.55,0.0,206.28,24.0,SAFE,False
CAND_02139,SIM_OPT_02139,165.0,6.0,0.025,0.075,1,0.77,pu_sandwich_panel,217456.0,-14.03,-7.64,0.0,78.93,24.0,SAFE,False
CAND_02140,SIM_OPT_02140,170.7,4.5,0.05,0.1,1,0.78,pu_sandwich_panel,241123.0,-12.67,-7.64,0.0,50.77,24.0,SAFE,False
CAND_02141,SIM_OPT_02141,165.0,3.0,0.05,0.05,0,0.67,pu_sandwich_panel,184999.0,-18.41,-12.54,0.0,76.16,24.0,SAFE,False
CAND_02142,SIM_OPT_02142,180.0,6.0,0.05,0.1,0,0.56,stone_masonry,253674.0,-15.13,-7.46,0.0,65.72,24.0,SAFE,False
CAND_02143,SIM_OPT_02143,150.0,3.0,0.025,0.0,1,0.78,mud_brick,135614.0,-16.87,-12.29,0.0,135.46,24.0,SAFE,False
CAND_02144,SIM_OPT_02144,180.0,4.5,0.025,0.05,0,0.44,dense_concrete,176683.0,-18.33,-11.09,0.0,91.02,24.0,SAFE,False
CAND_02145,SIM_OPT_02145,180.0,4.5,0.075,0.05,0,0.67,dense_concrete,213224.0,-15.0,-8.69,0.0,54.08,24.0,SAFE,False
CAND_02146,SIM_OPT_02146,151.1,12.0,0.15,0.15,1,0.43,stone_masonry,424643.0,-3.31,4.36,0.0,48.09,24.0,SAFE,False
CAND_02147,SIM_OPT_02147,195.0,10.0,0.075,0.1,1,0.42,stone_masonry,301824.0,-4.65,3.21,0.0,42.22,24.0,SAFE,False
CAND_02148,SIM_OPT_02148,210.0,2.0,0.025,0.025,1,0.37,stone_masonry,114392.0,-16.98,-13.0,0.0,101.42,24.0,SAFE,False
CAND_02149,SIM_OPT_02149,180.0,3.0,0.0,0.025,1,0.62,mud_brick,145124.0,-17.7,-12.65,0.0,197.13,24.0,SAFE,False
CAND_02150,SIM_OPT_02150,50.5,6.0,0.025,0.075,1,0.66,stone_masonry,222134.0,-17.38,-10.99,0.0,100.37,24.0,SAFE,False
CAND_02151,SIM_OPT_02151,195.0,3.0,0.0,0.025,1,0.82,mud_brick,141194.0,-17.84,-12.79,0.0,228.25,24.0,SAFE,False
CAND_02152,SIM_OPT_02152,195.0,6.0,0.1,0.15,1,0.7,stone_masonry,361680.0,-11.47,-6.47,0.0,67.01,24.0,SAFE,False
CAND_02153,SIM_OPT_02153,180.0,6.0,0.05,0.075,1,0.44,dense_concrete,207422.0,-12.65,-6.73,0.0,68.34,24.0,SAFE,False
CAND_02154,SIM_OPT_02154,165.0,0.0,0.025,0.025,0,0.64,mud_brick,123663.0,-20.88,-15.19,0.0,93.55,24.0,SAFE,False
CAND_02155,SIM_OPT_02155,180.0,3.0,0.025,0.025,1,0.81,stone_masonry,133338.0,-15.91,-11.32,0.0,79.97,24.0,SAFE,False
CAND_02156,SIM_OPT_02156,201.6,3.0,0.05,0.075,0,0.23,stone_masonry,194604.0,-18.6,-12.73,0.0,80.06,24.0,SAFE,False
CAND_02157,SIM_OPT_02157,165.0,8.0,0.075,0.15,1,0.82,pu_sandwich_panel,346479.0,-10.86,-4.2,0.0,70.22,24.0,SAFE,False
CAND_02158,SIM_OPT_02158,165.0,6.0,0.05,0.075,0,0.71,pu_sandwich_panel,213466.0,-14.79,-7.11,0.0,59.89,24.0,SAFE,False
CAND_02159,SIM_OPT_02159,210.0,0.0,0.0,0.0,0,0.85,mud_brick,119283.0,-21.5,-15.5,0.0,270.37,24.0,SAFE,False
CAND_02160,SIM_OPT_02160,210.0,0.0,0.025,0.0,0,0.76,stone_masonry,128137.0,-20.88,-15.19,0.0,153.82,24.0,SAFE,False
CAND_02161,SIM_OPT_02161,195.0,3.0,0.05,0.1,0,0.55,stone_masonry,223552.0,-16.9,-11.02,0.0,46.37,24.0,SAFE,False
CAND_02162,SIM_OPT_02162,180.0,4.5,0.05,0.075,1,0.66,stone_masonry,234927.0,-13.43,-8.4,0.0,61.74,24.0,SAFE,False
CAND_02163,SIM_OPT_02163,210.0,6.0,0.05,0.1,0,0.8,stone_masonry,189876.0,-16.55,-8.88,0.0,76.16,24.0,SAFE,False
CAND_02164,SIM_OPT_02164,150.0,10.0,0.1,0.15,1,0.43,stone_masonry,384293.0,-3.62,3.78,0.0,36.64,24.0,SAFE,False
CAND_02165,SIM_OPT_02165,218.8,2.0,0.025,0.025,0,0.81,rammed_earth,131183.0,-20.27,-14.53,0.0,86.86,24.0,SAFE,False
CAND_02166,SIM_OPT_02166,269.7,10.0,0.075,0.15,1,0.89,stone_masonry,336600.0,-15.47,-7.61,0.0,67.71,24.0,SAFE,False
CAND_02167,SIM_OPT_02167,195.0,6.0,0.025,0.1,1,0.35,pu_sandwich_panel,221566.0,-14.79,-8.4,0.0,98.48,24.0,SAFE,False
CAND_02168,SIM_OPT_02168,180.0,8.0,0.1,0.2,1,0.58,pu_sandwich_panel,308153.0,-3.17,3.03,0.0,32.65,24.0,REFUSED,False
CAND_02169,SIM_OPT_02169,210.0,6.0,0.1,0.15,1,0.78,stone_masonry,374138.0,-9.12,-4.12,0.0,39.52,24.0,SAFE,False
CAND_02170,SIM_OPT_02170,165.0,4.5,0.05,0.1,0,0.32,pu_sandwich_panel,207214.0,-15.0,-8.22,0.0,46.58,24.0,SAFE,False
CAND_02171,SIM_OPT_02171,165.0,3.0,0.025,0.05,1,0.55,stone_masonry,235126.0,-15.9,-11.32,0.0,76.99,24.0,SAFE,False
CAND_02172,SIM_OPT_02172,210.0,6.0,0.05,0.05,1,0.34,pu_sandwich_panel,232471.0,-13.16,-7.24,0.0,66.57,24.0,SAFE,False
CAND_02173,SIM_OPT_02173,65.4,3.0,0.025,0.025,1,0.74,stone_masonry,122310.0,-17.38,-12.79,0.0,114.66,24.0,SAFE,False
CAND_02174,SIM_OPT_02174,180.0,4.5,0.075,0.1,0,0.75,pu_sandwich_panel,253385.0,-16.27,-9.96,0.0,71.98,24.0,SAFE,False
CAND_02175,SIM_OPT_02175,71.5,2.0,0.025,0.025,0,0.48,mud_brick,135636.0,-20.88,-15.14,0.0,111.37,24.0,SAFE,False
CAND_02176,SIM_OPT_02176,210.0,10.0,0.1,0.2,1,0.51,stone_masonry,332772.0,-7.1,0.3,0.0,50.94,24.0,SAFE,False
CAND_02177,SIM_OPT_02177,70.8,8.0,0.1,0.1,1,0.64,stone_masonry,347229.0,-14.92,-8.72,0.0,57.95,24.0,SAFE,False
CAND_02178,SIM_OPT_02178,165.0,6.0,0.05,0.05,1,0.4,dense_concrete,212067.0,-12.54,-6.61,0.0,64.39,24.0,SAFE,False
CAND_02179,SIM_OPT_02179,210.0,6.0,0.025,0.075,1,0.31,pu_sandwich_panel,251857.0,-14.2,-7.81,0.0,74.12,24.0,SAFE,False
CAND_02180,SIM_OPT_02180,150.0,12.0,0.15,0.1,1,0.71,stone_masonry,350983.0,-5.09,2.58,0.0,56.35,24.0,SAFE,False
CAND_02181,SIM_OPT_02181,210.0,4.5,0.075,0.1,1,0.32,stone_masonry,212560.0,-11.83,-7.27,0.0,42.54,24.0,SAFE,False
CAND_02182,SIM_OPT_02182,150.0,3.0,0.025,0.05,1,0.78,stone_masonry,194490.0,-16.6,-12.01,0.0,106.44,24.0,SAFE,False
CAND_02183,SIM_OPT_02183,180.0,0.0,0.0,0.025,0,0.34,rammed_earth,136755.0,-21.5,-15.5,0.0,204.15,24.0,SAFE,False
CAND_02184,SIM_OPT_02184,180.0,4.5,0.025,0.075,1,0.39,dense_concrete,193407.0,-15.33,-9.84,0.0,92.56,24.0,SAFE,False
CAND_02185,SIM_OPT_02185,210.0,6.0,0.075,0.075,0,0.7,dense_concrete,231534.0,-15.38,-8.17,0.0,67.51,24.0,SAFE,False
CAND_02186,SIM_OPT_02186,180.0,0.0,0.025,0.0,0,0.46,rammed_earth,114966.0,-20.88,-15.19,0.0,135.41,24.0,SAFE,False
CAND_02187,SIM_OPT_02187,310.2,3.0,0.025,0.1,1,0.24,pu_sandwich_panel,189398.0,-17.38,-12.79,0.0,91.13,24.0,SAFE,False
CAND_02188,SIM_OPT_02188,165.0,6.0,0.05,0.05,0,0.37,pu_sandwich_panel,186619.0,-16.49,-8.81,0.0,83.79,24.0,SAFE,False
CAND_02189,SIM_OPT_02189,233.3,0.0,0.025,0.025,0,0.23,mud_brick,127078.0,-20.88,-15.19,0.0,76.42,24.0,SAFE,False
CAND_02190,SIM_OPT_02190,165.0,6.0,0.1,0.2,1,0.71,pu_sandwich_panel,371736.0,-11.61,-6.61,0.0,69.1,24.0,SAFE,False
CAND_02191,SIM_OPT_02191,165.0,3.0,0.0,0.025,0,0.4,stone_masonry,108018.0,-21.16,-14.36,0.0,212.84,24.0,SAFE,False
CAND_02192,SIM_OPT_02192,195.0,4.5,0.075,0.075,0,0.6,pu_sandwich_panel,245514.0,-16.87,-10.56,0.0,82.3,24.0,SAFE,False
CAND_02193,SIM_OPT_02193,180.0,0.0,0.0,0.0,0,0.56,stone_masonry,95944.0,-21.5,-15.5,0.0,285.24,24.0,SAFE,False
CAND_02194,SIM_OPT_02194,195.0,0.0,0.025,0.0,0,0.74,mud_brick,121030.0,-20.88,-15.19,0.0,164.1,24.0,SAFE,False
CAND_02195,SIM_OPT_02195,185.6,6.0,0.075,0.075,1,0.2,pu_sandwich_panel,231750.0,-11.4,-5.94,0.0,59.88,24.0,SAFE,False
CAND_02196,SIM_OPT_02196,180.0,0.0,0.0,0.0,0,0.55,mud_brick,98454.0,-21.5,-15.5,0.0,261.72,24.0,SAFE,False
CAND_02197,SIM_OPT_02197,195.0,8.0,0.15,0.15,1,0.66,pu_sandwich_panel,357782.0,-8.98,-3.71,0.0,70.1,24.0,SAFE,False
CAND_02198,SIM_OPT_02198,195.0,8.0,0.075,0.2,1,0.68,stone_masonry,358941.0,-11.12,-4.46,0.0,73.44,24.0,SAFE,False
CAND_02199,SIM_OPT_02199,165.0,2.0,0.0,0.0,0,0.51,stone_masonry,120005.0,-21.5,-15.3,0.0,280.19,24.0,SAFE,False
CAND_02200,SIM_OPT_02200,36.5,4.5,0.075,0.1,0,0.53,dense_concrete,202166.0,-19.46,-13.15,0.0,62.83,24.0,SAFE,False
CAND_02201,SIM_OPT_02201,195.0,6.0,0.075,0.1,1,0.37,stone_masonry,326159.0,-10.75,-5.29,0.0,51.62,24.0,SAFE,False
CAND_02202,SIM_OPT_02202,165.0,2.0,0.025,0.025,1,0.64,stone_masonry,133613.0,-16.98,-12.99,0.0,112.5,24.0,SAFE,False
CAND_02203,SIM_OPT_02203,165.0,10.0,0.075,0.15,1,0.25,stone_masonry,317465.0,-7.89,-0.02,0.0,57.87,24.0,SAFE,False
CAND_02204,SIM_OPT_02204,165.0,10.0,0.075,0.2,1,0.28,pu_sandwich_panel,347093.0,-3.45,4.41,0.0,38.38,24.0,SAFE,False
CAND_02205,SIM_OPT_02205,195.0,6.0,0.075,0.2,1,0.79,pu_sandwich_panel,304866.0,-12.4,-6.94,0.0,71.86,24.0,SAFE,False
CAND_02206,SIM_OPT_02206,210.0,10.0,0.075,0.1,1,0.62,pu_sandwich_panel,350909.0,-10.15,-2.29,0.0,70.0,24.0,SAFE,False
CAND_02207,SIM_OPT_02207,210.0,4.5,0.075,0.1,1,0.21,dense_concrete,206299.0,-12.25,-7.69,0.0,46.64,24.0,SAFE,False
CAND_02208,SIM_OPT_02208,150.0,2.0,0.025,0.0,1,0.21,mud_brick,132219.0,-17.28,-13.3,0.0,153.68,24.0,SAFE,False
CAND_02209,SIM_OPT_02209,354.3,2.0,0.0,0.0,1,0.76,rammed_earth,119830.0,-18.0,-13.55,0.0,265.27,24.0,SAFE,False
CAND_02210,SIM_OPT_02210,210.0,2.0,0.025,0.0,1,0.68,mud_brick,128491.0,-17.33,-13.34,0.0,165.56,24.0,SAFE,False
CAND_02211,SIM_OPT_02211,195.0,0.0,0.0,0.0,0,0.39,stone_masonry,107193.0,-21.5,-15.5,0.0,244.49,24.0,SAFE,False
CAND_02212,SIM_OPT_02212,195.0,2.0,0.0,0.0,1,0.8,stone_masonry,116333.0,-18.0,-13.55,0.0,265.4,24.0,SAFE,False
CAND_02213,SIM_OPT_02213,150.0,4.5,0.05,0.075,0,0.45,dense_concrete,178115.0,-17.64,-10.87,0.0,77.23,24.0,SAFE,False
CAND_02214,SIM_OPT_02214,165.0,6.0,0.15,0.2,1,0.21,pu_sandwich_panel,399426.0,-5.03,-0.96,0.0,31.22,24.0,SAFE,False
CAND_02215,SIM_OPT_02215,150.0,4.5,0.075,0.05,0,0.25,pu_sandwich_panel,252909.0,-16.2,-9.88,0.0,61.1,24.0,SAFE,False
CAND_02216,SIM_OPT_02216,180.0,12.0,0.1,0.1,1,0.6,stone_masonry,361782.0,-2.56,6.04,0.0,46.74,24.0,SAFE,False
CAND_02217,SIM_OPT_02217,180.0,3.0,0.025,0.075,1,0.59,pu_sandwich_panel,169253.0,-16.38,-11.79,0.0,105.1,24.0,SAFE,False
CAND_02218,SIM_OPT_02218,150.0,6.0,0.05,0.075,0,0.6,dense_concrete,195082.0,-16.44,-8.77,0.0,74.27,24.0,SAFE,False
CAND_02219,SIM_OPT_02219,312.1,6.0,0.15,0.2,1,0.43,pu_sandwich_panel,387886.0,-13.53,-9.46,0.0,38.57,24.0,SAFE,False
CAND_02220,SIM_OPT_02220,180.0,6.0,0.05,0.075,0,0.55,pu_sandwich_panel,218623.0,-14.07,-6.4,0.0,55.37,24.0,SAFE,False
CAND_02221,SIM_OPT_02221,150.0,0.0,0.0,0.0,0,0.9,mud_brick,104081.0,-21.5,-15.5,0.0,252.25,24.0,SAFE,False
CAND_02222,SIM_OPT_02222,210.0,2.0,0.0,0.025,1,0.85,mud_brick,139105.0,-18.0,-13.55,0.0,206.32,24.0,SAFE,False
CAND_02223,SIM_OPT_02223,62.9,4.5,0.05,0.1,0,0.22,dense_concrete,190263.0,-20.11,-13.33,0.0,64.94,24.0,SAFE,False
CAND_02224,SIM_OPT_02224,210.0,4.5,0.025,0.1,0,0.63,stone_masonry,194220.0,-19.04,-11.8,0.0,102.64,24.0,SAFE,False
CAND_02225,SIM_OPT_02225,180.0,6.0,0.05,0.1,0,0.37,dense_concrete,214921.0,-16.04,-8.37,0.0,78.42,24.0,SAFE,False
CAND_02226,SIM_OPT_02226,210.0,6.0,0.05,0.1,0,0.29,pu_sandwich_panel,213587.0,-17.17,-9.5,0.0,89.46,24.0,SAFE,False
CAND_02227,SIM_OPT_02227,180.0,0.0,0.0,0.025,0,0.37,mud_brick,123016.0,-21.5,-15.5,0.0,206.98,24.0,SAFE,False
CAND_02228,SIM_OPT_02228,165.0,0.0,0.025,0.025,0,0.7,mud_brick,131447.0,-20.88,-15.19,0.0,79.43,24.0,SAFE,False
CAND_02229,SIM_OPT_02229,195.0,2.0,0.025,0.0,0,0.57,mud_brick,111802.0,-20.52,-14.78,0.0,138.47,24.0,SAFE,False
CAND_02230,SIM_OPT_02230,150.0,2.0,0.0,0.025,0,0.51,stone_masonry,124383.0,-21.48,-15.28,0.0,205.68,24.0,SAFE,False
CAND_02231,SIM_OPT_02231,129.6,3.0,0.025,0.0,0,0.53,rammed_earth,125888.0,-20.71,-14.37,0.0,175.85,24.0,SAFE,False
CAND_02232,SIM_OPT_02232,195.0,0.0,0.0,0.025,0,0.42,stone_masonry,98063.0,-21.5,-15.5,0.0,212.25,24.0,SAFE,False
CAND_02233,SIM_OPT_02233,180.0,2.0,0.025,0.0,1,0.52,mud_brick,145615.0,-17.18,-13.19,0.0,150.51,24.0,SAFE,False
CAND_02234,SIM_OPT_02234,165.0,3.0,0.0,0.025,0,0.46,rammed_earth,111693.0,-21.2,-14.4,0.0,221.97,24.0,SAFE,False
CAND_02235,SIM_OPT_02235,165.0,3.0,0.05,0.05,1,0.2,stone_masonry,231903.0,-14.16,-10.04,0.0,49.06,24.0,SAFE,False
CAND_02236,SIM_OPT_02236,210.0,4.5,0.05,0.05,1,0.49,pu_sandwich_panel,246460.0,-13.98,-8.96,0.0,62.4,24.0,SAFE,False
CAND_02237,SIM_OPT_02237,210.0,2.0,0.0,0.025,0,0.78,mud_brick,135253.0,-21.5,-15.3,0.0,232.56,24.0,SAFE,False
CAND_02238,SIM_OPT_02238,180.0,0.0,0.025,0.0,0,0.47,stone_masonry,126823.0,-20.88,-15.19,0.0,151.6,24.0,SAFE,False
CAND_02239,SIM_OPT_02239,210.0,3.0,0.0,0.0,1,0.34,rammed_earth,118594.0,-18.0,-12.95,0.0,278.94,24.0,SAFE,False
CAND_02240,SIM_OPT_02240,22.1,0.0,0.0,0.0,0,0.27,mud_brick,119136.0,-21.5,-15.5,0.0,250.77,24.0,SAFE,False
CAND_02241,SIM_OPT_02241,128.7,6.0,0.025,0.05,1,0.75,pu_sandwich_panel,194523.0,-15.98,-9.6,0.0,103.89,24.0,SAFE,False
CAND_02242,SIM_OPT_02242,30.8,2.0,0.025,0.025,1,0.34,rammed_earth,135957.0,-17.38,-13.39,0.0,92.42,24.0,SAFE,False
CAND_02243,SIM_OPT_02243,120.3,6.0,0.075,0.1,1,0.74,pu_sandwich_panel,351549.0,-13.03,-7.56,0.0,44.08,24.0,SAFE,False
CAND_02244,SIM_OPT_02244,195.0,2.0,0.025,0.025,0,0.35,mud_brick,143147.0,-20.18,-14.45,0.0,99.66,24.0,SAFE,False
CAND_02245,SIM_OPT_02245,165.0,4.5,0.075,0.1,1,0.89,pu_sandwich_panel,240212.0,-12.26,-7.7,0.0,52.12,24.0,SAFE,False
CAND_02246,SIM_OPT_02246,165.0,3.0,0.025,0.05,1,0.51,dense_concrete,210334.0,-15.89,-11.3,0.0,76.47,24.0,SAFE,False
CAND_02247,SIM_OPT_02247,195.0,12.0,0.15,0.15,1,0.24,pu_sandwich_panel,413453.0,-1.7,5.98,0.0,46.52,24.0,SAFE,False
CAND_02248,SIM_OPT_02248,150.0,2.0,0.0,0.025,0,0.29,stone_masonry,136807.0,-21.5,-15.3,0.0,231.74,24.0,SAFE,False
CAND_02249,SIM_OPT_02249,165.0,6.0,0.1,0.15,1,0.47,stone_masonry,334085.0,-11.07,-6.07,0.0,61.59,24.0,SAFE,False
CAND_02250,SIM_OPT_02250,180.0,0.0,0.0,0.025,0,0.26,rammed_earth,111122.0,-21.5,-15.5,0.0,207.74,24.0,SAFE,False
CAND_02251,SIM_OPT_02251,150.0,4.5,0.05,0.05,1,0.42,pu_sandwich_panel,243924.0,-14.61,-9.58,0.0,77.43,24.0,SAFE,False
CAND_02252,SIM_OPT_02252,210.0,3.0,0.0,0.025,0,0.54,mud_brick,111040.0,-21.23,-14.43,0.0,206.82,24.0,SAFE,False
CAND_02253,SIM_OPT_02253,165.0,10.0,0.075,0.2,1,0.72,stone_masonry,396051.0,-7.0,0.86,0.0,52.56,24.0,SAFE,False
CAND_02254,SIM_OPT_02254,229.7,0.0,0.025,0.025,0,0.32,mud_brick,142581.0,-20.88,-15.19,0.0,78.74,24.0,SAFE,False
CAND_02255,SIM_OPT_02255,180.0,8.0,0.15,0.2,1,0.48,pu_sandwich_panel,403701.0,-7.09,-1.81,0.0,54.69,24.0,SAFE,False
CAND_02256,SIM_OPT_02256,150.0,10.0,0.1,0.2,1,0.45,pu_sandwich_panel,392794.0,-8.08,-0.68,0.0,57.23,24.0,SAFE,False
CAND_02257,SIM_OPT_02257,150.0,12.0,0.1,0.15,1,0.35,stone_masonry,378553.0,-3.07,5.53,0.0,42.08,24.0,SAFE,False
CAND_02258,SIM_OPT_02258,180.0,2.0,0.025,0.025,0,0.38,stone_masonry,137686.0,-19.81,-14.07,0.0,78.59,24.0,SAFE,False
CAND_02259,SIM_OPT_02259,195.0,4.5,0.075,0.075,1,0.87,dense_concrete,244305.0,-13.31,-8.75,0.0,68.62,24.0,SAFE,False
CAND_02260,SIM_OPT_02260,180.0,2.0,0.025,0.0,1,0.8,stone_masonry,140179.0,-17.18,-13.19,0.0,150.28,24.0,SAFE,False
CAND_02261,SIM_OPT_02261,195.0,6.0,0.075,0.15,1,0.87,stone_masonry,323590.0,-12.87,-7.41,0.0,80.83,24.0,SAFE,False
CAND_02262,SIM_OPT_02262,165.0,6.0,0.025,0.1,0,0.35,pu_sandwich_panel,231220.0,-16.37,-8.24,0.0,71.36,24.0,SAFE,False
CAND_02263,SIM_OPT_02263,299.5,8.0,0.15,0.2,1,0.38,pu_sandwich_panel,391838.0,-13.61,-8.33,0.0,55.07,24.0,SAFE,False
CAND_02264,SIM_OPT_02264,210.0,6.0,0.05,0.075,0,0.89,dense_concrete,243064.0,-16.82,-9.14,0.0,81.37,24.0,SAFE,False
CAND_02265,SIM_OPT_02265,24.0,6.0,0.1,0.1,1,0.56,pu_sandwich_panel,299848.0,-15.13,-10.13,0.0,54.03,24.0,SAFE,False
CAND_02266,SIM_OPT_02266,165.0,4.5,0.075,0.075,0,0.42,dense_concrete,201850.0,-16.28,-9.96,0.0,69.56,24.0,SAFE,False
CAND_02267,SIM_OPT_02267,180.0,6.0,0.15,0.2,1,0.71,pu_sandwich_panel,314886.0,-9.63,-5.56,0.0,61.35,24.0,SAFE,False
CAND_02268,SIM_OPT_02268,210.0,3.0,0.025,0.05,0,0.57,dense_concrete,163995.0,-19.82,-13.48,0.0,103.01,24.0,SAFE,False
CAND_02269,SIM_OPT_02269,175.8,3.0,0.025,0.05,1,0.31,dense_concrete,236799.0,-15.7,-11.11,0.0,71.95,24.0,SAFE,False
CAND_02270,SIM_OPT_02270,150.0,3.0,0.025,0.0,1,0.76,mud_brick,122138.0,-16.87,-12.28,0.0,135.33,24.0,SAFE,False
CAND_02271,SIM_OPT_02271,165.0,4.5,0.025,0.1,0,0.67,stone_masonry,176083.0,-18.37,-11.13,0.0,89.03,24.0,SAFE,False
CAND_02272,SIM_OPT_02272,195.0,6.0,0.025,0.05,0,0.22,pu_sandwich_panel,187787.0,-17.17,-9.03,0.0,84.81,24.0,SAFE,False
CAND_02273,SIM_OPT_02273,137.6,12.0,0.15,0.2,1,0.68,pu_sandwich_panel,394484.0,-7.39,0.29,0.0,63.05,24.0,SAFE,False
CAND_02274,SIM_OPT_02274,210.0,3.0,0.025,0.1,0,0.68,stone_masonry,184484.0,-19.35,-13.01,0.0,79.03,24.0,SAFE,False
CAND_02275,SIM_OPT_02275,210.0,0.0,0.025,0.0,0,0.49,stone_masonry,116214.0,-20.88,-15.19,0.0,165.22,24.0,SAFE,False
CAND_02276,SIM_OPT_02276,150.0,6.0,0.1,0.15,1,0.65,stone_masonry,303637.0,-9.92,-4.92,0.0,44.78,24.0,SAFE,False
CAND_02277,SIM_OPT_02277,180.0,6.0,0.05,0.1,0,0.22,stone_masonry,190267.0,-12.89,-5.21,0.0,47.05,24.0,SAFE,False
CAND_02278,SIM_OPT_02278,150.0,10.0,0.15,0.1,1,0.36,stone_masonry,372771.0,-7.17,-0.69,0.0,59.85,24.0,SAFE,False
CAND_02279,SIM_OPT_02279,150.0,3.0,0.05,0.075,0,0.3,stone_masonry,211595.0,-17.6,-11.73,0.0,50.77,24.0,SAFE,False
CAND_02280,SIM_OPT_02280,195.0,4.5,0.075,0.05,1,0.9,pu_sandwich_panel,245635.0,-14.02,-9.46,0.0,87.29,24.0,SAFE,False
CAND_02281,SIM_OPT_02281,165.0,6.0,0.15,0.15,1,0.43,stone_masonry,338010.0,-9.81,-5.74,0.0,61.41,24.0,SAFE,False
CAND_02282,SIM_OPT_02282,165.0,8.0,0.1,0.2,1,0.74,stone_masonry,381865.0,-10.71,-4.51,0.0,76.48,24.0,SAFE,False
CAND_02283,SIM_OPT_02283,180.0,2.0,0.0,0.0,0,0.75,rammed_earth,115930.0,-21.5,-15.3,0.0,256.44,24.0,SAFE,False
CAND_02284,SIM_OPT_02284,182.2,6.0,0.05,0.075,0,0.58,dense_concrete,241721.0,-13.94,-6.26,0.0,54.22,24.0,SAFE,False
CAND_02285,SIM_OPT_02285,150.0,2.0,0.025,0.0,0,0.26,mud_brick,139454.0,-20.55,-14.81,0.0,128.8,24.0,REFUSED,False
CAND_02286,SIM_OPT_02286,165.0,0.0,0.025,0.025,0,0.36,stone_masonry,113567.0,-20.88,-15.19,0.0,68.85,24.0,SAFE,False
CAND_02287,SIM_OPT_02287,165.0,6.0,0.1,0.2,1,0.29,pu_sandwich_panel,359454.0,-10.64,-5.64,0.0,56.59,24.0,SAFE,False
CAND_02288,SIM_OPT_02288,165.0,3.0,0.025,0.0,1,0.21,mud_brick,152665.0,-16.94,-12.36,0.0,162.9,24.0,SAFE,False
CAND_02289,SIM_OPT_02289,26.9,3.0,0.0,0.025,1,0.37,stone_masonry,114876.0,-18.0,-12.95,0.0,190.29,24.0,SAFE,False
CAND_02290,SIM_OPT_02290,319.1,6.0,0.1,0.1,1,0.83,pu_sandwich_panel,339266.0,-14.96,-9.96,0.0,45.19,24.0,SAFE,False
CAND_02291,SIM_OPT_02291,210.0,3.0,0.025,0.025,0,0.77,rammed_earth,120750.0,-19.89,-13.55,0.0,108.04,24.0,SAFE,False
CAND_02292,SIM_OPT_02292,180.0,3.0,0.075,0.05,0,0.6,dense_concrete,206655.0,-16.58,-11.17,0.0,52.17,24.0,SAFE,False
CAND_02293,SIM_OPT_02293,150.0,6.0,0.05,0.1,0,0.84,pu_sandwich_panel,187243.0,-15.85,-8.18,0.0,65.37,24.0,SAFE,False
CAND_02294,SIM_OPT_02294,180.0,0.0,0.0,0.025,0,0.82,rammed_earth,103026.0,-21.5,-15.5,0.0,203.56,24.0,SAFE,False
CAND_02295,SIM_OPT_02295,195.0,6.0,0.05,0.1,0,0.25,pu_sandwich_panel,222695.0,-13.54,-5.86,0.0,49.5,24.0,SAFE,False
CAND_02296,SIM_OPT_02296,210.0,6.0,0.075,0.15,1,0.72,stone_masonry,352806.0,-12.64,-7.18,0.0,68.35,24.0,SAFE,False
CAND_02297,SIM_OPT_02297,210.0,3.0,0.0,0.0,1,0.65,mud_brick,127813.0,-18.0,-12.95,0.0,283.6,24.0,SAFE,False
CAND_02298,SIM_OPT_02298,150.0,3.0,0.05,0.05,1,0.78,dense_concrete,214206.0,-15.42,-11.29,0.0,74.44,24.0,SAFE,False
CAND_02299,SIM_OPT_02299,332.5,6.0,0.025,0.075,1,0.38,dense_concrete,212121.0,-17.14,-10.76,0.0,64.23,24.0,SAFE,False
CAND_02300,SIM_OPT_02300,345.8,6.0,0.075,0.1,0,0.33,dense_concrete,234226.0,-19.03,-11.82,0.0,50.45,24.0,SAFE,False
CAND_02301,SIM_OPT_02301,150.0,3.0,0.025,0.025,1,0.59,mud_brick,120460.0,-16.2,-11.62,0.0,81.23,24.0,SAFE,False
CAND_02302,SIM_OPT_02302,150.0,4.5,0.075,0.05,1,0.83,stone_masonry,220199.0,-13.66,-9.1,0.0,68.91,24.0,SAFE,False
CAND_02303,SIM_OPT_02303,210.0,3.0,0.0,0.025,1,0.66,mud_brick,144226.0,-17.8,-12.75,0.0,194.05,24.0,SAFE,False
CAND_02304,SIM_OPT_02304,165.0,6.0,0.15,0.2,1,0.78,pu_sandwich_panel,390283.0,-10.43,-6.35,0.0,70.22,24.0,SAFE,False
CAND_02305,SIM_OPT_02305,195.0,4.5,0.05,0.05,0,0.89,stone_masonry,175629.0,-17.62,-10.85,0.0,85.41,24.0,SAFE,False
CAND_02306,SIM_OPT_02306,180.0,3.0,0.075,0.075,1,0.69,pu_sandwich_panel,229310.0,-14.25,-10.59,0.0,66.09,24.0,SAFE,False
CAND_02307,SIM_OPT_02307,265.4,3.0,0.05,0.075,0,0.7,stone_masonry,215338.0,-20.25,-14.38,0.0,56.72,24.0,SAFE,False
CAND_02308,SIM_OPT_02308,150.0,10.0,0.15,0.15,1,0.36,pu_sandwich_panel,358474.0,-6.18,0.29,0.0,52.91,24.0,SAFE,False
CAND_02309,SIM_OPT_02309,165.0,3.0,0.05,0.05,1,0.28,pu_sandwich_panel,192646.0,-14.56,-10.44,0.0,56.39,24.0,SAFE,False
CAND_02310,SIM_OPT_02310,150.0,12.0,0.15,0.2,1,0.26,pu_sandwich_panel,357575.0,-4.23,3.44,0.0,51.7,24.0,SAFE,False
CAND_02311,SIM_OPT_02311,165.0,6.0,0.075,0.05,0,0.85,dense_concrete,221182.0,-15.55,-8.34,0.0,77.97,24.0,SAFE,False
CAND_02312,SIM_OPT_02312,150.0,3.0,0.05,0.05,1,0.26,dense_concrete,221292.0,-14.85,-10.72,0.0,56.78,24.0,SAFE,False
CAND_02313,SIM_OPT_02313,354.9,3.0,0.0,0.0,1,0.48,rammed_earth,138554.0,-18.0,-12.95,0.0,253.64,24.0,SAFE,False
CAND_02314,SIM_OPT_02314,195.0,6.0,0.025,0.05,1,0.31,pu_sandwich_panel,192350.0,-14.71,-8.32,0.0,95.74,24.0,SAFE,False
CAND_02315,SIM_OPT_02315,180.0,2.0,0.025,0.025,1,0.56,stone_masonry,114249.0,-16.7,-12.71,0.0,89.23,24.0,SAFE,False
CAND_02316,SIM_OPT_02316,287.7,2.0,0.0,0.025,0,0.42,rammed_earth,126437.0,-21.5,-15.3,0.0,208.37,24.0,SAFE,False
CAND_02317,SIM_OPT_02317,150.0,4.5,0.025,0.1,1,0.83,stone_masonry,213333.0,-15.26,-9.77,0.0,77.9,24.0,SAFE,False
CAND_02318,SIM_OPT_02318,165.0,4.5,0.025,0.1,0,0.66,pu_sandwich_panel,209158.0,-17.63,-10.39,0.0,71.55,24.0,SAFE,False
CAND_02319,SIM_OPT_02319,127.6,6.0,0.075,0.075,1,0.26,pu_sandwich_panel,239005.0,-13.56,-8.1,0.0,62.59,24.0,SAFE,False
CAND_02320,SIM_OPT_02320,165.0,8.0,0.1,0.15,1,0.62,pu_sandwich_panel,386526.0,-8.94,-2.74,0.0,57.29,24.0,SAFE,False
CAND_02321,SIM_OPT_02321,150.0,6.0,0.05,0.1,0,0.28,dense_concrete,236691.0,-15.8,-8.12,0.0,64.66,24.0,SAFE,False
CAND_02322,SIM_OPT_02322,180.0,6.0,0.05,0.1,0,0.7,stone_masonry,188858.0,-16.75,-9.07,0.0,92.47,24.0,SAFE,False
CAND_02323,SIM_OPT_02323,55.2,0.0,0.025,0.025,0,0.54,rammed_earth,112962.0,-20.88,-15.19,0.0,85.83,24.0,SAFE,False
CAND_02324,SIM_OPT_02324,195.0,3.0,0.05,0.05,0,0.28,dense_concrete,197489.0,-17.98,-12.11,0.0,64.42,24.0,SAFE,False
CAND_02325,SIM_OPT_02325,150.0,8.0,0.075,0.2,1,0.51,stone_masonry,385918.0,-8.79,-2.13,0.0,46.31,24.0,SAFE,False
CAND_02326,SIM_OPT_02326,210.0,6.0,0.075,0.05,0,0.89,pu_sandwich_panel,224524.0,-16.56,-9.34,0.0,89.67,24.0,SAFE,False
CAND_02327,SIM_OPT_02327,195.0,2.0,0.0,0.025,0,0.38,stone_masonry,135777.0,-21.48,-15.28,0.0,229.05,24.0,SAFE,False
CAND_02328,SIM_OPT_02328,210.0,8.0,0.075,0.1,1,0.65,stone_masonry,310670.0,-10.64,-3.98,0.0,60.57,24.0,SAFE,False
CAND_02329,SIM_OPT_02329,195.0,4.5,0.075,0.1,0,0.74,stone_masonry,232870.0,-14.45,-8.13,0.0,47.18,24.0,SAFE,False
CAND_02330,SIM_OPT_02330,277.6,6.0,0.025,0.075,0,0.51,stone_masonry,197545.0,-20.67,-12.54,0.0,79.15,24.0,SAFE,False
CAND_02331,SIM_OPT_02331,150.0,8.0,0.1,0.2,1,0.35,pu_sandwich_panel,360877.0,-8.22,-2.02,0.0,46.63,24.0,SAFE,False
CAND_02332,SIM_OPT_02332,195.0,12.0,0.1,0.15,1,0.79,pu_sandwich_panel,399786.0,-2.31,6.29,0.0,44.32,24.0,SAFE,False
CAND_02333,SIM_OPT_02333,180.0,4.5,0.075,0.075,0,0.51,dense_concrete,211539.0,-14.99,-8.68,0.0,54.02,24.0,SAFE,False
CAND_02334,SIM_OPT_02334,210.0,10.0,0.1,0.1,1,0.85,pu_sandwich_panel,329244.0,-9.47,-2.07,0.0,69.46,24.0,SAFE,False
CAND_02335,SIM_OPT_02335,150.0,3.0,0.05,0.075,1,0.42,pu_sandwich_panel,188195.0,-15.29,-11.16,0.0,69.48,24.0,SAFE,False
CAND_02336,SIM_OPT_02336,210.0,10.0,0.075,0.1,1,0.49,pu_sandwich_panel,329447.0,-9.95,-2.08,0.0,67.93,24.0,SAFE,False
CAND_02337,SIM_OPT_02337,150.0,6.0,0.025,0.075,0,0.58,dense_concrete,187220.0,-17.55,-9.42,0.0,83.78,24.0,SAFE,False
CAND_02338,SIM_OPT_02338,165.0,12.0,0.15,0.1,1,0.72,pu_sandwich_panel,379171.0,-4.27,3.41,0.0,57.89,24.0,SAFE,False
CAND_02339,SIM_OPT_02339,165.0,4.5,0.05,0.05,1,0.85,dense_concrete,181990.0,-14.34,-9.31,0.0,78.24,24.0,SAFE,False
CAND_02340,SIM_OPT_02340,165.0,10.0,0.15,0.2,1,0.87,stone_masonry,370337.0,-5.21,1.27,0.0,52.99,24.0,SAFE,False
CAND_02341,SIM_OPT_02341,150.0,3.0,0.075,0.1,1,0.88,pu_sandwich_panel,240960.0,-14.94,-11.28,0.0,80.57,24.0,SAFE,False
CAND_02342,SIM_OPT_02342,180.0,3.0,0.05,0.1,1,0.55,stone_masonry,207526.0,-13.7,-9.57,0.0,44.25,24.0,REFUSED,False
CAND_02343,SIM_OPT_02343,150.0,10.0,0.1,0.2,1,0.46,stone_masonry,375537.0,-5.02,2.38,0.0,41.3,24.0,SAFE,False
CAND_02344,SIM_OPT_02344,180.0,8.0,0.15,0.1,1,0.44,stone_masonry,344685.0,-1.47,3.81,0.0,31.54,24.0,SAFE,False
CAND_02345,SIM_OPT_02345,210.0,0.0,0.0,0.0,0,0.82,rammed_earth,96877.0,-21.5,-15.5,0.0,253.79,24.0,SAFE,False
CAND_02346,SIM_OPT_02346,195.0,0.0,0.0,0.025,0,0.42,rammed_earth,106737.0,-21.5,-15.5,0.0,215.21,24.0,SAFE,False
CAND_02347,SIM_OPT_02347,72.5,4.5,0.075,0.075,1,0.25,stone_masonry,207192.0,-16.04,-11.48,0.0,60.46,24.0,SAFE,False
CAND_02348,SIM_OPT_02348,180.0,4.5,0.025,0.075,0,0.51,stone_masonry,225149.0,-18.29,-11.05,0.0,89.71,24.0,SAFE,False
CAND_02349,SIM_OPT_02349,195.0,3.0,0.0,0.025,0,0.81,mud_brick,133948.0,-21.19,-14.39,0.0,219.44,24.0,SAFE,False
CAND_02350,SIM_OPT_02350,165.0,3.0,0.075,0.075,0,0.52,dense_concrete,237595.0,-17.15,-11.74,0.0,60.09,24.0,SAFE,False
CAND_02351,SIM_OPT_02351,195.0,3.0,0.025,0.025,0,0.88,stone_masonry,135955.0,-19.65,-13.31,0.0,103.3,24.0,SAFE,False
CAND_02352,SIM_OPT_02352,210.0,3.0,0.05,0.1,0,0.28,dense_concrete,248117.0,-18.3,-12.43,0.0,65.23,24.0,SAFE,False
CAND_02353,SIM_OPT_02353,165.0,3.0,0.025,0.1,1,0.78,stone_masonry,183739.0,-16.42,-11.84,0.0,104.55,24.0,SAFE,False
CAND_02354,SIM_OPT_02354,180.0,4.5,0.025,0.05,0,0.54,pu_sandwich_panel,168155.0,-18.48,-11.25,0.0,95.79,24.0,SAFE,False
CAND_02355,SIM_OPT_02355,150.0,0.0,0.0,0.0,0,0.43,rammed_earth,107139.0,-21.5,-15.5,0.0,279.44,24.0,SAFE,False
CAND_02356,SIM_OPT_02356,150.0,3.0,0.025,0.025,0,0.51,mud_brick,131582.0,-19.38,-13.04,0.0,80.26,24.0,SAFE,False
CAND_02357,SIM_OPT_02357,222.8,3.0,0.05,0.075,1,0.65,pu_sandwich_panel,205004.0,-15.45,-11.32,0.0,64.11,24.0,SAFE,False
CAND_02358,SIM_OPT_02358,180.0,12.0,0.1,0.1,1,0.55,pu_sandwich_panel,372955.0,0.04,8.64,0.0,39.16,24.0,SAFE,False
CAND_02359,SIM_OPT_02359,180.0,0.0,0.025,0.0,0,0.29,stone_masonry,113819.0,-20.88,-15.19,0.0,144.51,24.0,SAFE,False
CAND_02360,SIM_OPT_02360,165.0,3.0,0.0,0.0,0,0.43,mud_brick,104750.0,-21.3,-14.5,0.0,256.01,24.0,SAFE,False
CAND_02361,SIM_OPT_02361,165.0,6.0,0.05,0.1,1,0.88,dense_concrete,209251.0,-12.14,-6.21,0.0,59.34,24.0,SAFE,False
CAND_02362,SIM_OPT_02362,165.0,10.0,0.1,0.15,1,0.48,pu_sandwich_panel,331590.0,-4.95,2.45,0.0,45.77,24.0,SAFE,False
CAND_02363,SIM_OPT_02363,195.0,6.0,0.025,0.1,1,0.85,pu_sandwich_panel,219318.0,-14.88,-8.49,0.0,101.23,24.0,SAFE,False
CAND_02364,SIM_OPT_02364,150.0,4.5,0.075,0.075,1,0.81,dense_concrete,253023.0,-13.8,-9.24,0.0,72.34,24.0,SAFE,False
CAND_02365,SIM_OPT_02365,195.0,6.0,0.025,0.075,0,0.34,stone_masonry,234010.0,-17.19,-9.05,0.0,85.3,24.0,SAFE,False
CAND_02366,SIM_OPT_02366,210.0,3.0,0.0,0.025,1,0.61,stone_masonry,133979.0,-17.83,-12.78,0.0,201.63,24.0,SAFE,False
CAND_02367,SIM_OPT_02367,165.0,0.0,0.0,0.0,0,0.63,stone_masonry,116217.0,-21.5,-15.5,0.0,289.1,24.0,SAFE,False
CAND_02368,SIM_OPT_02368,210.0,4.5,0.075,0.075,1,0.63,pu_sandwich_panel,205694.0,-11.99,-7.43,0.0,44.05,24.0,SAFE,False
CAND_02369,SIM_OPT_02369,195.0,8.0,0.1,0.15,1,0.66,stone_masonry,322253.0,-10.63,-4.43,0.0,75.29,24.0,SAFE,False
CAND_02370,SIM_OPT_02370,165.0,6.0,0.075,0.075,1,0.42,pu_sandwich_panel,258446.0,-8.94,-3.47,0.0,39.47,24.0,SAFE,False
CAND_02371,SIM_OPT_02371,150.0,6.0,0.05,0.075,0,0.23,pu_sandwich_panel,222144.0,-16.9,-9.22,0.0,83.09,24.0,SAFE,False
CAND_02372,SIM_OPT_02372,165.0,6.0,0.025,0.05,0,0.64,stone_masonry,180804.0,-17.18,-9.04,0.0,85.11,24.0,SAFE,False
CAND_02373,SIM_OPT_02373,165.0,0.0,0.0,0.025,0,0.72,stone_masonry,108474.0,-21.5,-15.5,0.0,220.51,24.0,SAFE,False
CAND_02374,SIM_OPT_02374,195.0,4.5,0.075,0.05,1,0.63,pu_sandwich_panel,212641.0,-13.8,-9.23,0.0,80.45,24.0,SAFE,False
CAND_02375,SIM_OPT_02375,150.0,4.5,0.05,0.05,1,0.4,dense_concrete,199796.0,-14.43,-9.4,0.0,72.41,24.0,SAFE,False
CAND_02376,SIM_OPT_02376,180.0,0.0,0.0,0.0,0,0.48,rammed_earth,95707.0,-21.5,-15.5,0.0,251.82,24.0,SAFE,False
CAND_02377,SIM_OPT_02377,165.0,3.0,0.0,0.0,1,0.34,stone_masonry,134192.0,-17.88,-12.83,0.0,246.68,24.0,SAFE,False
CAND_02378,SIM_OPT_02378,180.0,2.0,0.025,0.025,0,0.65,stone_masonry,127534.0,-20.18,-14.44,0.0,102.78,24.0,SAFE,False
CAND_02379,SIM_OPT_02379,210.0,0.0,0.0,0.0,0,0.27,mud_brick,111372.0,-21.5,-15.5,0.0,281.87,24.0,SAFE,False
CAND_02380,SIM_OPT_02380,233.3,4.5,0.025,0.05,1,0.59,pu_sandwich_panel,209715.0,-16.31,-10.82,0.0,89.79,24.0,SAFE,False
CAND_02381,SIM_OPT_02381,210.0,3.0,0.05,0.075,1,0.28,stone_masonry,198465.0,-15.53,-11.4,0.0,79.23,24.0,SAFE,False
CAND_02382,SIM_OPT_02382,150.0,8.0,0.1,0.2,1,0.41,stone_masonry,382109.0,-4.04,2.16,0.0,30.32,24.0,SAFE,False
CAND_02383,SIM_OPT_02383,150.0,0.0,0.025,0.025,0,0.46,mud_brick,123722.0,-20.88,-15.19,0.0,88.27,24.0,SAFE,False
CAND_02384,SIM_OPT_02384,180.0,3.0,0.0,0.025,1,0.4,rammed_earth,143104.0,-17.69,-12.64,0.0,193.76,24.0,SAFE,False
CAND_02385,SIM_OPT_02385,210.0,3.0,0.0,0.0,1,0.59,mud_brick,131370.0,-18.0,-12.95,0.0,276.39,24.0,SAFE,False
CAND_02386,SIM_OPT_02386,210.0,8.0,0.075,0.1,1,0.43,pu_sandwich_panel,316131.0,-11.94,-5.28,0.0,77.51,24.0,SAFE,False
CAND_02387,SIM_OPT_02387,165.0,2.0,0.025,0.025,0,0.88,mud_brick,118807.0,-20.23,-14.5,0.0,104.21,24.0,SAFE,False
CAND_02388,SIM_OPT_02388,180.0,0.0,0.025,0.025,0,0.76,mud_brick,107561.0,-20.88,-15.19,0.0,98.19,24.0,SAFE,False
CAND_02389,SIM_OPT_02389,210.0,0.0,0.0,0.0,0,0.28,rammed_earth,130947.0,-21.5,-15.5,0.0,258.48,24.0,SAFE,False
CAND_02390,SIM_OPT_02390,195.0,4.5,0.05,0.075,1,0.49,dense_concrete,208425.0,-13.58,-8.55,0.0,61.98,24.0,SAFE,False
CAND_02391,SIM_OPT_02391,164.0,6.0,0.05,0.1,1,0.88,dense_concrete,215158.0,-13.36,-7.43,0.0,77.58,24.0,SAFE,False
CAND_02392,SIM_OPT_02392,165.0,3.0,0.025,0.0,1,0.8,stone_masonry,141184.0,-16.99,-12.4,0.0,172.09,24.0,SAFE,False
CAND_02393,SIM_OPT_02393,165.0,12.0,0.1,0.2,1,0.81,stone_masonry,397265.0,-6.88,1.72,0.0,66.58,24.0,SAFE,False
CAND_02394,SIM_OPT_02394,165.0,2.0,0.025,0.0,1,0.4,rammed_earth,112918.0,-17.24,-13.25,0.0,159.87,24.0,SAFE,False
CAND_02395,SIM_OPT_02395,210.0,4.5,0.05,0.05,0,0.4,stone_masonry,241310.0,-17.71,-10.94,0.0,79.06,24.0,SAFE,False
CAND_02396,SIM_OPT_02396,111.0,2.0,0.025,0.0,1,0.27,stone_masonry,132698.0,-17.38,-13.39,0.0,133.13,24.0,SAFE,False
CAND_02397,SIM_OPT_02397,150.0,0.0,0.025,0.025,0,0.64,rammed_earth,111760.0,-20.88,-15.19,0.0,109.75,24.0,SAFE,False
CAND_02398,SIM_OPT_02398,165.0,4.5,0.025,0.075,1,0.56,stone_masonry,245543.0,-14.33,-8.84,0.0,64.18,24.0,SAFE,False
CAND_02399,SIM_OPT_02399,210.0,3.0,0.05,0.05,1,0.85,stone_masonry,210118.0,-15.2,-11.07,0.0,66.35,24.0,SAFE,False
CAND_02400,SIM_OPT_02400,107.5,3.0,0.025,0.0,1,0.78,stone_masonry,119060.0,-17.38,-12.79,0.0,148.96,24.0,SAFE,False
CAND_02401,SIM_OPT_02401,195.0,0.0,0.0,0.025,0,0.36,mud_brick,132472.0,-21.5,-15.5,0.0,191.43,24.0,SAFE,False
CAND_02402,SIM_OPT_02402,150.0,12.0,0.1,0.15,1,0.6,pu_sandwich_panel,332720.0,-5.61,2.99,0.0,52.39,24.0,SAFE,False
CAND_02403,SIM_OPT_02403,210.0,3.0,0.05,0.05,1,0.32,stone_masonry,232652.0,-15.58,-11.46,0.0,81.58,24.0,SAFE,False
CAND_02404,SIM_OPT_02404,150.0,3.0,0.025,0.1,1,0.38,stone_masonry,180778.0,-16.06,-11.47,0.0,75.08,24.0,SAFE,False
CAND_02405,SIM_OPT_02405,210.0,0.0,0.0,0.025,0,0.69,mud_brick,125855.0,-21.5,-15.5,0.0,219.86,24.0,SAFE,False
CAND_02406,SIM_OPT_02406,195.0,3.0,0.025,0.05,0,0.71,pu_sandwich_panel,179551.0,-19.62,-13.28,0.0,101.49,24.0,SAFE,False
CAND_02407,SIM_OPT_02407,165.0,0.0,0.0,0.0,0,0.23,mud_brick,125544.0,-21.5,-15.5,0.0,250.38,24.0,SAFE,False
CAND_02408,SIM_OPT_02408,252.5,3.0,0.05,0.05,1,0.8,dense_concrete,182887.0,-16.61,-12.48,0.0,74.31,24.0,SAFE,False
CAND_02409,SIM_OPT_02409,165.0,12.0,0.075,0.2,1,0.73,stone_masonry,363605.0,-3.41,5.65,0.0,45.93,24.0,SAFE,False
CAND_02410,SIM_OPT_02410,210.0,3.0,0.025,0.075,0,0.35,pu_sandwich_panel,179252.0,-19.33,-12.99,0.0,78.28,24.0,SAFE,False
CAND_02411,SIM_OPT_02411,310.1,0.0,0.0,0.0,0,0.66,rammed_earth,99665.0,-21.5,-15.5,0.0,284.35,24.0,SAFE,False
CAND_02412,SIM_OPT_02412,165.0,2.0,0.0,0.025,0,0.67,mud_brick,136127.0,-21.48,-15.28,0.0,229.72,24.0,SAFE,False
CAND_02413,SIM_OPT_02413,344.9,8.0,0.075,0.1,1,0.59,stone_masonry,365109.0,-15.46,-8.79,0.0,53.88,24.0,SAFE,False
CAND_02414,SIM_OPT_02414,207.2,12.0,0.15,0.15,1,0.42,pu_sandwich_panel,352988.0,-6.49,1.18,0.0,67.62,24.0,SAFE,False
CAND_02415,SIM_OPT_02415,180.0,0.0,0.0,0.025,0,0.41,stone_masonry,103433.0,-21.5,-15.5,0.0,199.27,24.0,SAFE,False
CAND_02416,SIM_OPT_02416,165.0,12.0,0.15,0.1,1,0.31,stone_masonry,405383.0,-5.47,2.21,0.0,65.43,24.0,SAFE,False
CAND_02417,SIM_OPT_02417,195.0,3.0,0.05,0.1,0,0.84,stone_masonry,186386.0,-17.74,-11.86,0.0,59.25,24.0,SAFE,False
CAND_02418,SIM_OPT_02418,165.0,8.0,0.15,0.15,1,0.25,stone_masonry,353029.0,-7.83,-2.55,0.0,58.49,24.0,SAFE,False
CAND_02419,SIM_OPT_02419,300.8,3.0,0.05,0.05,1,0.89,dense_concrete,224421.0,-16.75,-12.62,0.0,80.36,24.0,SAFE,False
CAND_02420,SIM_OPT_02420,165.0,3.0,0.075,0.075,0,0.78,stone_masonry,226582.0,-16.81,-11.39,0.0,53.82,24.0,SAFE,False
CAND_02421,SIM_OPT_02421,180.0,2.0,0.025,0.0,1,0.37,mud_brick,130973.0,-17.21,-13.23,0.0,158.46,24.0,SAFE,False
CAND_02422,SIM_OPT_02422,150.0,2.0,0.0,0.0,0,0.81,rammed_earth,128355.0,-21.5,-15.3,0.0,288.7,24.0,SAFE,False
CAND_02423,SIM_OPT_02423,210.0,8.0,0.075,0.2,1,0.27,stone_masonry,378572.0,-7.25,-0.59,0.0,38.71,24.0,SAFE,False
CAND_02424,SIM_OPT_02424,165.0,3.0,0.025,0.0,1,0.28,stone_masonry,154962.0,-16.96,-12.38,0.0,166.25,24.0,SAFE,False
CAND_02425,SIM_OPT_02425,165.0,12.0,0.15,0.1,1,0.75,pu_sandwich_panel,380902.0,-2.44,5.24,0.0,49.29,24.0,SAFE,False
CAND_02426,SIM_OPT_02426,195.0,6.0,0.075,0.15,1,0.87,stone_masonry,311647.0,-11.56,-6.1,0.0,59.89,24.0,SAFE,False
CAND_02427,SIM_OPT_02427,210.0,0.0,0.0,0.025,0,0.81,rammed_earth,122289.0,-21.5,-15.5,0.0,223.22,24.0,SAFE,False
CAND_02428,SIM_OPT_02428,210.0,6.0,0.05,0.1,0,0.87,pu_sandwich_panel,246991.0,-16.57,-8.89,0.0,76.55,24.0,SAFE,False
CAND_02429,SIM_OPT_02429,150.0,0.0,0.025,0.025,0,0.8,stone_masonry,123257.0,-20.88,-15.19,0.0,94.47,24.0,SAFE,False
CAND_02430,SIM_OPT_02430,210.0,10.0,0.15,0.15,1,0.38,stone_masonry,334012.0,-2.94,3.54,0.0,38.39,24.0,SAFE,False
CAND_02431,SIM_OPT_02431,180.0,3.0,0.0,0.025,1,0.49,rammed_earth,145078.0,-17.79,-12.74,0.0,222.43,24.0,SAFE,False
CAND_02432,SIM_OPT_02432,180.0,0.0,0.025,0.0,0,0.82,mud_brick,108654.0,-20.88,-15.19,0.0,158.19,24.0,SAFE,False
CAND_02433,SIM_OPT_02433,180.0,10.0,0.15,0.2,1,0.86,stone_masonry,413532.0,-6.57,-0.1,0.0,64.04,24.0,SAFE,False
CAND_02434,SIM_OPT_02434,150.0,8.0,0.15,0.2,1,0.35,stone_masonry,371310.0,-2.4,2.88,0.0,29.37,24.0,SAFE,False
CAND_02435,SIM_OPT_02435,165.0,12.0,0.075,0.1,1,0.65,stone_masonry,317153.0,-6.09,2.97,0.0,57.6,24.0,SAFE,False
CAND_02436,SIM_OPT_02436,180.0,2.0,0.025,0.025,0,0.63,stone_masonry,144365.0,-19.82,-14.09,0.0,79.26,24.0,SAFE,False
CAND_02437,SIM_OPT_02437,210.0,3.0,0.075,0.1,1,0.32,stone_masonry,195559.0,-14.7,-11.04,0.0,70.74,24.0,SAFE,False
CAND_02438,SIM_OPT_02438,195.0,0.0,0.0,0.025,0,0.68,rammed_earth,112208.0,-21.5,-15.5,0.0,206.5,24.0,SAFE,False
CAND_02439,SIM_OPT_02439,150.0,3.0,0.075,0.1,1,0.21,dense_concrete,251148.0,-13.84,-10.18,0.0,48.88,24.0,SAFE,False
CAND_02440,SIM_OPT_02440,210.0,4.5,0.025,0.1,1,0.77,pu_sandwich_panel,221740.0,-14.87,-9.38,0.0,67.87,24.0,SAFE,False
CAND_02441,SIM_OPT_02441,165.0,6.0,0.05,0.075,1,0.28,dense_concrete,230009.0,-11.21,-5.29,0.0,50.21,24.0,SAFE,False
CAND_02442,SIM_OPT_02442,180.0,2.0,0.0,0.0,0,0.77,mud_brick,102118.0,-21.5,-15.3,0.0,273.92,24.0,SAFE,False
CAND_02443,SIM_OPT_02443,150.0,4.5,0.075,0.1,0,0.45,dense_concrete,191786.0,-16.96,-10.64,0.0,75.8,24.0,SAFE,False
CAND_02444,SIM_OPT_02444,180.0,10.0,0.075,0.2,1,0.65,stone_masonry,317957.0,-9.42,-1.56,0.0,72.72,24.0,SAFE,False
CAND_02445,SIM_OPT_02445,150.0,3.0,0.025,0.0,1,0.82,stone_masonry,128280.0,-17.01,-12.43,0.0,157.57,24.0,SAFE,False
CAND_02446,SIM_OPT_02446,180.0,6.0,0.05,0.1,1,0.62,dense_concrete,242966.0,-10.79,-4.86,0.0,48.64,24.0,SAFE,False
CAND_02447,SIM_OPT_02447,210.0,3.0,0.075,0.1,0,0.77,pu_sandwich_panel,249358.0,-17.66,-12.25,0.0,64.81,24.0,SAFE,False
CAND_02448,SIM_OPT_02448,150.0,4.5,0.025,0.1,0,0.27,stone_masonry,240320.0,-17.89,-10.66,0.0,68.94,24.0,SAFE,False
CAND_02449,SIM_OPT_02449,210.0,6.0,0.075,0.1,0,0.23,pu_sandwich_panel,248792.0,-15.19,-7.97,0.0,64.83,24.0,SAFE,False
CAND_02450,SIM_OPT_02450,165.0,3.0,0.05,0.075,1,0.59,pu_sandwich_panel,212475.0,-15.37,-11.24,0.0,80.68,24.0,SAFE,False
CAND_02451,SIM_OPT_02451,180.0,6.0,0.075,0.1,0,0.41,stone_masonry,238654.0,-14.95,-7.73,0.0,71.41,24.0,SAFE,False
CAND_02452,SIM_OPT_02452,180.0,6.0,0.075,0.05,0,0.56,stone_masonry,218246.0,-14.38,-7.17,0.0,64.32,24.0,SAFE,False
CAND_02453,SIM_OPT_02453,195.0,0.0,0.025,0.0,0,0.68,rammed_earth,115277.0,-20.88,-15.19,0.0,140.7,24.0,SAFE,False
CAND_02454,SIM_OPT_02454,195.0,4.5,0.075,0.075,1,0.72,pu_sandwich_panel,219759.0,-12.68,-8.12,0.0,57.68,24.0,SAFE,False
CAND_02455,SIM_OPT_02455,203.8,6.0,0.1,0.1,1,0.67,stone_masonry,370323.0,-12.27,-7.27,0.0,77.04,24.0,SAFE,False
CAND_02456,SIM_OPT_02456,165.0,3.0,0.05,0.05,1,0.26,dense_concrete,248139.0,-14.96,-10.84,0.0,66.16,24.0,SAFE,False
CAND_02457,SIM_OPT_02457,180.0,3.0,0.075,0.05,1,0.58,pu_sandwich_panel,184524.0,-14.12,-10.46,0.0,62.64,24.0,SAFE,False
CAND_02458,SIM_OPT_02458,293.8,0.0,0.0,0.025,0,0.52,rammed_earth,105047.0,-21.5,-15.5,0.0,196.33,24.0,SAFE,False
CAND_02459,SIM_OPT_02459,38.2,8.0,0.075,0.2,1,0.72,stone_masonry,366432.0,-15.45,-8.79,0.0,53.53,24.0,SAFE,False
CAND_02460,SIM_OPT_02460,150.0,10.0,0.15,0.15,1,0.7,stone_masonry,393270.0,-6.27,0.21,0.0,53.46,24.0,SAFE,False
CAND_02461,SIM_OPT_02461,150.0,4.5,0.075,0.1,1,0.45,stone_masonry,255105.0,-13.84,-9.28,0.0,73.14,24.0,SAFE,False
CAND_02462,SIM_OPT_02462,211.1,3.0,0.075,0.1,0,0.7,pu_sandwich_panel,245346.0,-17.57,-12.16,0.0,61.85,24.0,SAFE,False
CAND_02463,SIM_OPT_02463,216.1,6.0,0.075,0.1,1,0.33,stone_masonry,264073.0,-11.04,-5.58,0.0,45.45,24.0,SAFE,False
CAND_02464,SIM_OPT_02464,210.0,6.0,0.025,0.1,1,0.6,dense_concrete,219776.0,-14.14,-7.76,0.0,72.94,24.0,SAFE,False
CAND_02465,SIM_OPT_02465,165.0,3.0,0.05,0.1,0,0.72,pu_sandwich_panel,201877.0,-17.39,-11.52,0.0,53.2,24.0,SAFE,False
CAND_02466,SIM_OPT_02466,150.0,4.5,0.05,0.05,0,0.74,dense_concrete,238034.0,-17.42,-10.65,0.0,72.16,24.0,SAFE,False
CAND_02467,SIM_OPT_02467,180.0,6.0,0.025,0.05,0,0.55,stone_masonry,204535.0,-17.06,-8.92,0.0,85.61,24.0,SAFE,False
CAND_02468,SIM_OPT_02468,165.0,8.0,0.075,0.2,1,0.55,stone_masonry,376664.0,-6.58,0.08,0.0,40.28,24.0,SAFE,False
CAND_02469,SIM_OPT_02469,165.0,2.0,0.025,0.0,1,0.89,stone_masonry,130642.0,-17.26,-13.28,0.0,164.94,24.0,SAFE,False
CAND_02470,SIM_OPT_02470,150.0,0.0,0.025,0.0,0,0.58,mud_brick,126692.0,-20.88,-15.19,0.0,144.93,24.0,SAFE,False
CAND_02471,SIM_OPT_02471,180.0,3.0,0.0,0.0,0,0.58,mud_brick,121719.0,-21.37,-14.57,0.0,294.32,24.0,SAFE,False
CAND_02472,SIM_OPT_02472,210.0,0.0,0.0,0.0,0,0.85,stone_masonry,101543.0,-21.5,-15.5,0.0,292.47,24.0,SAFE,False
CAND_02473,SIM_OPT_02473,336.1,3.0,0.075,0.075,1,0.88,pu_sandwich_panel,228907.0,-16.12,-12.46,0.0,50.3,24.0,SAFE,False
CAND_02474,SIM_OPT_02474,195.0,8.0,0.15,0.15,1,0.41,stone_masonry,361794.0,-6.38,-1.1,0.0,48.36,24.0,SAFE,False
CAND_02475,SIM_OPT_02475,180.0,3.0,0.05,0.05,0,0.7,pu_sandwich_panel,211774.0,-18.74,-12.86,0.0,91.84,24.0,SAFE,False
CAND_02476,SIM_OPT_02476,210.0,2.0,0.0,0.0,0,0.87,mud_brick,125484.0,-21.5,-15.3,0.0,254.02,24.0,SAFE,False
CAND_02477,SIM_OPT_02477,160.3,6.0,0.025,0.1,0,0.65,pu_sandwich_panel,192302.0,-17.46,-9.32,0.0,88.87,24.0,SAFE,False
CAND_02478,SIM_OPT_02478,150.0,8.0,0.15,0.2,1,0.76,pu_sandwich_panel,352992.0,-9.16,-3.89,0.0,64.88,24.0,SAFE,False
CAND_02479,SIM_OPT_02479,180.0,6.0,0.05,0.075,0,0.28,stone_masonry,224346.0,-15.56,-7.89,0.0,71.15,24.0,SAFE,False
CAND_02480,SIM_OPT_02480,353.6,6.0,0.025,0.05,0,0.79,stone_masonry,218102.0,-20.88,-12.74,0.0,111.6,24.0,SAFE,False
CAND_02481,SIM_OPT_02481,199.2,6.0,0.075,0.15,1,0.34,pu_sandwich_panel,349499.0,-12.22,-6.76,0.0,67.41,24.0,SAFE,False
CAND_02482,SIM_OPT_02482,150.0,4.5,0.025,0.075,1,0.69,dense_concrete,189922.0,-15.05,-9.57,0.0,72.29,24.0,SAFE,False
CAND_02483,SIM_OPT_02483,150.0,6.0,0.075,0.075,1,0.38,dense_concrete,245033.0,-11.0,-5.54,0.0,48.34,24.0,SAFE,False
CAND_02484,SIM_OPT_02484,180.0,3.0,0.075,0.05,1,0.86,stone_masonry,192904.0,-14.64,-10.97,0.0,78.99,24.0,SAFE,False
CAND_02485,SIM_OPT_02485,150.0,0.0,0.0,0.025,0,0.59,stone_masonry,125595.0,-21.5,-15.5,0.0,206.1,24.0,SAFE,False
CAND_02486,SIM_OPT_02486,195.0,3.0,0.025,0.1,1,0.41,stone_masonry,221056.0,-15.64,-11.05,0.0,68.02,24.0,SAFE,False
CAND_02487,SIM_OPT_02487,118.9,10.0,0.15,0.1,1,0.5,pu_sandwich_panel,330234.0,-10.89,-4.42,0.0,65.52,24.0,SAFE,False
CAND_02488,SIM_OPT_02488,210.0,3.0,0.0,0.025,1,0.57,mud_brick,133286.0,-17.88,-12.83,0.0,221.15,24.0,SAFE,False
CAND_02489,SIM_OPT_02489,180.0,3.0,0.025,0.075,1,0.48,pu_sandwich_panel,204548.0,-16.17,-11.59,0.0,92.37,24.0,SAFE,False
CAND_02490,SIM_OPT_02490,210.0,8.0,0.075,0.15,1,0.45,pu_sandwich_panel,343341.0,-10.9,-4.24,0.0,63.37,24.0,SAFE,False
CAND_02491,SIM_OPT_02491,195.0,12.0,0.1,0.1,1,0.63,pu_sandwich_panel,329127.0,-2.54,6.06,0.0,45.08,24.0,SAFE,False
CAND_02492,SIM_OPT_02492,180.0,4.5,0.025,0.1,1,0.8,stone_masonry,196947.0,-14.55,-9.07,0.0,70.96,24.0,SAFE,False
CAND_02493,SIM_OPT_02493,180.0,3.0,0.025,0.1,0,0.75,dense_concrete,222155.0,-19.27,-12.93,0.0,87.65,24.0,SAFE,False
CAND_02494,SIM_OPT_02494,210.0,3.0,0.0,0.0,1,0.23,mud_brick,144310.0,-17.97,-12.92,0.0,256.31,24.0,SAFE,False
CAND_02495,SIM_OPT_02495,165.0,4.5,0.05,0.075,0,0.83,pu_sandwich_panel,225068.0,-16.06,-9.29,0.0,57.1,24.0,SAFE,False
CAND_02496,SIM_OPT_02496,165.0,6.0,0.075,0.05,0,0.39,dense_concrete,233835.0,-14.14,-6.93,0.0,59.68,24.0,SAFE,False
CAND_02497,SIM_OPT_02497,210.0,0.0,0.0,0.0,0,0.47,stone_masonry,129839.0,-21.5,-15.5,0.0,275.85,24.0,SAFE,False
CAND_02498,SIM_OPT_02498,165.0,3.0,0.025,0.05,0,0.41,stone_masonry,187297.0,-19.39,-13.05,0.0,89.76,24.0,SAFE,False
CAND_02499,SIM_OPT_02499,297.5,3.0,0.025,0.025,0,0.6,mud_brick,134277.0,-20.88,-14.54,0.0,98.77,24.0,SAFE,False
CAND_02500,SIM_OPT_02500,180.0,10.0,0.15,0.15,1,0.52,pu_sandwich_panel,401747.0,-5.53,0.94,0.0,56.78,24.0,SAFE,False
CAND_02501,SIM_OPT_02501,180.0,4.5,0.05,0.05,0,0.61,pu_sandwich_panel,217284.0,-16.03,-9.26,0.0,58.78,24.0,SAFE,False
CAND_02502,SIM_OPT_02502,136.1,3.0,0.075,0.05,1,0.9,pu_sandwich_panel,201828.0,-15.26,-11.6,0.0,82.98,24.0,SAFE,False
CAND_02503,SIM_OPT_02503,180.0,0.0,0.0,0.0,0,0.82,stone_masonry,113676.0,-21.5,-15.5,0.0,251.6,24.0,SAFE,False
CAND_02504,SIM_OPT_02504,150.0,6.0,0.025,0.075,0,0.52,dense_concrete,178549.0,-18.08,-9.94,0.0,97.14,24.0,SAFE,False
CAND_02505,SIM_OPT_02505,180.0,3.0,0.025,0.025,1,0.67,stone_masonry,152290.0,-16.44,-11.86,0.0,109.64,24.0,SAFE,False
CAND_02506,SIM_OPT_02506,210.0,4.5,0.075,0.075,1,0.43,dense_concrete,194910.0,-12.17,-7.61,0.0,45.83,24.0,SAFE,False
CAND_02507,SIM_OPT_02507,210.0,3.0,0.075,0.075,1,0.25,dense_concrete,244871.0,-13.55,-9.88,0.0,44.19,24.0,SAFE,False
CAND_02508,SIM_OPT_02508,195.0,8.0,0.075,0.1,1,0.39,stone_masonry,323340.0,-9.09,-2.43,0.0,53.73,24.0,SAFE,False
CAND_02509,SIM_OPT_02509,180.0,4.5,0.025,0.1,0,0.69,stone_masonry,201426.0,-17.66,-10.43,0.0,74.64,24.0,SAFE,False
CAND_02510,SIM_OPT_02510,195.0,0.0,0.025,0.0,0,0.54,mud_brick,107088.0,-20.88,-15.19,0.0,151.1,24.0,SAFE,False
CAND_02511,SIM_OPT_02511,165.0,2.0,0.025,0.025,1,0.52,stone_masonry,119066.0,-16.56,-12.57,0.0,76.64,24.0,SAFE,False
CAND_02512,SIM_OPT_02512,180.0,3.0,0.025,0.025,0,0.74,stone_masonry,121347.0,-19.69,-13.36,0.0,109.71,24.0,SAFE,False
CAND_02513,SIM_OPT_02513,165.0,0.0,0.0,0.0,0,0.24,rammed_earth,112095.0,-21.5,-15.5,0.0,271.71,24.0,SAFE,False
CAND_02514,SIM_OPT_02514,210.0,12.0,0.075,0.15,1,0.28,pu_sandwich_panel,319151.0,-5.95,3.11,0.0,50.99,24.0,SAFE,False
CAND_02515,SIM_OPT_02515,195.0,8.0,0.1,0.15,1,0.3,pu_sandwich_panel,363177.0,-6.94,-0.74,0.0,44.67,24.0,SAFE,False
CAND_02516,SIM_OPT_02516,195.0,4.5,0.025,0.1,0,0.85,dense_concrete,211615.0,-18.97,-11.73,0.0,111.15,24.0,SAFE,False
CAND_02517,SIM_OPT_02517,195.0,0.0,0.025,0.0,0,0.6,rammed_earth,118511.0,-20.88,-15.19,0.0,138.77,24.0,SAFE,False
CAND_02518,SIM_OPT_02518,165.0,2.0,0.025,0.025,1,0.84,stone_masonry,129098.0,-16.87,-12.89,0.0,100.83,24.0,SAFE,False
CAND_02519,SIM_OPT_02519,195.0,6.0,0.025,0.05,0,0.4,pu_sandwich_panel,172282.0,-17.15,-9.01,0.0,84.57,24.0,SAFE,False
CAND_02520,SIM_OPT_02520,13.9,3.0,0.025,0.025,0,0.82,rammed_earth,146957.0,-20.88,-14.54,0.0,110.49,24.0,SAFE,False
CAND_02521,SIM_OPT_02521,150.0,2.0,0.0,0.025,1,0.64,stone_masonry,116461.0,-18.0,-13.55,0.0,194.6,24.0,SAFE,False
CAND_02522,SIM_OPT_02522,195.0,3.0,0.05,0.05,0,0.51,dense_concrete,199978.0,-18.12,-12.25,0.0,67.92,24.0,SAFE,False
CAND_02523,SIM_OPT_02523,183.5,3.0,0.0,0.0,1,0.29,stone_masonry,142810.0,-17.92,-12.87,0.0,269.55,24.0,SAFE,False
CAND_02524,SIM_OPT_02524,202.7,0.0,0.0,0.025,0,0.6,mud_brick,115727.0,-21.5,-15.5,0.0,189.4,24.0,SAFE,False
CAND_02525,SIM_OPT_02525,195.0,4.5,0.075,0.075,0,0.86,stone_masonry,212571.0,-16.63,-10.32,0.0,76.68,24.0,SAFE,False
CAND_02526,SIM_OPT_02526,248.6,3.0,0.025,0.025,1,0.43,stone_masonry,151984.0,-17.35,-12.77,0.0,109.74,24.0,SAFE,False
CAND_02527,SIM_OPT_02527,359.5,12.0,0.075,0.2,1,0.42,pu_sandwich_panel,375416.0,-14.44,-5.38,0.0,43.07,24.0,SAFE,False
CAND_02528,SIM_OPT_02528,165.0,2.0,0.0,0.025,0,0.88,stone_masonry,133906.0,-21.44,-15.24,0.0,213.04,24.0,SAFE,False
CAND_02529,SIM_OPT_02529,180.0,4.5,0.025,0.075,0,0.59,pu_sandwich_panel,229983.0,-18.77,-11.54,0.0,106.42,24.0,SAFE,False
CAND_02530,SIM_OPT_02530,165.0,3.0,0.025,0.075,0,0.32,stone_masonry,214352.0,-19.46,-13.12,0.0,93.06,24.0,SAFE,False
CAND_02531,SIM_OPT_02531,325.6,6.0,0.075,0.05,0,0.26,pu_sandwich_panel,197596.0,-18.93,-11.72,0.0,46.43,24.0,REFUSED,False
CAND_02532,SIM_OPT_02532,195.0,10.0,0.15,0.15,1,0.65,stone_masonry,380309.0,-3.44,3.04,0.0,44.72,24.0,SAFE,False
CAND_02533,SIM_OPT_02533,195.0,3.0,0.075,0.05,1,0.87,dense_concrete,237217.0,-14.84,-11.18,0.0,84.77,24.0,SAFE,False
CAND_02534,SIM_OPT_02534,210.0,4.5,0.025,0.1,0,0.7,stone_masonry,212207.0,-18.13,-10.89,0.0,73.87,24.0,SAFE,False
CAND_02535,SIM_OPT_02535,210.0,4.5,0.05,0.075,1,0.84,pu_sandwich_panel,243479.0,-13.98,-8.96,0.0,62.4,24.0,SAFE,False
CAND_02536,SIM_OPT_02536,195.0,6.0,0.025,0.1,0,0.8,dense_concrete,206000.0,-16.52,-8.38,0.0,73.47,24.0,SAFE,False
CAND_02537,SIM_OPT_02537,180.0,4.5,0.075,0.05,1,0.26,dense_concrete,202856.0,-11.1,-6.54,0.0,42.63,24.0,SAFE,False
CAND_02538,SIM_OPT_02538,165.0,3.0,0.075,0.075,0,0.27,dense_concrete,197770.0,-17.01,-11.6,0.0,57.36,24.0,SAFE,False
CAND_02539,SIM_OPT_02539,195.0,3.0,0.075,0.075,0,0.49,dense_concrete,236500.0,-16.03,-10.62,0.0,43.64,24.0,SAFE,False
CAND_02540,SIM_OPT_02540,180.0,4.5,0.075,0.075,1,0.75,stone_masonry,250782.0,-12.38,-7.82,0.0,55.5,24.0,SAFE,False
CAND_02541,SIM_OPT_02541,134.7,6.0,0.05,0.075,1,0.74,pu_sandwich_panel,220493.0,-14.79,-8.87,0.0,89.71,24.0,SAFE,False
CAND_02542,SIM_OPT_02542,98.1,6.0,0.025,0.05,0,0.44,dense_concrete,215637.0,-20.88,-12.74,0.0,114.0,24.0,SAFE,False
CAND_02543,SIM_OPT_02543,210.0,3.0,0.0,0.0,0,0.41,stone_masonry,125460.0,-21.4,-14.6,0.0,268.47,24.0,SAFE,False
CAND_02544,SIM_OPT_02544,165.0,6.0,0.1,0.1,1,0.3,pu_sandwich_panel,362491.0,-5.96,-0.96,0.0,30.23,24.0,SAFE,False
CAND_02545,SIM_OPT_02545,180.0,3.0,0.05,0.075,0,0.81,stone_masonry,206857.0,-18.29,-12.41,0.0,74.98,24.0,SAFE,False
CAND_02546,SIM_OPT_02546,150.0,4.5,0.05,0.1,0,0.58,stone_masonry,186444.0,-17.99,-11.21,0.0,87.08,24.0,SAFE,False
CAND_02547,SIM_OPT_02547,210.0,0.0,0.0,0.025,0,0.48,stone_masonry,110952.0,-21.5,-15.5,0.0,190.93,24.0,SAFE,False
CAND_02548,SIM_OPT_02548,210.0,8.0,0.15,0.1,1,0.32,pu_sandwich_panel,394029.0,-7.54,-2.27,0.0,50.29,24.0,SAFE,False
CAND_02549,SIM_OPT_02549,165.0,4.5,0.075,0.1,1,0.51,dense_concrete,203532.0,-11.48,-6.92,0.0,44.24,24.0,SAFE,False
CAND_02550,SIM_OPT_02550,180.0,6.0,0.075,0.1,1,0.42,stone_masonry,238927.0,-10.64,-5.18,0.0,52.52,24.0,SAFE,False
CAND_02551,SIM_OPT_02551,195.0,3.0,0.025,0.025,0,0.6,rammed_earth,142310.0,-19.85,-13.52,0.0,117.4,24.0,SAFE,False
CAND_02552,SIM_OPT_02552,150.0,3.0,0.0,0.025,0,0.8,mud_brick,116986.0,-21.22,-14.42,0.0,205.05,24.0,SAFE,False
CAND_02553,SIM_OPT_02553,195.0,3.0,0.075,0.1,1,0.86,dense_concrete,247329.0,-14.56,-10.9,0.0,73.63,24.0,SAFE,False
CAND_02554,SIM_OPT_02554,150.0,0.0,0.0,0.025,0,0.27,rammed_earth,117519.0,-21.5,-15.5,0.0,225.21,24.0,SAFE,False
CAND_02555,SIM_OPT_02555,165.0,0.0,0.025,0.0,0,0.73,stone_masonry,136605.0,-20.88,-15.19,0.0,134.16,24.0,SAFE,False
CAND_02556,SIM_OPT_02556,310.2,3.0,0.075,0.05,1,0.69,stone_masonry,185609.0,-16.12,-12.46,0.0,48.52,24.0,SAFE,False
CAND_02557,SIM_OPT_02557,165.0,0.0,0.0,0.025,0,0.45,rammed_earth,121634.0,-21.5,-15.5,0.0,220.86,24.0,SAFE,False
CAND_02558,SIM_OPT_02558,150.0,4.5,0.025,0.1,1,0.66,dense_concrete,224690.0,-14.89,-9.41,0.0,68.37,24.0,SAFE,False
CAND_02559,SIM_OPT_02559,313.4,2.0,0.0,0.0,1,0.69,rammed_earth,122131.0,-18.0,-13.55,0.0,259.74,24.0,SAFE,False
CAND_02560,SIM_OPT_02560,159.2,4.5,0.075,0.075,0,0.52,pu_sandwich_panel,196578.0,-16.6,-10.29,0.0,73.43,24.0,SAFE,False
CAND_02561,SIM_OPT_02561,180.0,3.0,0.025,0.025,1,0.85,stone_masonry,142695.0,-16.23,-11.64,0.0,95.39,24.0,SAFE,False
CAND_02562,SIM_OPT_02562,195.0,3.0,0.0,0.0,0,0.65,stone_masonry,130765.0,-21.3,-14.5,0.0,255.13,24.0,SAFE,False
CAND_02563,SIM_OPT_02563,345.9,3.0,0.025,0.0,1,0.71,mud_brick,143671.0,-17.38,-12.79,0.0,141.24,24.0,SAFE,False
CAND_02564,SIM_OPT_02564,195.0,8.0,0.15,0.15,1,0.75,stone_masonry,389407.0,-5.23,0.04,0.0,42.49,24.0,SAFE,False
CAND_02565,SIM_OPT_02565,165.5,4.5,0.025,0.05,1,0.22,dense_concrete,199181.0,-14.94,-9.45,0.0,77.67,24.0,SAFE,False
CAND_02566,SIM_OPT_02566,38.4,2.0,0.0,0.0,1,0.31,stone_masonry,112119.0,-18.0,-13.55,0.0,254.3,24.0,SAFE,False
CAND_02567,SIM_OPT_02567,39.9,2.0,0.025,0.0,0,0.46,mud_brick,121520.0,-20.88,-15.14,0.0,133.32,24.0,SAFE,False
CAND_02568,SIM_OPT_02568,165.0,2.0,0.025,0.0,0,0.6,mud_brick,133204.0,-20.53,-14.8,0.0,141.05,24.0,SAFE,False
CAND_02569,SIM_OPT_02569,180.0,0.0,0.0,0.0,0,0.87,mud_brick,116749.0,-21.5,-15.5,0.0,272.94,24.0,SAFE,False
CAND_02570,SIM_OPT_02570,195.0,4.5,0.025,0.075,0,0.57,dense_concrete,209791.0,-17.73,-10.5,0.0,73.53,24.0,SAFE,False
CAND_02571,SIM_OPT_02571,165.0,3.0,0.075,0.075,1,0.73,stone_masonry,202723.0,-13.89,-10.22,0.0,55.42,24.0,SAFE,False
CAND_02572,SIM_OPT_02572,210.0,4.5,0.075,0.05,0,0.38,pu_sandwich_panel,208662.0,-16.29,-9.97,0.0,62.53,24.0,SAFE,False
CAND_02573,SIM_OPT_02573,150.0,0.0,0.0,0.0,0,0.84,stone_masonry,99703.0,-21.5,-15.5,0.0,266.12,24.0,SAFE,False
CAND_02574,SIM_OPT_02574,111.0,2.0,0.0,0.0,1,0.54,mud_brick,108390.0,-18.0,-13.55,0.0,275.53,24.0,SAFE,False
CAND_02575,SIM_OPT_02575,291.6,8.0,0.1,0.1,1,0.74,stone_masonry,303874.0,-15.09,-8.89,0.0,69.01,24.0,SAFE,False
CAND_02576,SIM_OPT_02576,210.0,3.0,0.025,0.05,1,0.59,dense_concrete,181409.0,-16.55,-11.96,0.0,102.31,24.0,SAFE,False
CAND_02577,SIM_OPT_02577,165.0,0.0,0.0,0.0,0,0.46,mud_brick,114230.0,-21.5,-15.5,0.0,245.52,24.0,SAFE,False
CAND_02578,SIM_OPT_02578,195.0,3.0,0.075,0.05,0,0.59,stone_masonry,192088.0,-16.31,-10.89,0.0,46.77,24.0,SAFE,False
CAND_02579,SIM_OPT_02579,165.0,3.0,0.025,0.0,1,0.83,mud_brick,121549.0,-16.89,-12.3,0.0,153.46,24.0,SAFE,False
CAND_02580,SIM_OPT_02580,180.0,6.0,0.15,0.2,1,0.5,pu_sandwich_panel,371255.0,-6.06,-1.98,0.0,36.14,24.0,SAFE,False
CAND_02581,SIM_OPT_02581,180.0,4.5,0.075,0.1,1,0.46,pu_sandwich_panel,249956.0,-12.12,-7.56,0.0,52.33,24.0,SAFE,False
CAND_02582,SIM_OPT_02582,165.0,0.0,0.025,0.025,0,0.78,stone_masonry,127061.0,-20.88,-15.19,0.0,115.03,24.0,SAFE,False
CAND_02583,SIM_OPT_02583,150.0,6.0,0.075,0.1,0,0.67,stone_masonry,216379.0,-14.6,-7.39,0.0,57.94,24.0,SAFE,False
CAND_02584,SIM_OPT_02584,150.0,12.0,0.075,0.2,1,0.74,stone_masonry,379186.0,-7.57,1.5,0.0,60.07,24.0,SAFE,False
CAND_02585,SIM_OPT_02585,180.0,6.0,0.075,0.05,0,0.43,stone_masonry,190305.0,-15.25,-8.04,0.0,75.74,24.0,SAFE,False
CAND_02586,SIM_OPT_02586,210.0,4.5,0.05,0.05,1,0.82,stone_masonry,188007.0,-14.1,-9.07,0.0,64.88,24.0,SAFE,False
CAND_02587,SIM_OPT_02587,195.0,0.0,0.0,0.025,0,0.72,mud_brick,120713.0,-21.5,-15.5,0.0,192.37,24.0,REFUSED,False
CAND_02588,SIM_OPT_02588,150.0,3.0,0.05,0.1,0,0.77,stone_masonry,210744.0,-17.52,-11.64,0.0,49.6,24.0,SAFE,False
CAND_02589,SIM_OPT_02589,195.0,3.0,0.025,0.025,0,0.84,stone_masonry,122292.0,-19.58,-13.24,0.0,99.57,24.0,SAFE,False
CAND_02590,SIM_OPT_02590,165.0,2.0,0.025,0.025,1,0.3,stone_masonry,150067.0,-16.96,-12.97,0.0,110.15,24.0,SAFE,False
CAND_02591,SIM_OPT_02591,210.0,0.0,0.025,0.0,0,0.38,stone_masonry,109539.0,-20.88,-15.19,0.0,150.44,24.0,SAFE,False
CAND_02592,SIM_OPT_02592,165.0,3.0,0.05,0.1,0,0.43,dense_concrete,234499.0,-17.23,-11.36,0.0,50.72,24.0,SAFE,False
CAND_02593,SIM_OPT_02593,195.0,6.0,0.1,0.2,1,0.36,stone_masonry,354327.0,-6.05,-1.05,0.0,30.51,24.0,SAFE,False
CAND_02594,SIM_OPT_02594,195.0,12.0,0.15,0.2,1,0.83,stone_masonry,382167.0,-2.79,4.88,0.0,50.73,24.0,SAFE,False
CAND_02595,SIM_OPT_02595,180.0,4.5,0.075,0.075,0,0.62,pu_sandwich_panel,232263.0,-15.65,-9.34,0.0,61.88,24.0,SAFE,False
CAND_02596,SIM_OPT_02596,165.0,3.0,0.025,0.025,1,0.89,rammed_earth,144652.0,-16.43,-11.84,0.0,104.91,24.0,SAFE,False
CAND_02597,SIM_OPT_02597,210.0,0.0,0.0,0.025,0,0.6,stone_masonry,112430.0,-21.5,-15.5,0.0,229.62,24.0,SAFE,False
CAND_02598,SIM_OPT_02598,210.0,12.0,0.15,0.15,1,0.54,stone_masonry,423416.0,-5.93,1.75,0.0,61.72,24.0,SAFE,False
CAND_02599,SIM_OPT_02599,180.0,8.0,0.1,0.15,1,0.62,stone_masonry,316605.0,-6.74,-0.54,0.0,45.22,24.0,SAFE,False
CAND_02600,SIM_OPT_02600,150.0,2.0,0.0,0.025,1,0.35,rammed_earth,126708.0,-18.0,-13.55,0.0,197.78,24.0,SAFE,False
CAND_02601,SIM_OPT_02601,165.0,3.0,0.0,0.0,0,0.8,rammed_earth,112122.0,-21.31,-14.51,0.0,257.98,24.0,SAFE,False
CAND_02602,SIM_OPT_02602,165.0,3.0,0.0,0.025,1,0.43,mud_brick,130307.0,-17.78,-12.73,0.0,211.63,24.0,SAFE,False
CAND_02603,SIM_OPT_02603,356.5,2.0,0.025,0.025,1,0.67,mud_brick,135019.0,-17.38,-13.39,0.0,100.29,24.0,SAFE,False
CAND_02604,SIM_OPT_02604,150.0,6.0,0.025,0.1,0,0.4,dense_concrete,230228.0,-17.17,-9.04,0.0,76.12,24.0,SAFE,False
CAND_02605,SIM_OPT_02605,150.0,4.5,0.025,0.1,0,0.48,dense_concrete,175566.0,-18.19,-10.95,0.0,75.26,24.0,SAFE,False
CAND_02606,SIM_OPT_02606,195.0,6.0,0.15,0.15,1,0.22,pu_sandwich_panel,350278.0,-9.79,-5.71,0.0,61.13,24.0,SAFE,False
CAND_02607,SIM_OPT_02607,150.0,12.0,0.15,0.15,1,0.87,stone_masonry,413554.0,-6.69,0.98,0.0,67.54,24.0,SAFE,False
CAND_02608,SIM_OPT_02608,187.9,6.0,0.05,0.05,1,0.41,dense_concrete,222093.0,-13.02,-7.09,0.0,73.64,24.0,SAFE,False
CAND_02609,SIM_OPT_02609,201.4,3.0,0.0,0.0,0,0.58,rammed_earth,114605.0,-21.38,-14.58,0.0,275.81,24.0,SAFE,False
CAND_02610,SIM_OPT_02610,195.0,3.0,0.025,0.075,0,0.23,dense_concrete,201313.0,-19.36,-13.02,0.0,88.55,24.0,SAFE,False
CAND_02611,SIM_OPT_02611,180.0,10.0,0.1,0.15,1,0.63,pu_sandwich_panel,340191.0,-4.1,3.3,0.0,43.99,24.0,SAFE,False
CAND_02612,SIM_OPT_02612,150.0,6.0,0.05,0.1,1,0.24,dense_concrete,240112.0,-11.15,-5.23,0.0,44.62,24.0,SAFE,False
CAND_02613,SIM_OPT_02613,210.0,4.5,0.075,0.075,0,0.37,pu_sandwich_panel,219505.0,-15.9,-9.59,0.0,56.84,24.0,SAFE,False
CAND_02614,SIM_OPT_02614,18.2,4.5,0.075,0.1,1,0.72,dense_concrete,249582.0,-16.12,-11.56,0.0,74.07,24.0,SAFE,False
CAND_02615,SIM_OPT_02615,210.0,2.0,0.0,0.0,1,0.3,rammed_earth,143164.0,-18.0,-13.55,0.0,256.35,24.0,SAFE,False
CAND_02616,SIM_OPT_02616,150.0,2.0,0.0,0.0,1,0.76,rammed_earth,109663.0,-18.0,-13.55,0.0,284.8,24.0,SAFE,False
CAND_02617,SIM_OPT_02617,180.0,2.0,0.025,0.0,1,0.43,mud_brick,116812.0,-17.22,-13.23,0.0,160.0,24.0,SAFE,False
CAND_02618,SIM_OPT_02618,180.0,0.0,0.025,0.025,0,0.3,mud_brick,127273.0,-20.88,-15.19,0.0,69.87,24.0,SAFE,False
CAND_02619,SIM_OPT_02619,150.0,4.5,0.05,0.05,0,0.89,dense_concrete,226791.0,-17.08,-10.3,0.0,65.36,24.0,SAFE,False
CAND_02620,SIM_OPT_02620,195.0,8.0,0.15,0.2,1,0.89,stone_masonry,361299.0,-8.79,-3.51,0.0,67.85,24.0,SAFE,False
CAND_02621,SIM_OPT_02621,150.0,3.0,0.05,0.05,1,0.58,dense_concrete,184019.0,-15.04,-10.91,0.0,61.69,24.0,SAFE,False
CAND_02622,SIM_OPT_02622,210.0,4.5,0.075,0.05,1,0.87,stone_masonry,188420.0,-13.83,-9.27,0.0,73.02,24.0,SAFE,False
CAND_02623,SIM_OPT_02623,165.0,4.5,0.025,0.05,1,0.5,pu_sandwich_panel,218479.0,-14.47,-8.98,0.0,66.91,24.0,SAFE,False
CAND_02624,SIM_OPT_02624,195.0,10.0,0.075,0.2,1,0.41,pu_sandwich_panel,380920.0,-5.75,2.12,0.0,46.49,24.0,SAFE,False
CAND_02625,SIM_OPT_02625,180.0,4.5,0.075,0.05,0,0.69,dense_concrete,230172.0,-14.28,-7.96,0.0,47.4,24.0,SAFE,False
CAND_02626,SIM_OPT_02626,165.0,3.0,0.075,0.075,1,0.49,pu_sandwich_panel,224835.0,-13.38,-9.72,0.0,46.79,24.0,SAFE,False
CAND_02627,SIM_OPT_02627,150.0,3.0,0.05,0.075,0,0.5,stone_masonry,215858.0,-18.56,-12.68,0.0,73.02,24.0,SAFE,False
CAND_02628,SIM_OPT_02628,180.0,2.0,0.0,0.0,0,0.58,mud_brick,122622.0,-21.5,-15.3,0.0,257.45,24.0,SAFE,False
CAND_02629,SIM_OPT_02629,165.0,10.0,0.15,0.2,1,0.5,stone_masonry,385452.0,-3.79,2.69,0.0,46.14,24.0,SAFE,False
CAND_02630,SIM_OPT_02630,210.0,6.0,0.05,0.1,0,0.25,stone_masonry,253477.0,-16.4,-8.72,0.0,73.53,24.0,SAFE,False
CAND_02631,SIM_OPT_02631,150.0,3.0,0.075,0.1,1,0.87,dense_concrete,227609.0,-13.51,-9.85,0.0,43.69,24.0,SAFE,False
CAND_02632,SIM_OPT_02632,98.8,10.0,0.1,0.15,1,0.85,stone_masonry,373566.0,-14.86,-7.46,0.0,70.48,24.0,SAFE,False
CAND_02633,SIM_OPT_02633,274.1,6.0,0.1,0.15,1,0.48,pu_sandwich_panel,352463.0,-14.92,-9.92,0.0,43.6,24.0,SAFE,False
CAND_02634,SIM_OPT_02634,165.0,8.0,0.075,0.1,1,0.39,stone_masonry,322861.0,-7.78,-1.12,0.0,45.76,24.0,SAFE,False
CAND_02635,SIM_OPT_02635,210.0,4.5,0.05,0.1,0,0.53,stone_masonry,212020.0,-17.89,-11.12,0.0,83.86,24.0,SAFE,False
CAND_02636,SIM_OPT_02636,115.2,4.5,0.05,0.1,0,0.29,dense_concrete,221001.0,-19.04,-12.27,0.0,69.06,24.0,SAFE,False
CAND_02637,SIM_OPT_02637,180.0,3.0,0.025,0.1,0,0.53,pu_sandwich_panel,179329.0,-19.15,-12.81,0.0,83.0,24.0,SAFE,False
CAND_02638,SIM_OPT_02638,210.0,3.0,0.025,0.075,0,0.54,dense_concrete,179883.0,-19.85,-13.52,0.0,105.16,24.0,SAFE,False
CAND_02639,SIM_OPT_02639,121.6,4.5,0.025,0.075,0,0.36,stone_masonry,182433.0,-19.32,-12.08,0.0,70.68,24.0,SAFE,False
CAND_02640,SIM_OPT_02640,165.0,3.0,0.05,0.1,0,0.72,dense_concrete,188966.0,-17.61,-11.73,0.0,56.92,24.0,SAFE,False
CAND_02641,SIM_OPT_02641,165.0,12.0,0.075,0.1,1,0.5,stone_masonry,362147.0,-2.98,6.08,0.0,44.47,24.0,SAFE,False
CAND_02642,SIM_OPT_02642,28.5,3.0,0.05,0.05,1,0.8,dense_concrete,220014.0,-16.75,-12.62,0.0,66.86,24.0,SAFE,False
CAND_02643,SIM_OPT_02643,210.0,3.0,0.05,0.075,0,0.42,stone_masonry,216179.0,-18.55,-12.68,0.0,72.75,24.0,SAFE,False
CAND_02644,SIM_OPT_02644,165.0,4.5,0.025,0.05,0,0.41,pu_sandwich_panel,236203.0,-18.63,-11.39,0.0,97.44,24.0,SAFE,False
CAND_02645,SIM_OPT_02645,165.0,3.0,0.05,0.075,0,0.31,dense_concrete,209750.0,-18.4,-12.52,0.0,75.83,24.0,SAFE,False
CAND_02646,SIM_OPT_02646,180.0,6.0,0.025,0.05,0,0.8,stone_masonry,198423.0,-16.66,-8.52,0.0,78.32,24.0,SAFE,False
CAND_02647,SIM_OPT_02647,180.0,10.0,0.1,0.1,1,0.72,pu_sandwich_panel,393412.0,-8.54,-1.14,0.0,70.22,24.0,SAFE,False
CAND_02648,SIM_OPT_02648,195.0,2.0,0.025,0.0,1,0.76,rammed_earth,123969.0,-17.25,-13.27,0.0,162.1,24.0,SAFE,False
CAND_02649,SIM_OPT_02649,210.0,2.0,0.0,0.0,1,0.42,rammed_earth,136757.0,-18.0,-13.55,0.0,271.53,24.0,SAFE,False
CAND_02650,SIM_OPT_02650,195.0,3.0,0.025,0.05,0,0.32,dense_concrete,184134.0,-18.7,-12.37,0.0,66.75,24.0,SAFE,False
CAND_02651,SIM_OPT_02651,165.0,4.5,0.075,0.05,1,0.49,dense_concrete,198516.0,-13.12,-8.55,0.0,64.89,24.0,SAFE,False
CAND_02652,SIM_OPT_02652,180.0,6.0,0.025,0.1,0,0.26,dense_concrete,250367.0,-17.56,-9.42,0.0,96.8,24.0,SAFE,False
CAND_02653,SIM_OPT_02653,195.0,3.0,0.0,0.0,1,0.31,rammed_earth,135723.0,-17.97,-12.92,0.0,285.49,24.0,SAFE,False
CAND_02654,SIM_OPT_02654,150.0,2.0,0.0,0.025,0,0.62,stone_masonry,126081.0,-21.5,-15.3,0.0,234.86,24.0,SAFE,False
CAND_02655,SIM_OPT_02655,210.0,2.0,0.0,0.025,0,0.82,mud_brick,120789.0,-21.5,-15.3,0.0,223.7,24.0,SAFE,False
CAND_02656,SIM_OPT_02656,210.0,6.0,0.15,0.2,1,0.86,pu_sandwich_panel,395466.0,-10.57,-6.5,0.0,65.09,24.0,SAFE,False
CAND_02657,SIM_OPT_02657,210.0,6.0,0.05,0.1,1,0.51,pu_sandwich_panel,232210.0,-14.01,-8.09,0.0,84.1,24.0,SAFE,False
CAND_02658,SIM_OPT_02658,165.0,6.0,0.075,0.05,1,0.38,pu_sandwich_panel,237062.0,-12.89,-7.43,0.0,81.27,24.0,SAFE,False
CAND_02659,SIM_OPT_02659,195.0,8.0,0.15,0.1,1,0.23,stone_masonry,383605.0,-1.54,3.73,0.0,30.62,24.0,SAFE,False
CAND_02660,SIM_OPT_02660,193.2,10.0,0.1,0.15,1,0.62,pu_sandwich_panel,337165.0,-5.89,1.51,0.0,50.41,24.0,SAFE,False
CAND_02661,SIM_OPT_02661,195.0,4.5,0.05,0.075,1,0.85,stone_masonry,235964.0,-14.62,-9.59,0.0,86.43,24.0,SAFE,False
CAND_02662,SIM_OPT_02662,210.0,0.0,0.025,0.0,0,0.84,stone_masonry,131955.0,-20.88,-15.19,0.0,166.55,24.0,SAFE,False
CAND_02663,SIM_OPT_02663,195.0,3.0,0.025,0.1,1,0.77,dense_concrete,181872.0,-16.08,-11.49,0.0,84.63,24.0,SAFE,False
CAND_02664,SIM_OPT_02664,210.0,4.5,0.025,0.075,1,0.74,stone_masonry,230796.0,-14.87,-9.38,0.0,67.93,24.0,SAFE,False
CAND_02665,SIM_OPT_02665,150.0,3.0,0.025,0.0,1,0.66,rammed_earth,150019.0,-17.06,-12.47,0.0,167.32,24.0,SAFE,False
CAND_02666,SIM_OPT_02666,195.0,6.0,0.075,0.075,0,0.47,stone_masonry,250388.0,-15.97,-8.76,0.0,85.86,24.0,SAFE,False
CAND_02667,SIM_OPT_02667,165.0,6.0,0.075,0.075,1,0.9,dense_concrete,214382.0,-11.24,-5.78,0.0,56.36,24.0,SAFE,False
CAND_02668,SIM_OPT_02668,180.0,4.5,0.025,0.075,1,0.79,dense_concrete,178357.0,-15.19,-9.71,0.0,87.85,24.0,SAFE,False
CAND_02669,SIM_OPT_02669,180.0,12.0,0.1,0.1,1,0.78,stone_masonry,360123.0,-5.53,3.07,0.0,60.0,24.0,SAFE,False
CAND_02670,SIM_OPT_02670,210.0,4.5,0.075,0.05,1,0.58,stone_masonry,188268.0,-12.83,-8.27,0.0,53.72,24.0,SAFE,False
CAND_02671,SIM_OPT_02671,346.5,0.0,0.0,0.025,0,0.77,stone_masonry,122779.0,-21.5,-15.5,0.0,195.84,24.0,SAFE,False
CAND_02672,SIM_OPT_02672,165.0,6.0,0.05,0.1,1,0.32,pu_sandwich_panel,221114.0,-12.31,-6.39,0.0,61.46,24.0,SAFE,False
CAND_02673,SIM_OPT_02673,150.0,3.0,0.05,0.05,0,0.64,pu_sandwich_panel,205438.0,-19.03,-13.16,0.0,92.99,24.0,SAFE,False
CAND_02674,SIM_OPT_02674,180.0,12.0,0.15,0.2,1,0.32,pu_sandwich_panel,372196.0,-4.72,2.96,0.0,62.62,24.0,SAFE,False
CAND_02675,SIM_OPT_02675,286.1,0.0,0.025,0.0,0,0.83,rammed_earth,118295.0,-20.88,-15.19,0.0,144.57,24.0,SAFE,False
CAND_02676,SIM_OPT_02676,180.0,4.5,0.05,0.1,1,0.48,stone_masonry,229271.0,-13.51,-8.48,0.0,62.95,24.0,SAFE,False
CAND_02677,SIM_OPT_02677,165.0,0.0,0.025,0.0,0,0.51,mud_brick,125744.0,-20.88,-15.19,0.0,143.38,24.0,SAFE,False
CAND_02678,SIM_OPT_02678,210.0,4.5,0.025,0.1,0,0.73,stone_masonry,173329.0,-19.16,-11.93,0.0,108.44,24.0,SAFE,False
CAND_02679,SIM_OPT_02679,195.0,3.0,0.025,0.025,1,0.46,mud_brick,152600.0,-16.12,-11.54,0.0,86.49,24.0,SAFE,False
CAND_02680,SIM_OPT_02680,356.1,0.0,0.025,0.025,0,0.55,mud_brick,114965.0,-20.88,-15.19,0.0,104.72,24.0,SAFE,False
CAND_02681,SIM_OPT_02681,165.0,0.0,0.0,0.025,0,0.39,mud_brick,103405.0,-21.5,-15.5,0.0,215.98,24.0,SAFE,False
CAND_02682,SIM_OPT_02682,210.0,3.0,0.05,0.075,1,0.52,pu_sandwich_panel,178197.0,-15.01,-10.88,0.0,60.62,24.0,SAFE,False
CAND_02683,SIM_OPT_02683,210.0,6.0,0.05,0.075,1,0.86,stone_masonry,222760.0,-11.91,-5.99,0.0,50.91,24.0,SAFE,False
CAND_02684,SIM_OPT_02684,210.0,3.0,0.05,0.075,1,0.88,stone_masonry,222189.0,-15.53,-11.4,0.0,79.17,24.0,SAFE,False
CAND_02685,SIM_OPT_02685,210.0,3.0,0.025,0.1,0,0.64,dense_concrete,208522.0,-19.88,-13.54,0.0,107.29,24.0,SAFE,False
CAND_02686,SIM_OPT_02686,195.0,12.0,0.075,0.2,1,0.38,stone_masonry,344198.0,-7.18,1.88,0.0,64.27,24.0,SAFE,False
CAND_02687,SIM_OPT_02687,210.0,4.5,0.05,0.075,1,0.68,stone_masonry,203311.0,-14.96,-9.94,0.0,89.11,24.0,SAFE,False
CAND_02688,SIM_OPT_02688,150.0,6.0,0.05,0.075,1,0.39,dense_concrete,245662.0,-12.31,-6.39,0.0,55.1,24.0,SAFE,False
CAND_02689,SIM_OPT_02689,69.5,0.0,0.025,0.025,0,0.31,rammed_earth,120030.0,-20.88,-15.19,0.0,79.13,24.0,SAFE,False
CAND_02690,SIM_OPT_02690,165.0,2.0,0.0,0.0,0,0.47,stone_masonry,101974.0,-21.5,-15.3,0.0,289.95,24.0,SAFE,False
CAND_02691,SIM_OPT_02691,129.3,6.0,0.05,0.05,0,0.24,dense_concrete,201015.0,-16.91,-9.23,0.0,60.9,24.0,SAFE,False
CAND_02692,SIM_OPT_02692,180.0,10.0,0.1,0.1,1,0.72,stone_masonry,371401.0,-6.45,0.95,0.0,54.8,24.0,SAFE,False
CAND_02693,SIM_OPT_02693,177.1,4.5,0.075,0.075,0,0.51,pu_sandwich_panel,195862.0,-16.03,-9.72,0.0,67.65,24.0,SAFE,False
CAND_02694,SIM_OPT_02694,195.0,3.0,0.075,0.05,0,0.68,dense_concrete,227831.0,-17.79,-12.38,0.0,76.33,24.0,SAFE,False
CAND_02695,SIM_OPT_02695,195.0,6.0,0.025,0.1,1,0.74,dense_concrete,249125.0,-14.84,-8.46,0.0,100.07,24.0,SAFE,False
CAND_02696,SIM_OPT_02696,195.0,2.0,0.0,0.025,1,0.83,mud_brick,138697.0,-18.0,-13.55,0.0,233.68,24.0,SAFE,False
CAND_02697,SIM_OPT_02697,165.0,0.0,0.0,0.0,0,0.5,stone_masonry,116152.0,-21.5,-15.5,0.0,288.57,24.0,SAFE,False
CAND_02698,SIM_OPT_02698,210.0,6.0,0.075,0.075,0,0.69,stone_masonry,257264.0,-16.47,-9.25,0.0,87.56,24.0,SAFE,False
CAND_02699,SIM_OPT_02699,195.0,2.0,0.025,0.025,1,0.3,mud_brick,131567.0,-16.45,-12.46,0.0,71.09,24.0,SAFE,False
CAND_02700,SIM_OPT_02700,180.0,8.0,0.15,0.15,1,0.52,pu_sandwich_panel,322697.0,-5.71,-0.44,0.0,46.32,24.0,SAFE,False
CAND_02701,SIM_OPT_02701,150.0,6.0,0.1,0.2,1,0.71,stone_masonry,351441.0,-11.93,-6.93,0.0,66.92,24.0,SAFE,False
CAND_02702,SIM_OPT_02702,150.8,0.0,0.025,0.025,0,0.88,mud_brick,105965.0,-20.88,-15.19,0.0,80.09,24.0,SAFE,False
CAND_02703,SIM_OPT_02703,165.0,12.0,0.075,0.1,1,0.51,stone_masonry,394684.0,-7.68,1.38,0.0,67.86,24.0,SAFE,False
CAND_02704,SIM_OPT_02704,210.0,3.0,0.025,0.05,1,0.34,dense_concrete,230893.0,-16.34,-11.75,0.0,88.79,24.0,SAFE,False
CAND_02705,SIM_OPT_02705,92.1,2.0,0.0,0.0,0,0.49,mud_brick,116232.0,-21.5,-15.3,0.0,272.61,24.0,SAFE,False
CAND_02706,SIM_OPT_02706,99.6,2.0,0.0,0.0,0,0.21,rammed_earth,111968.0,-21.5,-15.3,0.0,252.79,24.0,SAFE,False
CAND_02707,SIM_OPT_02707,150.0,3.0,0.025,0.0,1,0.39,rammed_earth,138999.0,-16.87,-12.29,0.0,135.81,24.0,SAFE,False
CAND_02708,SIM_OPT_02708,195.0,6.0,0.1,0.15,1,0.64,pu_sandwich_panel,303947.0,-10.22,-5.22,0.0,52.49,24.0,SAFE,False
CAND_02709,SIM_OPT_02709,150.0,2.0,0.025,0.0,1,0.35,stone_masonry,112553.0,-17.23,-13.24,0.0,140.46,24.0,SAFE,False
CAND_02710,SIM_OPT_02710,222.5,6.0,0.025,0.1,0,0.59,dense_concrete,243158.0,-18.92,-10.78,0.0,110.84,24.0,SAFE,False
CAND_02711,SIM_OPT_02711,210.0,2.0,0.0,0.025,0,0.77,mud_brick,105643.0,-21.48,-15.28,0.0,205.83,24.0,SAFE,False
CAND_02712,SIM_OPT_02712,150.0,4.5,0.025,0.1,0,0.51,dense_concrete,204066.0,-19.13,-11.89,0.0,106.74,24.0,SAFE,False
CAND_02713,SIM_OPT_02713,150.0,3.0,0.05,0.075,0,0.67,dense_concrete,186390.0,-18.02,-12.14,0.0,58.65,24.0,SAFE,False
CAND_02714,SIM_OPT_02714,195.0,3.0,0.0,0.0,0,0.24,rammed_earth,117999.0,-21.34,-14.54,0.0,269.99,24.0,SAFE,False
CAND_02715,SIM_OPT_02715,150.0,0.0,0.0,0.025,0,0.43,rammed_earth,125802.0,-21.5,-15.5,0.0,205.7,24.0,SAFE,False
CAND_02716,SIM_OPT_02716,150.0,0.0,0.025,0.0,0,0.83,rammed_earth,121954.0,-20.88,-15.19,0.0,166.55,24.0,SAFE,False
CAND_02717,SIM_OPT_02717,210.0,3.0,0.05,0.05,0,0.24,dense_concrete,198687.0,-18.91,-13.04,0.0,86.9,24.0,SAFE,False
CAND_02718,SIM_OPT_02718,195.0,8.0,0.075,0.1,1,0.26,pu_sandwich_panel,306142.0,-9.3,-2.64,0.0,55.26,24.0,SAFE,False
CAND_02719,SIM_OPT_02719,195.0,6.0,0.075,0.15,1,0.77,pu_sandwich_panel,354306.0,-12.69,-7.22,0.0,77.1,24.0,SAFE,False
CAND_02720,SIM_OPT_02720,195.0,4.5,0.05,0.1,1,0.23,stone_masonry,219995.0,-13.42,-8.39,0.0,59.45,24.0,SAFE,False
CAND_02721,SIM_OPT_02721,210.0,6.0,0.025,0.05,0,0.43,stone_masonry,184329.0,-18.55,-10.41,0.0,113.23,24.0,SAFE,False
CAND_02722,SIM_OPT_02722,283.4,6.0,0.075,0.1,0,0.58,pu_sandwich_panel,247191.0,-19.16,-11.95,0.0,57.68,24.0,SAFE,False
CAND_02723,SIM_OPT_02723,150.0,0.0,0.0,0.025,0,0.38,stone_masonry,125164.0,-21.5,-15.5,0.0,210.32,24.0,SAFE,False
CAND_02724,SIM_OPT_02724,195.0,3.0,0.05,0.1,1,0.38,dense_concrete,228493.0,-14.79,-10.66,0.0,61.71,24.0,SAFE,False
CAND_02725,SIM_OPT_02725,165.0,10.0,0.1,0.1,1,0.71,stone_masonry,320531.0,-7.24,0.16,0.0,57.75,24.0,SAFE,False
CAND_02726,SIM_OPT_02726,210.0,0.0,0.0,0.025,0,0.68,mud_brick,126363.0,-21.5,-15.5,0.0,198.53,24.0,SAFE,False
CAND_02727,SIM_OPT_02727,150.0,6.0,0.025,0.05,0,0.88,pu_sandwich_panel,206104.0,-17.64,-9.51,0.0,85.78,24.0,SAFE,False
CAND_02728,SIM_OPT_02728,165.0,2.0,0.025,0.025,0,0.86,stone_masonry,128118.0,-19.97,-14.23,0.0,84.42,24.0,SAFE,False
CAND_02729,SIM_OPT_02729,180.0,3.0,0.025,0.025,0,0.24,stone_masonry,124626.0,-19.77,-13.43,0.0,114.92,24.0,SAFE,False
CAND_02730,SIM_OPT_02730,195.0,6.0,0.075,0.1,0,0.42,pu_sandwich_panel,256326.0,-14.2,-6.98,0.0,60.23,24.0,SAFE,False
CAND_02731,SIM_OPT_02731,150.0,4.5,0.075,0.075,0,0.79,stone_masonry,197813.0,-17.11,-10.79,0.0,79.5,24.0,SAFE,False
CAND_02732,SIM_OPT_02732,195.0,4.5,0.025,0.075,1,0.83,stone_masonry,207272.0,-15.33,-9.84,0.0,89.27,24.0,SAFE,False
CAND_02733,SIM_OPT_02733,195.0,0.0,0.0,0.0,0,0.56,stone_masonry,98455.0,-21.5,-15.5,0.0,277.53,24.0,SAFE,False
CAND_02734,SIM_OPT_02734,150.0,4.5,0.05,0.05,0,0.54,dense_concrete,238031.0,-16.8,-10.03,0.0,60.83,24.0,SAFE,False
CAND_02735,SIM_OPT_02735,165.0,2.0,0.0,0.0,1,0.87,stone_masonry,104998.0,-18.0,-13.55,0.0,263.74,24.0,SAFE,False
CAND_02736,SIM_OPT_02736,264.8,6.0,0.05,0.075,0,0.48,dense_concrete,215932.0,-20.02,-12.34,0.0,75.92,24.0,SAFE,False
CAND_02737,SIM_OPT_02737,195.0,6.0,0.025,0.1,0,0.66,stone_masonry,239133.0,-17.35,-9.21,0.0,88.62,24.0,SAFE,False
CAND_02738,SIM_OPT_02738,180.0,3.0,0.025,0.1,1,0.22,pu_sandwich_panel,230478.0,-15.79,-11.2,0.0,75.19,24.0,SAFE,False
CAND_02739,SIM_OPT_02739,150.0,0.0,0.0,0.0,0,0.72,stone_masonry,107390.0,-21.5,-15.5,0.0,255.06,24.0,SAFE,False
CAND_02740,SIM_OPT_02740,150.0,3.0,0.075,0.075,1,0.76,stone_masonry,203360.0,-14.78,-11.12,0.0,73.55,24.0,SAFE,False
CAND_02741,SIM_OPT_02741,150.0,6.0,0.075,0.05,1,0.61,dense_concrete,207222.0,-12.87,-7.41,0.0,72.55,24.0,SAFE,False
CAND_02742,SIM_OPT_02742,227.4,8.0,0.075,0.1,1,0.25,pu_sandwich_panel,302563.0,-10.97,-4.31,0.0,50.12,24.0,SAFE,False
CAND_02743,SIM_OPT_02743,165.0,4.5,0.05,0.1,1,0.45,dense_concrete,229322.0,-13.57,-8.54,0.0,61.79,24.0,SAFE,False
CAND_02744,SIM_OPT_02744,165.0,3.0,0.025,0.05,0,0.78,pu_sandwich_panel,227413.0,-19.81,-13.47,0.0,113.7,24.0,SAFE,False
CAND_02745,SIM_OPT_02745,163.8,6.0,0.025,0.075,1,0.33,dense_concrete,195926.0,-14.58,-8.2,0.0,91.6,24.0,SAFE,False
CAND_02746,SIM_OPT_02746,210.0,3.0,0.025,0.025,0,0.64,stone_masonry,127142.0,-19.75,-13.41,0.0,98.65,24.0,SAFE,False
CAND_02747,SIM_OPT_02747,209.3,0.0,0.025,0.025,0,0.51,mud_brick,108928.0,-20.88,-15.19,0.0,111.02,24.0,SAFE,False
CAND_02748,SIM_OPT_02748,180.0,3.0,0.075,0.075,0,0.69,pu_sandwich_panel,226553.0,-17.39,-11.98,0.0,67.69,24.0,SAFE,False
CAND_02749,SIM_OPT_02749,195.0,6.0,0.1,0.1,1,0.31,pu_sandwich_panel,302761.0,-10.11,-5.11,0.0,51.56,24.0,SAFE,False
CAND_02750,SIM_OPT_02750,210.0,8.0,0.15,0.2,1,0.3,stone_masonry,386405.0,-8.72,-3.45,0.0,60.2,24.0,SAFE,False
CAND_02751,SIM_OPT_02751,180.0,3.0,0.025,0.0,1,0.79,rammed_earth,131863.0,-16.91,-12.32,0.0,162.83,24.0,SAFE,False
CAND_02752,SIM_OPT_02752,243.0,12.0,0.075,0.15,1,0.83,pu_sandwich_panel,348418.0,-12.16,-3.1,0.0,63.9,24.0,SAFE,False
CAND_02753,SIM_OPT_02753,210.0,2.0,0.025,0.025,0,0.73,stone_masonry,131762.0,-20.47,-14.73,0.0,117.82,24.0,SAFE,False
CAND_02754,SIM_OPT_02754,180.0,3.0,0.05,0.075,1,0.39,dense_concrete,203672.0,-14.48,-10.36,0.0,56.75,24.0,SAFE,False
CAND_02755,SIM_OPT_02755,210.0,10.0,0.15,0.1,1,0.26,stone_masonry,364132.0,0.82,7.29,0.0,29.13,24.0,REFUSED,False
CAND_02756,SIM_OPT_02756,165.0,3.0,0.025,0.05,1,0.69,pu_sandwich_panel,194670.0,-16.38,-11.79,0.0,101.55,24.0,SAFE,False
CAND_02757,SIM_OPT_02757,210.0,10.0,0.1,0.1,1,0.6,stone_masonry,357779.0,-9.03,-1.63,0.0,65.06,24.0,SAFE,False
CAND_02758,SIM_OPT_02758,180.0,6.0,0.05,0.1,0,0.59,stone_masonry,223356.0,-13.74,-6.07,0.0,52.75,24.0,SAFE,False
CAND_02759,SIM_OPT_02759,210.0,3.0,0.075,0.05,0,0.49,pu_sandwich_panel,190115.0,-18.15,-12.73,0.0,80.94,24.0,SAFE,False
CAND_02760,SIM_OPT_02760,165.0,2.0,0.025,0.0,0,0.49,mud_brick,119046.0,-20.57,-14.83,0.0,147.46,24.0,SAFE,False
CAND_02761,SIM_OPT_02761,150.0,3.0,0.0,0.025,0,0.49,rammed_earth,117224.0,-21.23,-14.43,0.0,207.2,24.0,SAFE,False
CAND_02762,SIM_OPT_02762,353.5,4.5,0.05,0.075,1,0.73,stone_masonry,229537.0,-16.58,-11.55,0.0,52.37,24.0,SAFE,False
CAND_02763,SIM_OPT_02763,105.8,3.0,0.075,0.075,1,0.65,stone_masonry,224195.0,-15.92,-12.26,0.0,61.07,24.0,SAFE,False
CAND_02764,SIM_OPT_02764,165.0,6.0,0.05,0.1,1,0.57,stone_masonry,240076.0,-12.59,-6.67,0.0,65.09,24.0,SAFE,False
CAND_02765,SIM_OPT_02765,210.0,3.0,0.0,0.0,1,0.28,mud_brick,116273.0,-17.98,-12.93,0.0,259.78,24.0,SAFE,False
CAND_02766,SIM_OPT_02766,210.0,6.0,0.05,0.1,0,0.54,stone_masonry,207443.0,-17.29,-9.62,0.0,92.58,24.0,SAFE,False
CAND_02767,SIM_OPT_02767,210.0,6.0,0.025,0.1,1,0.69,pu_sandwich_panel,223667.0,-14.04,-7.65,0.0,70.89,24.0,SAFE,False
CAND_02768,SIM_OPT_02768,60.7,0.0,0.0,0.0,0,0.8,rammed_earth,97937.0,-21.5,-15.5,0.0,272.67,24.0,SAFE,False
CAND_02769,SIM_OPT_02769,79.1,6.0,0.075,0.05,1,0.72,pu_sandwich_panel,234656.0,-15.67,-10.21,0.0,49.44,24.0,SAFE,False
CAND_02770,SIM_OPT_02770,150.0,2.0,0.0,0.025,1,0.77,mud_brick,141445.0,-18.0,-13.55,0.0,193.97,24.0,SAFE,False
CAND_02771,SIM_OPT_02771,195.0,3.0,0.0,0.025,0,0.45,rammed_earth,119528.0,-21.16,-14.36,0.0,212.34,24.0,SAFE,False
CAND_02772,SIM_OPT_02772,210.0,2.0,0.0,0.0,0,0.54,rammed_earth,108696.0,-21.5,-15.3,0.0,257.06,24.0,SAFE,False
CAND_02773,SIM_OPT_02773,210.0,3.0,0.075,0.1,1,0.87,stone_masonry,215974.0,-13.72,-10.05,0.0,46.77,24.0,SAFE,False
CAND_02774,SIM_OPT_02774,46.1,12.0,0.075,0.2,1,0.66,pu_sandwich_panel,320945.0,-15.37,-6.31,0.0,75.35,24.0,SAFE,False
CAND_02775,SIM_OPT_02775,210.0,4.5,0.05,0.075,1,0.79,dense_concrete,210583.0,-14.53,-9.5,0.0,74.99,24.0,SAFE,False
CAND_02776,SIM_OPT_02776,165.0,10.0,0.15,0.2,1,0.86,pu_sandwich_panel,408117.0,-7.29,-0.81,0.0,67.77,24.0,SAFE,False
CAND_02777,SIM_OPT_02777,67.0,0.0,0.0,0.0,0,0.87,rammed_earth,95238.0,-21.5,-15.5,0.0,257.39,24.0,SAFE,False
CAND_02778,SIM_OPT_02778,180.0,0.0,0.025,0.0,0,0.41,mud_brick,132444.0,-20.88,-15.19,0.0,148.9,24.0,SAFE,False
CAND_02779,SIM_OPT_02779,150.0,6.0,0.025,0.05,0,0.49,pu_sandwich_panel,201061.0,-17.61,-9.47,0.0,84.97,24.0,SAFE,False
CAND_02780,SIM_OPT_02780,180.0,0.0,0.0,0.025,0,0.52,stone_masonry,115383.0,-21.5,-15.5,0.0,202.88,24.0,SAFE,False
CAND_02781,SIM_OPT_02781,130.3,2.0,0.0,0.025,0,0.55,mud_brick,107916.0,-21.5,-15.3,0.0,195.4,24.0,SAFE,False
CAND_02782,SIM_OPT_02782,195.0,3.0,0.025,0.0,1,0.34,stone_masonry,148002.0,-16.92,-12.33,0.0,158.54,24.0,SAFE,False
CAND_02783,SIM_OPT_02783,195.0,6.0,0.075,0.1,1,0.5,stone_masonry,211017.0,-12.73,-7.27,0.0,77.97,24.0,SAFE,False
CAND_02784,SIM_OPT_02784,195.0,2.0,0.025,0.025,0,0.87,mud_brick,142995.0,-20.37,-14.63,0.0,117.96,24.0,SAFE,False
CAND_02785,SIM_OPT_02785,312.3,6.0,0.1,0.1,1,0.45,pu_sandwich_panel,330285.0,-14.86,-9.86,0.0,41.29,24.0,SAFE,False
CAND_02786,SIM_OPT_02786,150.0,4.5,0.05,0.1,1,0.31,dense_concrete,248816.0,-14.36,-9.33,0.0,70.51,24.0,SAFE,False
CAND_02787,SIM_OPT_02787,195.0,10.0,0.15,0.1,1,0.4,stone_masonry,384233.0,-6.3,0.18,0.0,59.86,24.0,SAFE,False
CAND_02788,SIM_OPT_02788,180.0,3.0,0.025,0.05,0,0.68,dense_concrete,171630.0,-19.26,-12.92,0.0,87.22,24.0,SAFE,False
CAND_02789,SIM_OPT_02789,195.0,6.0,0.025,0.075,1,0.48,stone_masonry,212660.0,-14.74,-8.35,0.0,96.75,24.0,SAFE,False
CAND_02790,SIM_OPT_02790,165.0,2.0,0.0,0.0,0,0.52,stone_masonry,107690.0,-21.5,-15.3,0.0,287.13,24.0,SAFE,False
CAND_02791,SIM_OPT_02791,180.0,3.0,0.075,0.05,1,0.21,dense_concrete,228507.0,-13.92,-10.26,0.0,58.1,24.0,SAFE,False
CAND_02792,SIM_OPT_02792,323.2,6.0,0.025,0.075,0,0.4,pu_sandwich_panel,178371.0,-20.67,-12.53,0.0,78.37,24.0,SAFE,False
CAND_02793,SIM_OPT_02793,165.0,2.0,0.0,0.0,0,0.23,rammed_earth,122510.0,-21.5,-15.3,0.0,270.01,24.0,SAFE,False
CAND_02794,SIM_OPT_02794,165.0,3.0,0.0,0.025,1,0.82,stone_masonry,116436.0,-17.77,-12.72,0.0,207.69,24.0,SAFE,False
CAND_02795,SIM_OPT_02795,195.0,8.0,0.15,0.1,1,0.45,pu_sandwich_panel,390872.0,-2.61,2.67,0.0,33.34,24.0,SAFE,False
CAND_02796,SIM_OPT_02796,165.0,0.0,0.025,0.0,0,0.58,mud_brick,106028.0,-20.88,-15.19,0.0,153.93,24.0,SAFE,False
CAND_02797,SIM_OPT_02797,102.7,0.0,0.025,0.0,0,0.85,stone_masonry,110937.0,-20.88,-15.19,0.0,168.99,24.0,SAFE,False
CAND_02798,SIM_OPT_02798,150.0,3.0,0.05,0.1,1,0.44,dense_concrete,224234.0,-15.53,-11.4,0.0,78.93,24.0,SAFE,False
CAND_02799,SIM_OPT_02799,150.0,8.0,0.075,0.15,1,0.32,stone_masonry,300714.0,-10.42,-3.76,0.0,58.47,24.0,SAFE,False
CAND_02800,SIM_OPT_02800,180.0,3.0,0.05,0.05,1,0.21,pu_sandwich_panel,227410.0,-15.3,-11.18,0.0,80.67,24.0,SAFE,False
CAND_02801,SIM_OPT_02801,195.0,12.0,0.075,0.2,1,0.23,pu_sandwich_panel,348564.0,-8.52,0.54,0.0,74.92,24.0,SAFE,False
CAND_02802,SIM_OPT_02802,165.0,6.0,0.075,0.05,1,0.32,stone_masonry,255967.0,-11.44,-5.97,0.0,58.52,24.0,SAFE,False
CAND_02803,SIM_OPT_02803,180.0,0.0,0.025,0.0,0,0.34,rammed_earth,124204.0,-20.88,-15.19,0.0,164.57,24.0,SAFE,False
CAND_02804,SIM_OPT_02804,150.0,6.0,0.075,0.15,1,0.28,pu_sandwich_panel,330268.0,-10.74,-5.28,0.0,46.2,24.0,SAFE,False
CAND_02805,SIM_OPT_02805,165.0,6.0,0.05,0.05,1,0.26,dense_concrete,221095.0,-11.98,-6.06,0.0,57.56,24.0,SAFE,False
CAND_02806,SIM_OPT_02806,150.6,8.0,0.075,0.1,1,0.39,pu_sandwich_panel,358407.0,-11.31,-4.65,0.0,68.64,24.0,SAFE,False
CAND_02807,SIM_OPT_02807,180.0,10.0,0.15,0.1,1,0.64,stone_masonry,364724.0,-4.51,1.96,0.0,51.15,24.0,SAFE,False
CAND_02808,SIM_OPT_02808,150.0,4.5,0.025,0.1,0,0.4,dense_concrete,195013.0,-17.69,-10.46,0.0,65.23,24.0,SAFE,False
CAND_02809,SIM_OPT_02809,165.0,3.0,0.025,0.05,0,0.75,pu_sandwich_panel,163347.0,-19.67,-13.33,0.0,104.45,24.0,SAFE,False
CAND_02810,SIM_OPT_02810,345.1,3.0,0.025,0.1,0,0.74,pu_sandwich_panel,173114.0,-20.88,-14.54,0.0,97.03,24.0,SAFE,False
CAND_02811,SIM_OPT_02811,180.0,6.0,0.075,0.1,0,0.26,dense_concrete,236151.0,-14.96,-7.75,0.0,71.52,24.0,SAFE,False
CAND_02812,SIM_OPT_02812,210.0,3.0,0.025,0.1,1,0.88,dense_concrete,225305.0,-16.08,-11.49,0.0,75.91,24.0,SAFE,False
CAND_02813,SIM_OPT_02813,150.0,2.0,0.025,0.025,0,0.23,stone_masonry,142457.0,-20.01,-14.27,0.0,77.93,24.0,SAFE,False
CAND_02814,SIM_OPT_02814,165.0,3.0,0.025,0.025,0,0.58,stone_masonry,127845.0,-19.52,-13.18,0.0,96.07,24.0,SAFE,False
CAND_02815,SIM_OPT_02815,180.0,2.0,0.0,0.025,1,0.56,stone_masonry,115602.0,-18.0,-13.55,0.0,223.24,24.0,SAFE,False
CAND_02816,SIM_OPT_02816,210.0,3.0,0.025,0.075,1,0.58,pu_sandwich_panel,216174.0,-16.51,-11.92,0.0,99.32,24.0,SAFE,False
CAND_02817,SIM_OPT_02817,150.0,8.0,0.1,0.15,1,0.56,stone_masonry,364299.0,-7.01,-0.81,0.0,40.33,24.0,SAFE,False
CAND_02818,SIM_OPT_02818,179.3,6.0,0.05,0.075,1,0.75,pu_sandwich_panel,209601.0,-12.37,-6.44,0.0,64.39,24.0,SAFE,False
CAND_02819,SIM_OPT_02819,150.0,0.0,0.0,0.025,0,0.38,rammed_earth,111775.0,-21.5,-15.5,0.0,208.26,24.0,SAFE,False
CAND_02820,SIM_OPT_02820,180.0,4.5,0.05,0.075,1,0.22,dense_concrete,230455.0,-14.13,-9.11,0.0,75.57,24.0,SAFE,False
CAND_02821,SIM_OPT_02821,86.1,3.0,0.025,0.075,0,0.44,stone_masonry,221571.0,-20.88,-14.54,0.0,94.61,24.0,SAFE,False
CAND_02822,SIM_OPT_02822,195.0,0.0,0.0,0.0,0,0.34,rammed_earth,113250.0,-21.5,-15.5,0.0,259.13,24.0,SAFE,False
CAND_02823,SIM_OPT_02823,165.0,0.0,0.025,0.025,0,0.49,stone_masonry,129178.0,-20.88,-15.19,0.0,90.2,24.0,SAFE,False
CAND_02824,SIM_OPT_02824,180.0,6.0,0.075,0.1,1,0.64,dense_concrete,223727.0,-10.96,-5.5,0.0,55.5,24.0,SAFE,False
CAND_02825,SIM_OPT_02825,195.0,10.0,0.15,0.15,1,0.73,pu_sandwich_panel,415961.0,-7.15,-0.68,0.0,66.57,24.0,SAFE,False
CAND_02826,SIM_OPT_02826,180.0,3.0,0.05,0.1,1,0.84,dense_concrete,245776.0,-15.31,-11.19,0.0,81.03,24.0,SAFE,False
CAND_02827,SIM_OPT_02827,165.0,2.0,0.0,0.0,1,0.37,mud_brick,123195.0,-18.0,-13.55,0.0,284.76,24.0,SAFE,False
CAND_02828,SIM_OPT_02828,259.3,3.0,0.025,0.1,1,0.7,pu_sandwich_panel,228211.0,-17.38,-12.79,0.0,97.73,24.0,SAFE,False
CAND_02829,SIM_OPT_02829,150.0,4.5,0.025,0.05,1,0.49,pu_sandwich_panel,226667.0,-15.32,-9.83,0.0,79.76,24.0,SAFE,False
CAND_02830,SIM_OPT_02830,165.0,4.5,0.025,0.05,1,0.61,stone_masonry,209932.0,-15.57,-10.08,0.0,98.66,24.0,SAFE,False
CAND_02831,SIM_OPT_02831,353.5,3.0,0.025,0.05,1,0.49,stone_masonry,236097.0,-17.38,-12.79,0.0,84.18,24.0,SAFE,False
CAND_02832,SIM_OPT_02832,178.6,4.5,0.075,0.1,0,0.24,dense_concrete,237256.0,-14.46,-8.15,0.0,48.93,24.0,SAFE,False
CAND_02833,SIM_OPT_02833,40.1,8.0,0.1,0.2,1,0.42,stone_masonry,345299.0,-15.12,-8.92,0.0,71.31,24.0,SAFE,False
CAND_02834,SIM_OPT_02834,165.0,2.0,0.025,0.025,1,0.81,rammed_earth,143809.0,-16.93,-12.94,0.0,106.73,24.0,SAFE,False
CAND_02835,SIM_OPT_02835,352.1,6.0,0.05,0.05,0,0.4,stone_masonry,188074.0,-20.13,-12.46,0.0,89.57,24.0,SAFE,False
CAND_02836,SIM_OPT_02836,343.1,6.0,0.15,0.2,1,0.6,pu_sandwich_panel,345173.0,-13.78,-9.71,0.0,48.36,24.0,SAFE,False
CAND_02837,SIM_OPT_02837,195.0,4.5,0.075,0.075,0,0.81,stone_masonry,231335.0,-15.52,-9.21,0.0,58.17,24.0,SAFE,False
CAND_02838,SIM_OPT_02838,180.0,4.5,0.05,0.1,1,0.79,dense_concrete,217788.0,-13.84,-8.81,0.0,69.15,24.0,SAFE,False
CAND_02839,SIM_OPT_02839,150.0,0.0,0.025,0.0,0,0.8,stone_masonry,104627.0,-20.88,-15.19,0.0,153.95,24.0,SAFE,False
CAND_02840,SIM_OPT_02840,195.0,3.0,0.0,0.0,1,0.46,stone_masonry,125105.0,-17.92,-12.87,0.0,263.4,24.0,SAFE,False
CAND_02841,SIM_OPT_02841,210.0,10.0,0.15,0.1,1,0.67,stone_masonry,363987.0,-3.11,3.37,0.0,38.94,24.0,SAFE,False
CAND_02842,SIM_OPT_02842,195.0,3.0,0.05,0.075,0,0.37,pu_sandwich_panel,212809.0,-17.98,-12.11,0.0,64.4,24.0,SAFE,False
CAND_02843,SIM_OPT_02843,180.0,6.0,0.025,0.075,0,0.47,dense_concrete,181804.0,-17.29,-9.15,0.0,90.58,24.0,SAFE,False
CAND_02844,SIM_OPT_02844,180.0,6.0,0.025,0.1,0,0.24,stone_masonry,236264.0,-17.06,-8.92,0.0,85.62,24.0,SAFE,False
CAND_02845,SIM_OPT_02845,150.0,6.0,0.025,0.1,1,0.57,stone_masonry,231853.0,-15.17,-8.78,0.0,100.43,24.0,SAFE,False
CAND_02846,SIM_OPT_02846,210.0,3.0,0.025,0.025,0,0.23,rammed_earth,144579.0,-19.65,-13.31,0.0,92.69,24.0,SAFE,False
CAND_02847,SIM_OPT_02847,165.0,3.0,0.0,0.0,1,0.87,rammed_earth,132870.0,-17.94,-12.89,0.0,272.7,24.0,SAFE,False
CAND_02848,SIM_OPT_02848,195.0,0.0,0.0,0.0,0,0.48,stone_masonry,121446.0,-21.5,-15.5,0.0,273.79,24.0,SAFE,False
CAND_02849,SIM_OPT_02849,65.8,3.0,0.025,0.0,0,0.32,stone_masonry,124164.0,-20.88,-14.54,0.0,165.29,24.0,SAFE,False
CAND_02850,SIM_OPT_02850,180.0,6.0,0.075,0.1,0,0.35,dense_concrete,204521.0,-11.83,-4.62,0.0,44.54,24.0,SAFE,False
CAND_02851,SIM_OPT_02851,180.0,3.0,0.075,0.1,1,0.76,pu_sandwich_panel,219772.0,-12.67,-9.0,0.0,39.69,24.0,SAFE,False
CAND_02852,SIM_OPT_02852,195.0,2.0,0.0,0.0,1,0.86,stone_masonry,121000.0,-18.0,-13.55,0.0,263.1,24.0,SAFE,False
CAND_02853,SIM_OPT_02853,150.0,4.5,0.05,0.1,1,0.3,stone_masonry,239238.0,-13.88,-8.86,0.0,60.49,24.0,SAFE,False
CAND_02854,SIM_OPT_02854,150.0,0.0,0.0,0.025,0,0.71,stone_masonry,105686.0,-21.5,-15.5,0.0,217.81,24.0,SAFE,False
CAND_02855,SIM_OPT_02855,150.0,3.0,0.05,0.075,1,0.78,stone_masonry,179646.0,-14.97,-10.85,0.0,59.75,24.0,SAFE,False
CAND_02856,SIM_OPT_02856,210.0,6.0,0.05,0.1,1,0.84,pu_sandwich_panel,194932.0,-12.71,-6.79,0.0,59.98,24.0,SAFE,False
CAND_02857,SIM_OPT_02857,195.0,10.0,0.15,0.15,1,0.47,stone_masonry,371115.0,-6.8,-0.32,0.0,63.58,24.0,SAFE,False
CAND_02858,SIM_OPT_02858,180.0,0.0,0.025,0.0,0,0.46,mud_brick,122121.0,-20.88,-15.19,0.0,158.28,24.0,SAFE,False
CAND_02859,SIM_OPT_02859,165.0,4.5,0.05,0.1,0,0.52,pu_sandwich_panel,242771.0,-17.7,-10.93,0.0,87.84,24.0,SAFE,False
CAND_02860,SIM_OPT_02860,180.0,12.0,0.075,0.2,1,0.26,pu_sandwich_panel,337621.0,-3.55,5.51,0.0,48.07,24.0,SAFE,False
CAND_02861,SIM_OPT_02861,150.0,6.0,0.05,0.1,0,0.61,dense_concrete,223748.0,-15.11,-7.43,0.0,56.73,24.0,SAFE,False
CAND_02862,SIM_OPT_02862,180.0,3.0,0.025,0.025,1,0.87,rammed_earth,120861.0,-15.89,-11.3,0.0,79.21,24.0,SAFE,False
CAND_02863,SIM_OPT_02863,165.0,3.0,0.05,0.05,1,0.58,pu_sandwich_panel,207327.0,-15.4,-11.28,0.0,82.12,24.0,SAFE,False
CAND_02864,SIM_OPT_02864,180.0,3.0,0.025,0.0,1,0.74,rammed_earth,135372.0,-16.83,-12.24,0.0,149.85,24.0,SAFE,False
CAND_02865,SIM_OPT_02865,195.0,12.0,0.1,0.1,1,0.25,stone_masonry,329244.0,-7.68,0.92,0.0,72.92,24.0,SAFE,False
CAND_02866,SIM_OPT_02866,180.0,4.5,0.05,0.075,1,0.44,stone_masonry,222173.0,-14.32,-9.29,0.0,80.48,24.0,SAFE,False
CAND_02867,SIM_OPT_02867,150.0,3.0,0.05,0.075,1,0.42,pu_sandwich_panel,198827.0,-14.67,-10.54,0.0,52.77,24.0,SAFE,False
CAND_02868,SIM_OPT_02868,150.0,8.0,0.075,0.2,1,0.42,stone_masonry,353691.0,-11.45,-4.79,0.0,70.07,24.0,SAFE,False
CAND_02869,SIM_OPT_02869,195.0,2.0,0.0,0.0,0,0.59,rammed_earth,134449.0,-21.5,-15.3,0.0,271.72,24.0,SAFE,False
CAND_02870,SIM_OPT_02870,168.0,4.5,0.05,0.075,0,0.88,dense_concrete,186545.0,-17.81,-11.04,0.0,92.18,24.0,SAFE,False
CAND_02871,SIM_OPT_02871,210.0,0.0,0.0,0.025,0,0.42,mud_brick,131353.0,-21.5,-15.5,0.0,229.6,24.0,SAFE,False
CAND_02872,SIM_OPT_02872,150.0,4.5,0.05,0.1,0,0.73,pu_sandwich_panel,192851.0,-17.43,-10.65,0.0,72.32,24.0,SAFE,False
CAND_02873,SIM_OPT_02873,180.0,0.0,0.0,0.025,0,0.55,rammed_earth,115931.0,-21.5,-15.5,0.0,191.58,24.0,SAFE,False
CAND_02874,SIM_OPT_02874,195.0,3.0,0.025,0.0,0,0.33,mud_brick,127489.0,-20.33,-13.99,0.0,170.56,24.0,SAFE,False
CAND_02875,SIM_OPT_02875,165.0,4.5,0.025,0.1,1,0.6,stone_masonry,199042.0,-15.6,-10.11,0.0,99.98,24.0,SAFE,False
CAND_02876,SIM_OPT_02876,165.0,2.0,0.025,0.025,0,0.31,rammed_earth,130830.0,-20.29,-14.55,0.0,109.29,24.0,SAFE,False
CAND_02877,SIM_OPT_02877,165.0,3.0,0.05,0.05,0,0.3,stone_masonry,218757.0,-17.64,-11.77,0.0,57.48,24.0,SAFE,False
CAND_02878,SIM_OPT_02878,150.0,0.0,0.0,0.025,0,0.24,rammed_earth,103788.0,-21.5,-15.5,0.0,199.38,24.0,SAFE,False
CAND_02879,SIM_OPT_02879,305.2,2.0,0.0,0.0,1,0.7,stone_masonry,128356.0,-18.0,-13.55,0.0,263.72,24.0,SAFE,False
CAND_02880,SIM_OPT_02880,165.0,12.0,0.1,0.2,1,0.82,pu_sandwich_panel,412267.0,-3.89,4.71,0.0,50.13,24.0,SAFE,False
CAND_02881,SIM_OPT_02881,210.0,4.5,0.025,0.075,1,0.34,pu_sandwich_panel,208462.0,-15.72,-10.23,0.0,94.87,24.0,SAFE,False
CAND_02882,SIM_OPT_02882,180.0,12.0,0.15,0.15,1,0.58,stone_masonry,340723.0,2.45,10.12,0.0,36.54,24.0,SAFE,False
CAND_02883,SIM_OPT_02883,139.2,0.0,0.0,0.0,0,0.47,stone_masonry,124166.0,-21.5,-15.5,0.0,277.52,24.0,SAFE,False
CAND_02884,SIM_OPT_02884,101.0,3.0,0.025,0.025,1,0.38,mud_brick,150683.0,-17.38,-12.79,0.0,101.38,24.0,SAFE,False
CAND_02885,SIM_OPT_02885,165.0,3.0,0.05,0.1,1,0.85,stone_masonry,224683.0,-14.94,-10.81,0.0,65.61,24.0,SAFE,False
CAND_02886,SIM_OPT_02886,210.0,6.0,0.05,0.1,1,0.33,pu_sandwich_panel,264101.0,-13.11,-7.18,0.0,65.7,24.0,SAFE,False
CAND_02887,SIM_OPT_02887,150.0,2.0,0.0,0.025,0,0.39,mud_brick,110383.0,-21.45,-15.25,0.0,195.38,24.0,SAFE,False
CAND_02888,SIM_OPT_02888,210.0,0.0,0.025,0.025,0,0.33,mud_brick,125405.0,-20.88,-15.19,0.0,98.02,24.0,SAFE,False
CAND_02889,SIM_OPT_02889,165.0,3.0,0.025,0.025,1,0.23,rammed_earth,157076.0,-16.0,-11.41,0.0,80.81,24.0,SAFE,False
CAND_02890,SIM_OPT_02890,180.0,8.0,0.075,0.15,1,0.66,stone_masonry,298480.0,-11.44,-4.78,0.0,80.86,24.0,SAFE,False
CAND_02891,SIM_OPT_02891,180.0,0.0,0.025,0.025,0,0.82,rammed_earth,110829.0,-20.88,-15.19,0.0,90.11,24.0,SAFE,False
CAND_02892,SIM_OPT_02892,180.0,4.5,0.075,0.05,1,0.35,pu_sandwich_panel,240536.0,-10.71,-6.15,0.0,39.81,24.0,SAFE,False
CAND_02893,SIM_OPT_02893,210.0,6.0,0.075,0.075,0,0.87,dense_concrete,253817.0,-14.68,-7.47,0.0,58.79,24.0,SAFE,False
CAND_02894,SIM_OPT_02894,150.0,3.0,0.025,0.025,1,0.61,stone_masonry,142964.0,-16.54,-11.96,0.0,102.18,24.0,SAFE,False
CAND_02895,SIM_OPT_02895,150.0,4.5,0.025,0.1,0,0.86,stone_masonry,224578.0,-18.79,-11.55,0.0,93.03,24.0,SAFE,False
CAND_02896,SIM_OPT_02896,180.0,6.0,0.075,0.075,1,0.9,stone_masonry,221836.0,-9.96,-4.5,0.0,47.11,24.0,SAFE,False
CAND_02897,SIM_OPT_02897,195.0,3.0,0.05,0.1,0,0.71,dense_concrete,205336.0,-17.25,-11.38,0.0,51.01,24.0,SAFE,False
CAND_02898,SIM_OPT_02898,195.0,4.5,0.075,0.1,0,0.5,dense_concrete,195128.0,-15.2,-8.88,0.0,54.35,24.0,SAFE,False
CAND_02899,SIM_OPT_02899,165.0,0.0,0.0,0.025,0,0.88,mud_brick,112410.0,-21.5,-15.5,0.0,213.97,24.0,SAFE,False
CAND_02900,SIM_OPT_02900,195.0,6.0,0.05,0.075,0,0.79,dense_concrete,244451.0,-15.75,-8.07,0.0,71.46,24.0,SAFE,False
CAND_02901,SIM_OPT_02901,180.0,3.0,0.0,0.0,1,0.5,stone_masonry,126771.0,-17.89,-12.84,0.0,256.21,24.0,SAFE,False
CAND_02902,SIM_OPT_02902,150.0,4.5,0.05,0.05,1,0.5,stone_masonry,184190.0,-14.83,-9.8,0.0,84.24,24.0,SAFE,False
CAND_02903,SIM_OPT_02903,210.0,2.0,0.0,0.025,1,0.32,rammed_earth,123119.0,-18.0,-13.55,0.0,228.87,24.0,SAFE,False
CAND_02904,SIM_OPT_02904,210.0,3.0,0.05,0.075,1,0.76,pu_sandwich_panel,223233.0,-15.49,-11.37,0.0,77.35,24.0,SAFE,False
CAND_02905,SIM_OPT_02905,195.0,6.0,0.1,0.2,1,0.61,stone_masonry,358162.0,-9.13,-4.13,0.0,44.16,24.0,SAFE,False
CAND_02906,SIM_OPT_02906,165.0,3.0,0.025,0.025,1,0.88,stone_masonry,122944.0,-16.41,-11.82,0.0,103.88,24.0,SAFE,False
CAND_02907,SIM_OPT_02907,150.0,4.5,0.05,0.05,1,0.88,stone_masonry,189063.0,-14.21,-9.19,0.0,67.2,24.0,SAFE,False
CAND_02908,SIM_OPT_02908,210.0,6.0,0.05,0.05,0,0.87,pu_sandwich_panel,213433.0,-16.89,-9.21,0.0,82.94,24.0,SAFE,False
CAND_02909,SIM_OPT_02909,195.0,12.0,0.075,0.2,1,0.67,stone_masonry,386673.0,-6.04,3.02,0.0,57.36,24.0,SAFE,False
CAND_02910,SIM_OPT_02910,150.0,6.0,0.1,0.1,1,0.42,pu_sandwich_panel,299754.0,-8.58,-3.58,0.0,36.67,24.0,SAFE,False
CAND_02911,SIM_OPT_02911,179.0,6.0,0.075,0.075,1,0.78,stone_masonry,214581.0,-12.78,-7.31,0.0,81.66,24.0,SAFE,False
CAND_02912,SIM_OPT_02912,165.0,3.0,0.025,0.025,1,0.76,rammed_earth,126335.0,-16.24,-11.65,0.0,92.56,24.0,SAFE,False
CAND_02913,SIM_OPT_02913,195.0,3.0,0.0,0.0,1,0.31,stone_masonry,142736.0,-17.89,-12.84,0.0,247.71,24.0,SAFE,False
CAND_02914,SIM_OPT_02914,195.0,12.0,0.1,0.2,1,0.34,pu_sandwich_panel,375699.0,-5.19,3.41,0.0,56.12,24.0,SAFE,False
CAND_02915,SIM_OPT_02915,210.0,2.0,0.0,0.025,1,0.59,stone_masonry,121890.0,-18.0,-13.55,0.0,223.76,24.0,SAFE,False
CAND_02916,SIM_OPT_02916,195.0,4.5,0.05,0.05,0,0.3,stone_masonry,229077.0,-17.62,-10.85,0.0,85.47,24.0,SAFE,False
CAND_02917,SIM_OPT_02917,150.0,4.5,0.075,0.05,1,0.88,stone_masonry,191422.0,-14.2,-9.64,0.0,84.2,24.0,SAFE,False
CAND_02918,SIM_OPT_02918,195.0,8.0,0.1,0.15,1,0.8,pu_sandwich_panel,316870.0,-8.64,-2.44,0.0,55.0,24.0,SAFE,False
CAND_02919,SIM_OPT_02919,150.0,10.0,0.15,0.1,1,0.52,stone_masonry,376886.0,-5.84,0.64,0.0,50.88,24.0,SAFE,False
CAND_02920,SIM_OPT_02920,210.0,3.0,0.025,0.0,0,0.61,rammed_earth,116196.0,-20.19,-13.86,0.0,135.51,24.0,SAFE,False
CAND_02921,SIM_OPT_02921,150.0,2.0,0.0,0.0,0,0.66,stone_masonry,105691.0,-21.5,-15.3,0.0,282.78,24.0,SAFE,False
CAND_02922,SIM_OPT_02922,195.0,4.5,0.05,0.075,1,0.27,stone_masonry,225962.0,-14.16,-9.13,0.0,73.65,24.0,SAFE,False
CAND_02923,SIM_OPT_02923,165.0,3.0,0.025,0.025,0,0.83,mud_brick,122643.0,-19.21,-12.88,0.0,82.48,24.0,SAFE,False
CAND_02924,SIM_OPT_02924,274.0,3.0,0.05,0.075,1,0.6,dense_concrete,235402.0,-16.75,-12.62,0.0,62.69,24.0,SAFE,False
CAND_02925,SIM_OPT_02925,190.1,3.0,0.025,0.025,0,0.58,rammed_earth,123386.0,-19.47,-13.13,0.0,95.68,24.0,SAFE,False
CAND_02926,SIM_OPT_02926,150.0,3.0,0.075,0.05,0,0.6,pu_sandwich_panel,219081.0,-17.32,-11.91,0.0,57.05,24.0,SAFE,False
CAND_02927,SIM_OPT_02927,227.4,3.0,0.05,0.075,0,0.55,dense_concrete,197825.0,-18.41,-12.54,0.0,53.49,24.0,SAFE,False
CAND_02928,SIM_OPT_02928,150.0,3.0,0.0,0.025,0,0.86,stone_masonry,112425.0,-21.32,-14.52,0.0,233.71,24.0,SAFE,False
CAND_02929,SIM_OPT_02929,180.0,3.0,0.0,0.025,1,0.49,stone_masonry,144130.0,-17.7,-12.65,0.0,195.57,24.0,SAFE,False
CAND_02930,SIM_OPT_02930,75.7,2.0,0.025,0.0,0,0.5,mud_brick,117885.0,-20.88,-15.14,0.0,173.93,24.0,SAFE,False
CAND_02931,SIM_OPT_02931,195.0,6.0,0.075,0.05,1,0.35,pu_sandwich_panel,247724.0,-12.56,-7.1,0.0,74.71,24.0,SAFE,False
CAND_02932,SIM_OPT_02932,210.0,12.0,0.075,0.15,1,0.78,pu_sandwich_panel,387579.0,-10.18,-1.12,0.0,84.46,24.0,SAFE,False
CAND_02933,SIM_OPT_02933,180.0,3.0,0.0,0.0,1,0.49,stone_masonry,140907.0,-17.89,-12.84,0.0,258.27,24.0,SAFE,False
CAND_02934,SIM_OPT_02934,207.3,4.5,0.025,0.05,0,0.33,stone_masonry,230143.0,-18.76,-11.53,0.0,94.22,24.0,SAFE,False
CAND_02935,SIM_OPT_02935,165.0,2.0,0.025,0.025,1,0.24,stone_masonry,149932.0,-16.75,-12.76,0.0,89.84,24.0,SAFE,False
CAND_02936,SIM_OPT_02936,165.0,8.0,0.15,0.15,1,0.61,pu_sandwich_panel,374309.0,-2.13,3.15,0.0,32.06,24.0,SAFE,False
CAND_02937,SIM_OPT_02937,210.0,0.0,0.025,0.0,0,0.22,mud_brick,137717.0,-20.88,-15.19,0.0,154.27,24.0,SAFE,False
CAND_02938,SIM_OPT_02938,195.0,3.0,0.025,0.1,1,0.51,stone_masonry,178570.0,-16.4,-11.81,0.0,102.98,24.0,SAFE,False
CAND_02939,SIM_OPT_02939,150.0,3.0,0.025,0.05,0,0.24,dense_concrete,227230.0,-19.58,-13.24,0.0,88.97,24.0,SAFE,False
CAND_02940,SIM_OPT_02940,165.0,8.0,0.15,0.15,1,0.7,pu_sandwich_panel,327570.0,-8.04,-2.76,0.0,60.34,24.0,SAFE,False
CAND_02941,SIM_OPT_02941,150.0,4.5,0.025,0.075,1,0.52,stone_masonry,206079.0,-14.93,-9.44,0.0,69.19,24.0,SAFE,False
CAND_02942,SIM_OPT_02942,165.0,2.0,0.025,0.025,0,0.63,rammed_earth,131317.0,-20.2,-14.46,0.0,100.97,24.0,SAFE,False
CAND_02943,SIM_OPT_02943,210.0,3.0,0.025,0.025,1,0.27,stone_masonry,147047.0,-16.63,-12.04,0.0,109.34,24.0,SAFE,False
CAND_02944,SIM_OPT_02944,210.0,12.0,0.15,0.1,1,0.27,pu_sandwich_panel,384344.0,0.47,8.14,0.0,35.74,24.0,SAFE,False
CAND_02945,SIM_OPT_02945,180.0,0.0,0.025,0.0,0,0.54,mud_brick,112937.0,-20.88,-15.19,0.0,169.73,24.0,SAFE,False
CAND_02946,SIM_OPT_02946,210.0,6.0,0.15,0.1,1,0.64,stone_masonry,326418.0,-10.48,-6.41,0.0,63.76,24.0,SAFE,False
CAND_02947,SIM_OPT_02947,150.0,3.0,0.025,0.0,1,0.35,rammed_earth,141322.0,-16.95,-12.36,0.0,146.85,24.0,SAFE,False
CAND_02948,SIM_OPT_02948,195.0,2.0,0.025,0.025,0,0.21,mud_brick,148259.0,-19.88,-14.14,0.0,79.47,24.0,SAFE,False
CAND_02949,SIM_OPT_02949,195.0,6.0,0.05,0.1,1,0.35,dense_concrete,258548.0,-13.5,-7.58,0.0,80.99,24.0,SAFE,False
CAND_02950,SIM_OPT_02950,195.0,6.0,0.05,0.05,0,0.69,pu_sandwich_panel,206988.0,-15.58,-7.91,0.0,69.04,24.0,SAFE,False
CAND_02951,SIM_OPT_02951,165.0,12.0,0.1,0.1,1,0.79,pu_sandwich_panel,352317.0,-4.51,4.09,0.0,52.8,24.0,SAFE,False
CAND_02952,SIM_OPT_02952,150.0,4.5,0.025,0.075,0,0.81,dense_concrete,199180.0,-19.27,-12.04,0.0,114.29,24.0,SAFE,False
CAND_02953,SIM_OPT_02953,210.0,0.0,0.025,0.025,0,0.37,rammed_earth,117037.0,-20.88,-15.19,0.0,74.38,24.0,SAFE,False
CAND_02954,SIM_OPT_02954,210.0,3.0,0.05,0.05,0,0.82,pu_sandwich_panel,195870.0,-18.69,-12.82,0.0,77.59,24.0,SAFE,False
CAND_02955,SIM_OPT_02955,210.0,6.0,0.1,0.1,1,0.3,pu_sandwich_panel,365796.0,-8.7,-3.7,0.0,37.29,24.0,SAFE,False
CAND_02956,SIM_OPT_02956,65.5,2.0,0.025,0.0,0,0.84,mud_brick,117574.0,-20.88,-15.14,0.0,159.83,24.0,SAFE,False
CAND_02957,SIM_OPT_02957,210.0,3.0,0.025,0.0,0,0.72,mud_brick,126708.0,-20.46,-14.12,0.0,174.71,24.0,SAFE,False
CAND_02958,SIM_OPT_02958,180.0,4.5,0.075,0.1,1,0.24,dense_concrete,242080.0,-12.08,-7.52,0.0,51.79,24.0,SAFE,False
CAND_02959,SIM_OPT_02959,165.0,0.0,0.025,0.0,0,0.67,mud_brick,112896.0,-20.88,-15.19,0.0,169.1,24.0,SAFE,False
CAND_02960,SIM_OPT_02960,41.0,3.0,0.025,0.025,1,0.53,stone_masonry,132623.0,-17.38,-12.79,0.0,97.03,24.0,SAFE,False
CAND_02961,SIM_OPT_02961,195.0,3.0,0.0,0.0,0,0.82,rammed_earth,109232.0,-21.34,-14.54,0.0,270.44,24.0,SAFE,False
CAND_02962,SIM_OPT_02962,210.0,3.0,0.05,0.1,0,0.82,stone_masonry,236144.0,-18.32,-12.45,0.0,65.93,24.0,SAFE,False
CAND_02963,SIM_OPT_02963,210.0,6.0,0.075,0.05,0,0.38,pu_sandwich_panel,256473.0,-14.82,-7.61,0.0,60.32,24.0,SAFE,False
CAND_02964,SIM_OPT_02964,165.0,3.0,0.05,0.075,1,0.68,stone_masonry,227458.0,-15.33,-11.21,0.0,78.89,24.0,SAFE,False
CAND_02965,SIM_OPT_02965,195.0,3.0,0.05,0.075,0,0.28,pu_sandwich_panel,195061.0,-18.58,-12.7,0.0,82.38,24.0,SAFE,False
CAND_02966,SIM_OPT_02966,165.0,6.0,0.025,0.05,1,0.21,stone_masonry,208085.0,-14.89,-8.51,0.0,101.77,24.0,SAFE,False
CAND_02967,SIM_OPT_02967,210.0,4.5,0.075,0.1,1,0.86,dense_concrete,242928.0,-13.24,-8.68,0.0,60.34,24.0,SAFE,False
CAND_02968,SIM_OPT_02968,346.3,0.0,0.025,0.0,0,0.55,stone_masonry,120409.0,-20.88,-15.19,0.0,155.59,24.0,SAFE,False
CAND_02969,SIM_OPT_02969,195.0,12.0,0.075,0.1,1,0.53,pu_sandwich_panel,339471.0,-4.94,4.12,0.0,51.93,24.0,SAFE,False
CAND_02970,SIM_OPT_02970,150.0,8.0,0.075,0.1,1,0.37,stone_masonry,330281.0,-10.15,-3.49,0.0,56.04,24.0,SAFE,False
CAND_02971,SIM_OPT_02971,150.0,0.0,0.025,0.025,0,0.57,stone_masonry,129396.0,-20.88,-15.19,0.0,93.29,24.0,SAFE,False
CAND_02972,SIM_OPT_02972,195.0,0.0,0.0,0.0,0,0.21,stone_masonry,129285.0,-21.5,-15.5,0.0,274.15,24.0,SAFE,False
CAND_02973,SIM_OPT_02973,180.0,12.0,0.15,0.15,1,0.72,pu_sandwich_panel,422830.0,-4.8,2.88,0.0,63.15,24.0,SAFE,False
CAND_02974,SIM_OPT_02974,165.0,3.0,0.0,0.025,0,0.43,rammed_earth,111355.0,-21.24,-14.44,0.0,234.31,24.0,SAFE,False
CAND_02975,SIM_OPT_02975,276.6,3.0,0.05,0.05,0,0.49,stone_masonry,226573.0,-20.25,-14.38,0.0,67.66,24.0,SAFE,False
CAND_02976,SIM_OPT_02976,210.0,2.0,0.0,0.025,0,0.67,stone_masonry,127146.0,-21.5,-15.3,0.0,211.99,24.0,SAFE,False
CAND_02977,SIM_OPT_02977,197.9,4.5,0.075,0.1,0,0.7,stone_masonry,217301.0,-16.74,-10.42,0.0,77.89,24.0,SAFE,False
CAND_02978,SIM_OPT_02978,241.8,3.0,0.05,0.05,1,0.28,dense_concrete,189351.0,-16.08,-11.95,0.0,63.59,24.0,SAFE,False
CAND_02979,SIM_OPT_02979,195.0,2.0,0.0,0.0,0,0.75,mud_brick,124670.0,-21.5,-15.3,0.0,272.64,24.0,SAFE,False
CAND_02980,SIM_OPT_02980,210.0,2.0,0.0,0.0,1,0.54,mud_brick,125548.0,-18.0,-13.55,0.0,260.23,24.0,SAFE,False
CAND_02981,SIM_OPT_02981,150.0,2.0,0.0,0.025,1,0.69,rammed_earth,133650.0,-18.0,-13.55,0.0,221.2,24.0,SAFE,False
CAND_02982,SIM_OPT_02982,125.1,10.0,0.15,0.15,1,0.61,pu_sandwich_panel,356586.0,-10.51,-4.04,0.0,71.05,24.0,SAFE,False
CAND_02983,SIM_OPT_02983,258.2,0.0,0.0,0.025,0,0.55,mud_brick,116956.0,-21.5,-15.5,0.0,228.33,24.0,SAFE,False
CAND_02984,SIM_OPT_02984,165.0,6.0,0.025,0.1,0,0.52,dense_concrete,222522.0,-17.46,-9.33,0.0,91.3,24.0,SAFE,False
CAND_02985,SIM_OPT_02985,180.0,0.0,0.025,0.025,0,0.2,stone_masonry,123119.0,-20.88,-15.19,0.0,90.81,24.0,SAFE,False
CAND_02986,SIM_OPT_02986,150.0,2.0,0.0,0.0,1,0.86,mud_brick,109931.0,-18.0,-13.55,0.0,256.54,24.0,SAFE,False
CAND_02987,SIM_OPT_02987,180.0,3.0,0.025,0.0,1,0.37,mud_brick,129883.0,-16.94,-12.35,0.0,167.41,24.0,SAFE,False
CAND_02988,SIM_OPT_02988,150.0,6.0,0.075,0.1,1,0.83,pu_sandwich_panel,238044.0,-9.93,-4.46,0.0,40.62,24.0,SAFE,False
CAND_02989,SIM_OPT_02989,210.0,12.0,0.1,0.1,1,0.22,pu_sandwich_panel,403110.0,-2.74,5.86,0.0,41.05,24.0,SAFE,False
CAND_02990,SIM_OPT_02990,150.0,6.0,0.075,0.075,1,0.76,pu_sandwich_panel,206228.0,-11.71,-6.25,0.0,55.32,24.0,SAFE,False
CAND_02991,SIM_OPT_02991,195.0,6.0,0.075,0.075,1,0.31,pu_sandwich_panel,257190.0,-9.36,-3.9,0.0,41.78,24.0,SAFE,False
CAND_02992,SIM_OPT_02992,82.3,3.0,0.0,0.0,0,0.79,mud_brick,113114.0,-21.5,-14.7,0.0,265.43,24.0,SAFE,False
CAND_02993,SIM_OPT_02993,165.0,4.5,0.075,0.05,1,0.48,stone_masonry,210079.0,-12.62,-8.05,0.0,56.79,24.0,SAFE,False
CAND_02994,SIM_OPT_02994,150.4,0.0,0.0,0.0,0,0.67,mud_brick,123195.0,-21.5,-15.5,0.0,273.94,24.0,SAFE,False
CAND_02995,SIM_OPT_02995,150.0,6.0,0.05,0.1,1,0.67,pu_sandwich_panel,254202.0,-12.44,-6.51,0.0,56.62,24.0,SAFE,False
CAND_02996,SIM_OPT_02996,150.0,3.0,0.025,0.025,1,0.36,mud_brick,145798.0,-16.13,-11.54,0.0,77.74,24.0,SAFE,False
CAND_02997,SIM_OPT_02997,210.0,0.0,0.025,0.025,0,0.33,mud_brick,134251.0,-20.88,-15.19,0.0,80.54,24.0,SAFE,False
CAND_02998,SIM_OPT_02998,150.0,3.0,0.05,0.1,0,0.43,stone_masonry,224474.0,-18.01,-12.14,0.0,58.43,24.0,SAFE,False
CAND_02999,SIM_OPT_02999,180.0,2.0,0.0,0.025,1,0.48,rammed_earth,122094.0,-18.0,-13.55,0.0,208.07,24.0,SAFE,False
CAND_03000,SIM_OPT_03000,195.0,6.0,0.15,0.15,1,0.75,pu_sandwich_panel,383068.0,-9.06,-4.99,0.0,53.35,24.0,SAFE,False
CAND_03001,SIM_OPT_03001,150.0,0.0,0.0,0.0,0,0.63,stone_masonry,107505.0,-21.5,-15.5,0.0,261.48,24.0,SAFE,False
CAND_03002,SIM_OPT_03002,150.0,3.0,0.05,0.1,1,0.7,pu_sandwich_panel,209664.0,-15.32,-11.2,0.0,70.61,24.0,SAFE,False
CAND_03003,SIM_OPT_03003,165.0,3.0,0.025,0.075,1,0.29,stone_masonry,238303.0,-16.34,-11.75,0.0,99.16,24.0,SAFE,False
CAND_03004,SIM_OPT_03004,195.0,6.0,0.075,0.1,0,0.72,dense_concrete,221349.0,-14.93,-7.72,0.0,68.74,24.0,SAFE,False
CAND_03005,SIM_OPT_03005,180.0,2.0,0.0,0.025,1,0.88,mud_brick,116738.0,-18.0,-13.55,0.0,233.3,24.0,SAFE,False
CAND_03006,SIM_OPT_03006,165.0,4.5,0.075,0.1,1,0.88,stone_masonry,260151.0,-12.88,-8.32,0.0,60.85,24.0,SAFE,False
CAND_03007,SIM_OPT_03007,210.0,6.0,0.075,0.1,0,0.28,pu_sandwich_panel,206766.0,-14.83,-7.62,0.0,60.47,24.0,SAFE,False
CAND_03008,SIM_OPT_03008,150.0,3.0,0.025,0.075,1,0.37,dense_concrete,205302.0,-16.56,-11.97,0.0,103.28,24.0,SAFE,False
CAND_03009,SIM_OPT_03009,150.0,3.0,0.075,0.05,0,0.28,dense_concrete,224523.0,-17.73,-12.32,0.0,66.78,24.0,SAFE,False
CAND_03010,SIM_OPT_03010,165.0,3.0,0.025,0.1,0,0.43,stone_masonry,169239.0,-19.55,-13.21,0.0,97.76,24.0,SAFE,False
CAND_03011,SIM_OPT_03011,60.5,3.0,0.025,0.025,1,0.33,mud_brick,133233.0,-17.38,-12.79,0.0,86.47,24.0,SAFE,False
CAND_03012,SIM_OPT_03012,150.0,2.0,0.0,0.0,0,0.83,stone_masonry,126087.0,-21.5,-15.3,0.0,258.38,24.0,SAFE,False
CAND_03013,SIM_OPT_03013,150.0,6.0,0.075,0.1,1,0.73,stone_masonry,324831.0,-12.28,-6.81,0.0,62.58,24.0,SAFE,False
CAND_03014,SIM_OPT_03014,180.0,2.0,0.025,0.025,0,0.34,rammed_earth,149059.0,-20.15,-14.41,0.0,100.94,24.0,SAFE,False
CAND_03015,SIM_OPT_03015,150.0,0.0,0.025,0.0,0,0.61,stone_masonry,120378.0,-20.88,-15.19,0.0,152.9,24.0,SAFE,False
CAND_03016,SIM_OPT_03016,265.4,2.0,0.025,0.0,0,0.58,rammed_earth,140792.0,-20.88,-15.14,0.0,166.62,24.0,SAFE,False
CAND_03017,SIM_OPT_03017,210.0,6.0,0.075,0.2,1,0.4,stone_masonry,334028.0,-11.51,-6.04,0.0,53.18,24.0,SAFE,False
CAND_03018,SIM_OPT_03018,195.0,4.5,0.025,0.05,1,0.82,stone_masonry,189698.0,-14.82,-9.33,0.0,74.4,24.0,SAFE,False
CAND_03019,SIM_OPT_03019,195.0,0.0,0.025,0.0,0,0.88,stone_masonry,132280.0,-20.88,-15.19,0.0,167.32,24.0,SAFE,False
CAND_03020,SIM_OPT_03020,210.0,2.0,0.0,0.025,1,0.48,rammed_earth,132222.0,-18.0,-13.55,0.0,205.37,24.0,SAFE,False
CAND_03021,SIM_OPT_03021,150.0,6.0,0.025,0.05,1,0.86,stone_masonry,190930.0,-14.2,-7.81,0.0,74.09,24.0,SAFE,False
CAND_03022,SIM_OPT_03022,165.0,10.0,0.075,0.2,1,0.68,pu_sandwich_panel,337018.0,-5.28,2.58,0.0,44.59,24.0,SAFE,False
CAND_03023,SIM_OPT_03023,165.0,0.0,0.025,0.0,0,0.26,mud_brick,132266.0,-20.88,-15.19,0.0,141.94,24.0,SAFE,False
CAND_03024,SIM_OPT_03024,210.0,10.0,0.075,0.15,1,0.57,stone_masonry,308089.0,-11.02,-3.16,0.0,80.91,24.0,SAFE,False
CAND_03025,SIM_OPT_03025,165.0,0.0,0.025,0.025,0,0.65,mud_brick,107826.0,-20.88,-15.19,0.0,77.49,24.0,SAFE,False
CAND_03026,SIM_OPT_03026,7.4,3.0,0.025,0.05,0,0.38,dense_concrete,169581.0,-20.88,-14.54,0.0,71.12,24.0,SAFE,False
CAND_03027,SIM_OPT_03027,165.0,0.0,0.025,0.025,0,0.6,mud_brick,138571.0,-20.88,-15.19,0.0,91.88,24.0,SAFE,False
CAND_03028,SIM_OPT_03028,180.0,6.0,0.05,0.075,1,0.5,stone_masonry,255462.0,-13.23,-7.3,0.0,78.11,24.0,SAFE,False
CAND_03029,SIM_OPT_03029,210.0,2.0,0.0,0.0,0,0.23,stone_masonry,114047.0,-21.5,-15.3,0.0,259.6,24.0,SAFE,False
CAND_03030,SIM_OPT_03030,355.1,4.5,0.05,0.1,0,0.66,stone_masonry,236883.0,-20.11,-13.33,0.0,65.24,24.0,SAFE,False
CAND_03031,SIM_OPT_03031,165.0,2.0,0.025,0.025,1,0.26,rammed_earth,121476.0,-16.81,-12.82,0.0,94.98,24.0,SAFE,False
CAND_03032,SIM_OPT_03032,195.0,6.0,0.025,0.1,1,0.84,pu_sandwich_panel,245695.0,-13.38,-6.99,0.0,67.44,24.0,SAFE,False
CAND_03033,SIM_OPT_03033,59.4,6.0,0.075,0.05,1,0.72,stone_masonry,240163.0,-15.57,-10.11,0.0,44.81,24.0,SAFE,False
CAND_03034,SIM_OPT_03034,180.0,2.0,0.0,0.0,0,0.52,rammed_earth,112269.0,-21.5,-15.3,0.0,280.19,24.0,SAFE,False
CAND_03035,SIM_OPT_03035,327.0,6.0,0.025,0.1,1,0.55,dense_concrete,207169.0,-17.32,-10.93,0.0,84.88,24.0,SAFE,False
CAND_03036,SIM_OPT_03036,195.0,6.0,0.05,0.075,0,0.24,pu_sandwich_panel,243983.0,-16.33,-8.65,0.0,80.78,24.0,SAFE,False
CAND_03037,SIM_OPT_03037,150.0,2.0,0.025,0.0,0,0.74,stone_masonry,108898.0,-20.71,-14.97,0.0,159.95,24.0,SAFE,False
CAND_03038,SIM_OPT_03038,325.7,3.0,0.075,0.1,0,0.6,pu_sandwich_panel,202321.0,-19.62,-14.21,0.0,56.83,24.0,SAFE,False
CAND_03039,SIM_OPT_03039,329.8,10.0,0.15,0.2,1,0.58,stone_masonry,336506.0,-13.59,-7.12,0.0,67.61,24.0,SAFE,False
CAND_03040,SIM_OPT_03040,195.0,3.0,0.025,0.05,0,0.71,dense_concrete,196829.0,-19.04,-12.7,0.0,76.43,24.0,SAFE,False
CAND_03041,SIM_OPT_03041,210.0,2.0,0.0,0.0,1,0.23,rammed_earth,139945.0,-18.0,-13.55,0.0,257.76,24.0,SAFE,False
CAND_03042,SIM_OPT_03042,180.0,10.0,0.1,0.15,1,0.63,stone_masonry,387875.0,-4.5,2.9,0.0,45.53,24.0,SAFE,False
CAND_03043,SIM_OPT_03043,150.0,12.0,0.075,0.1,1,0.55,stone_masonry,393828.0,-8.51,0.55,0.0,67.09,24.0,SAFE,False
CAND_03044,SIM_OPT_03044,165.0,3.0,0.0,0.0,1,0.87,mud_brick,132970.0,-17.95,-12.9,0.0,277.58,24.0,SAFE,False
CAND_03045,SIM_OPT_03045,290.7,6.0,0.05,0.1,1,0.37,stone_masonry,205895.0,-16.68,-10.75,0.0,82.02,24.0,SAFE,False
CAND_03046,SIM_OPT_03046,150.0,10.0,0.15,0.2,1,0.84,pu_sandwich_panel,383282.0,-8.63,-2.16,0.0,74.06,24.0,SAFE,False
CAND_03047,SIM_OPT_03047,111.1,4.5,0.05,0.075,1,0.2,pu_sandwich_panel,235432.0,-15.44,-10.41,0.0,46.78,24.0,SAFE,False
CAND_03048,SIM_OPT_03048,23.2,3.0,0.0,0.025,1,0.73,stone_masonry,142441.0,-18.0,-12.95,0.0,201.0,24.0,SAFE,False
CAND_03049,SIM_OPT_03049,180.0,8.0,0.075,0.2,1,0.3,pu_sandwich_panel,317902.0,-8.62,-1.96,0.0,52.33,24.0,SAFE,False
CAND_03050,SIM_OPT_03050,195.0,8.0,0.15,0.1,1,0.76,pu_sandwich_panel,345940.0,-8.17,-2.9,0.0,61.51,24.0,SAFE,False
CAND_03051,SIM_OPT_03051,165.0,3.0,0.025,0.025,0,0.61,rammed_earth,143278.0,-19.73,-13.39,0.0,108.54,24.0,SAFE,False
CAND_03052,SIM_OPT_03052,150.0,8.0,0.1,0.1,1,0.52,stone_masonry,383176.0,-10.82,-4.62,0.0,70.01,24.0,SAFE,False
CAND_03053,SIM_OPT_03053,210.0,6.0,0.1,0.2,1,0.48,pu_sandwich_panel,322889.0,-7.87,-2.87,0.0,33.48,24.0,SAFE,False
CAND_03054,SIM_OPT_03054,195.0,6.0,0.075,0.1,1,0.44,stone_masonry,293596.0,-10.26,-4.79,0.0,47.64,24.0,SAFE,False
CAND_03055,SIM_OPT_03055,180.0,2.0,0.0,0.025,1,0.45,rammed_earth,121846.0,-17.98,-13.53,0.0,203.32,24.0,SAFE,False
CAND_03056,SIM_OPT_03056,195.0,3.0,0.075,0.05,1,0.42,stone_masonry,213996.0,-12.82,-9.16,0.0,39.88,24.0,SAFE,False
CAND_03057,SIM_OPT_03057,85.2,3.0,0.025,0.0,1,0.33,stone_masonry,154098.0,-17.38,-12.79,0.0,128.48,24.0,SAFE,False
CAND_03058,SIM_OPT_03058,180.0,3.0,0.025,0.1,1,0.35,pu_sandwich_panel,184147.0,-15.97,-11.38,0.0,82.27,24.0,SAFE,False
CAND_03059,SIM_OPT_03059,165.0,3.0,0.025,0.0,1,0.64,stone_masonry,134180.0,-16.97,-12.38,0.0,167.7,24.0,SAFE,False
CAND_03060,SIM_OPT_03060,180.0,4.5,0.075,0.05,0,0.5,pu_sandwich_panel,206238.0,-16.59,-10.28,0.0,78.47,24.0,SAFE,False
CAND_03061,SIM_OPT_03061,150.0,12.0,0.1,0.1,1,0.76,pu_sandwich_panel,365198.0,-7.55,1.05,0.0,64.36,24.0,SAFE,False
CAND_03062,SIM_OPT_03062,150.0,0.0,0.0,0.025,0,0.79,stone_masonry,122191.0,-21.5,-15.5,0.0,224.76,24.0,SAFE,False
CAND_03063,SIM_OPT_03063,180.0,3.0,0.025,0.025,1,0.78,stone_masonry,153216.0,-16.44,-11.85,0.0,109.26,24.0,SAFE,False
CAND_03064,SIM_OPT_03064,210.0,0.0,0.025,0.025,0,0.36,rammed_earth,139092.0,-20.88,-15.19,0.0,104.45,24.0,SAFE,False
CAND_03065,SIM_OPT_03065,210.0,6.0,0.075,0.075,1,0.76,pu_sandwich_panel,230514.0,-13.33,-7.87,0.0,82.69,24.0,SAFE,False
CAND_03066,SIM_OPT_03066,150.0,2.0,0.025,0.0,0,0.8,rammed_earth,109852.0,-20.66,-14.92,0.0,148.27,24.0,SAFE,False
CAND_03067,SIM_OPT_03067,180.0,4.5,0.025,0.05,1,0.61,stone_masonry,238226.0,-15.56,-10.07,0.0,101.87,24.0,SAFE,False
CAND_03068,SIM_OPT_03068,150.0,3.0,0.025,0.1,0,0.34,pu_sandwich_panel,218497.0,-19.06,-12.72,0.0,69.1,24.0,SAFE,False
CAND_03069,SIM_OPT_03069,165.0,6.0,0.1,0.2,1,0.34,stone_masonry,359233.0,-11.18,-6.18,0.0,63.02,24.0,SAFE,False
CAND_03070,SIM_OPT_03070,180.0,8.0,0.075,0.2,1,0.37,pu_sandwich_panel,321478.0,-6.25,0.41,0.0,40.39,24.0,SAFE,False
CAND_03071,SIM_OPT_03071,218.0,0.0,0.0,0.0,0,0.24,mud_brick,130545.0,-21.5,-15.5,0.0,280.71,24.0,SAFE,False
CAND_03072,SIM_OPT_03072,180.0,3.0,0.025,0.0,0,0.75,stone_masonry,142205.0,-20.25,-13.91,0.0,164.95,24.0,SAFE,False
CAND_03073,SIM_OPT_03073,150.0,3.0,0.025,0.075,0,0.89,stone_masonry,191031.0,-19.87,-13.53,0.0,106.1,24.0,SAFE,False
CAND_03074,SIM_OPT_03074,195.0,8.0,0.15,0.2,1,0.46,stone_masonry,367798.0,-8.41,-3.13,0.0,63.82,24.0,SAFE,False
CAND_03075,SIM_OPT_03075,180.0,2.0,0.0,0.0,0,0.83,mud_brick,133610.0,-21.5,-15.3,0.0,276.88,24.0,SAFE,False
CAND_03076,SIM_OPT_03076,195.0,6.0,0.075,0.1,1,0.25,stone_masonry,310277.0,-7.96,-2.5,0.0,35.03,24.0,SAFE,False
CAND_03077,SIM_OPT_03077,195.0,12.0,0.1,0.2,1,0.53,pu_sandwich_panel,376051.0,0.82,9.42,0.03,36.09,23.97,REFUSED,False
CAND_03078,SIM_OPT_03078,180.0,4.5,0.05,0.1,1,0.61,pu_sandwich_panel,232166.0,-14.51,-9.48,0.0,86.09,24.0,SAFE,False
CAND_03079,SIM_OPT_03079,150.0,6.0,0.05,0.1,0,0.71,dense_concrete,238628.0,-16.98,-9.3,0.0,84.89,24.0,SAFE,False
CAND_03080,SIM_OPT_03080,165.0,3.0,0.0,0.0,1,0.63,rammed_earth,111494.0,-17.93,-12.88,0.0,268.17,24.0,SAFE,False
CAND_03081,SIM_OPT_03081,46.8,0.0,0.025,0.025,0,0.55,mud_brick,119083.0,-20.88,-15.19,0.0,99.71,24.0,SAFE,False
CAND_03082,SIM_OPT_03082,180.0,6.0,0.075,0.2,1,0.53,stone_masonry,337236.0,-10.05,-4.59,0.0,47.8,24.0,SAFE,False
CAND_03083,SIM_OPT_03083,180.0,0.0,0.025,0.0,0,0.5,stone_masonry,130341.0,-20.88,-15.19,0.0,167.67,24.0,SAFE,False
CAND_03084,SIM_OPT_03084,311.7,8.0,0.15,0.2,1,0.9,stone_masonry,397376.0,-12.95,-7.67,0.0,34.82,24.0,SAFE,False
CAND_03085,SIM_OPT_03085,180.0,0.0,0.025,0.025,0,0.89,mud_brick,127197.0,-20.88,-15.19,0.0,83.05,24.0,SAFE,False
CAND_03086,SIM_OPT_03086,210.0,0.0,0.0,0.0,0,0.62,stone_masonry,107748.0,-21.5,-15.5,0.0,290.0,24.0,SAFE,False
CAND_03087,SIM_OPT_03087,195.0,12.0,0.15,0.15,1,0.67,pu_sandwich_panel,358058.0,3.11,10.79,0.72,33.98,23.28,SAFE,True
CAND_03088,SIM_OPT_03088,180.0,6.0,0.075,0.15,1,0.83,pu_sandwich_panel,325571.0,-12.47,-7.01,0.0,75.56,24.0,SAFE,False
CAND_03089,SIM_OPT_03089,205.1,4.5,0.075,0.1,0,0.29,stone_masonry,228231.0,-15.53,-9.21,0.0,54.58,24.0,SAFE,False
CAND_03090,SIM_OPT_03090,171.7,6.0,0.05,0.05,1,0.77,dense_concrete,230675.0,-13.7,-7.77,0.0,87.56,24.0,SAFE,False
CAND_03091,SIM_OPT_03091,165.0,2.0,0.0,0.025,1,0.38,mud_brick,108628.0,-18.0,-13.55,0.0,216.54,24.0,SAFE,False
CAND_03092,SIM_OPT_03092,210.0,12.0,0.1,0.15,1,0.35,pu_sandwich_panel,382995.0,-2.79,5.81,0.0,41.18,24.0,SAFE,False
CAND_03093,SIM_OPT_03093,199.0,3.0,0.05,0.075,1,0.69,stone_masonry,208398.0,-15.15,-11.03,0.0,70.79,24.0,SAFE,False
CAND_03094,SIM_OPT_03094,150.0,12.0,0.1,0.2,1,0.42,stone_masonry,349244.0,-5.14,3.46,0.0,50.09,24.0,SAFE,False
CAND_03095,SIM_OPT_03095,195.0,0.0,0.0,0.0,0,0.43,mud_brick,95151.0,-21.5,-15.5,0.0,255.54,24.0,SAFE,True
CAND_03096,SIM_OPT_03096,165.0,3.0,0.025,0.075,1,0.46,dense_concrete,195321.0,-16.16,-11.57,0.0,88.25,24.0,SAFE,False
CAND_03097,SIM_OPT_03097,165.0,4.5,0.025,0.1,0,0.71,stone_masonry,176882.0,-18.85,-11.61,0.0,105.86,24.0,SAFE,False
CAND_03098,SIM_OPT_03098,210.0,6.0,0.15,0.15,1,0.32,stone_masonry,390759.0,-6.34,-2.26,0.0,32.36,24.0,SAFE,False
CAND_03099,SIM_OPT_03099,210.0,2.0,0.025,0.0,0,0.38,stone_masonry,133246.0,-20.56,-14.82,0.0,130.36,24.0,SAFE,False
CAND_03100,SIM_OPT_03100,150.0,3.0,0.075,0.075,1,0.25,dense_concrete,253759.0,-14.69,-11.03,0.0,70.41,24.0,SAFE,False
CAND_03101,SIM_OPT_03101,212.0,6.0,0.075,0.075,0,0.37,stone_masonry,236422.0,-16.23,-9.02,0.0,80.46,24.0,SAFE,False
CAND_03102,SIM_OPT_03102,210.0,6.0,0.1,0.15,1,0.71,pu_sandwich_panel,335274.0,-11.95,-6.95,0.0,67.14,24.0,SAFE,False
CAND_03103,SIM_OPT_03103,165.0,10.0,0.1,0.1,1,0.48,stone_masonry,346896.0,-7.58,-0.18,0.0,60.04,24.0,SAFE,False
CAND_03104,SIM_OPT_03104,180.0,3.0,0.05,0.075,1,0.54,dense_concrete,183308.0,-15.39,-11.27,0.0,84.27,24.0,SAFE,False
CAND_03105,SIM_OPT_03105,263.4,8.0,0.1,0.15,1,0.26,stone_masonry,321701.0,-14.78,-8.58,0.0,51.34,24.0,SAFE,False
CAND_03106,SIM_OPT_03106,195.0,4.5,0.075,0.075,1,0.27,pu_sandwich_panel,211200.0,-12.59,-8.03,0.0,56.47,24.0,SAFE,False
CAND_03107,SIM_OPT_03107,210.0,6.0,0.05,0.075,1,0.27,stone_masonry,233534.0,-11.77,-5.84,0.0,49.69,24.0,SAFE,False
CAND_03108,SIM_OPT_03108,210.0,4.5,0.05,0.1,1,0.46,stone_masonry,247734.0,-12.78,-7.75,0.0,45.6,24.0,SAFE,False
CAND_03109,SIM_OPT_03109,150.0,3.0,0.0,0.0,1,0.64,mud_brick,115166.0,-17.97,-12.92,0.0,254.43,24.0,SAFE,False
CAND_03110,SIM_OPT_03110,195.0,6.0,0.05,0.1,1,0.54,dense_concrete,237017.0,-10.47,-4.54,0.0,44.78,24.0,SAFE,False
CAND_03111,SIM_OPT_03111,180.0,3.0,0.05,0.05,1,0.35,pu_sandwich_panel,199739.0,-15.01,-10.88,0.0,70.28,24.0,SAFE,False
CAND_03112,SIM_OPT_03112,180.0,3.0,0.025,0.025,1,0.3,rammed_earth,156886.0,-16.43,-11.84,0.0,108.83,24.0,SAFE,False
CAND_03113,SIM_OPT_03113,195.0,2.0,0.025,0.025,1,0.55,stone_masonry,115985.0,-16.74,-12.75,0.0,89.23,24.0,SAFE,False
CAND_03114,SIM_OPT_03114,281.8,0.0,0.025,0.0,0,0.73,rammed_earth,116691.0,-20.88,-15.19,0.0,132.1,24.0,SAFE,False
CAND_03115,SIM_OPT_03115,210.0,3.0,0.025,0.1,1,0.25,stone_masonry,181000.0,-16.52,-11.93,0.0,100.12,24.0,SAFE,False
CAND_03116,SIM_OPT_03116,150.0,0.0,0.025,0.025,0,0.63,rammed_earth,137739.0,-20.88,-15.19,0.0,111.41,24.0,SAFE,False
CAND_03117,SIM_OPT_03117,195.0,4.5,0.025,0.05,1,0.62,stone_masonry,238987.0,-15.72,-10.23,0.0,105.47,24.0,SAFE,False
CAND_03118,SIM_OPT_03118,150.0,4.5,0.025,0.075,0,0.71,dense_concrete,210530.0,-18.9,-11.66,0.0,96.8,24.0,SAFE,False
CAND_03119,SIM_OPT_03119,150.0,0.0,0.025,0.0,0,0.76,mud_brick,117481.0,-20.88,-15.19,0.0,154.59,24.0,SAFE,False
CAND_03120,SIM_OPT_03120,150.0,2.0,0.025,0.025,1,0.86,stone_masonry,141843.0,-17.08,-13.09,0.0,114.19,24.0,SAFE,False
CAND_03121,SIM_OPT_03121,165.0,12.0,0.15,0.1,1,0.64,stone_masonry,351007.0,-1.65,6.02,0.0,46.32,24.0,SAFE,False
CAND_03122,SIM_OPT_03122,165.0,2.0,0.0,0.025,1,0.79,stone_masonry,134125.0,-18.0,-13.55,0.0,206.95,24.0,SAFE,False
CAND_03123,SIM_OPT_03123,150.0,6.0,0.025,0.075,0,0.64,stone_masonry,232595.0,-18.0,-9.87,0.0,94.84,24.0,SAFE,False
CAND_03124,SIM_OPT_03124,210.0,10.0,0.1,0.15,1,0.68,stone_masonry,374520.0,-9.61,-2.21,0.0,70.98,24.0,SAFE,False
CAND_03125,SIM_OPT_03125,36.5,0.0,0.025,0.0,0,0.45,rammed_earth,109040.0,-20.88,-15.19,0.0,165.73,24.0,SAFE,False
CAND_03126,SIM_OPT_03126,165.0,0.0,0.025,0.025,0,0.85,mud_brick,139239.0,-20.88,-15.19,0.0,89.08,24.0,SAFE,False
CAND_03127,SIM_OPT_03127,100.4,2.0,0.0,0.025,0,0.38,stone_masonry,126115.0,-21.5,-15.3,0.0,219.67,24.0,SAFE,False
CAND_03128,SIM_OPT_03128,286.9,8.0,0.1,0.15,1,0.59,pu_sandwich_panel,369297.0,-14.95,-8.75,0.0,59.73,24.0,SAFE,False
CAND_03129,SIM_OPT_03129,165.0,0.0,0.025,0.025,0,0.29,mud_brick,140809.0,-20.88,-15.19,0.0,78.87,24.0,SAFE,False
CAND_03130,SIM_OPT_03130,210.0,6.0,0.025,0.05,1,0.27,dense_concrete,211655.0,-14.6,-8.21,0.0,83.02,24.0,SAFE,False
CAND_03131,SIM_OPT_03131,195.0,4.5,0.05,0.05,1,0.72,pu_sandwich_panel,238428.0,-14.21,-9.19,0.0,74.76,24.0,SAFE,False
CAND_03132,SIM_OPT_03132,210.0,3.0,0.075,0.075,1,0.84,dense_concrete,214323.0,-13.58,-9.91,0.0,44.64,24.0,SAFE,False
CAND_03133,SIM_OPT_03133,195.0,6.0,0.075,0.1,0,0.58,dense_concrete,244778.0,-12.11,-4.9,0.0,44.57,24.0,REFUSED,False
CAND_03134,SIM_OPT_03134,180.0,3.0,0.075,0.05,0,0.35,stone_masonry,197139.0,-17.13,-11.71,0.0,61.65,24.0,SAFE,False
CAND_03135,SIM_OPT_03135,165.0,3.0,0.075,0.075,0,0.72,dense_concrete,214738.0,-17.23,-11.82,0.0,61.65,24.0,SAFE,False
CAND_03136,SIM_OPT_03136,150.0,6.0,0.075,0.075,0,0.69,pu_sandwich_panel,190148.0,-14.95,-7.74,0.0,61.86,24.0,SAFE,False
CAND_03137,SIM_OPT_03137,150.0,0.0,0.0,0.0,0,0.5,mud_brick,126134.0,-21.5,-15.5,0.0,264.16,24.0,SAFE,False
CAND_03138,SIM_OPT_03138,23.7,3.0,0.025,0.025,1,0.25,mud_brick,127688.0,-17.38,-12.79,0.0,83.25,24.0,SAFE,False
CAND_03139,SIM_OPT_03139,235.5,0.0,0.0,0.0,0,0.42,stone_masonry,127887.0,-21.5,-15.5,0.0,250.27,24.0,SAFE,False
CAND_03140,SIM_OPT_03140,228.6,3.0,0.025,0.075,1,0.77,dense_concrete,237612.0,-16.53,-11.95,0.0,77.24,24.0,SAFE,False
CAND_03141,SIM_OPT_03141,195.0,3.0,0.05,0.1,1,0.74,pu_sandwich_panel,223030.0,-13.9,-9.78,0.0,45.3,24.0,SAFE,False
CAND_03142,SIM_OPT_03142,224.4,0.0,0.0,0.0,0,0.85,rammed_earth,120999.0,-21.5,-15.5,0.0,263.94,24.0,SAFE,False
CAND_03143,SIM_OPT_03143,329.3,8.0,0.1,0.15,1,0.49,pu_sandwich_panel,355176.0,-15.01,-8.81,0.0,63.58,24.0,SAFE,False
CAND_03144,SIM_OPT_03144,165.0,3.0,0.0,0.0,0,0.25,mud_brick,140296.0,-21.3,-14.5,0.0,253.55,24.0,SAFE,False
CAND_03145,SIM_OPT_03145,195.0,0.0,0.0,0.025,0,0.36,mud_brick,132414.0,-21.5,-15.5,0.0,198.63,24.0,SAFE,False
CAND_03146,SIM_OPT_03146,210.0,3.0,0.025,0.0,0,0.53,mud_brick,126876.0,-20.4,-14.06,0.0,164.67,24.0,SAFE,False
CAND_03147,SIM_OPT_03147,165.0,0.0,0.025,0.0,0,0.64,stone_masonry,136093.0,-20.88,-15.19,0.0,169.87,24.0,SAFE,False
CAND_03148,SIM_OPT_03148,165.0,6.0,0.025,0.1,0,0.76,stone_masonry,209860.0,-17.59,-9.46,0.0,94.41,24.0,SAFE,False
CAND_03149,SIM_OPT_03149,195.0,6.0,0.025,0.1,0,0.21,dense_concrete,186014.0,-17.05,-8.91,0.0,82.53,24.0,SAFE,False
CAND_03150,SIM_OPT_03150,68.6,12.0,0.075,0.1,1,0.23,pu_sandwich_panel,395521.0,-14.85,-5.79,0.0,53.18,24.0,SAFE,False
CAND_03151,SIM_OPT_03151,195.0,6.0,0.05,0.075,1,0.37,stone_masonry,239179.0,-13.51,-7.58,0.0,81.06,24.0,SAFE,False
CAND_03152,SIM_OPT_03152,195.0,4.5,0.025,0.1,1,0.43,stone_masonry,216124.0,-15.47,-9.98,0.0,94.56,24.0,SAFE,False
CAND_03153,SIM_OPT_03153,165.0,0.0,0.0,0.025,0,0.9,stone_masonry,119626.0,-21.5,-15.5,0.0,197.14,24.0,SAFE,False
CAND_03154,SIM_OPT_03154,165.0,3.0,0.05,0.075,1,0.69,pu_sandwich_panel,232822.0,-14.7,-10.57,0.0,59.49,24.0,SAFE,False
CAND_03155,SIM_OPT_03155,180.0,6.0,0.025,0.05,1,0.37,dense_concrete,225638.0,-13.66,-7.28,0.0,74.55,24.0,SAFE,False
CAND_03156,SIM_OPT_03156,180.0,8.0,0.1,0.15,1,0.35,pu_sandwich_panel,307155.0,-7.48,-1.28,0.0,49.17,24.0,SAFE,False
CAND_03157,SIM_OPT_03157,249.5,3.0,0.075,0.1,1,0.65,dense_concrete,196258.0,-15.71,-12.05,0.0,59.85,24.0,SAFE,False
CAND_03158,SIM_OPT_03158,150.0,6.0,0.05,0.05,1,0.67,pu_sandwich_panel,202721.0,-13.44,-7.51,0.0,71.36,24.0,SAFE,False
CAND_03159,SIM_OPT_03159,18.7,4.5,0.05,0.075,1,0.55,stone_masonry,252802.0,-16.75,-11.72,0.0,71.62,24.0,SAFE,False
CAND_03160,SIM_OPT_03160,253.5,2.0,0.0,0.0,1,0.61,mud_brick,120245.0,-18.0,-13.55,0.0,276.82,24.0,SAFE,False
CAND_03161,SIM_OPT_03161,150.0,3.0,0.05,0.075,0,0.29,dense_concrete,245787.0,-18.79,-12.91,0.0,81.86,24.0,SAFE,False
CAND_03162,SIM_OPT_03162,210.0,2.0,0.0,0.025,0,0.45,stone_masonry,131913.0,-21.5,-15.3,0.0,217.11,24.0,SAFE,False
CAND_03163,SIM_OPT_03163,210.0,3.0,0.025,0.075,1,0.58,stone_masonry,176015.0,-16.45,-11.87,0.0,95.72,24.0,SAFE,False
CAND_03164,SIM_OPT_03164,7.3,4.5,0.075,0.075,1,0.28,dense_concrete,250411.0,-15.73,-11.16,0.0,39.39,24.0,SAFE,False
CAND_03165,SIM_OPT_03165,150.0,4.5,0.075,0.075,0,0.88,dense_concrete,221290.0,-15.44,-9.12,0.0,51.24,24.0,SAFE,False
CAND_03166,SIM_OPT_03166,210.0,10.0,0.1,0.15,1,0.53,pu_sandwich_panel,357848.0,-9.98,-2.58,0.0,75.33,24.0,SAFE,False
CAND_03167,SIM_OPT_03167,150.0,6.0,0.025,0.1,1,0.64,stone_masonry,218555.0,-14.51,-8.12,0.0,80.78,24.0,SAFE,False
CAND_03168,SIM_OPT_03168,165.0,3.0,0.0,0.0,0,0.64,rammed_earth,128043.0,-21.35,-14.55,0.0,274.53,24.0,SAFE,False
CAND_03169,SIM_OPT_03169,147.4,0.0,0.0,0.025,0,0.41,rammed_earth,110416.0,-21.5,-15.5,0.0,204.93,24.0,SAFE,False
CAND_03170,SIM_OPT_03170,210.0,3.0,0.025,0.025,0,0.37,rammed_earth,147693.0,-19.53,-13.19,0.0,86.54,24.0,SAFE,False
CAND_03171,SIM_OPT_03171,165.0,10.0,0.15,0.2,1,0.33,pu_sandwich_panel,382326.0,-5.64,0.83,0.0,55.5,24.0,SAFE,False
CAND_03172,SIM_OPT_03172,195.0,3.0,0.0,0.0,0,0.69,mud_brick,125446.0,-21.4,-14.6,0.0,296.26,24.0,SAFE,False
CAND_03173,SIM_OPT_03173,210.0,6.0,0.025,0.1,1,0.37,dense_concrete,209747.0,-14.85,-8.46,0.0,90.0,24.0,SAFE,False
CAND_03174,SIM_OPT_03174,180.0,2.0,0.0,0.025,0,0.57,stone_masonry,118396.0,-21.42,-15.22,0.0,213.91,24.0,SAFE,False
CAND_03175,SIM_OPT_03175,195.0,8.0,0.15,0.2,1,0.38,stone_masonry,391615.0,-8.41,-3.13,0.0,63.81,24.0,SAFE,False
CAND_03176,SIM_OPT_03176,153.6,6.0,0.025,0.075,0,0.87,dense_concrete,205125.0,-17.79,-9.65,0.0,92.3,24.0,SAFE,False
CAND_03177,SIM_OPT_03177,289.9,0.0,0.0,0.025,0,0.63,mud_brick,99691.0,-21.5,-15.5,0.0,205.85,24.0,SAFE,False
CAND_03178,SIM_OPT_03178,195.0,6.0,0.075,0.1,0,0.31,stone_masonry,264539.0,-15.53,-8.31,0.0,77.69,24.0,SAFE,False
CAND_03179,SIM_OPT_03179,195.0,0.0,0.0,0.025,0,0.27,stone_masonry,118276.0,-21.5,-15.5,0.0,225.86,24.0,SAFE,False
CAND_03180,SIM_OPT_03180,165.0,6.0,0.1,0.2,1,0.42,pu_sandwich_panel,307694.0,-10.88,-5.88,0.0,59.3,24.0,SAFE,False
CAND_03181,SIM_OPT_03181,210.0,3.0,0.0,0.025,0,0.52,stone_masonry,119129.0,-21.22,-14.42,0.0,203.99,24.0,SAFE,False
CAND_03182,SIM_OPT_03182,150.0,10.0,0.1,0.15,1,0.34,stone_masonry,381071.0,-3.71,3.69,0.0,36.89,24.0,SAFE,False
CAND_03183,SIM_OPT_03183,180.0,0.0,0.025,0.0,0,0.31,mud_brick,119296.0,-20.88,-15.19,0.0,133.21,24.0,SAFE,False
CAND_03184,SIM_OPT_03184,150.0,6.0,0.075,0.05,0,0.41,dense_concrete,222473.0,-16.5,-9.29,0.0,88.2,24.0,SAFE,False
CAND_03185,SIM_OPT_03185,165.0,6.0,0.05,0.075,0,0.76,dense_concrete,230410.0,-16.75,-9.07,0.0,89.32,24.0,SAFE,False
CAND_03186,SIM_OPT_03186,322.5,6.0,0.025,0.075,0,0.23,dense_concrete,201571.0,-20.72,-12.58,0.0,85.16,24.0,SAFE,False
CAND_03187,SIM_OPT_03187,165.0,8.0,0.15,0.15,1,0.78,stone_masonry,367179.0,-8.86,-3.58,0.0,68.7,24.0,SAFE,False
CAND_03188,SIM_OPT_03188,150.0,8.0,0.075,0.2,1,0.81,stone_masonry,375095.0,-10.74,-4.08,0.0,61.64,24.0,SAFE,False
CAND_03189,SIM_OPT_03189,165.0,10.0,0.1,0.2,1,0.45,pu_sandwich_panel,322422.0,-0.28,7.12,0.0,32.17,24.0,REFUSED,False
CAND_03190,SIM_OPT_03190,0.0,3.0,0.075,0.1,1,0.71,stone_masonry,200320.0,-16.12,-12.46,0.0,54.59,24.0,SAFE,False
CAND_03191,SIM_OPT_03191,45.7,6.0,0.025,0.05,0,0.23,pu_sandwich_panel,221858.0,-20.81,-12.67,0.0,98.69,24.0,SAFE,False
CAND_03192,SIM_OPT_03192,165.0,6.0,0.025,0.075,1,0.45,dense_concrete,185190.0,-14.68,-8.29,0.0,94.95,24.0,SAFE,False
CAND_03193,SIM_OPT_03193,182.1,3.0,0.075,0.075,0,0.3,pu_sandwich_panel,227601.0,-16.14,-10.72,0.0,46.32,24.0,SAFE,False
CAND_03194,SIM_OPT_03194,195.0,0.0,0.0,0.0,0,0.51,mud_brick,128785.0,-21.5,-15.5,0.0,261.72,24.0,SAFE,False
CAND_03195,SIM_OPT_03195,210.0,6.0,0.15,0.1,1,0.33,pu_sandwich_panel,322893.0,-8.33,-4.25,0.0,42.39,24.0,SAFE,False
CAND_03196,SIM_OPT_03196,165.0,0.0,0.0,0.025,0,0.46,mud_brick,119472.0,-21.5,-15.5,0.0,225.75,24.0,SAFE,False
CAND_03197,SIM_OPT_03197,150.0,3.0,0.05,0.1,0,0.2,stone_masonry,242021.0,-17.42,-11.55,0.0,48.13,24.0,SAFE,False
CAND_03198,SIM_OPT_03198,146.4,4.5,0.025,0.075,1,0.53,stone_masonry,202029.0,-15.69,-10.21,0.0,89.88,24.0,SAFE,False
CAND_03199,SIM_OPT_03199,150.0,0.0,0.0,0.0,0,0.23,stone_masonry,110640.0,-21.5,-15.5,0.0,282.5,24.0,SAFE,False
CAND_03200,SIM_OPT_03200,195.0,6.0,0.05,0.05,1,0.29,pu_sandwich_panel,235381.0,-13.38,-7.46,0.0,78.51,24.0,SAFE,False
