simulation_id,location,altitude_m,latitude_deg,longitude_deg,length_m,width_m,height_m,floor_area_m2,volume_m3,orientation_deg,wall_material,wall_thickness_m,wall_insulation_material,wall_insulation_thickness_m,roof_material,roof_thickness_m,roof_insulation_material,roof_insulation_thickness_m,floor_material,floor_thickness_m,glazing_area_m2,glazing_ratio,glazing_type,window_orientation_deg,night_shutter,shutter_R_m2K_W,roof_emissivity,ach,occupants,internal_gain_W,heater_type,combustion_heater_present,capital_cost_inr,cost_basis,overall_U_value_W_m2K,overall_R_value_m2K_W,thermal_mass_J_K,air_pressure_Pa,air_density_kg_m3
SIM_000001,Leh,3500.0,34.1526,77.5771,9.8,4.7,2.5,46.06,115.15,194.5,rammed_earth,0.23,eps,0.075,cgi_sheet,0.002,rockwool,0.045,stone_floor,0.17,7.27,0.1003,triple_pane,180.0,0,0.0,0.66,4.39,9,900.0,flued_stove,False,202436.0,SOURCED,1.5359,0.6511,44344845.2,65764.1,0.8706
SIM_000002,Dras,3280.0,34.4293,75.7533,4.7,3.2,2.5,15.04,37.6,171.2,dense_concrete,0.25,none,0.0,pu_sandwich_panel,0.12,none,0.0,stone_floor,0.14,5.16,0.1306,triple_pane,180.0,0,0.0,0.54,1.43,5,500.0,none,False,157822.0,SOURCED,2.6238,0.3811,24354810.1,67647.9,0.8956
SIM_000003,Siachen,5400.0,35.4212,77.1095,9.1,3.7,2.5,33.67,84.18,22.9,mud_brick,0.32,none,0.0,pu_sandwich_panel,0.12,none,0.0,dense_concrete,0.13,8.92,0.1394,single_pane,180.0,0,0.0,0.63,1.27,12,1200.0,flued_stove,False,179033.0,SOURCED,2.189,0.4568,36718823.5,51194.2,0.6777
SIM_000004,Daulat Beg Oldie,5065.0,35.4057,77.9297,9.2,5.1,2.8,46.92,131.38,238.2,pu_sandwich_panel,0.1,none,0.0,concrete,0.11,none,0.0,dense_concrete,0.24,6.88,0.0859,single_pane,180.0,1,0.5,0.81,3.04,18,1800.0,flued_stove,False,280797.0,SOURCED,2.1925,0.4561,38274125.1,53552.3,0.709
SIM_000005,Galwan,4300.0,34.75,78.25,5.7,3.7,2.7,21.09,56.94,170.3,dense_concrete,0.27,eps,0.065,cgi_sheet,0.002,eps,0.026,dense_concrete,0.19,5.99,0.118,single_pane,180.0,1,0.5,0.78,2.29,6,600.0,flued_stove,False,188917.0,SOURCED,1.4124,0.708,37342367.7,59268.2,0.7846
SIM_000006,Hanle,4500.0,32.7784,78.9642,5.8,3.7,3.1,21.46,66.53,200.0,mud_brick,0.43,rockwool,0.101,concrete,0.11,rockwool,0.033,dense_concrete,0.22,6.87,0.1166,double_pane,180.0,0,0.0,0.64,3.49,2,200.0,flued_stove,False,202984.0,SOURCED,1.2433,0.8043,50049530.8,57728.3,0.7642
SIM_000007,Nyoma,4180.0,33.1958,78.6508,7.1,3.9,2.8,27.69,77.53,92.5,pu_sandwich_panel,0.06,none,0.0,pu_sandwich_panel,0.12,none,0.0,stone_floor,0.22,2.13,0.0346,triple_pane,180.0,1,0.5,0.45,2.96,7,700.0,flued_stove,False,175844.0,SOURCED,1.0966,0.9119,13393077.9,60207.9,0.7971
SIM_000008,Chushul,4350.0,33.5936,78.6543,5.3,3.0,3.2,15.9,50.88,217.5,dense_concrete,0.18,eps,0.036,cgi_sheet,0.002,eps,0.093,dense_concrete,0.13,4.25,0.08,triple_pane,180.0,1,0.5,0.24,0.29,3,300.0,none,False,156516.0,SOURCED,1.3508,0.7403,25258528.4,58880.1,0.7795
SIM_000009,Rezang La,5000.0,33.425,78.8472,8.2,3.3,2.7,27.06,73.06,179.6,stone_masonry,0.2,straw_bale,0.137,pu_sandwich_panel,0.09,none,0.0,dense_concrete,0.11,4.7,0.0757,single_pane,180.0,0,0.0,0.58,1.24,10,1000.0,electric,False,142073.0,SOURCED,1.5125,0.6612,31735785.8,54019.9,0.7151
SIM_000010,Pangong,4250.0,33.7595,78.6674,5.6,3.6,2.5,20.16,50.4,188.1,stone_masonry,0.22,straw_bale,0.063,concrete,0.16,rockwool,0.046,stone_floor,0.22,3.0,0.0652,triple_pane,180.0,0,0.0,0.82,2.26,7,700.0,none,False,134349.0,SOURCED,1.4672,0.6816,36528817.4,59658.3,0.7898
SIM_000011,Depsang,5330.0,35.3167,78.0167,9.4,3.1,2.8,29.14,81.59,150.0,mud_brick,0.29,eps,0.031,concrete,0.19,rockwool,0.065,stone_floor,0.16,2.32,0.0331,single_pane,180.0,0,0.0,0.63,3.51,8,800.0,none,False,170060.0,SOURCED,1.5103,0.6621,52209975.5,51679.8,0.6842
SIM_000012,Kargil,2676.0,34.5539,76.1349,7.9,4.5,2.5,35.55,88.88,198.7,rammed_earth,0.26,straw_bale,0.139,cgi_sheet,0.002,none,0.0,stone_floor,0.23,4.83,0.0779,double_pane,180.0,0,0.0,0.2,2.22,4,400.0,none,False,138728.0,SOURCED,2.7913,0.3583,46056626.9,73045.7,0.967
SIM_000013,Leh,3500.0,34.1526,77.5771,8.6,3.5,2.5,30.1,75.25,181.4,pu_sandwich_panel,0.05,none,0.0,pu_sandwich_panel,0.13,none,0.0,stone_floor,0.17,7.4,0.1223,single_pane,180.0,1,0.5,0.85,0.14,7,700.0,flued_stove,False,171368.0,SOURCED,1.3086,0.7642,11307274.6,65764.1,0.8706
SIM_000014,Dras,3280.0,34.4293,75.7533,4.7,3.7,2.8,17.39,48.69,318.2,pu_sandwich_panel,0.09,none,0.0,pu_sandwich_panel,0.08,none,0.0,stone_floor,0.19,0.18,0.0038,single_pane,180.0,1,0.5,0.61,4.09,3,300.0,flued_stove,False,116048.0,SOURCED,1.0121,0.988,7379118.6,67647.9,0.8956
SIM_000015,Siachen,5400.0,35.4212,77.1095,6.5,5.6,2.7,36.4,98.28,161.3,mud_brick,0.47,straw_bale,0.125,pu_sandwich_panel,0.11,none,0.0,dense_concrete,0.23,7.9,0.1209,double_pane,180.0,1,0.5,0.7,1.76,4,400.0,flued_stove,False,284356.0,SOURCED,1.1573,0.8641,61355617.6,51194.2,0.6777
SIM_000016,Daulat Beg Oldie,5065.0,35.4057,77.9297,5.9,5.7,3.1,33.63,104.25,10.1,dense_concrete,0.23,rockwool,0.074,cgi_sheet,0.002,none,0.0,stone_floor,0.14,2.22,0.0309,triple_pane,180.0,1,0.5,0.8,2.64,9,900.0,electric,False,239336.0,SOURCED,2.6636,0.3754,47410288.9,53552.3,0.709
SIM_000017,Galwan,4300.0,34.75,78.25,9.9,5.9,2.8,58.41,163.55,186.4,stone_masonry,0.37,eps,0.096,cgi_sheet,0.002,rockwool,0.093,dense_concrete,0.22,7.92,0.0895,triple_pane,180.0,0,0.0,0.39,0.97,18,1800.0,electric,False,409858.0,SOURCED,1.2618,0.7925,90702819.4,59268.2,0.7846
SIM_000018,Hanle,4500.0,32.7784,78.9642,6.7,3.3,2.4,22.11,53.06,164.3,dense_concrete,0.25,eps,0.076,pu_sandwich_panel,0.1,none,0.0,stone_floor,0.2,5.96,0.1242,single_pane,180.0,1,0.5,0.43,0.78,1,100.0,electric,False,202011.0,SOURCED,1.236,0.8091,33846148.6,57728.3,0.7642
SIM_000019,Nyoma,4180.0,33.1958,78.6508,6.9,4.4,3.1,30.36,94.12,344.6,dense_concrete,0.15,rockwool,0.113,cgi_sheet,0.002,none,0.0,dense_concrete,0.25,5.55,0.0792,single_pane,180.0,0,0.0,0.49,3.85,12,1200.0,none,False,220893.0,SOURCED,2.5019,0.3997,40309595.1,60207.9,0.7971
SIM_000020,Chushul,4350.0,33.5936,78.6543,8.7,5.0,2.9,43.5,126.15,174.6,rammed_earth,0.43,none,0.0,pu_sandwich_panel,0.12,none,0.0,stone_floor,0.14,5.42,0.0682,double_pane,180.0,1,0.5,0.3,3.9,16,1600.0,electric,False,239341.0,SOURCED,2.0427,0.4895,70639353.7,58880.1,0.7795
SIM_000021,Rezang La,5000.0,33.425,78.8472,9.5,5.9,2.9,56.05,162.55,168.5,rammed_earth,0.39,none,0.0,pu_sandwich_panel,0.12,none,0.0,dense_concrete,0.2,4.18,0.0468,double_pane,180.0,1,0.5,0.69,1.92,2,200.0,unflued_combustion,True,312845.0,SOURCED,1.9339,0.5171,86044760.1,54019.9,0.7151
SIM_000022,Pangong,4250.0,33.7595,78.6674,6.0,3.3,3.2,19.8,63.36,165.1,rammed_earth,0.31,rockwool,0.075,concrete,0.19,eps,0.082,stone_floor,0.24,3.59,0.0603,double_pane,180.0,0,0.0,0.79,3.85,3,300.0,flued_stove,False,160168.0,SOURCED,1.1081,0.9024,50235789.4,59658.3,0.7898
SIM_000023,Depsang,5330.0,35.3167,78.0167,7.0,5.7,2.6,39.9,103.74,209.2,stone_masonry,0.43,none,0.0,cgi_sheet,0.002,rockwool,0.042,stone_floor,0.11,2.52,0.0382,single_pane,180.0,0,0.0,0.77,1.99,5,500.0,none,False,187669.0,SOURCED,2.7208,0.3675,64828512.1,51679.8,0.6842
SIM_000024,Kargil,2676.0,34.5539,76.1349,7.1,5.5,3.0,39.05,117.15,208.2,dense_concrete,0.18,straw_bale,0.117,cgi_sheet,0.002,rockwool,0.131,stone_floor,0.13,5.07,0.0671,double_pane,180.0,1,0.5,0.63,4.34,8,800.0,unflued_combustion,True,237452.0,SOURCED,1.4259,0.7013,42233398.3,73045.7,0.967
SIM_000025,Leh,3500.0,34.1526,77.5771,8.9,5.2,2.9,46.28,134.21,138.9,rammed_earth,0.35,straw_bale,0.084,concrete,0.14,rockwool,0.071,stone_floor,0.2,9.67,0.1182,double_pane,180.0,0,0.0,0.52,1.17,1,100.0,none,False,252817.0,SOURCED,1.5145,0.6603,81449711.8,65764.1,0.8706
SIM_000026,Dras,3280.0,34.4293,75.7533,7.1,5.0,2.9,35.5,102.95,83.9,pu_sandwich_panel,0.09,none,0.0,pu_sandwich_panel,0.07,none,0.0,dense_concrete,0.17,0.61,0.0087,double_pane,180.0,1,0.5,0.25,2.35,8,800.0,unflued_combustion,True,198271.0,SOURCED,1.1535,0.8669,14462951.4,67647.9,0.8956
SIM_000027,Siachen,5400.0,35.4212,77.1095,6.2,4.7,3.1,29.14,90.33,188.1,dense_concrete,0.19,rockwool,0.1,pu_sandwich_panel,0.12,none,0.0,dense_concrete,0.15,6.21,0.0919,triple_pane,180.0,1,0.5,0.62,0.85,5,500.0,none,False,295736.0,SOURCED,1.1584,0.8633,37376783.2,51194.2,0.6777
SIM_000028,Daulat Beg Oldie,5065.0,35.4057,77.9297,5.3,5.8,2.5,30.74,76.85,161.2,stone_masonry,0.38,none,0.0,pu_sandwich_panel,0.12,none,0.0,stone_floor,0.11,3.02,0.0544,single_pane,180.0,0,0.0,0.41,1.15,12,1200.0,flued_stove,False,185209.0,SOURCED,2.6749,0.3738,47650681.6,53552.3,0.709
SIM_000029,Galwan,4300.0,34.75,78.25,7.6,4.5,3.0,34.2,102.6,345.5,rammed_earth,0.39,straw_bale,0.1,pu_sandwich_panel,0.12,none,0.0,stone_floor,0.12,6.57,0.0905,triple_pane,180.0,0,0.0,0.23,4.42,7,700.0,flued_stove,False,218126.0,SOURCED,1.4118,0.7083,56692182.7,59268.2,0.7846
SIM_000030,Hanle,4500.0,32.7784,78.9642,6.4,3.3,3.0,21.12,63.36,160.3,stone_masonry,0.43,straw_bale,0.095,concrete,0.12,eps,0.029,stone_floor,0.11,1.94,0.0333,double_pane,180.0,0,0.0,0.46,2.43,7,700.0,flued_stove,False,171134.0,SOURCED,1.5237,0.6563,60664940.3,57728.3,0.7642
SIM_000031,Nyoma,4180.0,33.1958,78.6508,5.5,3.8,2.8,20.9,58.52,193.3,pu_sandwich_panel,0.06,none,0.0,pu_sandwich_panel,0.06,none,0.0,stone_floor,0.18,5.14,0.0987,single_pane,180.0,1,0.5,0.56,1.83,5,500.0,flued_stove,False,112609.0,SOURCED,1.208,0.8278,8269069.8,60207.9,0.7971
SIM_000032,Chushul,4350.0,33.5936,78.6543,4.2,5.8,3.1,24.36,75.52,27.6,mud_brick,0.34,straw_bale,0.102,cgi_sheet,0.002,eps,0.093,stone_floor,0.1,0.84,0.0135,double_pane,180.0,0,0.0,0.7,1.97,3,300.0,none,False,118549.0,SOURCED,1.3709,0.7294,37840967.1,58880.1,0.7795
SIM_000033,Rezang La,5000.0,33.425,78.8472,10.0,3.2,2.7,32.0,86.4,253.2,rammed_earth,0.49,none,0.0,pu_sandwich_panel,0.08,none,0.0,dense_concrete,0.19,3.16,0.0443,single_pane,180.0,0,0.0,0.31,1.39,11,1100.0,electric,False,182333.0,SOURCED,1.9458,0.5139,74271297.3,54019.9,0.7151
SIM_000034,Pangong,4250.0,33.7595,78.6674,7.8,5.4,2.9,42.12,122.15,126.5,pu_sandwich_panel,0.12,none,0.0,concrete,0.13,rockwool,0.09,dense_concrete,0.21,2.29,0.0299,single_pane,180.0,1,0.5,0.76,2.34,13,1300.0,flued_stove,False,297612.0,SOURCED,1.1139,0.8977,33686732.7,59658.3,0.7898
SIM_000035,Depsang,5330.0,35.3167,78.0167,4.9,3.2,2.7,15.68,42.34,153.9,stone_masonry,0.5,eps,0.138,pu_sandwich_panel,0.1,none,0.0,dense_concrete,0.23,5.39,0.1232,single_pane,180.0,0,0.0,0.66,0.68,2,200.0,none,False,190715.0,SOURCED,1.2767,0.7833,47253668.1,51679.8,0.6842
SIM_000036,Kargil,2676.0,34.5539,76.1349,9.6,5.9,2.5,56.64,141.6,175.8,dense_concrete,0.28,none,0.0,pu_sandwich_panel,0.06,none,0.0,stone_floor,0.14,3.22,0.0415,single_pane,180.0,0,0.0,0.36,4.31,4,400.0,flued_stove,False,302958.0,SOURCED,2.6243,0.3811,65014644.6,73045.7,0.967
SIM_000037,Leh,3500.0,34.1526,77.5771,5.1,4.6,2.6,23.46,61.0,106.2,stone_masonry,0.2,rockwool,0.052,cgi_sheet,0.002,none,0.0,dense_concrete,0.22,3.64,0.0722,triple_pane,180.0,0,0.0,0.65,4.29,6,600.0,flued_stove,False,138519.0,SOURCED,2.5793,0.3877,31067681.0,65764.1,0.8706
SIM_000038,Dras,3280.0,34.4293,75.7533,9.9,3.1,3.0,30.69,92.07,193.7,stone_masonry,0.4,rockwool,0.05,cgi_sheet,0.002,none,0.0,stone_floor,0.19,1.36,0.0174,single_pane,180.0,1,0.5,0.87,0.31,12,1200.0,unflued_combustion,True,227047.0,SOURCED,2.47,0.4049,74660762.7,67647.9,0.8956
SIM_000039,Siachen,5400.0,35.4212,77.1095,4.2,4.5,2.8,18.9,52.92,187.0,pu_sandwich_panel,0.13,none,0.0,pu_sandwich_panel,0.1,none,0.0,stone_floor,0.17,4.5,0.0924,single_pane,180.0,0,0.0,0.84,0.99,2,200.0,none,False,156714.0,SOURCED,1.295,0.7722,7291431.6,51194.2,0.6777
SIM_000040,Daulat Beg Oldie,5065.0,35.4057,77.9297,7.7,5.3,2.5,40.81,102.03,352.9,dense_concrete,0.29,eps,0.139,cgi_sheet,0.002,rockwool,0.058,stone_floor,0.2,2.64,0.0406,triple_pane,180.0,1,0.5,0.48,0.5,13,1300.0,flued_stove,False,321456.0,SOURCED,1.3163,0.7597,59715465.9,53552.3,0.709
SIM_000041,Galwan,4300.0,34.75,78.25,7.1,5.6,2.6,39.76,103.38,241.0,dense_concrete,0.28,straw_bale,0.116,pu_sandwich_panel,0.09,none,0.0,stone_floor,0.21,2.71,0.041,double_pane,180.0,1,0.5,0.53,2.5,7,700.0,electric,False,303566.0,SOURCED,1.3036,0.7671,60263890.5,59268.2,0.7846
SIM_000042,Hanle,4500.0,32.7784,78.9642,5.3,4.0,3.1,21.2,65.72,48.6,pu_sandwich_panel,0.09,none,0.0,pu_sandwich_panel,0.07,none,0.0,stone_floor,0.17,5.33,0.0924,triple_pane,180.0,0,0.0,0.43,3.88,6,600.0,none,False,165953.0,SOURCED,1.1075,0.9029,8055824.0,57728.3,0.7642
SIM_000043,Nyoma,4180.0,33.1958,78.6508,9.6,4.7,3.1,45.12,139.87,163.7,stone_masonry,0.22,rockwool,0.069,cgi_sheet,0.002,rockwool,0.086,dense_concrete,0.2,0.54,0.0061,single_pane,180.0,1,0.5,0.58,0.94,2,200.0,none,False,253033.0,SOURCED,1.2314,0.8121,60689696.6,60207.9,0.7971
SIM_000044,Chushul,4350.0,33.5936,78.6543,5.5,6.0,2.5,33.0,82.5,175.7,dense_concrete,0.18,rockwool,0.13,concrete,0.13,rockwool,0.128,stone_floor,0.16,3.32,0.0577,triple_pane,180.0,1,0.5,0.52,1.35,9,900.0,electric,False,265313.0,SOURCED,1.2837,0.779,44036450.6,58880.1,0.7795
SIM_000045,Rezang La,5000.0,33.425,78.8472,7.9,4.7,3.1,37.13,115.1,70.2,stone_masonry,0.45,rockwool,0.112,concrete,0.11,none,0.0,stone_floor,0.13,3.32,0.0425,single_pane,180.0,1,0.5,0.67,2.35,5,500.0,none,False,296121.0,SOURCED,2.2633,0.4418,87930124.0,54019.9,0.7151
SIM_000046,Pangong,4250.0,33.7595,78.6674,8.8,4.9,3.1,43.12,133.67,151.0,dense_concrete,0.2,straw_bale,0.074,pu_sandwich_panel,0.13,none,0.0,stone_floor,0.16,7.41,0.0872,double_pane,180.0,0,0.0,0.76,3.34,1,100.0,unflued_combustion,True,319408.0,SOURCED,1.5115,0.6616,51880583.4,59658.3,0.7898
SIM_000047,Depsang,5330.0,35.3167,78.0167,7.3,4.3,3.0,31.39,94.17,202.9,pu_sandwich_panel,0.13,none,0.0,concrete,0.2,rockwool,0.036,dense_concrete,0.22,9.56,0.1374,triple_pane,180.0,0,0.0,0.2,2.45,8,800.0,electric,False,311282.0,SOURCED,1.1767,0.8498,30870144.2,51679.8,0.6842
SIM_000048,Kargil,2676.0,34.5539,76.1349,9.3,5.6,2.5,52.08,130.2,42.4,rammed_earth,0.47,rockwool,0.081,pu_sandwich_panel,0.13,none,0.0,dense_concrete,0.25,7.51,0.1008,triple_pane,180.0,0,0.0,0.46,0.58,5,500.0,unflued_combustion,True,393280.0,SOURCED,1.1828,0.8455,87344001.4,73045.7,0.967
SIM_000049,Leh,3500.0,34.1526,77.5771,8.4,3.4,2.5,28.56,71.4,198.6,rammed_earth,0.35,rockwool,0.084,concrete,0.19,rockwool,0.037,dense_concrete,0.19,0.51,0.0086,single_pane,180.0,0,0.0,0.74,2.73,2,200.0,none,False,180595.0,SOURCED,1.2937,0.773,62113318.5,65764.1,0.8706
SIM_000050,Dras,3280.0,34.4293,75.7533,7.9,5.9,2.4,46.61,111.86,124.4,mud_brick,0.22,rockwool,0.061,cgi_sheet,0.002,rockwool,0.057,stone_floor,0.17,0.6,0.0091,single_pane,180.0,0,0.0,0.44,2.86,12,1200.0,flued_stove,False,164293.0,SOURCED,1.5417,0.6486,39159560.4,67647.9,0.8956
SIM_000051,Siachen,5400.0,35.4212,77.1095,4.7,5.4,2.7,25.38,68.53,208.8,dense_concrete,0.18,straw_bale,0.141,pu_sandwich_panel,0.11,none,0.0,dense_concrete,0.18,2.95,0.0541,single_pane,180.0,1,0.5,0.52,0.89,6,600.0,electric,False,189338.0,SOURCED,1.1897,0.8405,33508885.0,51194.2,0.6777
SIM_000052,Daulat Beg Oldie,5065.0,35.4057,77.9297,5.0,3.5,2.8,17.5,49.0,192.8,pu_sandwich_panel,0.05,none,0.0,cgi_sheet,0.002,none,0.0,dense_concrete,0.24,4.16,0.0874,single_pane,180.0,0,0.0,0.36,2.76,6,600.0,none,False,84482.0,SOURCED,2.4562,0.4071,9947584.4,53552.3,0.709
SIM_000053,Galwan,4300.0,34.75,78.25,4.3,4.9,2.8,21.07,59.0,203.6,pu_sandwich_panel,0.13,none,0.0,pu_sandwich_panel,0.13,none,0.0,stone_floor,0.12,2.78,0.054,triple_pane,180.0,1,0.5,0.66,0.27,1,100.0,unflued_combustion,True,190563.0,SOURCED,1.136,0.8803,5927587.8,59268.2,0.7846
SIM_000054,Hanle,4500.0,32.7784,78.9642,9.1,5.4,2.8,49.14,137.59,183.6,pu_sandwich_panel,0.07,none,0.0,pu_sandwich_panel,0.12,none,0.0,stone_floor,0.21,1.08,0.0133,double_pane,180.0,1,0.5,0.47,0.17,3,300.0,unflued_combustion,True,269421.0,SOURCED,1.2002,0.8332,22678694.8,57728.3,0.7642
SIM_000055,Nyoma,4180.0,33.1958,78.6508,5.9,4.8,3.1,28.32,87.79,119.2,pu_sandwich_panel,0.13,none,0.0,cgi_sheet,0.002,none,0.0,dense_concrete,0.14,7.33,0.1105,double_pane,180.0,1,0.5,0.27,2.04,1,100.0,none,False,209106.0,SOURCED,2.4308,0.4114,9831018.6,60207.9,0.7971
SIM_000056,Chushul,4350.0,33.5936,78.6543,8.4,5.6,2.7,47.04,127.01,179.9,rammed_earth,0.32,eps,0.046,concrete,0.17,none,0.0,stone_floor,0.11,4.43,0.0586,double_pane,180.0,1,0.5,0.23,1.59,2,200.0,electric,False,199341.0,SOURCED,2.5566,0.3911,70596239.5,58880.1,0.7795
SIM_000057,Rezang La,5000.0,33.425,78.8472,4.4,5.9,3.0,25.96,77.88,107.5,mud_brick,0.34,none,0.0,cgi_sheet,0.002,rockwool,0.036,dense_concrete,0.21,1.39,0.0225,triple_pane,180.0,1,0.5,0.34,0.65,7,700.0,unflued_combustion,True,139289.0,SOURCED,1.8538,0.5394,43553666.1,54019.9,0.7151
SIM_000058,Pangong,4250.0,33.7595,78.6674,6.8,4.5,3.2,30.6,97.92,168.2,mud_brick,0.36,eps,0.08,pu_sandwich_panel,0.09,none,0.0,stone_floor,0.21,3.04,0.042,triple_pane,180.0,0,0.0,0.2,4.24,11,1100.0,flued_stove,False,228968.0,SOURCED,1.112,0.8993,51392617.4,59658.3,0.7898
SIM_000059,Depsang,5330.0,35.3167,78.0167,8.0,4.9,2.9,39.2,113.68,191.1,stone_masonry,0.25,straw_bale,0.07,concrete,0.12,rockwool,0.084,dense_concrete,0.19,3.53,0.0472,triple_pane,180.0,1,0.5,0.74,4.27,14,1400.0,electric,False,247147.0,SOURCED,1.4043,0.7121,65078769.7,51679.8,0.6842
SIM_000060,Kargil,2676.0,34.5539,76.1349,7.4,3.5,2.5,25.9,64.75,185.9,pu_sandwich_panel,0.08,none,0.0,pu_sandwich_panel,0.11,none,0.0,dense_concrete,0.21,0.52,0.0095,triple_pane,180.0,1,0.5,0.7,3.38,6,600.0,flued_stove,False,168472.0,SOURCED,1.0404,0.9612,12974001.8,73045.7,0.967
SIM_000061,Leh,3500.0,34.1526,77.5771,5.9,3.6,3.2,21.24,67.97,127.2,mud_brick,0.38,eps,0.048,pu_sandwich_panel,0.11,none,0.0,dense_concrete,0.21,8.06,0.1326,triple_pane,180.0,0,0.0,0.69,2.52,1,100.0,none,False,216060.0,SOURCED,1.1249,0.889,40519466.8,65764.1,0.8706
SIM_000062,Dras,3280.0,34.4293,75.7533,5.0,3.1,3.1,15.5,48.05,201.8,rammed_earth,0.46,none,0.0,concrete,0.11,eps,0.088,stone_floor,0.13,3.72,0.0741,single_pane,180.0,0,0.0,0.5,3.03,1,100.0,flued_stove,False,95418.0,SOURCED,2.2122,0.452,46796361.7,67647.9,0.8956
SIM_000063,Siachen,5400.0,35.4212,77.1095,5.1,4.8,2.9,24.48,70.99,174.9,dense_concrete,0.18,none,0.0,cgi_sheet,0.002,rockwool,0.064,stone_floor,0.24,0.85,0.0148,double_pane,180.0,0,0.0,0.89,2.83,7,700.0,electric,False,153264.0,SOURCED,2.8889,0.3462,36199610.7,51194.2,0.6777
SIM_000064,Daulat Beg Oldie,5065.0,35.4057,77.9297,9.7,5.7,3.2,55.29,176.93,154.4,stone_masonry,0.23,rockwool,0.129,cgi_sheet,0.002,rockwool,0.03,dense_concrete,0.11,2.75,0.0279,triple_pane,180.0,1,0.5,0.51,4.47,14,1400.0,electric,False,293089.0,SOURCED,1.5465,0.6466,59518836.5,53552.3,0.709
SIM_000065,Galwan,4300.0,34.75,78.25,7.6,5.4,2.5,41.04,102.6,242.5,dense_concrete,0.22,straw_bale,0.056,concrete,0.19,rockwool,0.057,dense_concrete,0.11,0.81,0.0125,single_pane,180.0,1,0.5,0.23,3.89,16,1600.0,unflued_combustion,True,246627.0,SOURCED,1.7616,0.5677,61684703.2,59268.2,0.7846
SIM_000066,Hanle,4500.0,32.7784,78.9642,8.0,5.7,3.0,45.6,136.8,353.6,rammed_earth,0.29,eps,0.048,cgi_sheet,0.002,rockwool,0.096,dense_concrete,0.19,0.66,0.008,double_pane,180.0,0,0.0,0.57,2.91,15,1500.0,none,False,201312.0,SOURCED,1.3346,0.7493,63251095.1,57728.3,0.7642
SIM_000067,Nyoma,4180.0,33.1958,78.6508,8.9,4.7,2.6,41.83,108.76,76.9,rammed_earth,0.25,rockwool,0.111,pu_sandwich_panel,0.08,none,0.0,dense_concrete,0.25,4.52,0.0639,double_pane,180.0,1,0.5,0.45,3.57,11,1100.0,unflued_combustion,True,264626.0,SOURCED,1.1079,0.9026,54413048.3,60207.9,0.7971
SIM_000068,Chushul,4350.0,33.5936,78.6543,7.3,3.9,2.6,28.47,74.02,37.5,rammed_earth,0.47,eps,0.052,cgi_sheet,0.002,eps,0.115,stone_floor,0.12,1.42,0.0244,single_pane,180.0,1,0.5,0.73,2.86,2,200.0,flued_stove,False,139810.0,SOURCED,1.428,0.7003,55818745.0,58880.1,0.7795
SIM_000069,Rezang La,5000.0,33.425,78.8472,4.9,3.8,2.8,18.62,52.14,164.5,dense_concrete,0.27,none,0.0,cgi_sheet,0.002,none,0.0,dense_concrete,0.24,4.54,0.0932,double_pane,180.0,0,0.0,0.47,1.74,6,600.0,electric,False,167773.0,SOURCED,3.7119,0.2694,37890917.7,54019.9,0.7151
SIM_000070,Pangong,4250.0,33.7595,78.6674,5.5,5.7,2.7,31.35,84.65,162.2,stone_masonry,0.25,rockwool,0.095,concrete,0.18,rockwool,0.144,stone_floor,0.18,3.93,0.065,triple_pane,180.0,0,0.0,0.81,2.73,10,1000.0,electric,False,248652.0,SOURCED,1.2511,0.7993,53937290.5,59658.3,0.7898
SIM_000071,Depsang,5330.0,35.3167,78.0167,8.9,5.0,3.1,44.5,137.95,334.2,mud_brick,0.24,straw_bale,0.122,concrete,0.16,none,0.0,stone_floor,0.13,5.57,0.0646,single_pane,180.0,1,0.5,0.34,0.33,13,1300.0,none,False,194736.0,SOURCED,2.3058,0.4337,59653406.8,51679.8,0.6842
SIM_000072,Kargil,2676.0,34.5539,76.1349,8.0,3.7,2.4,29.6,71.04,108.1,mud_brick,0.37,rockwool,0.078,pu_sandwich_panel,0.11,none,0.0,stone_floor,0.12,1.2,0.0214,double_pane,180.0,1,0.5,0.34,1.13,3,300.0,none,False,182229.0,SOURCED,1.3571,0.7369,38393682.5,73045.7,0.967
SIM_000073,Leh,3500.0,34.1526,77.5771,4.8,3.9,3.0,18.72,56.16,184.4,rammed_earth,0.47,none,0.0,pu_sandwich_panel,0.14,none,0.0,dense_concrete,0.12,1.2,0.023,single_pane,180.0,0,0.0,0.64,2.03,4,400.0,unflued_combustion,True,122846.0,SOURCED,2.0285,0.493,48508623.2,65764.1,0.8706
SIM_000074,Dras,3280.0,34.4293,75.7533,9.3,4.8,2.6,44.64,116.06,181.5,rammed_earth,0.28,eps,0.063,cgi_sheet,0.002,none,0.0,stone_floor,0.24,3.41,0.0465,triple_pane,180.0,1,0.5,0.85,4.1,7,700.0,flued_stove,False,194500.0,SOURCED,2.788,0.3587,58593917.6,67647.9,0.8956
SIM_000075,Siachen,5400.0,35.4212,77.1095,8.9,5.9,2.8,52.51,147.03,180.1,mud_brick,0.26,rockwool,0.097,pu_sandwich_panel,0.11,none,0.0,dense_concrete,0.2,3.03,0.0366,single_pane,180.0,0,0.0,0.73,1.88,15,1500.0,unflued_combustion,True,313502.0,SOURCED,1.2722,0.786,55948958.3,51194.2,0.6777
SIM_000076,Daulat Beg Oldie,5065.0,35.4057,77.9297,4.5,4.4,2.6,19.8,51.48,215.0,mud_brick,0.22,rockwool,0.032,cgi_sheet,0.002,none,0.0,stone_floor,0.13,4.42,0.0955,single_pane,180.0,1,0.5,0.52,3.36,3,300.0,flued_stove,False,79008.0,SOURCED,2.7865,0.3589,19485664.4,53552.3,0.709
SIM_000077,Galwan,4300.0,34.75,78.25,6.7,3.8,2.6,25.46,66.2,194.6,pu_sandwich_panel,0.1,none,0.0,cgi_sheet,0.002,rockwool,0.082,stone_floor,0.24,5.5,0.1007,double_pane,180.0,1,0.5,0.74,0.94,2,200.0,flued_stove,False,178081.0,SOURCED,1.1038,0.906,13586579.9,59268.2,0.7846
SIM_000078,Hanle,4500.0,32.7784,78.9642,5.4,3.4,2.5,18.36,45.9,259.4,pu_sandwich_panel,0.09,none,0.0,pu_sandwich_panel,0.07,none,0.0,stone_floor,0.21,3.93,0.0893,triple_pane,180.0,0,0.0,0.31,4.18,5,500.0,none,False,136520.0,SOURCED,1.0956,0.9127,8502327.8,57728.3,0.7642
SIM_000079,Nyoma,4180.0,33.1958,78.6508,8.3,6.0,2.5,49.8,124.5,277.3,pu_sandwich_panel,0.13,none,0.0,cgi_sheet,0.002,rockwool,0.035,dense_concrete,0.12,6.4,0.0895,triple_pane,180.0,0,0.0,0.64,1.13,1,100.0,unflued_combustion,True,259861.0,SOURCED,1.6072,0.6222,14761638.7,60207.9,0.7971
SIM_000080,Chushul,4350.0,33.5936,78.6543,8.5,3.2,2.9,27.2,78.88,218.4,mud_brick,0.29,none,0.0,cgi_sheet,0.002,none,0.0,dense_concrete,0.17,6.5,0.0958,single_pane,180.0,0,0.0,0.42,3.51,8,800.0,electric,False,117634.0,SOURCED,3.3458,0.2989,37521089.2,58880.1,0.7795
SIM_000081,Rezang La,5000.0,33.425,78.8472,5.6,3.3,2.6,18.48,48.05,73.6,dense_concrete,0.16,eps,0.041,pu_sandwich_panel,0.15,none,0.0,dense_concrete,0.13,3.88,0.0838,double_pane,180.0,0,0.0,0.87,3.84,2,200.0,flued_stove,False,152839.0,SOURCED,1.4539,0.6878,21379329.0,54019.9,0.7151
SIM_000082,Pangong,4250.0,33.7595,78.6674,4.4,5.4,3.0,23.76,71.28,91.1,rammed_earth,0.47,straw_bale,0.067,cgi_sheet,0.002,none,0.0,stone_floor,0.16,3.04,0.0517,triple_pane,180.0,1,0.5,0.38,4.43,7,700.0,flued_stove,False,130502.0,SOURCED,2.5806,0.3875,56225564.5,59658.3,0.7898
SIM_000083,Depsang,5330.0,35.3167,78.0167,7.8,5.8,2.4,45.24,108.58,196.9,rammed_earth,0.42,straw_bale,0.146,cgi_sheet,0.002,none,0.0,stone_floor,0.16,4.93,0.0755,double_pane,180.0,1,0.5,0.75,1.19,8,800.0,electric,False,169279.0,SOURCED,3.0563,0.3272,63164210.1,51679.8,0.6842
SIM_000084,Kargil,2676.0,34.5539,76.1349,7.6,3.9,2.8,29.64,82.99,161.8,mud_brick,0.45,straw_bale,0.125,pu_sandwich_panel,0.1,none,0.0,stone_floor,0.14,6.15,0.0955,triple_pane,180.0,1,0.5,0.52,0.76,3,300.0,electric,False,230348.0,SOURCED,1.279,0.7819,49720127.4,73045.7,0.967
SIM_000085,Leh,3500.0,34.1526,77.5771,6.9,4.8,3.0,33.12,99.36,302.8,pu_sandwich_panel,0.11,none,0.0,cgi_sheet,0.002,rockwool,0.081,dense_concrete,0.24,0.38,0.0054,triple_pane,180.0,0,0.0,0.46,1.01,1,100.0,electric,False,223374.0,SOURCED,1.0074,0.9927,19155438.2,65764.1,0.8706
SIM_000086,Dras,3280.0,34.4293,75.7533,7.7,3.9,2.9,30.03,87.09,154.3,rammed_earth,0.36,straw_bale,0.121,concrete,0.14,eps,0.079,dense_concrete,0.2,7.1,0.1055,triple_pane,180.0,0,0.0,0.66,1.79,6,600.0,none,False,214532.0,SOURCED,1.225,0.8163,64083306.8,67647.9,0.8956
SIM_000087,Siachen,5400.0,35.4212,77.1095,5.2,4.1,2.4,21.32,51.17,98.6,stone_masonry,0.3,none,0.0,pu_sandwich_panel,0.07,none,0.0,stone_floor,0.1,1.74,0.039,single_pane,180.0,1,0.5,0.31,3.08,6,600.0,none,False,107160.0,SOURCED,2.8234,0.3542,30594846.1,51194.2,0.6777
SIM_000088,Daulat Beg Oldie,5065.0,35.4057,77.9297,10.0,3.7,2.5,37.0,92.5,202.2,dense_concrete,0.24,none,0.0,cgi_sheet,0.002,eps,0.07,dense_concrete,0.11,10.13,0.1479,double_pane,180.0,0,0.0,0.54,1.12,13,1300.0,none,False,226629.0,SOURCED,2.7768,0.3601,42014852.0,53552.3,0.709
SIM_000089,Galwan,4300.0,34.75,78.25,5.4,4.3,2.6,23.22,60.37,196.9,dense_concrete,0.18,none,0.0,cgi_sheet,0.002,rockwool,0.069,stone_floor,0.21,2.75,0.0545,double_pane,180.0,0,0.0,0.75,1.68,6,600.0,flued_stove,False,139988.0,SOURCED,2.8758,0.3477,30391662.3,59268.2,0.7846
SIM_000090,Hanle,4500.0,32.7784,78.9642,5.1,5.6,2.7,28.56,77.11,204.0,rammed_earth,0.45,eps,0.054,cgi_sheet,0.002,eps,0.073,stone_floor,0.19,1.88,0.0325,single_pane,180.0,1,0.5,0.68,4.27,3,300.0,electric,False,145828.0,SOURCED,1.3304,0.7517,57261805.5,57728.3,0.7642
SIM_000091,Nyoma,4180.0,33.1958,78.6508,7.8,3.6,3.2,28.08,89.86,177.7,stone_masonry,0.25,none,0.0,pu_sandwich_panel,0.07,none,0.0,stone_floor,0.1,5.06,0.0694,double_pane,180.0,0,0.0,0.69,1.88,4,400.0,unflued_combustion,True,154758.0,SOURCED,3.0227,0.3308,40370652.6,60207.9,0.7971
SIM_000092,Chushul,4350.0,33.5936,78.6543,4.7,5.5,3.0,25.85,77.55,156.7,pu_sandwich_panel,0.14,none,0.0,pu_sandwich_panel,0.15,none,0.0,stone_floor,0.24,4.03,0.0658,triple_pane,180.0,1,0.5,0.33,1.71,5,500.0,flued_stove,False,274449.0,SOURCED,0.9389,1.0651,13909604.1,58880.1,0.7795
SIM_000093,Rezang La,5000.0,33.425,78.8472,4.7,3.2,3.2,15.04,48.13,196.6,stone_masonry,0.46,straw_bale,0.071,concrete,0.13,rockwool,0.079,stone_floor,0.13,4.53,0.0896,triple_pane,180.0,0,0.0,0.57,0.59,4,400.0,unflued_combustion,True,175740.0,SOURCED,1.3622,0.7341,52067727.6,54019.9,0.7151
SIM_000094,Pangong,4250.0,33.7595,78.6674,4.8,4.8,2.6,23.04,59.9,333.2,dense_concrete,0.29,eps,0.074,concrete,0.1,none,0.0,dense_concrete,0.22,5.33,0.1068,single_pane,180.0,1,0.5,0.56,2.83,7,700.0,unflued_combustion,True,214530.0,SOURCED,2.1538,0.4643,46862006.0,59658.3,0.7898
SIM_000095,Depsang,5330.0,35.3167,78.0167,8.7,3.5,2.7,30.45,82.21,201.5,rammed_earth,0.2,rockwool,0.109,cgi_sheet,0.002,rockwool,0.091,dense_concrete,0.17,7.27,0.1104,single_pane,180.0,1,0.5,0.64,3.84,4,400.0,unflued_combustion,True,171695.0,SOURCED,1.2222,0.8182,33659398.0,51679.8,0.6842
SIM_000096,Kargil,2676.0,34.5539,76.1349,7.8,3.7,2.5,28.86,72.15,168.4,rammed_earth,0.27,none,0.0,pu_sandwich_panel,0.07,none,0.0,dense_concrete,0.25,8.54,0.1485,double_pane,180.0,1,0.5,0.23,0.11,6,600.0,electric,False,178889.0,SOURCED,2.0691,0.4833,40572310.3,73045.7,0.967
SIM_000097,Leh,3500.0,34.1526,77.5771,5.9,4.4,2.4,25.96,62.3,166.8,mud_brick,0.45,rockwool,0.144,concrete,0.11,rockwool,0.032,dense_concrete,0.22,0.41,0.0083,double_pane,180.0,1,0.5,0.87,2.15,5,500.0,none,False,200635.0,SOURCED,1.2152,0.8229,53083316.9,65764.1,0.8706
SIM_000098,Dras,3280.0,34.4293,75.7533,8.8,5.7,3.1,50.16,155.5,206.3,pu_sandwich_panel,0.09,none,0.0,concrete,0.15,rockwool,0.1,stone_floor,0.2,5.69,0.0633,single_pane,180.0,1,0.5,0.76,2.36,3,300.0,none,False,309084.0,SOURCED,1.2252,0.8162,39389815.4,67647.9,0.8956
SIM_000099,Siachen,5400.0,35.4212,77.1095,4.8,4.8,3.0,23.04,69.12,221.1,pu_sandwich_panel,0.12,none,0.0,concrete,0.13,none,0.0,dense_concrete,0.16,0.33,0.0057,triple_pane,180.0,0,0.0,0.33,1.67,6,600.0,unflued_combustion,True,168326.0,SOURCED,1.871,0.5345,15799613.6,51194.2,0.6777
SIM_000100,Daulat Beg Oldie,5065.0,35.4057,77.9297,4.9,4.4,2.8,21.56,60.37,182.4,stone_masonry,0.33,eps,0.081,cgi_sheet,0.002,rockwool,0.045,dense_concrete,0.18,2.89,0.0555,double_pane,180.0,1,0.5,0.59,3.84,8,800.0,electric,False,163884.0,SOURCED,1.2434,0.8042,42033988.6,53552.3,0.709
SIM_000101,Galwan,4300.0,34.75,78.25,9.9,5.8,3.0,57.42,172.26,199.3,rammed_earth,0.49,straw_bale,0.048,cgi_sheet,0.002,eps,0.048,dense_concrete,0.17,8.48,0.09,triple_pane,180.0,1,0.5,0.82,2.15,18,1800.0,unflued_combustion,True,299867.0,SOURCED,1.5819,0.6322,99533204.3,59268.2,0.7846
SIM_000102,Hanle,4500.0,32.7784,78.9642,4.8,5.8,3.1,27.84,86.3,164.7,dense_concrete,0.28,none,0.0,cgi_sheet,0.002,rockwool,0.051,stone_floor,0.13,5.24,0.0797,single_pane,180.0,1,0.5,0.65,2.12,1,100.0,none,False,210928.0,SOURCED,2.7011,0.3702,46971920.3,57728.3,0.7642
SIM_000103,Nyoma,4180.0,33.1958,78.6508,6.7,4.4,3.1,29.48,91.39,170.1,dense_concrete,0.15,eps,0.082,concrete,0.15,none,0.0,dense_concrete,0.14,5.64,0.082,single_pane,180.0,0,0.0,0.63,3.28,11,1100.0,none,False,195104.0,SOURCED,2.2815,0.4383,41714792.8,60207.9,0.7971
SIM_000104,Chushul,4350.0,33.5936,78.6543,7.7,4.3,3.1,33.11,102.64,156.8,dense_concrete,0.25,rockwool,0.073,cgi_sheet,0.002,none,0.0,dense_concrete,0.14,6.61,0.0888,double_pane,180.0,0,0.0,0.5,2.8,9,900.0,flued_stove,False,260284.0,SOURCED,2.674,0.374,50168535.2,58880.1,0.7795
SIM_000105,Rezang La,5000.0,33.425,78.8472,4.0,4.9,2.7,19.6,52.92,160.7,pu_sandwich_panel,0.07,none,0.0,concrete,0.11,rockwool,0.143,stone_floor,0.24,2.92,0.0608,double_pane,180.0,0,0.0,0.85,2.03,7,700.0,electric,False,134414.0,SOURCED,1.092,0.9158,15282792.3,54019.9,0.7151
SIM_000106,Pangong,4250.0,33.7595,78.6674,4.2,5.6,2.7,23.52,63.5,270.8,stone_masonry,0.29,none,0.0,concrete,0.18,eps,0.113,dense_concrete,0.11,1.98,0.0374,triple_pane,180.0,0,0.0,0.56,0.21,2,200.0,unflued_combustion,True,154518.0,SOURCED,2.7991,0.3573,45612828.6,59658.3,0.7898
SIM_000107,Depsang,5330.0,35.3167,78.0167,8.6,4.1,3.0,35.26,105.78,193.0,stone_masonry,0.4,none,0.0,pu_sandwich_panel,0.14,none,0.0,dense_concrete,0.13,0.65,0.0085,triple_pane,180.0,1,0.5,0.78,0.43,10,1000.0,electric,False,268774.0,SOURCED,2.4911,0.4014,71815431.1,51679.8,0.6842
SIM_000108,Kargil,2676.0,34.5539,76.1349,5.2,3.5,2.9,18.2,52.78,157.6,stone_masonry,0.44,eps,0.082,pu_sandwich_panel,0.14,none,0.0,stone_floor,0.1,0.07,0.0014,double_pane,180.0,0,0.0,0.34,1.61,5,500.0,unflued_combustion,True,184956.0,SOURCED,1.2191,0.8203,48904047.2,73045.7,0.967
SIM_000109,Leh,3500.0,34.1526,77.5771,6.0,4.6,2.9,27.6,80.04,184.2,pu_sandwich_panel,0.12,none,0.0,concrete,0.16,eps,0.091,dense_concrete,0.24,2.3,0.0374,single_pane,180.0,0,0.0,0.5,3.17,1,100.0,none,False,225876.0,SOURCED,1.0697,0.9348,25947628.3,65764.1,0.8706
SIM_000110,Dras,3280.0,34.4293,75.7533,9.1,5.7,2.5,51.87,129.67,196.0,pu_sandwich_panel,0.07,none,0.0,cgi_sheet,0.002,eps,0.049,stone_floor,0.15,5.22,0.0705,single_pane,180.0,1,0.5,0.7,1.73,7,700.0,electric,False,182138.0,SOURCED,1.5599,0.6411,17397251.8,67647.9,0.8956
SIM_000111,Siachen,5400.0,35.4212,77.1095,7.4,5.5,2.5,40.7,101.75,190.9,dense_concrete,0.12,none,0.0,cgi_sheet,0.002,none,0.0,dense_concrete,0.23,2.21,0.0343,triple_pane,180.0,1,0.5,0.68,0.37,16,1600.0,electric,False,176766.0,SOURCED,4.368,0.2289,39096405.9,51194.2,0.6777
SIM_000112,Daulat Beg Oldie,5065.0,35.4057,77.9297,4.8,3.3,3.2,15.84,50.69,73.2,mud_brick,0.2,straw_bale,0.067,pu_sandwich_panel,0.06,none,0.0,dense_concrete,0.21,4.65,0.0897,single_pane,180.0,0,0.0,0.75,3.81,3,300.0,none,False,89703.0,SOURCED,1.4477,0.6908,22485328.0,53552.3,0.709
SIM_000113,Galwan,4300.0,34.75,78.25,4.1,3.6,2.8,14.76,41.33,170.7,stone_masonry,0.48,straw_bale,0.071,concrete,0.11,eps,0.09,dense_concrete,0.1,4.04,0.0937,single_pane,180.0,0,0.0,0.66,1.52,5,500.0,flued_stove,False,134387.0,SOURCED,1.6733,0.5976,45574484.0,59268.2,0.7846
SIM_000114,Hanle,4500.0,32.7784,78.9642,4.3,3.9,2.7,16.77,45.28,209.7,pu_sandwich_panel,0.11,none,0.0,concrete,0.17,rockwool,0.066,dense_concrete,0.18,3.87,0.0874,triple_pane,180.0,0,0.0,0.53,3.97,2,200.0,flued_stove,False,155649.0,SOURCED,1.0762,0.9292,13828179.5,57728.3,0.7642
SIM_000115,Nyoma,4180.0,33.1958,78.6508,9.4,3.2,3.1,30.08,93.25,168.1,stone_masonry,0.29,rockwool,0.037,cgi_sheet,0.002,none,0.0,stone_floor,0.24,8.46,0.1083,triple_pane,180.0,0,0.0,0.5,1.23,6,600.0,flued_stove,False,235724.0,SOURCED,2.51,0.3984,56470679.2,60207.9,0.7971
SIM_000116,Chushul,4350.0,33.5936,78.6543,7.5,5.6,2.7,42.0,113.4,194.8,rammed_earth,0.36,straw_bale,0.058,pu_sandwich_panel,0.12,none,0.0,dense_concrete,0.22,2.03,0.0287,single_pane,180.0,0,0.0,0.85,4.21,5,500.0,electric,False,233403.0,SOURCED,1.3903,0.7193,66936221.2,58880.1,0.7795
SIM_000117,Rezang La,5000.0,33.425,78.8472,8.4,5.3,2.6,44.52,115.75,99.9,mud_brick,0.28,rockwool,0.099,cgi_sheet,0.002,eps,0.034,dense_concrete,0.17,4.64,0.0651,triple_pane,180.0,0,0.0,0.38,1.51,11,1100.0,flued_stove,False,226356.0,SOURCED,1.4731,0.6788,46040111.5,54019.9,0.7151
SIM_000118,Pangong,4250.0,33.7595,78.6674,8.0,3.7,2.5,29.6,74.0,208.4,dense_concrete,0.21,rockwool,0.04,pu_sandwich_panel,0.14,none,0.0,dense_concrete,0.18,1.92,0.0328,double_pane,180.0,1,0.5,0.31,4.38,11,1100.0,electric,False,245441.0,SOURCED,1.3406,0.7459,39964592.7,59658.3,0.7898
SIM_000119,Depsang,5330.0,35.3167,78.0167,9.8,4.9,2.6,48.02,124.85,207.2,stone_masonry,0.47,rockwool,0.051,pu_sandwich_panel,0.12,none,0.0,stone_floor,0.1,7.63,0.0998,triple_pane,180.0,0,0.0,0.34,1.16,17,1700.0,electric,False,362074.0,SOURCED,1.6125,0.6202,75953137.3,51679.8,0.6842
SIM_000120,Kargil,2676.0,34.5539,76.1349,6.5,3.3,3.2,21.45,68.64,171.5,stone_masonry,0.33,none,0.0,concrete,0.13,none,0.0,stone_floor,0.24,1.03,0.0164,single_pane,180.0,1,0.5,0.24,1.62,7,700.0,flued_stove,False,158873.0,SOURCED,3.3713,0.2966,58460881.1,73045.7,0.967
SIM_000121,Leh,3500.0,34.1526,77.5771,6.3,3.0,2.5,18.9,47.25,192.1,rammed_earth,0.31,none,0.0,concrete,0.16,eps,0.088,dense_concrete,0.16,5.64,0.1213,double_pane,180.0,0,0.0,0.21,2.49,6,600.0,flued_stove,False,114237.0,SOURCED,2.2915,0.4364,36809834.4,65764.1,0.8706
SIM_000122,Dras,3280.0,34.4293,75.7533,6.7,4.8,2.6,32.16,83.62,174.8,mud_brick,0.44,eps,0.083,concrete,0.1,none,0.0,dense_concrete,0.18,1.16,0.0194,double_pane,180.0,1,0.5,0.7,3.43,12,1200.0,unflued_combustion,True,194731.0,SOURCED,2.2619,0.4421,59555840.2,67647.9,0.8956
SIM_000123,Siachen,5400.0,35.4212,77.1095,6.1,3.7,2.7,22.57,60.94,161.4,mud_brick,0.43,straw_bale,0.076,cgi_sheet,0.002,rockwool,0.096,stone_floor,0.18,1.06,0.02,single_pane,180.0,1,0.5,0.79,0.41,7,700.0,electric,False,133055.0,SOURCED,1.2758,0.7838,43071788.3,51194.2,0.6777
SIM_000124,Daulat Beg Oldie,5065.0,35.4057,77.9297,6.9,3.8,3.0,26.22,78.66,197.5,rammed_earth,0.35,eps,0.055,concrete,0.18,rockwool,0.103,stone_floor,0.18,4.54,0.0707,triple_pane,180.0,0,0.0,0.59,2.09,8,800.0,none,False,192816.0,SOURCED,1.264,0.7911,58749811.2,53552.3,0.709
SIM_000125,Galwan,4300.0,34.75,78.25,9.5,5.4,2.5,51.3,128.25,154.3,pu_sandwich_panel,0.13,none,0.0,pu_sandwich_panel,0.15,none,0.0,dense_concrete,0.22,8.27,0.111,single_pane,180.0,0,0.0,0.51,2.47,10,1000.0,unflued_combustion,True,379921.0,SOURCED,1.3578,0.7365,26972005.3,59268.2,0.7846
SIM_000126,Hanle,4500.0,32.7784,78.9642,4.6,5.2,2.8,23.92,66.98,191.3,mud_brick,0.43,eps,0.125,cgi_sheet,0.002,rockwool,0.104,dense_concrete,0.24,2.48,0.0452,double_pane,180.0,0,0.0,0.8,2.17,9,900.0,electric,False,196837.0,SOURCED,1.0324,0.9686,47471819.7,57728.3,0.7642
SIM_000127,Nyoma,4180.0,33.1958,78.6508,8.3,3.4,3.1,28.22,87.48,194.5,dense_concrete,0.22,rockwool,0.055,cgi_sheet,0.002,rockwool,0.107,stone_floor,0.19,4.78,0.0659,single_pane,180.0,1,0.5,0.86,1.58,7,700.0,flued_stove,False,241881.0,SOURCED,1.2552,0.7967,46233786.1,60207.9,0.7971
SIM_000128,Chushul,4350.0,33.5936,78.6543,6.5,5.2,3.2,33.8,108.16,158.8,dense_concrete,0.13,none,0.0,cgi_sheet,0.002,none,0.0,stone_floor,0.23,5.32,0.071,double_pane,180.0,1,0.5,0.62,3.64,8,800.0,flued_stove,False,176430.0,SOURCED,4.2696,0.2342,37656015.0,58880.1,0.7795
SIM_000129,Rezang La,5000.0,33.425,78.8472,10.0,5.4,3.0,54.0,162.0,206.6,dense_concrete,0.21,straw_bale,0.056,concrete,0.12,none,0.0,stone_floor,0.17,1.29,0.014,triple_pane,180.0,0,0.0,0.69,1.3,12,1200.0,electric,False,301838.0,SOURCED,2.6123,0.3828,79544290.1,54019.9,0.7151
SIM_000130,Pangong,4250.0,33.7595,78.6674,9.7,4.6,3.1,44.62,138.32,11.8,stone_masonry,0.2,eps,0.047,concrete,0.17,eps,0.068,stone_floor,0.12,1.05,0.0118,double_pane,180.0,0,0.0,0.78,0.21,11,1100.0,none,False,226853.0,SOURCED,1.5578,0.6419,64508977.2,59658.3,0.7898
SIM_000131,Depsang,5330.0,35.3167,78.0167,9.5,3.4,2.6,32.3,83.98,340.0,rammed_earth,0.31,eps,0.057,concrete,0.16,none,0.0,stone_floor,0.23,7.73,0.1152,single_pane,180.0,0,0.0,0.27,0.94,6,600.0,electric,False,174446.0,SOURCED,2.3685,0.4222,60966471.6,51679.8,0.6842
SIM_000132,Kargil,2676.0,34.5539,76.1349,6.5,4.5,2.6,29.25,76.05,140.1,stone_masonry,0.48,none,0.0,concrete,0.12,none,0.0,stone_floor,0.2,5.87,0.1026,single_pane,180.0,1,0.5,0.65,0.37,6,600.0,none,False,207311.0,SOURCED,3.214,0.3111,70249173.7,73045.7,0.967
SIM_000133,Leh,3500.0,34.1526,77.5771,6.8,3.6,2.8,24.48,68.54,145.9,stone_masonry,0.3,eps,0.058,pu_sandwich_panel,0.15,none,0.0,stone_floor,0.12,0.06,0.001,double_pane,180.0,1,0.5,0.9,3.46,5,500.0,none,False,184624.0,SOURCED,1.3252,0.7546,41813375.4,65764.1,0.8706
SIM_000134,Dras,3280.0,34.4293,75.7533,6.2,4.5,3.1,27.9,86.49,256.3,mud_brick,0.28,straw_bale,0.06,cgi_sheet,0.002,none,0.0,stone_floor,0.19,5.13,0.0773,double_pane,180.0,1,0.5,0.8,4.23,10,1000.0,electric,False,137714.0,SOURCED,2.6122,0.3828,37918203.9,67647.9,0.8956
SIM_000135,Siachen,5400.0,35.4212,77.1095,9.3,4.4,2.4,40.92,98.21,156.6,rammed_earth,0.34,straw_bale,0.134,concrete,0.17,none,0.0,dense_concrete,0.1,3.45,0.0525,double_pane,180.0,0,0.0,0.76,4.14,7,700.0,unflued_combustion,True,167469.0,SOURCED,2.5029,0.3995,65265140.6,51194.2,0.6777
SIM_000136,Daulat Beg Oldie,5065.0,35.4057,77.9297,9.0,4.2,2.5,37.8,94.5,162.3,dense_concrete,0.15,rockwool,0.03,pu_sandwich_panel,0.12,none,0.0,dense_concrete,0.22,4.74,0.0718,triple_pane,180.0,1,0.5,0.65,2.92,8,800.0,electric,False,282224.0,SOURCED,1.3959,0.7164,40656947.1,53552.3,0.709
SIM_000137,Galwan,4300.0,34.75,78.25,9.3,5.5,2.7,51.15,138.11,84.4,pu_sandwich_panel,0.06,none,0.0,cgi_sheet,0.002,eps,0.067,dense_concrete,0.19,0.31,0.0039,double_pane,180.0,0,0.0,0.32,4.43,5,500.0,none,False,196558.0,SOURCED,1.3213,0.7568,23231899.6,59268.2,0.7846
SIM_000138,Hanle,4500.0,32.7784,78.9642,7.2,4.9,3.0,35.28,105.84,167.9,pu_sandwich_panel,0.1,none,0.0,pu_sandwich_panel,0.13,none,0.0,dense_concrete,0.16,3.88,0.0534,triple_pane,180.0,0,0.0,0.53,1.04,7,700.0,none,False,263444.0,SOURCED,1.1354,0.8807,13706001.6,57728.3,0.7642
SIM_000139,Nyoma,4180.0,33.1958,78.6508,9.0,5.8,2.4,52.2,125.28,173.0,stone_masonry,0.39,rockwool,0.095,pu_sandwich_panel,0.11,none,0.0,stone_floor,0.21,1.99,0.028,triple_pane,180.0,0,0.0,0.23,3.84,18,1800.0,flued_stove,False,362212.0,SOURCED,1.2987,0.77,78270518.5,60207.9,0.7971
SIM_000140,Chushul,4350.0,33.5936,78.6543,5.3,3.7,2.9,19.61,56.87,209.2,rammed_earth,0.42,straw_bale,0.085,cgi_sheet,0.002,none,0.0,dense_concrete,0.12,3.83,0.0734,double_pane,180.0,1,0.5,0.55,3.92,6,600.0,unflued_combustion,True,103927.0,SOURCED,2.5171,0.3973,42985537.0,58880.1,0.7795
SIM_000141,Rezang La,5000.0,33.425,78.8472,4.9,4.3,2.7,21.07,56.89,316.6,pu_sandwich_panel,0.08,none,0.0,cgi_sheet,0.002,none,0.0,dense_concrete,0.2,2.77,0.0558,double_pane,180.0,1,0.5,0.38,0.85,7,700.0,unflued_combustion,True,119063.0,SOURCED,2.3377,0.4278,10101016.1,54019.9,0.7151
SIM_000142,Pangong,4250.0,33.7595,78.6674,4.1,4.6,2.6,18.86,49.04,193.9,rammed_earth,0.21,eps,0.115,concrete,0.14,rockwool,0.134,stone_floor,0.24,3.48,0.0769,double_pane,180.0,1,0.5,0.25,1.29,7,700.0,electric,False,142111.0,SOURCED,1.0427,0.959,31785703.9,59658.3,0.7898
SIM_000143,Depsang,5330.0,35.3167,78.0167,5.7,5.0,3.1,28.5,88.35,196.8,rammed_earth,0.24,straw_bale,0.092,concrete,0.16,eps,0.045,stone_floor,0.19,2.26,0.0341,double_pane,180.0,0,0.0,0.62,0.53,5,500.0,unflued_combustion,True,138541.0,SOURCED,1.393,0.7179,50950351.9,51679.8,0.6842
SIM_000144,Kargil,2676.0,34.5539,76.1349,6.4,3.9,3.0,24.96,74.88,256.2,pu_sandwich_panel,0.06,none,0.0,cgi_sheet,0.002,none,0.0,dense_concrete,0.14,1.24,0.0201,triple_pane,180.0,0,0.0,0.3,3.27,5,500.0,flued_stove,False,104296.0,SOURCED,2.4261,0.4122,8500274.3,73045.7,0.967
SIM_000145,Leh,3500.0,34.1526,77.5771,5.5,3.0,3.2,16.5,52.8,261.2,mud_brick,0.49,rockwool,0.065,cgi_sheet,0.002,none,0.0,dense_concrete,0.25,0.47,0.0086,single_pane,180.0,0,0.0,0.89,4.46,1,100.0,electric,False,151163.0,SOURCED,1.9879,0.503,49331437.4,65764.1,0.8706
SIM_000146,Dras,3280.0,34.4293,75.7533,7.6,3.8,2.9,28.88,83.75,101.2,stone_masonry,0.34,eps,0.113,cgi_sheet,0.002,rockwool,0.124,dense_concrete,0.11,0.26,0.0039,triple_pane,180.0,0,0.0,0.44,2.51,7,700.0,flued_stove,False,212555.0,SOURCED,1.2332,0.8109,53146218.7,67647.9,0.8956
SIM_000147,Siachen,5400.0,35.4212,77.1095,8.8,4.5,2.7,39.6,106.92,175.9,rammed_earth,0.3,none,0.0,pu_sandwich_panel,0.08,none,0.0,stone_floor,0.12,9.18,0.1278,triple_pane,180.0,0,0.0,0.39,0.43,10,1000.0,unflued_combustion,True,199192.0,SOURCED,2.3117,0.4326,44173833.7,51194.2,0.6777
SIM_000148,Daulat Beg Oldie,5065.0,35.4057,77.9297,7.6,5.2,2.9,39.52,114.61,154.0,rammed_earth,0.4,straw_bale,0.089,cgi_sheet,0.002,rockwool,0.092,dense_concrete,0.18,6.01,0.081,double_pane,180.0,0,0.0,0.22,3.0,10,1000.0,unflued_combustion,True,199135.0,SOURCED,1.4069,0.7108,67213409.8,53552.3,0.709
SIM_000149,Galwan,4300.0,34.75,78.25,4.7,4.7,3.1,22.09,68.48,291.2,dense_concrete,0.14,eps,0.032,cgi_sheet,0.002,eps,0.05,stone_floor,0.15,4.08,0.07,single_pane,180.0,0,0.0,0.27,1.94,1,100.0,flued_stove,False,121765.0,SOURCED,1.7364,0.5759,24812357.7,59268.2,0.7846
SIM_000150,Hanle,4500.0,32.7784,78.9642,7.8,5.7,2.4,44.46,106.7,267.6,stone_masonry,0.47,rockwool,0.093,concrete,0.15,none,0.0,dense_concrete,0.19,5.11,0.0789,single_pane,180.0,0,0.0,0.87,0.39,16,1600.0,flued_stove,False,305517.0,SOURCED,2.4959,0.4007,91630966.8,57728.3,0.7642
SIM_000151,Nyoma,4180.0,33.1958,78.6508,9.1,4.8,2.8,43.68,122.3,190.1,pu_sandwich_panel,0.1,none,0.0,pu_sandwich_panel,0.08,none,0.0,dense_concrete,0.15,9.27,0.1191,triple_pane,180.0,0,0.0,0.55,1.99,15,1500.0,electric,False,292765.0,SOURCED,1.2837,0.779,15747249.9,60207.9,0.7971
SIM_000152,Chushul,4350.0,33.5936,78.6543,4.1,6.0,2.9,24.6,71.34,182.3,stone_masonry,0.46,none,0.0,cgi_sheet,0.002,rockwool,0.05,stone_floor,0.23,1.56,0.0266,triple_pane,180.0,0,0.0,0.33,4.08,8,800.0,none,False,191596.0,SOURCED,2.3703,0.4219,65191002.1,58880.1,0.7795
SIM_000153,Rezang La,5000.0,33.425,78.8472,9.4,4.9,2.5,46.06,115.15,86.3,rammed_earth,0.25,straw_bale,0.025,concrete,0.16,none,0.0,dense_concrete,0.19,1.15,0.0161,triple_pane,180.0,0,0.0,0.47,2.17,1,100.0,unflued_combustion,True,185483.0,SOURCED,2.6885,0.372,69166792.9,54019.9,0.7151
SIM_000154,Pangong,4250.0,33.7595,78.6674,7.8,4.4,3.0,34.32,102.96,168.4,rammed_earth,0.4,straw_bale,0.132,cgi_sheet,0.002,none,0.0,dense_concrete,0.12,4.67,0.0638,single_pane,180.0,0,0.0,0.68,2.3,2,200.0,electric,False,134738.0,SOURCED,2.8282,0.3536,60943731.3,59658.3,0.7898
SIM_000155,Depsang,5330.0,35.3167,78.0167,5.2,5.8,2.7,30.16,81.43,158.8,rammed_earth,0.27,none,0.0,pu_sandwich_panel,0.1,none,0.0,stone_floor,0.22,5.04,0.0848,double_pane,180.0,1,0.5,0.54,3.99,3,300.0,none,False,163729.0,SOURCED,2.1832,0.458,40743647.4,51679.8,0.6842
SIM_000156,Kargil,2676.0,34.5539,76.1349,4.3,4.0,2.6,17.2,44.72,185.2,dense_concrete,0.17,eps,0.033,pu_sandwich_panel,0.07,none,0.0,dense_concrete,0.21,1.93,0.0447,triple_pane,180.0,0,0.0,0.82,3.56,2,200.0,electric,False,135040.0,SOURCED,1.3395,0.7465,24587035.8,73045.7,0.967
SIM_000157,Leh,3500.0,34.1526,77.5771,7.7,4.3,3.0,33.11,99.33,180.7,stone_masonry,0.33,none,0.0,concrete,0.11,rockwool,0.128,stone_floor,0.18,2.73,0.0379,single_pane,180.0,0,0.0,0.59,2.55,6,600.0,electric,False,214583.0,SOURCED,2.6665,0.375,67383140.9,65764.1,0.8706
SIM_000158,Dras,3280.0,34.4293,75.7533,5.6,5.8,2.9,32.48,94.19,178.6,pu_sandwich_panel,0.08,none,0.0,cgi_sheet,0.002,none,0.0,dense_concrete,0.2,1.72,0.026,double_pane,180.0,0,0.0,0.86,1.29,9,900.0,electric,False,155349.0,SOURCED,2.5058,0.3991,15557298.4,67647.9,0.8956
SIM_000159,Siachen,5400.0,35.4212,77.1095,4.8,5.2,2.7,24.96,67.39,175.1,stone_masonry,0.39,rockwool,0.043,pu_sandwich_panel,0.1,none,0.0,dense_concrete,0.18,1.67,0.0309,triple_pane,180.0,0,0.0,0.25,1.44,2,200.0,flued_stove,False,204261.0,SOURCED,1.2986,0.7701,51753785.1,51194.2,0.6777
SIM_000160,Daulat Beg Oldie,5065.0,35.4057,77.9297,5.0,5.8,3.0,29.0,87.0,180.7,rammed_earth,0.23,straw_bale,0.061,concrete,0.14,rockwool,0.044,stone_floor,0.19,6.23,0.0961,single_pane,180.0,1,0.5,0.26,3.58,4,400.0,electric,False,141246.0,SOURCED,1.5232,0.6565,46115574.1,53552.3,0.709
SIM_000161,Galwan,4300.0,34.75,78.25,5.3,4.2,2.6,22.26,57.88,172.1,stone_masonry,0.32,straw_bale,0.113,concrete,0.13,none,0.0,stone_floor,0.23,1.02,0.0206,single_pane,180.0,0,0.0,0.74,1.94,5,500.0,electric,False,143573.0,SOURCED,2.1307,0.4693,49874312.6,59268.2,0.7846
SIM_000162,Hanle,4500.0,32.7784,78.9642,8.3,4.6,2.5,38.18,95.45,129.3,rammed_earth,0.31,eps,0.074,concrete,0.18,eps,0.031,dense_concrete,0.25,4.61,0.0715,double_pane,180.0,1,0.5,0.32,2.06,14,1400.0,unflued_combustion,True,241397.0,SOURCED,1.3333,0.75,71448491.5,57728.3,0.7642
SIM_000163,Nyoma,4180.0,33.1958,78.6508,5.3,3.7,2.7,19.61,52.95,182.9,pu_sandwich_panel,0.13,none,0.0,cgi_sheet,0.002,none,0.0,dense_concrete,0.12,5.96,0.1226,double_pane,180.0,1,0.5,0.73,3.23,6,600.0,none,False,150352.0,SOURCED,2.4153,0.414,5912032.0,60207.9,0.7971
SIM_000164,Chushul,4350.0,33.5936,78.6543,8.9,4.1,3.2,36.49,116.77,167.8,mud_brick,0.39,none,0.0,cgi_sheet,0.002,rockwool,0.104,stone_floor,0.21,8.75,0.1052,double_pane,180.0,1,0.5,0.21,0.44,3,300.0,electric,False,237962.0,SOURCED,1.6862,0.593,60238494.4,58880.1,0.7795
SIM_000165,Rezang La,5000.0,33.425,78.8472,5.7,5.3,2.4,30.21,72.5,311.7,pu_sandwich_panel,0.08,none,0.0,pu_sandwich_panel,0.09,none,0.0,stone_floor,0.13,5.75,0.1089,triple_pane,180.0,1,0.5,0.45,1.86,5,500.0,flued_stove,False,185416.0,SOURCED,1.3639,0.7332,8760664.9,54019.9,0.7151
SIM_000166,Pangong,4250.0,33.7595,78.6674,6.2,4.0,2.8,24.8,69.44,75.0,mud_brick,0.32,straw_bale,0.128,cgi_sheet,0.002,none,0.0,stone_floor,0.2,5.52,0.0966,single_pane,180.0,1,0.5,0.52,1.22,7,700.0,none,False,126839.0,SOURCED,2.5033,0.3995,36790521.8,59658.3,0.7898
SIM_000167,Depsang,5330.0,35.3167,78.0167,7.2,3.4,3.1,24.48,75.89,209.9,rammed_earth,0.26,none,0.0,cgi_sheet,0.002,eps,0.137,dense_concrete,0.12,7.75,0.1179,single_pane,180.0,1,0.5,0.68,3.97,9,900.0,flued_stove,False,116644.0,SOURCED,2.3886,0.4187,34239307.3,51679.8,0.6842
SIM_000168,Kargil,2676.0,34.5539,76.1349,6.9,4.3,2.5,29.67,74.18,187.5,mud_brick,0.23,none,0.0,cgi_sheet,0.002,none,0.0,dense_concrete,0.17,1.17,0.0209,double_pane,180.0,0,0.0,0.66,0.27,2,200.0,electric,False,96983.0,SOURCED,3.5014,0.2856,30761132.4,73045.7,0.967
SIM_000169,Leh,3500.0,34.1526,77.5771,9.9,3.8,2.6,37.62,97.81,162.1,dense_concrete,0.18,none,0.0,concrete,0.19,eps,0.1,stone_floor,0.15,10.06,0.1412,double_pane,180.0,1,0.5,0.7,2.02,13,1300.0,flued_stove,False,274216.0,SOURCED,2.7474,0.364,53977087.7,65764.1,0.8706
SIM_000170,Dras,3280.0,34.4293,75.7533,5.5,5.7,3.0,31.35,94.05,105.3,stone_masonry,0.38,eps,0.105,cgi_sheet,0.002,none,0.0,stone_floor,0.15,3.7,0.0551,double_pane,180.0,1,0.5,0.36,1.09,5,500.0,electric,False,218608.0,SOURCED,2.595,0.3854,59191652.1,67647.9,0.8956
SIM_000171,Siachen,5400.0,35.4212,77.1095,8.1,4.2,2.8,34.02,95.26,196.0,pu_sandwich_panel,0.05,none,0.0,pu_sandwich_panel,0.06,none,0.0,stone_floor,0.23,0.33,0.0048,single_pane,180.0,1,0.5,0.43,2.82,12,1200.0,flued_stove,False,147893.0,SOURCED,1.1906,0.8399,16998403.2,51194.2,0.6777
SIM_000172,Daulat Beg Oldie,5065.0,35.4057,77.9297,7.0,3.7,3.0,25.9,77.7,156.0,dense_concrete,0.3,none,0.0,pu_sandwich_panel,0.15,none,0.0,dense_concrete,0.14,7.4,0.1153,double_pane,180.0,0,0.0,0.84,2.76,9,900.0,flued_stove,False,276249.0,SOURCED,2.5406,0.3936,47804721.0,53552.3,0.709
SIM_000173,Galwan,4300.0,34.75,78.25,9.0,4.3,3.1,38.7,119.97,194.3,rammed_earth,0.24,eps,0.112,concrete,0.11,rockwool,0.075,dense_concrete,0.23,3.15,0.0382,single_pane,180.0,0,0.0,0.35,1.98,6,600.0,unflued_combustion,True,236685.0,SOURCED,1.1751,0.851,65047845.8,59268.2,0.7846
SIM_000174,Hanle,4500.0,32.7784,78.9642,6.5,3.7,2.7,24.05,64.94,183.8,mud_brick,0.49,rockwool,0.133,cgi_sheet,0.002,rockwool,0.038,dense_concrete,0.14,6.01,0.1091,double_pane,180.0,1,0.5,0.66,2.58,4,400.0,flued_stove,False,200898.0,SOURCED,1.3095,0.7637,44244322.3,57728.3,0.7642
SIM_000175,Nyoma,4180.0,33.1958,78.6508,8.2,3.5,2.4,28.7,68.88,189.6,pu_sandwich_panel,0.12,none,0.0,cgi_sheet,0.002,none,0.0,stone_floor,0.22,8.63,0.1537,triple_pane,180.0,0,0.0,0.3,2.44,5,500.0,unflued_combustion,True,208779.0,SOURCED,2.5763,0.3882,14006733.4,60207.9,0.7971
SIM_000176,Chushul,4350.0,33.5936,78.6543,8.5,3.2,3.1,27.2,84.32,195.5,mud_brick,0.21,straw_bale,0.098,concrete,0.13,eps,0.087,dense_concrete,0.2,11.34,0.1563,single_pane,180.0,1,0.5,0.54,4.19,7,700.0,electric,False,181058.0,SOURCED,1.2312,0.8122,41207795.6,58880.1,0.7795
SIM_000177,Rezang La,5000.0,33.425,78.8472,8.0,3.9,2.7,31.2,84.24,188.4,dense_concrete,0.14,rockwool,0.144,concrete,0.18,rockwool,0.093,dense_concrete,0.19,0.31,0.0048,triple_pane,180.0,0,0.0,0.21,3.77,10,1000.0,flued_stove,False,259554.0,SOURCED,1.1032,0.9065,47691936.2,54019.9,0.7151
SIM_000178,Pangong,4250.0,33.7595,78.6674,5.7,4.1,3.2,23.37,74.78,183.8,rammed_earth,0.31,none,0.0,cgi_sheet,0.002,rockwool,0.074,dense_concrete,0.24,4.24,0.0676,single_pane,180.0,0,0.0,0.66,1.2,4,400.0,flued_stove,False,119360.0,SOURCED,2.2949,0.4357,45836161.9,59658.3,0.7898
SIM_000179,Depsang,5330.0,35.3167,78.0167,8.3,4.4,2.9,36.52,105.91,189.1,mud_brick,0.41,straw_bale,0.064,pu_sandwich_panel,0.12,none,0.0,stone_floor,0.24,8.63,0.1172,triple_pane,180.0,1,0.5,0.42,3.61,12,1200.0,flued_stove,False,306095.0,SOURCED,1.2268,0.8151,59654296.1,51679.8,0.6842
SIM_000180,Kargil,2676.0,34.5539,76.1349,8.3,4.6,2.9,38.18,110.72,205.2,stone_masonry,0.26,rockwool,0.047,cgi_sheet,0.002,rockwool,0.043,dense_concrete,0.21,9.94,0.1329,triple_pane,180.0,0,0.0,0.33,1.24,6,600.0,electric,False,264218.0,SOURCED,1.4383,0.6953,53031083.1,73045.7,0.967
SIM_000181,Leh,3500.0,34.1526,77.5771,8.4,3.7,3.2,31.08,99.46,201.2,stone_masonry,0.25,none,0.0,pu_sandwich_panel,0.07,none,0.0,dense_concrete,0.2,4.6,0.0594,triple_pane,180.0,1,0.5,0.61,2.87,7,700.0,flued_stove,False,216818.0,SOURCED,2.722,0.3674,51217014.7,65764.1,0.8706
SIM_000182,Dras,3280.0,34.4293,75.7533,7.4,4.7,3.2,34.78,111.3,51.9,rammed_earth,0.49,straw_bale,0.03,pu_sandwich_panel,0.14,none,0.0,dense_concrete,0.15,0.58,0.0075,single_pane,180.0,0,0.0,0.77,2.86,11,1100.0,flued_stove,False,221087.0,SOURCED,1.515,0.6601,80619013.9,67647.9,0.8956
SIM_000183,Siachen,5400.0,35.4212,77.1095,7.7,5.9,2.8,45.43,127.2,178.2,dense_concrete,0.27,none,0.0,concrete,0.1,rockwool,0.099,stone_floor,0.22,9.58,0.1258,triple_pane,180.0,1,0.5,0.5,0.55,17,1700.0,electric,False,382617.0,SOURCED,2.344,0.4266,73301588.6,51194.2,0.6777
SIM_000184,Daulat Beg Oldie,5065.0,35.4057,77.9297,8.3,5.5,2.6,45.65,118.69,187.6,rammed_earth,0.23,eps,0.109,pu_sandwich_panel,0.08,none,0.0,dense_concrete,0.17,2.23,0.0311,triple_pane,180.0,1,0.5,0.69,1.95,13,1300.0,electric,False,232031.0,SOURCED,1.2715,0.7865,47188905.3,53552.3,0.709
SIM_000185,Galwan,4300.0,34.75,78.25,7.5,5.9,3.0,44.25,132.75,171.2,mud_brick,0.48,rockwool,0.062,cgi_sheet,0.002,none,0.0,stone_floor,0.14,3.34,0.0415,single_pane,180.0,1,0.5,0.4,0.15,2,200.0,flued_stove,False,221711.0,SOURCED,2.8485,0.3511,69128280.9,59268.2,0.7846
SIM_000186,Hanle,4500.0,32.7784,78.9642,9.3,4.6,2.9,42.78,124.06,191.4,pu_sandwich_panel,0.07,none,0.0,cgi_sheet,0.002,rockwool,0.03,dense_concrete,0.24,7.08,0.0878,double_pane,180.0,0,0.0,0.3,3.4,16,1600.0,none,False,222902.0,SOURCED,1.3691,0.7304,24370206.9,57728.3,0.7642
SIM_000187,Nyoma,4180.0,33.1958,78.6508,9.2,5.5,3.0,50.6,151.8,197.9,mud_brick,0.46,none,0.0,concrete,0.14,none,0.0,dense_concrete,0.12,2.94,0.0333,single_pane,180.0,0,0.0,0.45,1.04,1,100.0,flued_stove,False,238906.0,SOURCED,2.8516,0.3507,89052920.8,60207.9,0.7971
SIM_000188,Chushul,4350.0,33.5936,78.6543,9.0,5.1,2.9,45.9,133.11,118.7,pu_sandwich_panel,0.1,none,0.0,concrete,0.18,eps,0.081,stone_floor,0.22,6.94,0.0849,triple_pane,180.0,1,0.5,0.51,4.25,18,1800.0,none,False,341985.0,SOURCED,1.1867,0.8427,41114356.5,58880.1,0.7795
SIM_000189,Rezang La,5000.0,33.425,78.8472,9.0,4.3,2.7,38.7,104.49,95.9,stone_masonry,0.26,straw_bale,0.138,pu_sandwich_panel,0.11,none,0.0,dense_concrete,0.22,0.75,0.0104,double_pane,180.0,0,0.0,0.35,3.95,14,1400.0,flued_stove,False,250112.0,SOURCED,1.1564,0.8648,59089658.8,54019.9,0.7151
SIM_000190,Pangong,4250.0,33.7595,78.6674,4.4,4.1,2.5,18.04,45.1,202.9,rammed_earth,0.49,none,0.0,cgi_sheet,0.002,none,0.0,dense_concrete,0.22,2.71,0.0638,triple_pane,180.0,1,0.5,0.7,0.47,7,700.0,unflued_combustion,True,110490.0,SOURCED,3.0559,0.3272,44393901.0,59658.3,0.7898
SIM_000191,Depsang,5330.0,35.3167,78.0167,4.2,4.4,2.4,18.48,44.35,112.4,mud_brick,0.42,none,0.0,pu_sandwich_panel,0.11,none,0.0,dense_concrete,0.25,4.17,0.101,double_pane,180.0,1,0.5,0.22,3.81,6,600.0,none,False,148741.0,SOURCED,1.5166,0.6594,34087287.7,51679.8,0.6842
SIM_000192,Kargil,2676.0,34.5539,76.1349,5.9,5.5,2.6,32.45,84.37,151.1,rammed_earth,0.26,rockwool,0.07,pu_sandwich_panel,0.11,none,0.0,dense_concrete,0.22,4.96,0.0837,single_pane,180.0,1,0.5,0.48,1.3,1,100.0,unflued_combustion,True,199562.0,SOURCED,1.1948,0.837,42276659.9,73045.7,0.967
SIM_000193,Leh,3500.0,34.1526,77.5771,8.6,3.8,3.0,32.68,98.04,117.0,stone_masonry,0.3,straw_bale,0.106,pu_sandwich_panel,0.13,none,0.0,dense_concrete,0.14,2.16,0.029,single_pane,180.0,1,0.5,0.4,2.74,8,800.0,flued_stove,False,231650.0,SOURCED,1.284,0.7788,56053577.7,65764.1,0.8706
SIM_000194,Dras,3280.0,34.4293,75.7533,6.4,5.2,2.6,33.28,86.53,44.8,rammed_earth,0.25,straw_bale,0.11,cgi_sheet,0.002,none,0.0,stone_floor,0.24,5.47,0.0907,single_pane,180.0,1,0.5,0.54,0.88,11,1100.0,electric,False,129977.0,SOURCED,2.7335,0.3658,43177011.9,67647.9,0.8956
SIM_000195,Siachen,5400.0,35.4212,77.1095,4.1,4.4,2.9,18.04,52.32,305.6,mud_brick,0.31,eps,0.025,concrete,0.19,none,0.0,stone_floor,0.1,3.25,0.0659,double_pane,180.0,1,0.5,0.71,0.35,5,500.0,unflued_combustion,True,111396.0,SOURCED,2.1978,0.455,33149055.4,51194.2,0.6777
SIM_000196,Daulat Beg Oldie,5065.0,35.4057,77.9297,5.9,5.4,2.9,31.86,92.39,202.4,mud_brick,0.48,eps,0.061,cgi_sheet,0.002,rockwool,0.034,stone_floor,0.2,4.18,0.0638,single_pane,180.0,1,0.5,0.54,3.46,4,400.0,electric,False,195630.0,SOURCED,1.3888,0.72,58080966.8,53552.3,0.709
SIM_000197,Galwan,4300.0,34.75,78.25,4.6,4.4,2.9,20.24,58.7,275.1,dense_concrete,0.27,straw_bale,0.081,concrete,0.12,none,0.0,stone_floor,0.16,5.78,0.1107,triple_pane,180.0,1,0.5,0.89,3.25,4,400.0,unflued_combustion,True,209651.0,SOURCED,2.1784,0.4591,42085428.4,59268.2,0.7846
SIM_000198,Hanle,4500.0,32.7784,78.9642,8.2,3.9,2.9,31.98,92.74,181.2,pu_sandwich_panel,0.12,none,0.0,pu_sandwich_panel,0.13,none,0.0,stone_floor,0.12,5.52,0.0787,single_pane,180.0,0,0.0,0.56,1.4,10,1000.0,electric,False,232721.0,SOURCED,1.407,0.7107,8893460.8,57728.3,0.7642
SIM_000199,Nyoma,4180.0,33.1958,78.6508,4.2,5.0,2.5,21.0,52.5,161.7,stone_masonry,0.4,eps,0.035,cgi_sheet,0.002,none,0.0,dense_concrete,0.12,3.47,0.0754,double_pane,180.0,1,0.5,0.2,1.76,3,300.0,none,False,136969.0,SOURCED,2.8294,0.3534,40343594.3,60207.9,0.7971
SIM_000200,Chushul,4350.0,33.5936,78.6543,7.5,3.7,3.1,27.75,86.03,201.9,dense_concrete,0.26,rockwool,0.033,pu_sandwich_panel,0.06,none,0.0,stone_floor,0.12,3.58,0.0516,single_pane,180.0,1,0.5,0.82,1.2,1,100.0,none,False,230264.0,SOURCED,1.5354,0.6513,46708791.2,58880.1,0.7795
SIM_000201,Rezang La,5000.0,33.425,78.8472,5.8,3.5,3.2,20.3,64.96,198.6,rammed_earth,0.37,rockwool,0.144,pu_sandwich_panel,0.06,none,0.0,dense_concrete,0.14,3.56,0.0598,single_pane,180.0,0,0.0,0.3,2.72,2,200.0,flued_stove,False,158762.0,SOURCED,1.221,0.819,44245764.2,54019.9,0.7151
SIM_000202,Pangong,4250.0,33.7595,78.6674,8.8,4.6,3.1,40.48,125.49,178.2,rammed_earth,0.3,rockwool,0.034,pu_sandwich_panel,0.09,none,0.0,stone_floor,0.2,6.35,0.0764,single_pane,180.0,0,0.0,0.72,0.39,10,1000.0,none,False,206241.0,SOURCED,1.5561,0.6426,59047011.1,59658.3,0.7898
SIM_000203,Depsang,5330.0,35.3167,78.0167,5.9,4.3,2.5,25.37,63.43,171.5,stone_masonry,0.32,rockwool,0.129,pu_sandwich_panel,0.13,none,0.0,stone_floor,0.19,0.94,0.0184,single_pane,180.0,0,0.0,0.59,1.82,5,500.0,none,False,212148.0,SOURCED,1.1709,0.854,43026524.4,51679.8,0.6842
SIM_000204,Kargil,2676.0,34.5539,76.1349,5.1,4.6,3.1,23.46,72.73,161.1,stone_masonry,0.44,eps,0.095,concrete,0.18,none,0.0,stone_floor,0.19,0.61,0.0101,double_pane,180.0,1,0.5,0.59,2.54,9,900.0,electric,False,226193.0,SOURCED,1.8304,0.5463,72258522.3,73045.7,0.967
SIM_000205,Leh,3500.0,34.1526,77.5771,6.0,5.7,2.4,34.2,82.08,210.0,dense_concrete,0.16,eps,0.074,pu_sandwich_panel,0.08,none,0.0,stone_floor,0.1,5.83,0.1038,single_pane,180.0,0,0.0,0.85,4.17,8,800.0,flued_stove,False,174812.0,SOURCED,1.7761,0.563,26144328.3,65764.1,0.8706
SIM_000206,Dras,3280.0,34.4293,75.7533,9.0,4.7,2.5,42.3,105.75,198.3,rammed_earth,0.3,straw_bale,0.028,cgi_sheet,0.002,none,0.0,dense_concrete,0.23,9.27,0.1353,single_pane,180.0,0,0.0,0.73,0.12,6,600.0,unflued_combustion,True,159717.0,SOURCED,3.3642,0.2972,55101192.3,67647.9,0.8956
SIM_000207,Siachen,5400.0,35.4212,77.1095,8.2,5.7,2.9,46.74,135.55,207.5,dense_concrete,0.3,eps,0.079,pu_sandwich_panel,0.08,none,0.0,stone_floor,0.22,7.38,0.0915,single_pane,180.0,1,0.5,0.68,2.54,7,700.0,flued_stove,False,391779.0,SOURCED,1.272,0.7862,72890777.3,51194.2,0.6777
SIM_000208,Daulat Beg Oldie,5065.0,35.4057,77.9297,8.3,5.6,2.7,46.48,125.5,158.9,pu_sandwich_panel,0.06,none,0.0,cgi_sheet,0.002,none,0.0,stone_floor,0.2,2.35,0.0313,triple_pane,180.0,0,0.0,0.74,3.13,17,1700.0,electric,False,167496.0,SOURCED,2.8331,0.353,20435763.4,53552.3,0.709
SIM_000209,Galwan,4300.0,34.75,78.25,7.0,4.9,2.6,34.3,89.18,195.4,dense_concrete,0.14,straw_bale,0.126,concrete,0.17,rockwool,0.038,stone_floor,0.23,5.18,0.0837,double_pane,180.0,0,0.0,0.31,4.08,4,400.0,flued_stove,False,214628.0,SOURCED,1.453,0.6882,49970252.2,59268.2,0.7846
SIM_000210,Hanle,4500.0,32.7784,78.9642,4.6,3.6,2.9,16.56,48.02,202.2,dense_concrete,0.16,rockwool,0.123,pu_sandwich_panel,0.08,none,0.0,dense_concrete,0.15,1.72,0.0362,single_pane,180.0,0,0.0,0.66,2.44,4,400.0,electric,False,150682.0,SOURCED,1.1452,0.8732,22920731.1,57728.3,0.7642
SIM_000211,Nyoma,4180.0,33.1958,78.6508,6.4,3.7,3.2,23.68,75.78,175.2,mud_brick,0.22,eps,0.025,cgi_sheet,0.002,rockwool,0.111,dense_concrete,0.11,3.99,0.0617,double_pane,180.0,0,0.0,0.3,2.16,6,600.0,flued_stove,False,116423.0,SOURCED,1.5591,0.6414,26349233.2,60207.9,0.7971
SIM_000212,Chushul,4350.0,33.5936,78.6543,9.1,3.1,2.5,28.21,70.53,81.1,rammed_earth,0.27,straw_bale,0.123,concrete,0.19,none,0.0,stone_floor,0.25,2.29,0.0375,double_pane,180.0,0,0.0,0.58,3.99,5,500.0,unflued_combustion,True,152273.0,SOURCED,1.9647,0.509,57332463.9,58880.1,0.7795
SIM_000213,Rezang La,5000.0,33.425,78.8472,9.4,5.1,2.7,47.94,129.44,209.2,dense_concrete,0.16,none,0.0,pu_sandwich_panel,0.09,none,0.0,dense_concrete,0.15,6.71,0.0857,single_pane,180.0,0,0.0,0.37,3.2,3,300.0,flued_stove,False,247098.0,SOURCED,2.9383,0.3403,43219067.1,54019.9,0.7151
SIM_000214,Pangong,4250.0,33.7595,78.6674,8.0,4.8,3.2,38.4,122.88,337.9,stone_masonry,0.46,eps,0.028,pu_sandwich_panel,0.11,none,0.0,dense_concrete,0.12,5.66,0.0691,triple_pane,180.0,1,0.5,0.53,3.4,10,1000.0,unflued_combustion,True,338018.0,SOURCED,1.5249,0.6558,81727686.6,59658.3,0.7898
SIM_000215,Depsang,5330.0,35.3167,78.0167,4.1,4.6,2.8,18.86,52.81,178.3,dense_concrete,0.24,straw_bale,0.106,concrete,0.15,none,0.0,dense_concrete,0.18,1.56,0.032,single_pane,180.0,0,0.0,0.74,4.01,3,300.0,unflued_combustion,True,161371.0,SOURCED,2.0553,0.4865,41373164.0,51679.8,0.6842
SIM_000216,Kargil,2676.0,34.5539,76.1349,6.5,3.7,2.7,24.05,64.94,22.2,dense_concrete,0.3,rockwool,0.049,pu_sandwich_panel,0.15,none,0.0,dense_concrete,0.1,4.8,0.0871,double_pane,180.0,1,0.5,0.77,1.96,9,900.0,electric,False,257715.0,SOURCED,1.4155,0.7065,40589164.4,73045.7,0.967
SIM_000217,Leh,3500.0,34.1526,77.5771,7.8,3.3,2.9,25.74,74.65,155.7,stone_masonry,0.26,straw_bale,0.101,pu_sandwich_panel,0.06,none,0.0,dense_concrete,0.17,3.85,0.0598,triple_pane,180.0,1,0.5,0.5,0.47,4,400.0,unflued_combustion,True,181985.0,SOURCED,1.244,0.8039,43154023.2,65764.1,0.8706
SIM_000218,Dras,3280.0,34.4293,75.7533,4.1,3.0,2.7,12.3,33.21,176.1,mud_brick,0.43,none,0.0,cgi_sheet,0.002,eps,0.043,stone_floor,0.23,2.43,0.0634,double_pane,180.0,1,0.5,0.57,2.67,1,100.0,flued_stove,False,91505.0,SOURCED,1.6484,0.6066,29252313.9,67647.9,0.8956
SIM_000219,Siachen,5400.0,35.4212,77.1095,5.1,5.4,2.7,27.54,74.36,180.8,stone_masonry,0.24,none,0.0,concrete,0.13,rockwool,0.115,dense_concrete,0.2,4.74,0.0836,double_pane,180.0,1,0.5,0.22,2.78,8,800.0,none,False,184227.0,SOURCED,2.657,0.3764,46221530.8,51194.2,0.6777
SIM_000220,Daulat Beg Oldie,5065.0,35.4057,77.9297,5.2,5.2,2.6,27.04,70.3,186.6,rammed_earth,0.43,rockwool,0.053,pu_sandwich_panel,0.15,none,0.0,dense_concrete,0.17,1.94,0.0359,single_pane,180.0,1,0.5,0.47,3.72,7,700.0,electric,False,186996.0,SOURCED,1.2539,0.7975,51317648.5,53552.3,0.709
SIM_000221,Galwan,4300.0,34.75,78.25,6.4,5.0,2.9,32.0,92.8,192.7,stone_masonry,0.23,eps,0.072,cgi_sheet,0.002,none,0.0,stone_floor,0.22,3.96,0.0599,single_pane,180.0,0,0.0,0.6,4.4,4,400.0,flued_stove,False,162376.0,SOURCED,2.7183,0.3679,44251785.0,59268.2,0.7846
SIM_000222,Hanle,4500.0,32.7784,78.9642,4.8,3.3,2.9,15.84,45.94,78.6,dense_concrete,0.29,rockwool,0.146,pu_sandwich_panel,0.14,none,0.0,stone_floor,0.14,2.53,0.0539,double_pane,180.0,1,0.5,0.48,3.62,3,300.0,electric,False,226091.0,SOURCED,1.0454,0.9566,34781681.8,57728.3,0.7642
SIM_000223,Nyoma,4180.0,33.1958,78.6508,5.7,4.6,3.0,26.22,78.66,181.6,mud_brick,0.48,none,0.0,concrete,0.13,none,0.0,dense_concrete,0.12,5.01,0.0811,single_pane,180.0,0,0.0,0.45,1.39,8,800.0,electric,False,151384.0,SOURCED,2.7653,0.3616,55919273.7,60207.9,0.7971
SIM_000224,Chushul,4350.0,33.5936,78.6543,8.9,3.0,3.0,26.7,80.1,164.9,mud_brick,0.27,rockwool,0.068,pu_sandwich_panel,0.07,none,0.0,dense_concrete,0.2,7.11,0.0996,single_pane,180.0,0,0.0,0.23,1.89,9,900.0,none,False,178464.0,SOURCED,1.3687,0.7306,38593697.5,58880.1,0.7795
SIM_000225,Rezang La,5000.0,33.425,78.8472,4.2,4.8,2.8,20.16,56.45,179.6,dense_concrete,0.16,none,0.0,cgi_sheet,0.002,none,0.0,dense_concrete,0.12,4.33,0.0859,single_pane,180.0,0,0.0,0.2,0.93,5,500.0,flued_stove,False,99306.0,SOURCED,4.4529,0.2246,22709448.3,54019.9,0.7151
SIM_000226,Pangong,4250.0,33.7595,78.6674,9.5,4.6,2.9,43.7,126.73,293.0,mud_brick,0.27,rockwool,0.136,pu_sandwich_panel,0.14,none,0.0,dense_concrete,0.19,2.49,0.0304,single_pane,180.0,0,0.0,0.77,4.4,3,300.0,none,False,322075.0,SOURCED,1.1682,0.856,52001703.2,59658.3,0.7898
SIM_000227,Depsang,5330.0,35.3167,78.0167,5.2,4.0,2.5,20.8,52.0,188.5,mud_brick,0.45,rockwool,0.03,concrete,0.18,eps,0.107,dense_concrete,0.15,3.97,0.0863,single_pane,180.0,1,0.5,0.6,1.63,2,200.0,electric,False,153300.0,SOURCED,1.3802,0.7245,44246285.9,51679.8,0.6842
SIM_000228,Kargil,2676.0,34.5539,76.1349,7.9,4.9,2.7,38.71,104.52,151.7,rammed_earth,0.47,none,0.0,concrete,0.11,rockwool,0.143,stone_floor,0.12,7.65,0.1107,double_pane,180.0,1,0.5,0.85,4.44,12,1200.0,unflued_combustion,True,220612.0,SOURCED,2.0438,0.4893,71993067.6,73045.7,0.967
SIM_000229,Leh,3500.0,34.1526,77.5771,8.3,5.3,3.1,43.99,136.37,205.3,mud_brick,0.49,none,0.0,concrete,0.12,eps,0.067,stone_floor,0.21,5.92,0.0702,double_pane,180.0,0,0.0,0.6,1.69,8,800.0,none,False,275734.0,SOURCED,1.7048,0.5866,89464589.0,65764.1,0.8706
SIM_000230,Dras,3280.0,34.4293,75.7533,6.1,3.8,2.6,23.18,60.27,184.4,stone_masonry,0.41,eps,0.112,pu_sandwich_panel,0.1,none,0.0,dense_concrete,0.15,6.63,0.1288,double_pane,180.0,0,0.0,0.86,0.7,3,300.0,flued_stove,False,214105.0,SOURCED,1.3096,0.7636,45428179.3,67647.9,0.8956
SIM_000231,Siachen,5400.0,35.4212,77.1095,7.5,5.4,2.9,40.5,117.45,174.5,rammed_earth,0.31,rockwool,0.029,concrete,0.12,none,0.0,stone_floor,0.24,3.95,0.0528,double_pane,180.0,1,0.5,0.8,3.49,10,1000.0,unflued_combustion,True,199534.0,SOURCED,2.4004,0.4166,71541324.8,51194.2,0.6777
SIM_000232,Daulat Beg Oldie,5065.0,35.4057,77.9297,8.0,3.9,3.0,31.2,93.6,287.0,pu_sandwich_panel,0.1,none,0.0,pu_sandwich_panel,0.11,none,0.0,stone_floor,0.17,4.1,0.0574,single_pane,180.0,1,0.5,0.54,1.6,1,100.0,flued_stove,False,218951.0,SOURCED,1.1249,0.889,11906761.8,53552.3,0.709
SIM_000233,Galwan,4300.0,34.75,78.25,9.8,5.1,2.7,49.98,134.95,205.3,rammed_earth,0.42,eps,0.031,cgi_sheet,0.002,none,0.0,stone_floor,0.17,8.24,0.1024,double_pane,180.0,1,0.5,0.73,2.58,19,1900.0,flued_stove,False,210812.0,SOURCED,3.0716,0.3256,73212615.0,59268.2,0.7846
SIM_000234,Hanle,4500.0,32.7784,78.9642,6.0,4.5,2.5,27.0,67.5,168.3,mud_brick,0.37,eps,0.055,pu_sandwich_panel,0.09,none,0.0,dense_concrete,0.16,2.92,0.0556,double_pane,180.0,0,0.0,0.86,1.26,5,500.0,none,False,165891.0,SOURCED,1.3318,0.7509,37662887.0,57728.3,0.7642
SIM_000235,Nyoma,4180.0,33.1958,78.6508,6.4,3.3,3.1,21.12,65.47,148.9,stone_masonry,0.31,rockwool,0.088,cgi_sheet,0.002,rockwool,0.103,stone_floor,0.12,6.67,0.1109,double_pane,180.0,0,0.0,0.32,0.85,2,200.0,none,False,179102.0,SOURCED,1.3498,0.7409,39290234.7,60207.9,0.7971
SIM_000236,Chushul,4350.0,33.5936,78.6543,7.0,4.0,3.2,28.0,89.6,202.6,pu_sandwich_panel,0.14,none,0.0,pu_sandwich_panel,0.08,none,0.0,dense_concrete,0.19,8.97,0.1274,single_pane,180.0,0,0.0,0.72,2.35,4,400.0,none,False,240458.0,SOURCED,1.3439,0.7441,12913242.3,58880.1,0.7795
SIM_000237,Rezang La,5000.0,33.425,78.8472,7.1,5.6,2.8,39.76,111.33,206.1,mud_brick,0.44,rockwool,0.092,cgi_sheet,0.002,rockwool,0.137,stone_floor,0.21,8.18,0.115,double_pane,180.0,0,0.0,0.44,1.3,3,300.0,none,False,275074.0,SOURCED,1.3132,0.7615,60003362.0,54019.9,0.7151
SIM_000238,Pangong,4250.0,33.7595,78.6674,5.4,4.2,2.8,22.68,63.5,321.7,pu_sandwich_panel,0.14,none,0.0,pu_sandwich_panel,0.12,none,0.0,stone_floor,0.14,6.52,0.1213,double_pane,180.0,1,0.5,0.41,1.5,9,900.0,flued_stove,False,213535.0,SOURCED,1.1538,0.8667,7320476.6,59658.3,0.7898
SIM_000239,Depsang,5330.0,35.3167,78.0167,5.4,5.7,3.0,30.78,92.34,306.0,dense_concrete,0.22,none,0.0,concrete,0.2,eps,0.141,stone_floor,0.2,7.09,0.1065,single_pane,180.0,0,0.0,0.24,0.86,4,400.0,unflued_combustion,True,247023.0,SOURCED,2.8352,0.3527,57567750.9,51679.8,0.6842
SIM_000240,Kargil,2676.0,34.5539,76.1349,8.3,4.0,2.5,33.2,83.0,157.8,mud_brick,0.49,none,0.0,cgi_sheet,0.002,rockwool,0.13,dense_concrete,0.23,4.46,0.0725,double_pane,180.0,1,0.5,0.67,3.75,10,1000.0,none,False,221973.0,SOURCED,1.5158,0.6597,59878688.0,73045.7,0.967
SIM_000241,Leh,3500.0,34.1526,77.5771,9.3,3.8,2.7,35.34,95.42,183.5,stone_masonry,0.44,rockwool,0.096,pu_sandwich_panel,0.1,none,0.0,stone_floor,0.11,9.98,0.1411,triple_pane,180.0,0,0.0,0.37,1.75,11,1100.0,electric,False,326136.0,SOURCED,1.4154,0.7065,62673852.3,65764.1,0.8706
SIM_000242,Dras,3280.0,34.4293,75.7533,8.6,3.8,2.4,32.68,78.43,192.8,stone_masonry,0.3,rockwool,0.108,pu_sandwich_panel,0.13,none,0.0,stone_floor,0.16,8.27,0.1389,triple_pane,180.0,1,0.5,0.28,3.36,1,100.0,unflued_combustion,True,292836.0,SOURCED,1.2785,0.7822,42638873.2,67647.9,0.8956
SIM_000243,Siachen,5400.0,35.4212,77.1095,6.7,4.2,2.5,28.14,70.35,176.1,mud_brick,0.36,eps,0.085,cgi_sheet,0.002,none,0.0,stone_floor,0.25,4.51,0.0828,triple_pane,180.0,0,0.0,0.66,3.89,4,400.0,unflued_combustion,True,175693.0,SOURCED,2.5683,0.3894,42279339.0,51194.2,0.6777
SIM_000244,Daulat Beg Oldie,5065.0,35.4057,77.9297,4.3,4.7,2.9,20.21,58.61,74.6,dense_concrete,0.27,rockwool,0.028,pu_sandwich_panel,0.1,none,0.0,stone_floor,0.17,0.98,0.0188,single_pane,180.0,0,0.0,0.21,4.42,6,600.0,unflued_combustion,True,191656.0,SOURCED,1.4875,0.6723,39321242.6,53552.3,0.709
SIM_000245,Galwan,4300.0,34.75,78.25,7.7,4.5,3.2,34.65,110.88,176.1,mud_brick,0.32,none,0.0,pu_sandwich_panel,0.1,none,0.0,dense_concrete,0.21,7.73,0.099,single_pane,180.0,0,0.0,0.21,2.59,2,200.0,none,False,208576.0,SOURCED,1.9639,0.5092,50695375.9,59268.2,0.7846
SIM_000246,Hanle,4500.0,32.7784,78.9642,7.1,3.2,3.0,22.72,68.16,183.0,dense_concrete,0.16,straw_bale,0.118,pu_sandwich_panel,0.07,none,0.0,dense_concrete,0.13,3.88,0.0628,double_pane,180.0,1,0.5,0.77,4.4,3,300.0,unflued_combustion,True,167121.0,SOURCED,1.2555,0.7965,29602496.1,57728.3,0.7642
SIM_000247,Nyoma,4180.0,33.1958,78.6508,8.5,5.6,2.6,47.6,123.76,196.7,stone_masonry,0.37,none,0.0,cgi_sheet,0.002,eps,0.095,stone_floor,0.15,5.93,0.0809,triple_pane,180.0,1,0.5,0.72,4.08,9,900.0,unflued_combustion,True,262061.0,SOURCED,2.4701,0.4048,66053885.4,60207.9,0.7971
SIM_000248,Chushul,4350.0,33.5936,78.6543,7.4,4.2,2.7,31.08,83.92,160.0,stone_masonry,0.22,rockwool,0.066,concrete,0.19,none,0.0,stone_floor,0.12,0.42,0.0067,single_pane,180.0,0,0.0,0.49,2.5,10,1000.0,electric,False,165894.0,SOURCED,2.2444,0.4456,49334487.6,58880.1,0.7795
SIM_000249,Rezang La,5000.0,33.425,78.8472,8.1,4.7,3.1,38.07,118.02,178.9,dense_concrete,0.18,eps,0.061,concrete,0.14,none,0.0,stone_floor,0.16,3.2,0.0403,triple_pane,180.0,1,0.5,0.32,3.61,9,900.0,unflued_combustion,True,261831.0,SOURCED,2.2363,0.4472,56980002.6,54019.9,0.7151
SIM_000250,Pangong,4250.0,33.7595,78.6674,5.6,3.4,2.7,19.04,51.41,154.8,rammed_earth,0.34,eps,0.098,cgi_sheet,0.002,none,0.0,stone_floor,0.17,0.7,0.0144,single_pane,180.0,1,0.5,0.68,1.21,7,700.0,electric,False,99047.0,SOURCED,2.3481,0.4259,36540672.9,59658.3,0.7898
SIM_000251,Depsang,5330.0,35.3167,78.0167,8.6,3.2,2.7,27.52,74.3,188.1,rammed_earth,0.37,eps,0.127,cgi_sheet,0.002,eps,0.112,dense_concrete,0.14,2.09,0.0328,triple_pane,180.0,0,0.0,0.66,0.62,1,100.0,electric,False,177045.0,SOURCED,1.1622,0.8604,50546003.8,51679.8,0.6842
SIM_000252,Kargil,2676.0,34.5539,76.1349,4.1,5.1,2.5,20.91,52.27,200.3,mud_brick,0.21,eps,0.074,concrete,0.15,eps,0.111,dense_concrete,0.19,1.96,0.0426,double_pane,180.0,1,0.5,0.25,3.89,5,500.0,unflued_combustion,True,133656.0,SOURCED,1.1649,0.8584,30433328.9,73045.7,0.967
SIM_000253,Leh,3500.0,34.1526,77.5771,7.9,4.7,2.6,37.13,96.54,203.4,dense_concrete,0.3,none,0.0,cgi_sheet,0.002,none,0.0,dense_concrete,0.18,3.82,0.0583,double_pane,180.0,0,0.0,0.23,0.38,4,400.0,unflued_combustion,True,246096.0,SOURCED,3.905,0.2561,58307317.4,65764.1,0.8706
SIM_000254,Dras,3280.0,34.4293,75.7533,8.0,4.9,3.0,39.2,117.6,161.1,mud_brick,0.48,eps,0.078,concrete,0.12,rockwool,0.117,stone_floor,0.18,1.54,0.0199,single_pane,180.0,1,0.5,0.71,0.95,1,100.0,electric,False,279052.0,SOURCED,1.2283,0.8141,80784614.4,67647.9,0.8956
SIM_000255,Siachen,5400.0,35.4212,77.1095,7.9,5.0,2.7,39.5,106.65,89.4,pu_sandwich_panel,0.11,none,0.0,concrete,0.16,none,0.0,stone_floor,0.21,8.99,0.1291,double_pane,180.0,0,0.0,0.6,0.94,5,500.0,none,False,255467.0,SOURCED,2.2378,0.4469,32609244.0,51194.2,0.6777
SIM_000256,Daulat Beg Oldie,5065.0,35.4057,77.9297,6.0,5.3,3.1,31.8,98.58,248.2,mud_brick,0.44,eps,0.103,concrete,0.19,rockwool,0.12,dense_concrete,0.15,1.05,0.015,double_pane,180.0,1,0.5,0.35,3.71,2,200.0,none,False,261306.0,SOURCED,1.1577,0.8638,70765622.6,53552.3,0.709
SIM_000257,Galwan,4300.0,34.75,78.25,6.8,4.3,3.0,29.24,87.72,265.7,pu_sandwich_panel,0.13,none,0.0,cgi_sheet,0.002,eps,0.06,stone_floor,0.16,0.2,0.003,triple_pane,180.0,1,0.5,0.63,0.34,6,600.0,unflued_combustion,True,193726.0,SOURCED,1.1651,0.8583,10774516.3,59268.2,0.7846
SIM_000258,Hanle,4500.0,32.7784,78.9642,7.0,3.1,2.9,21.7,62.93,170.3,mud_brick,0.22,none,0.0,pu_sandwich_panel,0.07,none,0.0,stone_floor,0.15,7.14,0.1219,triple_pane,180.0,1,0.5,0.31,0.76,8,800.0,none,False,149060.0,SOURCED,2.0838,0.4799,23980205.7,57728.3,0.7642
SIM_000259,Nyoma,4180.0,33.1958,78.6508,7.2,3.4,3.2,24.48,78.34,330.3,rammed_earth,0.48,rockwool,0.105,concrete,0.13,rockwool,0.035,stone_floor,0.16,2.71,0.0399,double_pane,180.0,0,0.0,0.26,2.21,4,400.0,none,False,194408.0,SOURCED,1.2513,0.7992,72288071.5,60207.9,0.7971
SIM_000260,Chushul,4350.0,33.5936,78.6543,5.6,5.5,3.0,30.8,92.4,63.9,dense_concrete,0.18,eps,0.046,cgi_sheet,0.002,rockwool,0.037,stone_floor,0.17,5.21,0.0782,triple_pane,180.0,1,0.5,0.64,2.64,3,300.0,electric,False,214488.0,SOURCED,1.5085,0.6629,36989761.5,58880.1,0.7795
SIM_000261,Rezang La,5000.0,33.425,78.8472,4.4,3.2,2.8,14.08,39.42,161.2,stone_masonry,0.29,none,0.0,pu_sandwich_panel,0.11,none,0.0,stone_floor,0.11,0.62,0.0146,single_pane,180.0,1,0.5,0.89,4.24,5,500.0,electric,False,96319.0,SOURCED,2.9046,0.3443,27926069.2,54019.9,0.7151
SIM_000262,Pangong,4250.0,33.7595,78.6674,5.6,5.9,2.9,33.04,95.82,209.9,pu_sandwich_panel,0.15,none,0.0,concrete,0.17,rockwool,0.1,stone_floor,0.23,0.07,0.001,triple_pane,180.0,0,0.0,0.75,1.85,9,900.0,none,False,283744.0,SOURCED,1.0378,0.9636,29835901.9,59658.3,0.7898
SIM_000263,Depsang,5330.0,35.3167,78.0167,7.7,3.0,2.7,23.1,62.37,192.9,rammed_earth,0.38,none,0.0,cgi_sheet,0.002,none,0.0,stone_floor,0.25,5.53,0.0957,triple_pane,180.0,0,0.0,0.46,2.75,8,800.0,none,False,136742.0,SOURCED,3.1942,0.3131,48226732.4,51679.8,0.6842
SIM_000264,Kargil,2676.0,34.5539,76.1349,6.9,5.8,2.9,40.02,116.06,167.0,dense_concrete,0.16,none,0.0,cgi_sheet,0.002,none,0.0,dense_concrete,0.16,7.39,0.1003,triple_pane,180.0,0,0.0,0.25,0.33,12,1200.0,unflued_combustion,True,212289.0,SOURCED,4.2438,0.2356,39527180.9,73045.7,0.967
SIM_000265,Leh,3500.0,34.1526,77.5771,5.8,3.0,2.7,17.4,46.98,205.6,pu_sandwich_panel,0.1,none,0.0,cgi_sheet,0.002,eps,0.099,stone_floor,0.19,1.81,0.0381,single_pane,180.0,0,0.0,0.58,3.03,1,100.0,electric,False,116721.0,SOURCED,1.1272,0.8872,7512914.3,65764.1,0.8706
SIM_000266,Dras,3280.0,34.4293,75.7533,7.9,4.5,2.7,35.55,95.99,197.7,rammed_earth,0.25,rockwool,0.027,pu_sandwich_panel,0.07,none,0.0,stone_floor,0.13,8.56,0.1278,double_pane,180.0,1,0.5,0.23,3.69,8,800.0,none,False,172022.0,SOURCED,1.643,0.6086,36390010.0,67647.9,0.8956
SIM_000267,Siachen,5400.0,35.4212,77.1095,5.2,3.9,2.5,20.28,50.7,206.9,dense_concrete,0.29,eps,0.032,cgi_sheet,0.002,none,0.0,stone_floor,0.22,4.68,0.1029,double_pane,180.0,0,0.0,0.77,2.86,2,200.0,unflued_combustion,True,169811.0,SOURCED,2.7824,0.3594,36939948.0,51194.2,0.6777
SIM_000268,Daulat Beg Oldie,5065.0,35.4057,77.9297,5.3,4.9,3.2,25.97,83.1,195.9,mud_brick,0.37,none,0.0,concrete,0.12,none,0.0,stone_floor,0.12,5.85,0.0896,triple_pane,180.0,0,0.0,0.54,1.64,6,600.0,unflued_combustion,True,160170.0,SOURCED,2.7261,0.3668,46744975.0,53552.3,0.709
SIM_000269,Galwan,4300.0,34.75,78.25,5.4,3.2,2.7,17.28,46.66,194.6,rammed_earth,0.21,none,0.0,cgi_sheet,0.002,eps,0.119,dense_concrete,0.21,4.91,0.1057,triple_pane,180.0,1,0.5,0.53,3.55,1,100.0,none,False,113241.0,SOURCED,2.3671,0.4225,24282734.2,59268.2,0.7846
SIM_000270,Hanle,4500.0,32.7784,78.9642,4.7,3.4,2.7,15.98,43.15,174.8,pu_sandwich_panel,0.13,none,0.0,pu_sandwich_panel,0.09,none,0.0,stone_floor,0.15,0.62,0.0142,double_pane,180.0,0,0.0,0.65,1.69,5,500.0,none,False,134586.0,SOURCED,1.0404,0.9612,5521216.4,57728.3,0.7642
SIM_000271,Nyoma,4180.0,33.1958,78.6508,4.4,5.6,3.0,24.64,73.92,184.8,rammed_earth,0.5,eps,0.028,pu_sandwich_panel,0.06,none,0.0,dense_concrete,0.15,5.09,0.0848,single_pane,180.0,1,0.5,0.3,4.37,3,300.0,flued_stove,False,150991.0,SOURCED,1.4196,0.7044,58115615.7,60207.9,0.7971
SIM_000272,Chushul,4350.0,33.5936,78.6543,8.7,3.3,2.8,28.71,80.39,47.7,stone_masonry,0.27,straw_bale,0.04,concrete,0.15,eps,0.139,dense_concrete,0.18,3.12,0.0464,single_pane,180.0,1,0.5,0.68,3.65,9,900.0,electric,False,198841.0,SOURCED,1.5353,0.6513,57381077.9,58880.1,0.7795
SIM_000273,Rezang La,5000.0,33.425,78.8472,7.0,3.1,2.7,21.7,58.59,165.2,mud_brick,0.34,none,0.0,pu_sandwich_panel,0.08,none,0.0,stone_floor,0.17,3.46,0.0634,triple_pane,180.0,0,0.0,0.66,1.91,6,600.0,none,False,137007.0,SOURCED,1.8183,0.55,33959781.9,54019.9,0.7151
SIM_000274,Pangong,4250.0,33.7595,78.6674,4.3,5.3,3.2,22.79,72.93,210.1,dense_concrete,0.18,eps,0.073,pu_sandwich_panel,0.14,none,0.0,dense_concrete,0.24,3.64,0.0592,triple_pane,180.0,1,0.5,0.53,3.4,6,600.0,unflued_combustion,True,249044.0,SOURCED,1.003,0.997,36893518.2,59658.3,0.7898
SIM_000275,Depsang,5330.0,35.3167,78.0167,6.8,5.6,2.9,38.08,110.43,154.6,dense_concrete,0.23,rockwool,0.096,concrete,0.11,eps,0.076,stone_floor,0.23,8.16,0.1135,double_pane,180.0,0,0.0,0.53,1.95,4,400.0,unflued_combustion,True,320618.0,SOURCED,1.324,0.7553,62398901.2,51679.8,0.6842
SIM_000276,Kargil,2676.0,34.5539,76.1349,6.3,5.4,2.5,34.02,85.05,185.7,pu_sandwich_panel,0.1,none,0.0,cgi_sheet,0.002,eps,0.041,dense_concrete,0.2,5.79,0.099,triple_pane,180.0,1,0.5,0.79,0.63,12,1200.0,none,False,212965.0,SOURCED,1.2947,0.7724,16330592.4,73045.7,0.967
SIM_000277,Leh,3500.0,34.1526,77.5771,7.5,5.2,2.6,39.0,101.4,151.6,dense_concrete,0.18,eps,0.119,pu_sandwich_panel,0.14,none,0.0,stone_floor,0.25,8.32,0.126,double_pane,180.0,0,0.0,0.47,0.87,3,300.0,none,False,329684.0,SOURCED,1.2424,0.8049,45249715.9,65764.1,0.8706
SIM_000278,Dras,3280.0,34.4293,75.7533,4.5,4.8,2.4,21.6,51.84,162.3,mud_brick,0.49,eps,0.065,pu_sandwich_panel,0.07,none,0.0,dense_concrete,0.15,3.31,0.0741,triple_pane,180.0,0,0.0,0.3,3.09,5,500.0,none,False,158991.0,SOURCED,1.2797,0.7814,37973898.8,67647.9,0.8956
SIM_000279,Siachen,5400.0,35.4212,77.1095,7.5,5.1,3.0,38.25,114.75,191.1,dense_concrete,0.3,eps,0.069,pu_sandwich_panel,0.1,none,0.0,dense_concrete,0.19,4.58,0.0606,single_pane,180.0,1,0.5,0.33,1.03,9,900.0,unflued_combustion,True,359161.0,SOURCED,1.2218,0.8185,66182922.2,51194.2,0.6777
SIM_000280,Daulat Beg Oldie,5065.0,35.4057,77.9297,7.8,3.3,2.4,25.74,61.78,199.4,rammed_earth,0.41,rockwool,0.15,pu_sandwich_panel,0.12,none,0.0,dense_concrete,0.12,6.57,0.1233,triple_pane,180.0,1,0.5,0.25,0.9,10,1000.0,unflued_combustion,True,231404.0,SOURCED,1.2294,0.8134,42075710.1,53552.3,0.709
SIM_000281,Galwan,4300.0,34.75,78.25,7.9,4.1,2.4,32.39,77.74,162.4,dense_concrete,0.24,straw_bale,0.067,concrete,0.16,eps,0.055,stone_floor,0.14,5.46,0.0948,single_pane,180.0,1,0.5,0.24,2.18,12,1200.0,flued_stove,False,218339.0,SOURCED,1.6607,0.6022,51152163.3,59268.2,0.7846
SIM_000282,Hanle,4500.0,32.7784,78.9642,4.5,3.5,2.6,15.75,40.95,225.3,stone_masonry,0.42,none,0.0,pu_sandwich_panel,0.08,none,0.0,stone_floor,0.13,0.36,0.0087,triple_pane,180.0,1,0.5,0.48,3.45,5,500.0,electric,False,120663.0,SOURCED,2.5456,0.3928,39371682.3,57728.3,0.7642
SIM_000283,Nyoma,4180.0,33.1958,78.6508,9.2,5.5,2.9,50.6,146.74,158.4,rammed_earth,0.25,none,0.0,concrete,0.16,none,0.0,stone_floor,0.22,10.2,0.1196,single_pane,180.0,0,0.0,0.27,1.28,7,700.0,none,False,209022.0,SOURCED,3.407,0.2935,76170845.9,60207.9,0.7971
SIM_000284,Chushul,4350.0,33.5936,78.6543,4.6,4.5,2.6,20.7,53.82,189.4,dense_concrete,0.2,rockwool,0.047,pu_sandwich_panel,0.11,none,0.0,dense_concrete,0.24,3.97,0.0839,double_pane,180.0,1,0.5,0.57,3.05,5,500.0,unflued_combustion,True,194446.0,SOURCED,1.1822,0.8459,31619223.6,58880.1,0.7795
SIM_000285,Rezang La,5000.0,33.425,78.8472,6.0,3.8,2.8,22.8,63.84,206.1,dense_concrete,0.29,none,0.0,concrete,0.15,eps,0.127,stone_floor,0.21,0.39,0.0071,triple_pane,180.0,0,0.0,0.38,3.34,3,300.0,flued_stove,False,220042.0,SOURCED,2.509,0.3986,54532559.0,54019.9,0.7151
SIM_000286,Pangong,4250.0,33.7595,78.6674,6.7,5.4,3.1,36.18,112.16,161.4,dense_concrete,0.17,rockwool,0.07,pu_sandwich_panel,0.13,none,0.0,dense_concrete,0.14,6.12,0.0816,single_pane,180.0,1,0.5,0.23,3.8,11,1100.0,unflued_combustion,True,279589.0,SOURCED,1.309,0.7639,39136737.6,59658.3,0.7898
SIM_000287,Depsang,5330.0,35.3167,78.0167,8.1,3.1,2.5,25.11,62.77,180.0,mud_brick,0.43,straw_bale,0.104,cgi_sheet,0.002,eps,0.134,dense_concrete,0.25,3.02,0.0539,double_pane,180.0,1,0.5,0.5,1.99,9,900.0,flued_stove,False,181965.0,SOURCED,1.0765,0.9289,49959141.3,51679.8,0.6842
SIM_000288,Kargil,2676.0,34.5539,76.1349,9.6,4.2,3.0,40.32,120.96,192.1,mud_brick,0.37,none,0.0,concrete,0.12,rockwool,0.125,dense_concrete,0.2,2.96,0.0357,double_pane,180.0,1,0.5,0.35,3.56,4,400.0,flued_stove,False,255362.0,SOURCED,1.6953,0.5899,74189324.8,73045.7,0.967
SIM_000289,Leh,3500.0,34.1526,77.5771,4.9,5.8,2.7,28.42,76.73,180.5,rammed_earth,0.35,none,0.0,concrete,0.18,eps,0.114,dense_concrete,0.16,1.07,0.0185,single_pane,180.0,1,0.5,0.31,2.89,8,800.0,flued_stove,False,149699.0,SOURCED,2.1375,0.4678,58132275.8,65764.1,0.8706
SIM_000290,Dras,3280.0,34.4293,75.7533,5.5,4.9,3.1,26.95,83.55,173.4,mud_brick,0.22,eps,0.034,cgi_sheet,0.002,eps,0.135,stone_floor,0.22,1.89,0.0293,triple_pane,180.0,1,0.5,0.57,2.29,2,200.0,electric,False,146692.0,SOURCED,1.2767,0.7833,33677561.7,67647.9,0.8956
SIM_000291,Siachen,5400.0,35.4212,77.1095,9.7,5.9,2.8,57.23,160.24,261.2,mud_brick,0.26,none,0.0,concrete,0.13,none,0.0,stone_floor,0.25,11.23,0.1285,triple_pane,180.0,0,0.0,0.26,1.55,5,500.0,flued_stove,False,307473.0,SOURCED,2.9301,0.3413,77235878.2,51194.2,0.6777
SIM_000292,Daulat Beg Oldie,5065.0,35.4057,77.9297,4.6,4.6,2.5,21.16,52.9,158.0,pu_sandwich_panel,0.09,none,0.0,pu_sandwich_panel,0.09,none,0.0,dense_concrete,0.13,2.11,0.0459,double_pane,180.0,0,0.0,0.36,4.03,2,200.0,unflued_combustion,True,128096.0,SOURCED,1.2355,0.8094,6692383.1,53552.3,0.709
SIM_000293,Galwan,4300.0,34.75,78.25,8.5,4.5,3.0,38.25,114.75,182.8,pu_sandwich_panel,0.1,none,0.0,concrete,0.19,eps,0.141,dense_concrete,0.15,6.72,0.0862,double_pane,180.0,0,0.0,0.22,2.24,8,800.0,electric,False,281576.0,SOURCED,1.2584,0.7947,30589917.3,59268.2,0.7846
SIM_000294,Hanle,4500.0,32.7784,78.9642,4.1,3.1,2.6,12.71,33.05,157.7,dense_concrete,0.17,straw_bale,0.14,concrete,0.18,none,0.0,dense_concrete,0.12,1.43,0.0382,single_pane,180.0,0,0.0,0.63,3.29,3,300.0,flued_stove,False,95151.0,SOURCED,1.9709,0.5074,23873388.4,57728.3,0.7642
SIM_000295,Nyoma,4180.0,33.1958,78.6508,7.3,4.9,2.9,35.77,103.73,199.4,rammed_earth,0.31,none,0.0,concrete,0.13,eps,0.054,stone_floor,0.21,3.29,0.0465,double_pane,180.0,1,0.5,0.24,4.15,6,600.0,unflued_combustion,True,172403.0,SOURCED,2.2263,0.4492,64456553.0,60207.9,0.7971
SIM_000296,Chushul,4350.0,33.5936,78.6543,6.7,3.9,3.0,26.13,78.39,152.1,mud_brick,0.49,none,0.0,cgi_sheet,0.002,rockwool,0.097,dense_concrete,0.12,5.98,0.094,double_pane,180.0,1,0.5,0.55,1.27,8,800.0,unflued_combustion,True,178303.0,SOURCED,1.6924,0.5909,49808911.1,58880.1,0.7795
SIM_000297,Rezang La,5000.0,33.425,78.8472,8.7,4.7,2.5,40.89,102.22,228.2,pu_sandwich_panel,0.12,none,0.0,pu_sandwich_panel,0.1,none,0.0,dense_concrete,0.18,8.25,0.1231,triple_pane,180.0,0,0.0,0.81,0.75,4,400.0,none,False,305180.0,SOURCED,1.2246,0.8166,17625715.0,54019.9,0.7151
SIM_000298,Pangong,4250.0,33.7595,78.6674,4.7,5.8,2.9,27.26,79.05,190.0,stone_masonry,0.24,rockwool,0.132,pu_sandwich_panel,0.07,none,0.0,dense_concrete,0.25,4.99,0.0819,single_pane,180.0,0,0.0,0.63,3.29,9,900.0,flued_stove,False,216030.0,SOURCED,1.2069,0.8286,43193168.0,59658.3,0.7898
SIM_000299,Depsang,5330.0,35.3167,78.0167,4.3,3.1,2.8,13.33,37.32,192.0,stone_masonry,0.44,rockwool,0.056,cgi_sheet,0.002,eps,0.037,dense_concrete,0.14,1.98,0.0478,double_pane,180.0,0,0.0,0.21,4.04,3,300.0,electric,False,128535.0,SOURCED,1.3498,0.7409,39526696.7,51679.8,0.6842
SIM_000300,Kargil,2676.0,34.5539,76.1349,7.4,3.5,2.6,25.9,67.34,159.7,mud_brick,0.38,rockwool,0.126,concrete,0.18,rockwool,0.046,dense_concrete,0.2,8.63,0.1523,single_pane,180.0,0,0.0,0.49,2.25,5,500.0,electric,False,207570.0,SOURCED,1.5652,0.6389,50309655.1,73045.7,0.967
SIM_000301,Leh,3500.0,34.1526,77.5771,8.2,3.6,2.5,29.52,73.8,135.7,stone_masonry,0.38,straw_bale,0.029,cgi_sheet,0.002,none,0.0,stone_floor,0.12,3.59,0.0608,triple_pane,180.0,0,0.0,0.27,1.11,3,300.0,unflued_combustion,True,161340.0,SOURCED,3.2207,0.3105,50579875.7,65764.1,0.8706
SIM_000302,Dras,3280.0,34.4293,75.7533,4.5,3.1,2.5,13.95,34.88,166.5,mud_brick,0.33,straw_bale,0.079,pu_sandwich_panel,0.08,none,0.0,dense_concrete,0.21,2.77,0.0729,single_pane,180.0,1,0.5,0.58,3.93,4,400.0,unflued_combustion,True,96059.0,SOURCED,1.1601,0.862,24775148.8,67647.9,0.8956
SIM_000303,Siachen,5400.0,35.4212,77.1095,5.5,3.5,3.1,19.25,59.68,187.0,dense_concrete,0.13,rockwool,0.093,concrete,0.1,eps,0.052,dense_concrete,0.2,6.04,0.1082,triple_pane,180.0,1,0.5,0.33,3.15,6,600.0,none,False,197224.0,SOURCED,1.0948,0.9134,28423009.1,51194.2,0.6777
SIM_000304,Daulat Beg Oldie,5065.0,35.4057,77.9297,5.8,4.4,2.7,25.52,68.9,221.7,stone_masonry,0.27,none,0.0,cgi_sheet,0.002,eps,0.089,dense_concrete,0.19,1.11,0.0202,double_pane,180.0,1,0.5,0.8,0.35,7,700.0,electric,False,137649.0,SOURCED,2.7086,0.3692,40848872.9,53552.3,0.709
SIM_000305,Galwan,4300.0,34.75,78.25,9.0,5.5,3.1,49.5,153.45,174.8,pu_sandwich_panel,0.08,none,0.0,pu_sandwich_panel,0.07,none,0.0,dense_concrete,0.21,7.18,0.0799,double_pane,180.0,0,0.0,0.4,0.31,13,1300.0,flued_stove,False,285572.0,SOURCED,1.2199,0.8197,24594127.9,59268.2,0.7846
SIM_000306,Hanle,4500.0,32.7784,78.9642,8.8,4.2,2.7,36.96,99.79,150.6,dense_concrete,0.16,none,0.0,pu_sandwich_panel,0.12,none,0.0,dense_concrete,0.2,9.68,0.1379,double_pane,180.0,1,0.5,0.85,0.69,10,1000.0,electric,False,279184.0,SOURCED,2.6363,0.3793,39597977.2,57728.3,0.7642
SIM_000307,Nyoma,4180.0,33.1958,78.6508,9.6,4.8,3.0,46.08,138.24,161.6,stone_masonry,0.37,rockwool,0.119,concrete,0.13,none,0.0,dense_concrete,0.16,2.63,0.0304,single_pane,180.0,0,0.0,0.46,1.15,15,1500.0,none,False,330931.0,SOURCED,2.2627,0.4419,93733750.5,60207.9,0.7971
SIM_000308,Chushul,4350.0,33.5936,78.6543,6.0,3.1,2.6,18.6,48.36,301.8,rammed_earth,0.44,rockwool,0.04,concrete,0.13,eps,0.084,stone_floor,0.13,6.92,0.1462,double_pane,180.0,1,0.5,0.75,0.92,1,100.0,unflued_combustion,True,141044.0,SOURCED,1.4252,0.7017,42854175.5,58880.1,0.7795
SIM_000309,Rezang La,5000.0,33.425,78.8472,8.3,3.5,3.1,29.05,90.06,158.3,mud_brick,0.38,none,0.0,concrete,0.13,eps,0.051,stone_floor,0.24,11.55,0.1579,single_pane,180.0,1,0.5,0.23,1.05,4,400.0,flued_stove,False,206762.0,SOURCED,1.7266,0.5792,58642081.2,54019.9,0.7151
SIM_000310,Pangong,4250.0,33.7595,78.6674,4.7,5.7,3.0,26.79,80.37,188.2,dense_concrete,0.3,straw_bale,0.137,pu_sandwich_panel,0.1,none,0.0,dense_concrete,0.17,1.08,0.0173,triple_pane,180.0,1,0.5,0.67,1.8,8,800.0,none,False,268021.0,SOURCED,1.1556,0.8654,54662872.9,59658.3,0.7898
SIM_000311,Depsang,5330.0,35.3167,78.0167,6.5,3.5,2.8,22.75,63.7,192.7,pu_sandwich_panel,0.08,none,0.0,concrete,0.12,rockwool,0.102,stone_floor,0.13,5.78,0.1032,triple_pane,180.0,0,0.0,0.33,2.39,9,900.0,unflued_combustion,True,165741.0,SOURCED,1.2514,0.7991,12926034.8,51679.8,0.6842
SIM_000312,Kargil,2676.0,34.5539,76.1349,5.3,4.1,2.9,21.73,63.02,135.6,mud_brick,0.29,straw_bale,0.111,cgi_sheet,0.002,rockwool,0.048,stone_floor,0.22,4.28,0.0785,single_pane,180.0,1,0.5,0.46,1.69,3,300.0,unflued_combustion,True,119645.0,SOURCED,1.2508,0.7995,33325084.1,73045.7,0.967
SIM_000313,Leh,3500.0,34.1526,77.5771,9.1,4.3,2.6,39.13,101.74,102.2,pu_sandwich_panel,0.07,none,0.0,cgi_sheet,0.002,none,0.0,dense_concrete,0.15,3.6,0.0517,triple_pane,180.0,0,0.0,0.84,0.16,2,200.0,none,False,161664.0,SOURCED,2.7686,0.3612,14140906.9,65764.1,0.8706
SIM_000314,Dras,3280.0,34.4293,75.7533,4.5,3.7,3.0,16.65,49.95,150.6,pu_sandwich_panel,0.08,none,0.0,concrete,0.15,rockwool,0.075,stone_floor,0.16,4.52,0.0919,double_pane,180.0,1,0.5,0.47,0.57,1,100.0,unflued_combustion,True,131844.0,SOURCED,1.1163,0.8958,11700722.8,67647.9,0.8956
SIM_000315,Siachen,5400.0,35.4212,77.1095,8.8,5.9,2.5,51.92,129.8,175.1,mud_brick,0.4,straw_bale,0.115,pu_sandwich_panel,0.14,none,0.0,dense_concrete,0.22,6.79,0.0924,triple_pane,180.0,0,0.0,0.43,0.75,7,700.0,none,False,366369.0,SOURCED,1.2528,0.7982,68205233.3,51194.2,0.6777
SIM_000316,Daulat Beg Oldie,5065.0,35.4057,77.9297,9.6,5.1,3.1,48.96,151.78,172.1,pu_sandwich_panel,0.09,none,0.0,pu_sandwich_panel,0.08,none,0.0,dense_concrete,0.14,2.57,0.0282,single_pane,180.0,1,0.5,0.59,3.19,6,600.0,none,False,262102.0,SOURCED,1.2494,0.8004,16538993.6,53552.3,0.709
SIM_000317,Galwan,4300.0,34.75,78.25,5.2,4.5,2.5,23.4,58.5,131.9,pu_sandwich_panel,0.14,none,0.0,cgi_sheet,0.002,eps,0.085,stone_floor,0.23,0.8,0.0165,double_pane,180.0,1,0.5,0.56,3.86,3,300.0,flued_stove,False,170350.0,SOURCED,1.0567,0.9463,12101682.1,59268.2,0.7846
SIM_000318,Hanle,4500.0,32.7784,78.9642,7.3,3.5,2.6,25.55,66.43,198.8,pu_sandwich_panel,0.1,none,0.0,concrete,0.11,rockwool,0.124,stone_floor,0.17,3.84,0.0684,triple_pane,180.0,1,0.5,0.62,3.86,2,200.0,none,False,194332.0,SOURCED,1.1442,0.874,16165843.4,57728.3,0.7642
SIM_000319,Nyoma,4180.0,33.1958,78.6508,4.2,4.7,3.1,19.74,61.19,169.4,dense_concrete,0.17,rockwool,0.116,cgi_sheet,0.002,rockwool,0.063,dense_concrete,0.11,1.04,0.0188,triple_pane,180.0,0,0.0,0.66,4.31,5,500.0,unflued_combustion,True,164747.0,SOURCED,1.1973,0.8352,26663154.5,60207.9,0.7971
SIM_000320,Chushul,4350.0,33.5936,78.6543,4.1,4.7,3.0,19.27,57.81,204.5,pu_sandwich_panel,0.09,none,0.0,concrete,0.19,eps,0.028,stone_floor,0.22,4.92,0.0932,double_pane,180.0,0,0.0,0.48,2.69,4,400.0,electric,False,153004.0,SOURCED,1.2458,0.8027,17735202.1,58880.1,0.7795
SIM_000321,Rezang La,5000.0,33.425,78.8472,7.5,3.7,2.5,27.75,69.38,178.8,stone_masonry,0.28,none,0.0,cgi_sheet,0.002,rockwool,0.087,stone_floor,0.21,2.05,0.0366,double_pane,180.0,0,0.0,0.3,2.3,9,900.0,unflued_combustion,True,146818.0,SOURCED,2.6853,0.3724,43192129.1,54019.9,0.7151
SIM_000322,Pangong,4250.0,33.7595,78.6674,7.2,4.6,2.5,33.12,82.8,176.5,dense_concrete,0.28,rockwool,0.104,cgi_sheet,0.002,rockwool,0.078,stone_floor,0.13,7.35,0.1246,double_pane,180.0,1,0.5,0.25,0.33,9,900.0,none,False,265977.0,SOURCED,1.4472,0.691,43046467.9,59658.3,0.7898
SIM_000323,Depsang,5330.0,35.3167,78.0167,9.6,4.1,3.1,39.36,122.02,80.8,dense_concrete,0.27,straw_bale,0.07,concrete,0.13,rockwool,0.053,stone_floor,0.19,4.8,0.0565,single_pane,180.0,1,0.5,0.55,2.84,13,1300.0,electric,False,324619.0,SOURCED,1.4675,0.6814,78705927.5,51679.8,0.6842
SIM_000324,Kargil,2676.0,34.5539,76.1349,6.6,4.1,3.0,27.06,81.18,91.0,stone_masonry,0.36,eps,0.066,pu_sandwich_panel,0.07,none,0.0,dense_concrete,0.25,7.25,0.1129,triple_pane,180.0,0,0.0,0.53,4.19,8,800.0,unflued_combustion,True,262607.0,SOURCED,1.1234,0.8902,57208056.6,73045.7,0.967
SIM_000325,Leh,3500.0,34.1526,77.5771,9.3,4.7,2.9,43.71,126.76,34.8,dense_concrete,0.29,none,0.0,cgi_sheet,0.002,none,0.0,dense_concrete,0.19,10.32,0.1271,triple_pane,180.0,0,0.0,0.71,1.12,1,100.0,unflued_combustion,True,338512.0,SOURCED,3.7928,0.2637,66816440.9,65764.1,0.8706
SIM_000326,Dras,3280.0,34.4293,75.7533,7.2,5.2,2.7,37.44,101.09,192.8,dense_concrete,0.16,eps,0.044,pu_sandwich_panel,0.08,none,0.0,dense_concrete,0.14,0.66,0.0099,single_pane,180.0,1,0.5,0.69,2.42,1,100.0,flued_stove,False,207730.0,SOURCED,1.4674,0.6815,36814896.0,67647.9,0.8956
SIM_000327,Siachen,5400.0,35.4212,77.1095,4.3,4.2,2.6,18.06,46.96,204.6,stone_masonry,0.29,straw_bale,0.039,pu_sandwich_panel,0.09,none,0.0,dense_concrete,0.15,4.23,0.0957,triple_pane,180.0,0,0.0,0.67,0.4,4,400.0,flued_stove,False,138234.0,SOURCED,1.5897,0.629,30030414.3,51194.2,0.6777
SIM_000328,Daulat Beg Oldie,5065.0,35.4057,77.9297,9.7,3.4,3.1,32.98,102.24,320.0,stone_masonry,0.43,eps,0.15,pu_sandwich_panel,0.09,none,0.0,dense_concrete,0.17,6.05,0.0745,double_pane,180.0,1,0.5,0.58,2.77,5,500.0,unflued_combustion,True,354445.0,SOURCED,1.0623,0.9414,78692255.6,53552.3,0.709
SIM_000329,Galwan,4300.0,34.75,78.25,6.5,5.9,2.6,38.35,99.71,23.5,mud_brick,0.31,none,0.0,concrete,0.16,eps,0.14,dense_concrete,0.19,5.84,0.0906,double_pane,180.0,0,0.0,0.63,1.33,11,1100.0,none,False,226242.0,SOURCED,1.8718,0.5342,58333177.3,59268.2,0.7846
SIM_000330,Hanle,4500.0,32.7784,78.9642,4.1,5.4,2.5,22.14,55.35,224.9,pu_sandwich_panel,0.09,none,0.0,cgi_sheet,0.002,rockwool,0.056,dense_concrete,0.14,0.22,0.0046,double_pane,180.0,1,0.5,0.21,0.39,6,600.0,none,False,111225.0,SOURCED,1.2459,0.8026,7625657.9,57728.3,0.7642
SIM_000331,Nyoma,4180.0,33.1958,78.6508,5.3,5.1,2.5,27.03,67.57,154.9,rammed_earth,0.39,straw_bale,0.086,concrete,0.16,none,0.0,stone_floor,0.15,1.13,0.0217,double_pane,180.0,1,0.5,0.85,3.88,7,700.0,unflued_combustion,True,124225.0,SOURCED,2.3079,0.4333,55193937.7,60207.9,0.7971
SIM_000332,Chushul,4350.0,33.5936,78.6543,4.1,4.5,3.1,18.45,57.2,173.5,stone_masonry,0.47,none,0.0,concrete,0.11,eps,0.11,dense_concrete,0.14,0.91,0.0171,double_pane,180.0,0,0.0,0.4,1.61,3,300.0,unflued_combustion,True,170385.0,SOURCED,2.4259,0.4122,60384111.3,58880.1,0.7795
SIM_000333,Rezang La,5000.0,33.425,78.8472,8.1,4.0,3.0,32.4,97.2,90.5,rammed_earth,0.39,eps,0.128,pu_sandwich_panel,0.07,none,0.0,dense_concrete,0.17,10.87,0.1497,double_pane,180.0,1,0.5,0.21,3.82,11,1100.0,electric,False,256145.0,SOURCED,1.1681,0.8561,56476277.8,54019.9,0.7151
SIM_000334,Pangong,4250.0,33.7595,78.6674,5.4,5.6,3.2,30.24,96.77,175.7,mud_brick,0.45,rockwool,0.048,concrete,0.1,eps,0.129,dense_concrete,0.17,2.67,0.0379,double_pane,180.0,1,0.5,0.44,0.97,8,800.0,flued_stove,False,228694.0,SOURCED,1.207,0.8285,64719299.8,59658.3,0.7898
SIM_000335,Depsang,5330.0,35.3167,78.0167,5.7,5.4,3.0,30.78,92.34,187.5,mud_brick,0.31,straw_bale,0.062,concrete,0.12,rockwool,0.144,stone_floor,0.17,0.84,0.0126,double_pane,180.0,0,0.0,0.26,3.24,4,400.0,electric,False,173675.0,SOURCED,1.3691,0.7304,51160885.1,51679.8,0.6842
SIM_000336,Kargil,2676.0,34.5539,76.1349,7.5,4.1,2.5,30.75,76.87,12.4,stone_masonry,0.25,none,0.0,concrete,0.11,none,0.0,dense_concrete,0.24,7.45,0.1284,triple_pane,180.0,0,0.0,0.66,2.98,11,1100.0,flued_stove,False,203897.0,SOURCED,3.5215,0.284,50305661.1,73045.7,0.967
SIM_000337,Leh,3500.0,34.1526,77.5771,6.3,4.8,3.0,30.24,90.72,113.6,stone_masonry,0.26,none,0.0,pu_sandwich_panel,0.09,none,0.0,stone_floor,0.25,0.81,0.0122,double_pane,180.0,1,0.5,0.23,0.37,6,600.0,unflued_combustion,True,185857.0,SOURCED,2.6712,0.3744,50781273.4,65764.1,0.8706
SIM_000338,Dras,3280.0,34.4293,75.7533,7.1,4.4,2.6,31.24,81.22,68.0,dense_concrete,0.12,straw_bale,0.14,cgi_sheet,0.002,none,0.0,stone_floor,0.14,4.46,0.0746,double_pane,180.0,1,0.5,0.81,2.11,7,700.0,none,False,136960.0,SOURCED,2.8117,0.3557,26408794.4,67647.9,0.8956
SIM_000339,Siachen,5400.0,35.4212,77.1095,4.1,4.7,2.5,19.27,48.17,156.1,pu_sandwich_panel,0.08,none,0.0,concrete,0.15,rockwool,0.107,dense_concrete,0.13,4.52,0.1027,double_pane,180.0,1,0.5,0.36,1.52,7,700.0,flued_stove,False,135934.0,SOURCED,1.2321,0.8116,12702698.9,51194.2,0.6777
SIM_000340,Daulat Beg Oldie,5065.0,35.4057,77.9297,7.6,5.5,2.9,41.8,121.22,30.5,rammed_earth,0.34,none,0.0,concrete,0.12,eps,0.134,dense_concrete,0.11,8.15,0.1073,double_pane,180.0,1,0.5,0.22,1.4,2,200.0,flued_stove,False,216071.0,SOURCED,2.2157,0.4513,63906570.9,53552.3,0.709
SIM_000341,Galwan,4300.0,34.75,78.25,10.0,3.9,2.8,39.0,109.2,176.6,dense_concrete,0.24,rockwool,0.045,pu_sandwich_panel,0.06,none,0.0,stone_floor,0.25,5.66,0.0727,single_pane,180.0,0,0.0,0.63,2.85,5,500.0,flued_stove,False,296576.0,SOURCED,1.4596,0.6851,60910222.5,59268.2,0.7846
SIM_000342,Hanle,4500.0,32.7784,78.9642,9.9,4.6,3.0,45.54,136.62,192.0,mud_brick,0.27,rockwool,0.071,cgi_sheet,0.002,rockwool,0.031,dense_concrete,0.13,3.33,0.0383,single_pane,180.0,0,0.0,0.33,2.79,13,1300.0,electric,False,193952.0,SOURCED,1.6087,0.6216,48154827.1,57728.3,0.7642
SIM_000343,Nyoma,4180.0,33.1958,78.6508,7.4,3.9,3.1,28.86,89.47,152.6,rammed_earth,0.4,eps,0.054,cgi_sheet,0.002,none,0.0,dense_concrete,0.22,0.35,0.005,single_pane,180.0,1,0.5,0.6,4.35,10,1000.0,flued_stove,False,154240.0,SOURCED,2.3815,0.4199,65213882.2,60207.9,0.7971
SIM_000344,Chushul,4350.0,33.5936,78.6543,9.5,3.2,2.6,30.4,79.04,169.2,pu_sandwich_panel,0.12,none,0.0,concrete,0.19,eps,0.149,dense_concrete,0.15,1.73,0.0262,single_pane,180.0,0,0.0,0.87,2.02,6,600.0,unflued_combustion,True,238940.0,SOURCED,1.1701,0.8546,24425417.7,58880.1,0.7795
SIM_000345,Rezang La,5000.0,33.425,78.8472,9.0,5.7,3.0,51.3,153.9,274.4,stone_masonry,0.29,none,0.0,concrete,0.13,rockwool,0.053,stone_floor,0.17,0.07,0.0008,single_pane,180.0,0,0.0,0.31,4.27,1,100.0,unflued_combustion,True,254259.0,SOURCED,2.7509,0.3635,85615385.0,54019.9,0.7151
SIM_000346,Pangong,4250.0,33.7595,78.6674,8.3,4.6,2.7,38.18,103.09,185.6,stone_masonry,0.45,eps,0.101,cgi_sheet,0.002,none,0.0,dense_concrete,0.23,8.74,0.1255,double_pane,180.0,0,0.0,0.67,3.98,8,800.0,unflued_combustion,True,290486.0,SOURCED,2.7103,0.369,76046911.1,59658.3,0.7898
SIM_000347,Depsang,5330.0,35.3167,78.0167,6.9,5.1,2.4,35.19,84.46,156.1,pu_sandwich_panel,0.1,none,0.0,pu_sandwich_panel,0.14,none,0.0,stone_floor,0.22,6.92,0.1201,triple_pane,180.0,0,0.0,0.52,3.84,14,1400.0,none,False,269842.0,SOURCED,1.1948,0.837,17069093.2,51679.8,0.6842
SIM_000348,Kargil,2676.0,34.5539,76.1349,8.0,3.1,2.4,24.8,59.52,177.6,pu_sandwich_panel,0.06,none,0.0,pu_sandwich_panel,0.07,none,0.0,dense_concrete,0.18,7.18,0.1348,triple_pane,180.0,1,0.5,0.64,1.32,3,300.0,electric,False,176078.0,SOURCED,1.1869,0.8425,10577156.6,73045.7,0.967
SIM_000349,Leh,3500.0,34.1526,77.5771,8.5,3.4,3.1,28.9,89.59,31.0,stone_masonry,0.29,none,0.0,concrete,0.12,rockwool,0.147,dense_concrete,0.15,4.54,0.0615,triple_pane,180.0,0,0.0,0.39,3.08,10,1000.0,electric,False,221585.0,SOURCED,2.7042,0.3698,58677053.7,65764.1,0.8706
SIM_000350,Dras,3280.0,34.4293,75.7533,8.1,4.6,2.5,37.26,93.15,103.4,rammed_earth,0.44,straw_bale,0.094,concrete,0.14,eps,0.077,dense_concrete,0.19,2.33,0.0367,double_pane,180.0,1,0.5,0.23,1.57,3,300.0,none,False,206841.0,SOURCED,1.345,0.7435,78049730.0,67647.9,0.8956
SIM_000351,Siachen,5400.0,35.4212,77.1095,7.2,4.0,2.9,28.8,83.52,186.9,dense_concrete,0.23,rockwool,0.089,concrete,0.13,rockwool,0.106,stone_floor,0.23,8.95,0.1378,double_pane,180.0,0,0.0,0.86,1.63,3,300.0,none,False,285113.0,SOURCED,1.2793,0.7817,52697457.0,51194.2,0.6777
SIM_000352,Daulat Beg Oldie,5065.0,35.4057,77.9297,5.2,5.7,3.1,29.64,91.88,175.5,mud_brick,0.31,rockwool,0.046,concrete,0.13,rockwool,0.057,dense_concrete,0.11,3.57,0.0528,double_pane,180.0,1,0.5,0.43,4.08,4,400.0,unflued_combustion,True,175248.0,SOURCED,1.4514,0.689,46298865.2,53552.3,0.709
SIM_000353,Galwan,4300.0,34.75,78.25,9.8,3.2,2.8,31.36,87.81,193.1,dense_concrete,0.24,rockwool,0.099,cgi_sheet,0.002,none,0.0,dense_concrete,0.23,9.21,0.1265,triple_pane,180.0,0,0.0,0.24,0.2,12,1200.0,none,False,315745.0,SOURCED,2.3848,0.4193,52249015.2,59268.2,0.7846
SIM_000354,Hanle,4500.0,32.7784,78.9642,5.3,3.8,2.8,20.14,56.39,173.5,stone_masonry,0.4,rockwool,0.146,cgi_sheet,0.002,none,0.0,dense_concrete,0.2,3.4,0.0667,single_pane,180.0,0,0.0,0.87,3.88,3,300.0,unflued_combustion,True,185486.0,SOURCED,2.4113,0.4147,48090877.0,57728.3,0.7642
SIM_000355,Nyoma,4180.0,33.1958,78.6508,6.3,5.4,3.0,34.02,102.06,287.4,dense_concrete,0.21,none,0.0,pu_sandwich_panel,0.08,none,0.0,dense_concrete,0.14,8.08,0.1151,single_pane,180.0,0,0.0,0.65,0.33,4,400.0,flued_stove,False,216717.0,SOURCED,2.9373,0.3404,41192564.6,60207.9,0.7971
SIM_000356,Chushul,4350.0,33.5936,78.6543,6.9,4.6,2.5,31.74,79.35,167.9,stone_masonry,0.27,eps,0.088,cgi_sheet,0.002,rockwool,0.054,stone_floor,0.19,5.16,0.0897,double_pane,180.0,0,0.0,0.77,0.62,8,800.0,none,False,181138.0,SOURCED,1.4402,0.6943,41834878.4,58880.1,0.7795
SIM_000357,Rezang La,5000.0,33.425,78.8472,6.7,5.4,2.6,36.18,94.07,206.9,pu_sandwich_panel,0.13,none,0.0,pu_sandwich_panel,0.13,none,0.0,stone_floor,0.16,6.05,0.0962,double_pane,180.0,1,0.5,0.42,3.58,11,1100.0,electric,False,274882.0,SOURCED,1.2451,0.8031,13046212.4,54019.9,0.7151
SIM_000358,Pangong,4250.0,33.7595,78.6674,4.7,5.4,2.5,25.38,63.45,173.2,rammed_earth,0.42,straw_bale,0.027,pu_sandwich_panel,0.14,none,0.0,stone_floor,0.17,4.5,0.0891,double_pane,180.0,1,0.5,0.81,0.2,10,1000.0,electric,False,165287.0,SOURCED,1.5859,0.6306,44439782.7,59658.3,0.7898
SIM_000359,Depsang,5330.0,35.3167,78.0167,8.2,4.3,3.0,35.26,105.78,160.9,pu_sandwich_panel,0.14,none,0.0,cgi_sheet,0.002,none,0.0,stone_floor,0.18,5.27,0.0703,triple_pane,180.0,1,0.5,0.37,0.36,13,1300.0,electric,False,260321.0,SOURCED,2.4666,0.4054,14370392.8,51679.8,0.6842
SIM_000360,Kargil,2676.0,34.5539,76.1349,7.5,4.0,3.0,30.0,90.0,54.0,rammed_earth,0.24,rockwool,0.093,concrete,0.11,rockwool,0.076,stone_floor,0.21,5.53,0.0801,single_pane,180.0,0,0.0,0.28,3.57,5,500.0,electric,False,176937.0,SOURCED,1.3693,0.7303,48813933.5,73045.7,0.967
SIM_000361,Leh,3500.0,34.1526,77.5771,4.3,4.8,3.0,20.64,61.92,167.6,stone_masonry,0.4,eps,0.146,pu_sandwich_panel,0.08,none,0.0,dense_concrete,0.18,0.29,0.0053,triple_pane,180.0,1,0.5,0.21,2.45,8,800.0,electric,False,212750.0,SOURCED,0.9879,1.0122,52764713.5,65764.1,0.8706
SIM_000362,Dras,3280.0,34.4293,75.7533,6.3,4.4,2.6,27.72,72.07,317.5,mud_brick,0.34,none,0.0,cgi_sheet,0.002,none,0.0,stone_floor,0.15,2.37,0.0426,triple_pane,180.0,1,0.5,0.54,2.8,6,600.0,unflued_combustion,True,117034.0,SOURCED,3.2731,0.3055,36203437.5,67647.9,0.8956
SIM_000363,Siachen,5400.0,35.4212,77.1095,7.9,5.9,2.5,46.61,116.53,163.8,stone_masonry,0.27,straw_bale,0.087,cgi_sheet,0.002,eps,0.144,dense_concrete,0.22,5.44,0.0788,triple_pane,180.0,0,0.0,0.59,2.74,12,1200.0,electric,False,271154.0,SOURCED,1.3463,0.7428,59939821.7,51194.2,0.6777
SIM_000364,Daulat Beg Oldie,5065.0,35.4057,77.9297,5.2,4.2,3.1,21.84,67.7,166.0,rammed_earth,0.43,eps,0.035,cgi_sheet,0.002,eps,0.085,stone_floor,0.24,6.67,0.1144,triple_pane,180.0,1,0.5,0.88,3.18,6,600.0,electric,False,179539.0,SOURCED,1.2342,0.8102,51424513.1,53552.3,0.709
SIM_000365,Galwan,4300.0,34.75,78.25,8.3,5.7,2.5,47.31,118.28,161.0,dense_concrete,0.15,straw_bale,0.128,pu_sandwich_panel,0.09,none,0.0,stone_floor,0.11,7.59,0.1084,single_pane,180.0,0,0.0,0.27,0.15,5,500.0,unflued_combustion,True,218077.0,SOURCED,1.7953,0.557,34503589.1,59268.2,0.7846
SIM_000366,Hanle,4500.0,32.7784,78.9642,8.5,5.6,3.0,47.6,142.8,278.7,mud_brick,0.31,rockwool,0.051,concrete,0.14,rockwool,0.102,dense_concrete,0.17,10.8,0.1277,double_pane,180.0,0,0.0,0.86,3.12,11,1100.0,none,False,301774.0,SOURCED,1.4626,0.6837,68621484.7,57728.3,0.7642
SIM_000367,Nyoma,4180.0,33.1958,78.6508,5.9,5.6,2.7,33.04,89.21,161.0,pu_sandwich_panel,0.12,none,0.0,concrete,0.14,none,0.0,dense_concrete,0.18,5.84,0.094,double_pane,180.0,0,0.0,0.69,3.22,10,1000.0,unflued_combustion,True,221130.0,SOURCED,2.1882,0.457,24766967.2,60207.9,0.7971
SIM_000368,Chushul,4350.0,33.5936,78.6543,8.7,3.5,2.7,30.45,82.21,266.1,mud_brick,0.28,eps,0.104,pu_sandwich_panel,0.12,none,0.0,dense_concrete,0.19,9.8,0.1488,triple_pane,180.0,1,0.5,0.74,0.91,3,300.0,none,False,283588.0,SOURCED,1.1072,0.9032,37270601.4,58880.1,0.7795
SIM_000369,Rezang La,5000.0,33.425,78.8472,7.4,5.7,2.8,42.18,118.1,357.8,rammed_earth,0.44,eps,0.129,pu_sandwich_panel,0.12,none,0.0,dense_concrete,0.11,6.46,0.0881,double_pane,180.0,1,0.5,0.88,2.37,9,900.0,flued_stove,False,285042.0,SOURCED,1.3563,0.7373,64326726.6,54019.9,0.7151
SIM_000370,Pangong,4250.0,33.7595,78.6674,7.0,3.9,2.9,27.3,79.17,82.3,rammed_earth,0.4,eps,0.035,concrete,0.16,rockwool,0.107,stone_floor,0.24,2.27,0.0359,triple_pane,180.0,0,0.0,0.49,4.09,8,800.0,none,False,190338.0,SOURCED,1.2679,0.7887,68108682.6,59658.3,0.7898
SIM_000371,Depsang,5330.0,35.3167,78.0167,4.1,5.9,2.8,24.19,67.73,209.8,stone_masonry,0.45,none,0.0,concrete,0.17,none,0.0,dense_concrete,0.12,0.44,0.0079,double_pane,180.0,0,0.0,0.71,1.95,6,600.0,none,False,176041.0,SOURCED,3.2719,0.3056,66585333.5,51679.8,0.6842
SIM_000372,Kargil,2676.0,34.5539,76.1349,9.0,4.7,2.9,42.3,122.67,203.1,dense_concrete,0.22,rockwool,0.103,cgi_sheet,0.002,none,0.0,stone_floor,0.19,3.88,0.0488,single_pane,180.0,0,0.0,0.66,2.08,15,1500.0,unflued_combustion,True,277796.0,SOURCED,2.7773,0.3601,56071945.1,73045.7,0.967
SIM_000373,Leh,3500.0,34.1526,77.5771,9.7,4.7,2.7,45.59,123.09,282.7,rammed_earth,0.24,none,0.0,pu_sandwich_panel,0.14,none,0.0,stone_floor,0.2,9.44,0.1214,triple_pane,180.0,1,0.5,0.9,0.41,17,1700.0,flued_stove,False,295054.0,SOURCED,2.2076,0.453,49355118.4,65764.1,0.8706
SIM_000374,Dras,3280.0,34.4293,75.7533,6.8,6.0,2.6,40.8,106.08,183.3,rammed_earth,0.2,eps,0.111,cgi_sheet,0.002,eps,0.116,stone_floor,0.23,3.61,0.0542,triple_pane,180.0,1,0.5,0.54,2.25,11,1100.0,electric,False,212999.0,SOURCED,1.2024,0.8317,43414194.9,67647.9,0.8956
SIM_000375,Siachen,5400.0,35.4212,77.1095,4.5,4.4,2.4,19.8,47.52,174.8,rammed_earth,0.46,straw_bale,0.083,concrete,0.2,eps,0.061,dense_concrete,0.11,1.15,0.0269,double_pane,180.0,0,0.0,0.67,1.0,5,500.0,unflued_combustion,True,112877.0,SOURCED,1.4923,0.6701,49295161.3,51194.2,0.6777
SIM_000376,Daulat Beg Oldie,5065.0,35.4057,77.9297,5.2,5.1,2.5,26.52,66.3,202.4,dense_concrete,0.14,rockwool,0.102,concrete,0.19,eps,0.109,dense_concrete,0.22,0.0,0.0,triple_pane,180.0,1,0.5,0.43,3.53,10,1000.0,flued_stove,False,206315.0,SOURCED,1.1064,0.9038,41951573.3,53552.3,0.709
SIM_000377,Galwan,4300.0,34.75,78.25,7.7,4.8,2.4,36.96,88.7,207.2,dense_concrete,0.22,none,0.0,pu_sandwich_panel,0.08,none,0.0,dense_concrete,0.14,2.05,0.0342,triple_pane,180.0,0,0.0,0.78,4.15,7,700.0,unflued_combustion,True,220122.0,SOURCED,2.6675,0.3749,41459347.9,59268.2,0.7846
SIM_000378,Hanle,4500.0,32.7784,78.9642,4.9,3.6,2.9,17.64,51.16,173.9,rammed_earth,0.39,straw_bale,0.127,concrete,0.12,none,0.0,dense_concrete,0.22,4.56,0.0925,double_pane,180.0,0,0.0,0.8,1.78,5,500.0,unflued_combustion,True,121075.0,SOURCED,1.9608,0.51,46366282.8,57728.3,0.7642
SIM_000379,Nyoma,4180.0,33.1958,78.6508,4.4,5.1,2.6,22.44,58.34,156.1,dense_concrete,0.17,straw_bale,0.09,pu_sandwich_panel,0.1,none,0.0,stone_floor,0.23,5.1,0.1032,triple_pane,180.0,0,0.0,0.34,2.65,2,200.0,electric,False,184397.0,SOURCED,1.2683,0.7885,29250676.4,60207.9,0.7971
SIM_000380,Chushul,4350.0,33.5936,78.6543,6.4,5.2,3.1,33.28,103.17,294.7,dense_concrete,0.27,rockwool,0.134,cgi_sheet,0.002,none,0.0,dense_concrete,0.21,2.14,0.0298,double_pane,180.0,1,0.5,0.33,1.28,11,1100.0,none,False,312643.0,SOURCED,2.3909,0.4183,60114653.6,58880.1,0.7795
SIM_000381,Rezang La,5000.0,33.425,78.8472,7.1,3.5,3.2,24.85,79.52,159.2,pu_sandwich_panel,0.11,none,0.0,cgi_sheet,0.002,rockwool,0.063,stone_floor,0.21,2.45,0.0361,triple_pane,180.0,1,0.5,0.79,4.07,8,800.0,flued_stove,False,193795.0,SOURCED,1.0187,0.9816,11798467.2,54019.9,0.7151
SIM_000382,Pangong,4250.0,33.7595,78.6674,8.0,3.2,2.9,25.6,74.24,175.7,stone_masonry,0.42,none,0.0,concrete,0.1,eps,0.084,stone_floor,0.17,6.35,0.0978,triple_pane,180.0,1,0.5,0.68,1.99,6,600.0,electric,False,237275.0,SOURCED,2.3977,0.4171,64896450.1,59658.3,0.7898
SIM_000383,Depsang,5330.0,35.3167,78.0167,4.1,5.7,2.6,23.37,60.76,158.4,dense_concrete,0.12,straw_bale,0.133,pu_sandwich_panel,0.07,none,0.0,stone_floor,0.2,3.09,0.0606,triple_pane,180.0,1,0.5,0.25,2.32,9,900.0,flued_stove,False,149459.0,SOURCED,1.2186,0.8206,24538368.0,51679.8,0.6842
SIM_000384,Kargil,2676.0,34.5539,76.1349,5.1,3.2,2.9,16.32,47.33,199.0,mud_brick,0.38,none,0.0,cgi_sheet,0.002,none,0.0,dense_concrete,0.19,5.13,0.1066,single_pane,180.0,1,0.5,0.53,2.73,1,100.0,unflued_combustion,True,102608.0,SOURCED,2.7942,0.3579,31750364.7,73045.7,0.967
SIM_000385,Leh,3500.0,34.1526,77.5771,6.4,5.5,2.5,35.2,88.0,155.2,stone_masonry,0.21,straw_bale,0.088,pu_sandwich_panel,0.15,none,0.0,dense_concrete,0.22,2.2,0.037,single_pane,180.0,1,0.5,0.72,2.04,3,300.0,flued_stove,False,226533.0,SOURCED,1.2733,0.7854,43440800.7,65764.1,0.8706
SIM_000386,Dras,3280.0,34.4293,75.7533,5.8,4.5,2.7,26.1,70.47,173.8,pu_sandwich_panel,0.14,none,0.0,pu_sandwich_panel,0.14,none,0.0,stone_floor,0.11,2.08,0.0374,triple_pane,180.0,1,0.5,0.45,1.92,3,300.0,flued_stove,False,220473.0,SOURCED,1.2148,0.8232,6788678.1,67647.9,0.8956
SIM_000387,Siachen,5400.0,35.4212,77.1095,6.5,4.1,2.8,26.65,74.62,112.9,rammed_earth,0.42,none,0.0,concrete,0.14,none,0.0,stone_floor,0.15,4.42,0.0745,triple_pane,180.0,1,0.5,0.47,1.61,5,500.0,unflued_combustion,True,152838.0,SOURCED,2.9078,0.3439,58661452.9,51194.2,0.6777
SIM_000388,Daulat Beg Oldie,5065.0,35.4057,77.9297,4.8,5.5,2.7,26.4,71.28,181.4,rammed_earth,0.45,eps,0.107,pu_sandwich_panel,0.11,none,0.0,stone_floor,0.24,0.91,0.0164,triple_pane,180.0,0,0.0,0.48,1.31,2,200.0,unflued_combustion,True,196112.0,SOURCED,1.0534,0.9493,58197399.8,53552.3,0.709
SIM_000389,Galwan,4300.0,34.75,78.25,7.9,4.4,2.9,34.76,100.8,157.6,mud_brick,0.39,rockwool,0.09,pu_sandwich_panel,0.08,none,0.0,dense_concrete,0.12,6.24,0.0875,single_pane,180.0,1,0.5,0.65,4.29,5,500.0,electric,False,227787.0,SOURCED,1.3215,0.7567,48047152.2,59268.2,0.7846
SIM_000390,Hanle,4500.0,32.7784,78.9642,8.9,4.9,2.8,43.61,122.11,20.6,dense_concrete,0.13,eps,0.144,pu_sandwich_panel,0.11,none,0.0,stone_floor,0.22,8.83,0.1143,single_pane,180.0,1,0.5,0.63,2.12,15,1500.0,flued_stove,False,319100.0,SOURCED,1.1852,0.8437,41561636.6,57728.3,0.7642
SIM_000391,Nyoma,4180.0,33.1958,78.6508,8.6,3.3,3.1,28.38,87.98,35.4,stone_masonry,0.49,none,0.0,pu_sandwich_panel,0.14,none,0.0,dense_concrete,0.1,9.58,0.1298,single_pane,180.0,0,0.0,0.54,0.24,4,400.0,flued_stove,False,257308.0,SOURCED,2.6639,0.3754,70239701.9,60207.9,0.7971
SIM_000392,Chushul,4350.0,33.5936,78.6543,4.9,5.0,3.0,24.5,73.5,248.0,rammed_earth,0.43,straw_bale,0.093,concrete,0.19,none,0.0,stone_floor,0.13,1.27,0.0214,triple_pane,180.0,1,0.5,0.55,1.21,8,800.0,flued_stove,False,139026.0,SOURCED,2.0738,0.4822,63595229.4,58880.1,0.7795
SIM_000393,Rezang La,5000.0,33.425,78.8472,4.0,4.4,2.9,17.6,51.04,273.0,stone_masonry,0.34,eps,0.123,cgi_sheet,0.002,eps,0.056,dense_concrete,0.12,0.22,0.0045,single_pane,180.0,1,0.5,0.26,4.43,3,300.0,electric,False,143517.0,SOURCED,1.1728,0.8527,38513200.7,54019.9,0.7151
SIM_000394,Pangong,4250.0,33.7595,78.6674,5.8,5.7,3.1,33.06,102.49,189.2,dense_concrete,0.27,none,0.0,pu_sandwich_panel,0.09,none,0.0,stone_floor,0.17,5.66,0.0794,triple_pane,180.0,0,0.0,0.7,4.25,12,1200.0,flued_stove,False,286710.0,SOURCED,2.5354,0.3944,52953334.2,59658.3,0.7898
SIM_000395,Depsang,5330.0,35.3167,78.0167,7.4,4.3,2.7,31.82,85.91,183.1,rammed_earth,0.31,straw_bale,0.046,pu_sandwich_panel,0.1,none,0.0,dense_concrete,0.14,7.76,0.1228,triple_pane,180.0,1,0.5,0.75,3.78,4,400.0,unflued_combustion,True,205659.0,SOURCED,1.5183,0.6586,41912430.5,51679.8,0.6842
SIM_000396,Kargil,2676.0,34.5539,76.1349,6.3,4.2,2.6,26.46,68.8,171.4,rammed_earth,0.25,eps,0.135,concrete,0.14,none,0.0,dense_concrete,0.11,3.51,0.0643,single_pane,180.0,0,0.0,0.53,2.83,4,400.0,flued_stove,False,133091.0,SOURCED,2.3484,0.4258,38513259.7,73045.7,0.967
SIM_000397,Leh,3500.0,34.1526,77.5771,9.3,5.4,3.1,50.22,155.68,166.4,pu_sandwich_panel,0.05,none,0.0,cgi_sheet,0.002,eps,0.146,dense_concrete,0.17,1.23,0.0135,single_pane,180.0,0,0.0,0.67,0.64,4,400.0,flued_stove,False,206302.0,SOURCED,1.2915,0.7743,20656656.8,65764.1,0.8706
SIM_000398,Dras,3280.0,34.4293,75.7533,5.8,4.7,2.7,27.26,73.6,202.9,pu_sandwich_panel,0.07,none,0.0,concrete,0.14,rockwool,0.133,stone_floor,0.21,1.97,0.0347,double_pane,180.0,0,0.0,0.74,3.12,1,100.0,flued_stove,False,166868.0,SOURCED,1.1657,0.8579,21369464.4,67647.9,0.8956
SIM_000399,Siachen,5400.0,35.4212,77.1095,4.9,4.3,3.1,21.07,65.32,194.7,pu_sandwich_panel,0.07,none,0.0,cgi_sheet,0.002,none,0.0,stone_floor,0.25,1.83,0.0321,double_pane,180.0,1,0.5,0.72,0.96,2,200.0,none,False,117425.0,SOURCED,2.1714,0.4605,11612121.8,51194.2,0.6777
SIM_000400,Daulat Beg Oldie,5065.0,35.4057,77.9297,6.1,4.0,3.0,24.4,73.2,356.7,stone_masonry,0.25,eps,0.06,pu_sandwich_panel,0.08,none,0.0,stone_floor,0.21,8.17,0.1348,triple_pane,180.0,0,0.0,0.69,0.37,9,900.0,flued_stove,False,210271.0,SOURCED,1.2366,0.8087,37584789.8,53552.3,0.709
SIM_000401,Galwan,4300.0,34.75,78.25,6.8,3.6,2.9,24.48,70.99,200.6,pu_sandwich_panel,0.07,none,0.0,cgi_sheet,0.002,rockwool,0.088,stone_floor,0.14,5.15,0.0854,double_pane,180.0,0,0.0,0.82,0.84,7,700.0,unflued_combustion,True,130999.0,SOURCED,1.319,0.7582,7825212.0,59268.2,0.7846
SIM_000402,Hanle,4500.0,32.7784,78.9642,7.5,5.7,2.7,42.75,115.43,319.0,pu_sandwich_panel,0.11,none,0.0,pu_sandwich_panel,0.07,none,0.0,dense_concrete,0.11,8.94,0.1254,triple_pane,180.0,0,0.0,0.61,3.64,1,100.0,unflued_combustion,True,266005.0,SOURCED,1.4228,0.7028,11455997.5,57728.3,0.7642
SIM_000403,Nyoma,4180.0,33.1958,78.6508,5.9,3.8,3.2,22.42,71.74,173.6,stone_masonry,0.39,none,0.0,cgi_sheet,0.002,none,0.0,stone_floor,0.16,3.8,0.0612,triple_pane,180.0,1,0.5,0.61,2.93,8,800.0,unflued_combustion,True,173034.0,SOURCED,3.6708,0.2724,53670218.6,60207.9,0.7971
SIM_000404,Chushul,4350.0,33.5936,78.6543,5.3,5.3,2.4,28.09,67.42,166.3,pu_sandwich_panel,0.12,none,0.0,cgi_sheet,0.002,none,0.0,stone_floor,0.18,4.8,0.0943,double_pane,180.0,1,0.5,0.89,3.15,4,400.0,none,False,162080.0,SOURCED,2.6877,0.3721,11317233.0,58880.1,0.7795
SIM_000405,Rezang La,5000.0,33.425,78.8472,4.7,4.3,2.5,20.21,50.53,185.6,pu_sandwich_panel,0.11,none,0.0,cgi_sheet,0.002,eps,0.13,dense_concrete,0.16,0.93,0.0207,triple_pane,180.0,1,0.5,0.79,1.46,6,600.0,flued_stove,False,135793.0,SOURCED,1.0884,0.9188,7988352.4,54019.9,0.7151
SIM_000406,Pangong,4250.0,33.7595,78.6674,9.6,5.1,2.5,48.96,122.4,204.5,pu_sandwich_panel,0.11,none,0.0,concrete,0.12,rockwool,0.138,stone_floor,0.21,5.16,0.0702,triple_pane,180.0,0,0.0,0.35,2.83,13,1300.0,flued_stove,False,326793.0,SOURCED,1.2384,0.8075,36151908.9,59658.3,0.7898
SIM_000407,Depsang,5330.0,35.3167,78.0167,7.7,5.3,2.8,40.81,114.27,203.5,stone_masonry,0.49,rockwool,0.026,pu_sandwich_panel,0.12,none,0.0,dense_concrete,0.16,7.82,0.1074,double_pane,180.0,0,0.0,0.9,0.54,15,1500.0,electric,False,332719.0,SOURCED,1.5946,0.6271,79628855.1,51679.8,0.6842
SIM_000408,Kargil,2676.0,34.5539,76.1349,5.7,4.1,2.5,23.37,58.42,289.1,dense_concrete,0.22,none,0.0,cgi_sheet,0.002,rockwool,0.113,stone_floor,0.11,0.87,0.0178,double_pane,180.0,0,0.0,0.27,3.88,6,600.0,none,False,139663.0,SOURCED,2.888,0.3463,30154769.9,73045.7,0.967
SIM_000409,Leh,3500.0,34.1526,77.5771,8.4,3.7,2.9,31.08,90.13,290.5,rammed_earth,0.26,eps,0.073,cgi_sheet,0.002,eps,0.104,dense_concrete,0.15,5.15,0.0734,triple_pane,180.0,0,0.0,0.5,0.28,10,1000.0,electric,False,175147.0,SOURCED,1.2674,0.789,41747512.8,65764.1,0.8706
SIM_000410,Dras,3280.0,34.4293,75.7533,4.0,5.6,3.1,22.4,69.44,173.8,mud_brick,0.39,straw_bale,0.107,cgi_sheet,0.002,rockwool,0.115,stone_floor,0.2,5.49,0.0922,single_pane,180.0,0,0.0,0.89,0.28,2,200.0,unflued_combustion,True,145243.0,SOURCED,1.3959,0.7164,42522036.8,67647.9,0.8956
SIM_000411,Siachen,5400.0,35.4212,77.1095,4.9,5.1,2.8,24.99,69.97,78.8,rammed_earth,0.49,none,0.0,pu_sandwich_panel,0.14,none,0.0,stone_floor,0.1,5.15,0.092,double_pane,180.0,1,0.5,0.64,2.54,4,400.0,none,False,166370.0,SOURCED,2.0215,0.4947,50403656.1,51194.2,0.6777
SIM_000412,Daulat Beg Oldie,5065.0,35.4057,77.9297,9.2,4.2,2.6,38.64,100.46,175.3,dense_concrete,0.17,none,0.0,cgi_sheet,0.002,rockwool,0.044,stone_floor,0.23,5.5,0.0789,double_pane,180.0,1,0.5,0.35,0.38,7,700.0,flued_stove,False,215201.0,SOURCED,2.799,0.3573,44409147.1,53552.3,0.709
SIM_000413,Galwan,4300.0,34.75,78.25,7.7,4.1,2.8,31.57,88.4,207.8,mud_brick,0.33,rockwool,0.115,concrete,0.2,none,0.0,dense_concrete,0.13,3.76,0.0569,triple_pane,180.0,0,0.0,0.38,2.53,10,1000.0,unflued_combustion,True,227249.0,SOURCED,2.0329,0.4919,55086437.2,59268.2,0.7846
SIM_000414,Hanle,4500.0,32.7784,78.9642,4.8,3.3,2.5,15.84,39.6,200.5,dense_concrete,0.24,none,0.0,cgi_sheet,0.002,none,0.0,stone_floor,0.18,0.36,0.0089,double_pane,180.0,1,0.5,0.57,0.8,5,500.0,unflued_combustion,True,111479.0,SOURCED,3.951,0.2531,28365105.0,57728.3,0.7642
SIM_000415,Nyoma,4180.0,33.1958,78.6508,9.8,5.9,3.1,57.82,179.24,171.9,mud_brick,0.23,none,0.0,cgi_sheet,0.002,none,0.0,dense_concrete,0.2,11.11,0.1141,double_pane,180.0,1,0.5,0.71,0.34,23,2300.0,none,False,244996.0,SOURCED,3.4618,0.2889,56843756.1,60207.9,0.7971
SIM_000416,Chushul,4350.0,33.5936,78.6543,8.4,4.4,3.1,36.96,114.58,169.7,pu_sandwich_panel,0.12,none,0.0,pu_sandwich_panel,0.09,none,0.0,dense_concrete,0.17,11.3,0.1424,double_pane,180.0,1,0.5,0.85,4.07,13,1300.0,unflued_combustion,True,308453.0,SOURCED,1.136,0.8803,15184758.4,58880.1,0.7795
SIM_000417,Rezang La,5000.0,33.425,78.8472,9.9,5.4,3.0,53.46,160.38,209.9,stone_masonry,0.25,none,0.0,cgi_sheet,0.002,eps,0.092,dense_concrete,0.13,5.98,0.0651,single_pane,180.0,0,0.0,0.4,2.89,5,500.0,unflued_combustion,True,216617.0,SOURCED,2.8992,0.3449,59925537.7,54019.9,0.7151
SIM_000418,Pangong,4250.0,33.7595,78.6674,5.1,5.3,2.4,27.03,64.87,49.9,stone_masonry,0.43,rockwool,0.042,concrete,0.15,rockwool,0.141,dense_concrete,0.17,1.45,0.029,single_pane,180.0,1,0.5,0.34,1.19,8,800.0,electric,False,215237.0,SOURCED,1.3762,0.7266,62198994.7,59658.3,0.7898
SIM_000419,Depsang,5330.0,35.3167,78.0167,5.1,4.2,3.1,21.42,66.4,180.9,stone_masonry,0.37,straw_bale,0.075,concrete,0.17,eps,0.117,stone_floor,0.11,0.36,0.0062,double_pane,180.0,1,0.5,0.38,2.17,3,300.0,unflued_combustion,True,169032.0,SOURCED,1.4196,0.7044,57107637.9,51679.8,0.6842
SIM_000420,Kargil,2676.0,34.5539,76.1349,4.9,5.4,2.8,26.46,74.09,205.4,stone_masonry,0.47,none,0.0,concrete,0.12,none,0.0,stone_floor,0.13,3.13,0.0543,triple_pane,180.0,0,0.0,0.51,0.53,3,300.0,unflued_combustion,True,193076.0,SOURCED,3.3461,0.2989,66371753.5,73045.7,0.967
SIM_000421,Leh,3500.0,34.1526,77.5771,8.4,3.1,2.6,26.04,67.7,190.5,rammed_earth,0.39,straw_bale,0.119,concrete,0.19,none,0.0,dense_concrete,0.12,8.42,0.1408,double_pane,180.0,1,0.5,0.2,1.32,6,600.0,none,False,172769.0,SOURCED,2.1094,0.4741,55905134.6,65764.1,0.8706
SIM_000422,Dras,3280.0,34.4293,75.7533,4.3,5.6,2.5,24.08,60.2,332.6,rammed_earth,0.36,rockwool,0.098,pu_sandwich_panel,0.11,none,0.0,dense_concrete,0.24,0.82,0.0166,double_pane,180.0,1,0.5,0.73,1.66,1,100.0,none,False,174569.0,SOURCED,1.0286,0.9722,45231667.1,67647.9,0.8956
SIM_000423,Siachen,5400.0,35.4212,77.1095,5.8,5.3,2.8,30.74,86.07,103.6,mud_brick,0.47,rockwool,0.071,cgi_sheet,0.002,eps,0.12,dense_concrete,0.18,1.07,0.0172,single_pane,180.0,0,0.0,0.49,1.55,6,600.0,electric,False,203661.0,SOURCED,1.2206,0.8193,56272759.1,51194.2,0.6777
SIM_000424,Daulat Beg Oldie,5065.0,35.4057,77.9297,7.5,5.4,2.4,40.5,97.2,276.2,pu_sandwich_panel,0.07,none,0.0,cgi_sheet,0.002,none,0.0,dense_concrete,0.12,7.81,0.1261,triple_pane,180.0,1,0.5,0.51,1.29,16,1600.0,electric,False,182889.0,SOURCED,3.022,0.3309,11762629.9,53552.3,0.709
SIM_000425,Galwan,4300.0,34.75,78.25,6.8,4.1,2.6,27.88,72.49,259.3,stone_masonry,0.24,eps,0.045,concrete,0.11,rockwool,0.053,dense_concrete,0.14,7.04,0.1242,double_pane,180.0,1,0.5,0.46,2.58,10,1000.0,electric,False,179074.0,SOURCED,1.5189,0.6584,40243739.1,59268.2,0.7846
SIM_000426,Hanle,4500.0,32.7784,78.9642,7.4,4.4,2.6,32.56,84.66,203.4,rammed_earth,0.46,straw_bale,0.05,concrete,0.14,eps,0.101,stone_floor,0.18,7.91,0.1289,double_pane,180.0,0,0.0,0.61,0.76,4,400.0,electric,False,195588.0,SOURCED,1.5912,0.6285,67904395.3,57728.3,0.7642
SIM_000427,Nyoma,4180.0,33.1958,78.6508,8.0,5.9,2.7,47.2,127.44,200.1,stone_masonry,0.34,eps,0.133,cgi_sheet,0.002,rockwool,0.124,dense_concrete,0.14,0.21,0.0028,triple_pane,180.0,0,0.0,0.8,0.48,10,1000.0,none,False,292159.0,SOURCED,1.3125,0.7619,67543514.9,60207.9,0.7971
SIM_000428,Chushul,4350.0,33.5936,78.6543,8.4,4.3,3.2,36.12,115.58,195.3,pu_sandwich_panel,0.12,none,0.0,cgi_sheet,0.002,eps,0.122,stone_floor,0.24,7.8,0.096,triple_pane,180.0,1,0.5,0.38,4.29,7,700.0,electric,False,311769.0,SOURCED,1.0153,0.9849,19430231.0,58880.1,0.7795
SIM_000429,Rezang La,5000.0,33.425,78.8472,8.2,4.3,2.7,35.26,95.2,160.0,pu_sandwich_panel,0.1,none,0.0,pu_sandwich_panel,0.09,none,0.0,dense_concrete,0.25,3.93,0.0582,single_pane,180.0,1,0.5,0.25,3.78,8,800.0,flued_stove,False,246069.0,SOURCED,1.0301,0.9708,20876625.8,54019.9,0.7151
SIM_000430,Pangong,4250.0,33.7595,78.6674,7.0,4.0,2.7,28.0,75.6,113.0,mud_brick,0.28,eps,0.065,pu_sandwich_panel,0.11,none,0.0,dense_concrete,0.22,3.4,0.0572,single_pane,180.0,0,0.0,0.37,0.28,10,1000.0,electric,False,183751.0,SOURCED,1.2548,0.7969,37985166.4,59658.3,0.7898
SIM_000431,Depsang,5330.0,35.3167,78.0167,7.5,3.1,2.9,23.25,67.42,45.6,dense_concrete,0.14,eps,0.071,cgi_sheet,0.002,rockwool,0.133,stone_floor,0.15,9.45,0.1537,single_pane,180.0,1,0.5,0.27,2.81,1,100.0,none,False,173744.0,SOURCED,1.2945,0.7725,24639028.0,51679.8,0.6842
SIM_000432,Kargil,2676.0,34.5539,76.1349,5.0,3.8,2.8,19.0,53.2,176.0,pu_sandwich_panel,0.09,none,0.0,cgi_sheet,0.002,rockwool,0.132,dense_concrete,0.23,2.18,0.0442,single_pane,180.0,1,0.5,0.64,3.77,1,100.0,none,False,136931.0,SOURCED,0.9566,1.0454,10583481.1,73045.7,0.967
SIM_000433,Leh,3500.0,34.1526,77.5771,4.7,6.0,3.0,28.2,84.6,82.8,rammed_earth,0.26,eps,0.036,cgi_sheet,0.002,rockwool,0.115,stone_floor,0.16,5.0,0.0779,triple_pane,180.0,1,0.5,0.58,0.8,2,200.0,electric,False,157639.0,SOURCED,1.413,0.7077,37784133.9,65764.1,0.8706
SIM_000434,Dras,3280.0,34.4293,75.7533,4.9,3.6,2.5,17.64,44.1,176.6,mud_brick,0.33,straw_bale,0.097,concrete,0.14,none,0.0,stone_floor,0.11,1.52,0.0358,triple_pane,180.0,0,0.0,0.69,3.63,2,200.0,none,False,94080.0,SOURCED,2.2065,0.4532,30861189.8,67647.9,0.8956
SIM_000435,Siachen,5400.0,35.4212,77.1095,9.3,3.9,3.1,36.27,112.44,172.9,stone_masonry,0.44,rockwool,0.128,cgi_sheet,0.002,rockwool,0.089,stone_floor,0.23,10.61,0.1296,double_pane,180.0,0,0.0,0.34,1.12,13,1300.0,electric,False,350852.0,SOURCED,1.2337,0.8106,81756764.2,51194.2,0.6777
SIM_000436,Daulat Beg Oldie,5065.0,35.4057,77.9297,9.0,4.3,2.6,38.7,100.62,196.4,pu_sandwich_panel,0.14,none,0.0,concrete,0.12,rockwool,0.119,dense_concrete,0.15,8.75,0.1265,double_pane,180.0,1,0.5,0.52,3.02,2,200.0,none,False,306735.0,SOURCED,1.2493,0.8004,24763691.6,53552.3,0.709
SIM_000437,Galwan,4300.0,34.75,78.25,6.5,3.7,2.6,24.05,62.53,157.9,pu_sandwich_panel,0.07,none,0.0,concrete,0.11,rockwool,0.15,stone_floor,0.19,4.84,0.0913,triple_pane,180.0,1,0.5,0.43,1.19,2,200.0,unflued_combustion,True,176679.0,SOURCED,1.148,0.8711,16178543.6,59268.2,0.7846
SIM_000438,Hanle,4500.0,32.7784,78.9642,4.6,5.2,3.0,23.92,71.76,201.0,rammed_earth,0.28,straw_bale,0.034,concrete,0.18,eps,0.051,stone_floor,0.19,1.03,0.0175,double_pane,180.0,1,0.5,0.4,2.68,7,700.0,none,False,121732.0,SOURCED,1.6124,0.6202,49163380.7,57728.3,0.7642
SIM_000439,Nyoma,4180.0,33.1958,78.6508,8.5,4.1,2.4,34.85,83.64,196.9,stone_masonry,0.4,none,0.0,pu_sandwich_panel,0.07,none,0.0,dense_concrete,0.24,1.21,0.02,single_pane,180.0,0,0.0,0.9,1.8,3,300.0,unflued_combustion,True,227385.0,SOURCED,2.3054,0.4338,67236139.7,60207.9,0.7971
SIM_000440,Chushul,4350.0,33.5936,78.6543,8.3,3.6,3.2,29.88,95.62,337.2,mud_brick,0.28,eps,0.082,concrete,0.2,none,0.0,stone_floor,0.21,9.64,0.1266,triple_pane,180.0,0,0.0,0.58,3.34,6,600.0,unflued_combustion,True,254722.0,SOURCED,1.8532,0.5396,55208463.9,58880.1,0.7795
SIM_000441,Rezang La,5000.0,33.425,78.8472,7.4,4.6,2.8,34.04,95.31,197.8,pu_sandwich_panel,0.13,none,0.0,concrete,0.16,eps,0.103,stone_floor,0.23,0.1,0.0015,triple_pane,180.0,0,0.0,0.73,1.97,9,900.0,electric,False,261913.0,SOURCED,1.0574,0.9457,29843474.7,54019.9,0.7151
SIM_000442,Pangong,4250.0,33.7595,78.6674,4.5,5.5,2.4,24.75,59.4,191.0,stone_masonry,0.31,rockwool,0.135,pu_sandwich_panel,0.11,none,0.0,dense_concrete,0.11,0.78,0.0163,double_pane,180.0,1,0.5,0.4,2.28,9,900.0,electric,False,186544.0,SOURCED,1.2782,0.7824,36228997.0,59658.3,0.7898
SIM_000443,Depsang,5330.0,35.3167,78.0167,8.6,4.6,2.7,39.56,106.81,201.1,rammed_earth,0.2,straw_bale,0.137,concrete,0.13,eps,0.108,dense_concrete,0.21,7.04,0.0988,triple_pane,180.0,1,0.5,0.26,4.08,12,1200.0,electric,False,245244.0,SOURCED,1.2175,0.8214,56027873.3,51679.8,0.6842
SIM_000444,Kargil,2676.0,34.5539,76.1349,9.3,3.8,2.6,35.34,91.88,200.5,pu_sandwich_panel,0.14,none,0.0,cgi_sheet,0.002,rockwool,0.033,dense_concrete,0.22,6.86,0.1007,triple_pane,180.0,1,0.5,0.23,3.44,13,1300.0,electric,False,284582.0,SOURCED,1.2204,0.8194,18763263.9,73045.7,0.967
SIM_000445,Leh,3500.0,34.1526,77.5771,9.5,4.9,2.9,46.55,135.0,192.1,stone_masonry,0.21,straw_bale,0.125,concrete,0.12,eps,0.051,dense_concrete,0.22,7.21,0.0863,single_pane,180.0,1,0.5,0.36,2.56,9,900.0,unflued_combustion,True,263215.0,SOURCED,1.3291,0.7524,70798582.6,65764.1,0.8706
SIM_000446,Dras,3280.0,34.4293,75.7533,7.1,3.8,2.5,26.98,67.45,175.1,mud_brick,0.47,none,0.0,concrete,0.12,eps,0.103,dense_concrete,0.13,1.03,0.0189,double_pane,180.0,1,0.5,0.85,2.49,4,400.0,unflued_combustion,True,159241.0,SOURCED,1.7325,0.5772,53267296.7,67647.9,0.8956
SIM_000447,Siachen,5400.0,35.4212,77.1095,9.1,3.5,2.6,31.85,82.81,234.1,rammed_earth,0.31,eps,0.111,concrete,0.15,rockwool,0.046,dense_concrete,0.12,6.52,0.0995,single_pane,180.0,0,0.0,0.79,0.1,5,500.0,electric,False,176729.0,SOURCED,1.6256,0.6152,53045541.6,51194.2,0.6777
SIM_000448,Daulat Beg Oldie,5065.0,35.4057,77.9297,6.8,5.9,2.7,40.12,108.32,162.8,stone_masonry,0.46,eps,0.042,concrete,0.12,eps,0.078,dense_concrete,0.1,2.66,0.0388,triple_pane,180.0,1,0.5,0.41,3.52,11,1100.0,flued_stove,False,273760.0,SOURCED,1.6177,0.6182,81715901.8,53552.3,0.709
SIM_000449,Galwan,4300.0,34.75,78.25,4.1,3.6,2.7,14.76,39.85,171.9,dense_concrete,0.25,eps,0.131,cgi_sheet,0.002,eps,0.135,stone_floor,0.16,4.34,0.1044,double_pane,180.0,0,0.0,0.79,3.25,1,100.0,electric,False,163108.0,SOURCED,1.1964,0.8358,26813834.4,59268.2,0.7846
SIM_000450,Hanle,4500.0,32.7784,78.9642,6.2,3.9,3.1,24.18,74.96,315.6,mud_brick,0.23,rockwool,0.141,cgi_sheet,0.002,none,0.0,stone_floor,0.17,4.23,0.0676,triple_pane,180.0,0,0.0,0.48,3.54,5,500.0,flued_stove,False,168215.0,SOURCED,2.3148,0.432,29396442.3,57728.3,0.7642
SIM_000451,Nyoma,4180.0,33.1958,78.6508,5.6,3.0,3.2,16.8,53.76,166.5,stone_masonry,0.48,rockwool,0.129,cgi_sheet,0.002,eps,0.115,stone_floor,0.16,0.77,0.014,single_pane,180.0,1,0.5,0.36,0.31,2,200.0,none,False,210588.0,SOURCED,0.9921,1.008,58746749.8,60207.9,0.7971
SIM_000452,Chushul,4350.0,33.5936,78.6543,4.3,4.4,3.2,18.92,60.54,171.8,mud_brick,0.4,eps,0.076,cgi_sheet,0.002,eps,0.113,stone_floor,0.21,6.05,0.1087,single_pane,180.0,1,0.5,0.37,0.72,2,200.0,none,False,156118.0,SOURCED,1.0921,0.9157,38537588.5,58880.1,0.7795
SIM_000453,Rezang La,5000.0,33.425,78.8472,8.5,4.0,2.7,34.0,91.8,192.3,dense_concrete,0.18,rockwool,0.071,concrete,0.17,rockwool,0.043,stone_floor,0.21,4.37,0.0647,double_pane,180.0,0,0.0,0.76,1.82,10,1000.0,electric,False,256252.0,SOURCED,1.3997,0.7144,54907969.7,54019.9,0.7151
SIM_000454,Pangong,4250.0,33.7595,78.6674,9.9,3.0,2.9,29.7,86.13,9.8,mud_brick,0.33,straw_bale,0.03,concrete,0.15,rockwool,0.142,dense_concrete,0.21,5.85,0.0782,single_pane,180.0,0,0.0,0.66,1.06,3,300.0,flued_stove,False,206355.0,SOURCED,1.5617,0.6403,59288801.4,59658.3,0.7898
SIM_000455,Depsang,5330.0,35.3167,78.0167,5.3,5.8,2.9,30.74,89.15,161.0,mud_brick,0.49,eps,0.121,cgi_sheet,0.002,eps,0.134,dense_concrete,0.22,5.79,0.0899,single_pane,180.0,1,0.5,0.4,0.8,2,200.0,electric,False,248612.0,SOURCED,1.0763,0.9291,59187029.4,51679.8,0.6842
SIM_000456,Kargil,2676.0,34.5539,76.1349,6.5,3.1,3.0,20.15,60.45,110.5,dense_concrete,0.21,rockwool,0.082,cgi_sheet,0.002,eps,0.073,stone_floor,0.17,3.08,0.0535,double_pane,180.0,0,0.0,0.83,2.76,3,300.0,unflued_combustion,True,184151.0,SOURCED,1.2212,0.8189,34053718.6,73045.7,0.967
SIM_000457,Leh,3500.0,34.1526,77.5771,7.5,5.6,3.2,42.0,134.4,175.1,pu_sandwich_panel,0.13,none,0.0,cgi_sheet,0.002,none,0.0,stone_floor,0.18,10.49,0.1251,triple_pane,180.0,1,0.5,0.22,1.64,16,1600.0,none,False,313713.0,SOURCED,2.5638,0.39,17031080.1,65764.1,0.8706
SIM_000458,Dras,3280.0,34.4293,75.7533,4.2,3.9,2.7,16.38,44.23,221.8,pu_sandwich_panel,0.09,none,0.0,concrete,0.16,eps,0.138,stone_floor,0.21,0.63,0.0144,double_pane,180.0,0,0.0,0.85,0.56,6,600.0,flued_stove,False,124308.0,SOURCED,1.0004,0.9996,13673609.8,67647.9,0.8956
SIM_000459,Siachen,5400.0,35.4212,77.1095,9.6,3.3,2.8,31.68,88.7,202.3,stone_masonry,0.31,none,0.0,pu_sandwich_panel,0.08,none,0.0,stone_floor,0.17,1.8,0.0249,double_pane,180.0,1,0.5,0.69,0.76,1,100.0,none,False,194914.0,SOURCED,2.6692,0.3746,55668927.1,51194.2,0.6777
SIM_000460,Daulat Beg Oldie,5065.0,35.4057,77.9297,9.3,4.8,2.8,44.64,124.99,180.2,stone_masonry,0.41,straw_bale,0.128,cgi_sheet,0.002,eps,0.09,stone_floor,0.17,9.95,0.126,single_pane,180.0,0,0.0,0.46,4.19,8,800.0,electric,False,259147.0,SOURCED,1.6699,0.5988,75480031.8,53552.3,0.709
SIM_000461,Galwan,4300.0,34.75,78.25,5.6,5.9,3.0,33.04,99.12,196.8,mud_brick,0.33,eps,0.093,cgi_sheet,0.002,eps,0.132,dense_concrete,0.11,1.29,0.0187,double_pane,180.0,1,0.5,0.64,0.3,7,700.0,electric,False,184282.0,SOURCED,1.2926,0.7736,42484797.8,59268.2,0.7846
SIM_000462,Hanle,4500.0,32.7784,78.9642,7.0,4.0,2.6,28.0,72.8,171.6,stone_masonry,0.26,eps,0.121,cgi_sheet,0.002,none,0.0,stone_floor,0.17,4.75,0.083,triple_pane,180.0,0,0.0,0.37,2.15,9,900.0,none,False,179386.0,SOURCED,2.6168,0.3821,38094896.4,57728.3,0.7642
SIM_000463,Nyoma,4180.0,33.1958,78.6508,6.0,5.8,2.9,34.8,100.92,156.9,mud_brick,0.36,straw_bale,0.076,pu_sandwich_panel,0.13,none,0.0,stone_floor,0.23,0.63,0.0092,double_pane,180.0,1,0.5,0.86,2.76,10,1000.0,flued_stove,False,223903.0,SOURCED,1.218,0.821,54882844.3,60207.9,0.7971
SIM_000464,Chushul,4350.0,33.5936,78.6543,4.1,4.9,2.9,20.09,58.26,199.4,mud_brick,0.37,eps,0.085,concrete,0.2,eps,0.061,stone_floor,0.17,5.26,0.1008,single_pane,180.0,1,0.5,0.9,2.76,2,200.0,electric,False,162320.0,SOURCED,1.2274,0.8147,42709320.6,58880.1,0.7795
SIM_000465,Rezang La,5000.0,33.425,78.8472,7.9,3.5,2.8,27.65,77.42,85.8,stone_masonry,0.26,straw_bale,0.029,pu_sandwich_panel,0.14,none,0.0,dense_concrete,0.14,3.6,0.0564,double_pane,180.0,1,0.5,0.67,4.19,11,1100.0,electric,False,194897.0,SOURCED,1.722,0.5807,41097015.7,54019.9,0.7151
SIM_000466,Pangong,4250.0,33.7595,78.6674,7.1,5.7,2.5,40.47,101.17,184.4,mud_brick,0.41,none,0.0,pu_sandwich_panel,0.14,none,0.0,dense_concrete,0.19,0.79,0.0123,single_pane,180.0,0,0.0,0.28,4.17,16,1600.0,flued_stove,False,244827.0,SOURCED,1.6884,0.5923,56853466.6,59658.3,0.7898
SIM_000467,Depsang,5330.0,35.3167,78.0167,6.6,5.2,3.0,34.32,102.96,146.4,pu_sandwich_panel,0.11,none,0.0,concrete,0.17,rockwool,0.079,dense_concrete,0.21,1.51,0.0213,double_pane,180.0,0,0.0,0.72,1.67,4,400.0,flued_stove,False,255595.0,SOURCED,1.0885,0.9187,30602618.9,51679.8,0.6842
SIM_000468,Kargil,2676.0,34.5539,76.1349,8.0,4.1,2.9,32.8,95.12,200.0,rammed_earth,0.48,rockwool,0.074,pu_sandwich_panel,0.13,none,0.0,stone_floor,0.23,0.3,0.0043,single_pane,180.0,0,0.0,0.69,1.41,11,1100.0,flued_stove,False,243508.0,SOURCED,1.1092,0.9016,76947046.1,73045.7,0.967
SIM_000469,Leh,3500.0,34.1526,77.5771,6.6,4.7,3.0,31.02,93.06,181.1,stone_masonry,0.47,straw_bale,0.048,pu_sandwich_panel,0.09,none,0.0,stone_floor,0.17,2.29,0.0338,single_pane,180.0,1,0.5,0.31,3.73,2,200.0,flued_stove,False,243305.0,SOURCED,1.4958,0.6685,74138382.9,65764.1,0.8706
SIM_000470,Dras,3280.0,34.4293,75.7533,7.7,4.0,3.0,30.8,92.4,200.0,pu_sandwich_panel,0.06,none,0.0,concrete,0.19,none,0.0,dense_concrete,0.21,4.75,0.0677,triple_pane,180.0,1,0.5,0.29,2.56,7,700.0,unflued_combustion,True,206148.0,SOURCED,1.8604,0.5375,28639075.3,67647.9,0.8956
SIM_000471,Siachen,5400.0,35.4212,77.1095,5.2,3.7,3.0,19.24,57.72,201.6,pu_sandwich_panel,0.09,none,0.0,cgi_sheet,0.002,rockwool,0.042,dense_concrete,0.22,6.8,0.1273,double_pane,180.0,0,0.0,0.29,4.13,4,400.0,electric,False,144550.0,SOURCED,1.2089,0.8272,10186269.3,51194.2,0.6777
SIM_000472,Daulat Beg Oldie,5065.0,35.4057,77.9297,4.3,4.6,2.7,19.78,53.41,155.2,mud_brick,0.26,eps,0.137,concrete,0.12,rockwool,0.068,stone_floor,0.16,2.04,0.0424,single_pane,180.0,0,0.0,0.24,2.5,6,600.0,none,False,131764.0,SOURCED,1.2744,0.7847,30397368.7,53552.3,0.709
SIM_000473,Galwan,4300.0,34.75,78.25,7.4,3.9,3.0,28.86,86.58,182.5,dense_concrete,0.26,eps,0.042,cgi_sheet,0.002,none,0.0,dense_concrete,0.22,7.4,0.1091,double_pane,180.0,1,0.5,0.29,2.46,11,1100.0,unflued_combustion,True,259507.0,SOURCED,2.5364,0.3943,51095523.9,59268.2,0.7846
SIM_000474,Hanle,4500.0,32.7784,78.9642,6.7,4.0,2.9,26.8,77.72,156.5,dense_concrete,0.17,rockwool,0.026,pu_sandwich_panel,0.11,none,0.0,dense_concrete,0.2,2.96,0.0477,triple_pane,180.0,0,0.0,0.31,0.34,1,100.0,electric,False,215319.0,SOURCED,1.4368,0.696,35722837.2,57728.3,0.7642
SIM_000475,Nyoma,4180.0,33.1958,78.6508,6.0,5.5,2.8,33.0,92.4,192.8,mud_brick,0.32,rockwool,0.055,pu_sandwich_panel,0.08,none,0.0,dense_concrete,0.11,7.51,0.1166,triple_pane,180.0,1,0.5,0.59,1.69,6,600.0,unflued_combustion,True,222484.0,SOURCED,1.4199,0.7043,35931397.0,60207.9,0.7971
SIM_000476,Chushul,4350.0,33.5936,78.6543,4.5,5.3,2.9,23.85,69.16,192.7,pu_sandwich_panel,0.09,none,0.0,pu_sandwich_panel,0.12,none,0.0,stone_floor,0.24,0.66,0.0116,triple_pane,180.0,1,0.5,0.55,4.38,7,700.0,electric,False,176656.0,SOURCED,0.9731,1.0276,12661101.8,58880.1,0.7795
SIM_000477,Rezang La,5000.0,33.425,78.8472,6.6,4.2,3.1,27.72,85.93,170.1,mud_brick,0.4,none,0.0,cgi_sheet,0.002,rockwool,0.08,stone_floor,0.19,0.81,0.0121,double_pane,180.0,0,0.0,0.84,0.94,2,200.0,unflued_combustion,True,150265.0,SOURCED,1.7411,0.5743,51134851.9,54019.9,0.7151
SIM_000478,Pangong,4250.0,33.7595,78.6674,6.3,3.3,3.1,20.79,64.45,205.7,rammed_earth,0.38,straw_bale,0.067,cgi_sheet,0.002,none,0.0,stone_floor,0.2,3.78,0.0635,triple_pane,180.0,0,0.0,0.46,3.08,7,700.0,electric,False,120721.0,SOURCED,2.4086,0.4152,47908187.8,59658.3,0.7898
SIM_000479,Depsang,5330.0,35.3167,78.0167,7.6,3.0,2.7,22.8,61.56,228.4,rammed_earth,0.26,rockwool,0.042,cgi_sheet,0.002,none,0.0,stone_floor,0.2,6.46,0.1129,triple_pane,180.0,1,0.5,0.44,0.64,6,600.0,flued_stove,False,143704.0,SOURCED,2.5096,0.3985,33754087.0,51679.8,0.6842
SIM_000480,Kargil,2676.0,34.5539,76.1349,8.4,3.2,2.6,26.88,69.89,205.9,pu_sandwich_panel,0.09,none,0.0,cgi_sheet,0.002,none,0.0,stone_floor,0.16,3.18,0.0527,triple_pane,180.0,0,0.0,0.52,3.99,2,200.0,unflued_combustion,True,144595.0,SOURCED,2.495,0.4008,9696383.8,73045.7,0.967
SIM_000481,Leh,3500.0,34.1526,77.5771,7.4,4.0,2.9,29.6,85.84,108.2,rammed_earth,0.38,eps,0.139,pu_sandwich_panel,0.07,none,0.0,stone_floor,0.15,0.72,0.0109,double_pane,180.0,1,0.5,0.83,3.12,6,600.0,none,False,186426.0,SOURCED,1.1736,0.8521,54677910.5,65764.1,0.8706
SIM_000482,Dras,3280.0,34.4293,75.7533,7.3,5.8,2.9,42.34,122.79,209.4,stone_masonry,0.44,rockwool,0.101,concrete,0.16,rockwool,0.058,dense_concrete,0.19,5.15,0.0678,single_pane,180.0,1,0.5,0.44,2.11,4,400.0,electric,False,354378.0,SOURCED,1.2865,0.7773,97410712.0,67647.9,0.8956
SIM_000483,Siachen,5400.0,35.4212,77.1095,4.6,4.8,2.6,22.08,57.41,192.2,rammed_earth,0.45,eps,0.119,pu_sandwich_panel,0.08,none,0.0,dense_concrete,0.21,4.18,0.0855,single_pane,180.0,1,0.5,0.52,3.11,8,800.0,unflued_combustion,True,165734.0,SOURCED,1.0838,0.9227,47195835.8,51194.2,0.6777
SIM_000484,Daulat Beg Oldie,5065.0,35.4057,77.9297,6.5,4.7,2.6,30.55,79.43,169.9,rammed_earth,0.37,eps,0.077,cgi_sheet,0.002,none,0.0,stone_floor,0.13,6.41,0.1101,single_pane,180.0,1,0.5,0.77,0.81,11,1100.0,unflued_combustion,True,130709.0,SOURCED,2.8486,0.351,43383251.4,53552.3,0.709
SIM_000485,Galwan,4300.0,34.75,78.25,4.5,3.6,2.7,16.2,43.74,208.8,pu_sandwich_panel,0.1,none,0.0,pu_sandwich_panel,0.06,none,0.0,stone_floor,0.14,4.53,0.1036,triple_pane,180.0,0,0.0,0.64,3.34,1,100.0,electric,False,129130.0,SOURCED,1.1683,0.8559,5127999.0,59268.2,0.7846
SIM_000486,Hanle,4500.0,32.7784,78.9642,6.5,4.0,2.6,26.0,67.6,200.8,rammed_earth,0.28,straw_bale,0.086,cgi_sheet,0.002,rockwool,0.125,dense_concrete,0.12,5.34,0.0978,double_pane,180.0,1,0.5,0.44,2.77,6,600.0,electric,False,128259.0,SOURCED,1.4361,0.6963,33219488.0,57728.3,0.7642
SIM_000487,Nyoma,4180.0,33.1958,78.6508,5.4,4.3,3.0,23.22,69.66,185.4,rammed_earth,0.45,straw_bale,0.129,concrete,0.12,eps,0.091,dense_concrete,0.13,4.34,0.0746,single_pane,180.0,0,0.0,0.46,2.34,8,800.0,electric,False,138954.0,SOURCED,1.446,0.6916,58483548.9,60207.9,0.7971
SIM_000488,Chushul,4350.0,33.5936,78.6543,6.7,4.5,2.7,30.15,81.41,0.3,stone_masonry,0.44,eps,0.136,pu_sandwich_panel,0.13,none,0.0,stone_floor,0.23,7.58,0.1253,triple_pane,180.0,0,0.0,0.38,0.31,9,900.0,electric,False,323928.0,SOURCED,1.1193,0.8934,62195295.7,58880.1,0.7795
SIM_000489,Rezang La,5000.0,33.425,78.8472,7.3,3.1,3.0,22.63,67.89,178.8,pu_sandwich_panel,0.09,none,0.0,pu_sandwich_panel,0.08,none,0.0,dense_concrete,0.2,4.03,0.0646,triple_pane,180.0,1,0.5,0.86,2.57,5,500.0,unflued_combustion,True,190055.0,SOURCED,0.9685,1.0325,10854161.0,54019.9,0.7151
SIM_000490,Pangong,4250.0,33.7595,78.6674,8.5,5.8,2.5,49.3,123.25,156.7,pu_sandwich_panel,0.09,none,0.0,pu_sandwich_panel,0.12,none,0.0,stone_floor,0.17,3.61,0.0505,double_pane,180.0,1,0.5,0.44,4.32,16,1600.0,electric,False,278495.0,SOURCED,1.3192,0.758,18580914.5,59658.3,0.7898
SIM_000491,Depsang,5330.0,35.3167,78.0167,4.5,4.9,2.8,22.05,61.74,206.8,rammed_earth,0.39,eps,0.056,pu_sandwich_panel,0.12,none,0.0,dense_concrete,0.25,3.03,0.0576,single_pane,180.0,0,0.0,0.51,1.95,2,200.0,unflued_combustion,True,161266.0,SOURCED,1.2134,0.8241,47792833.1,51679.8,0.6842
SIM_000492,Kargil,2676.0,34.5539,76.1349,5.9,5.7,2.8,33.63,94.16,152.3,pu_sandwich_panel,0.07,none,0.0,concrete,0.17,eps,0.059,stone_floor,0.17,6.03,0.0928,triple_pane,180.0,1,0.5,0.43,0.69,6,600.0,none,False,217507.0,SOURCED,1.3192,0.758,25690132.5,73045.7,0.967
SIM_000493,Leh,3500.0,34.1526,77.5771,4.6,3.8,2.8,17.48,48.94,179.5,dense_concrete,0.15,straw_bale,0.137,cgi_sheet,0.002,none,0.0,dense_concrete,0.15,5.47,0.1163,single_pane,180.0,0,0.0,0.83,3.8,6,600.0,none,False,102039.0,SOURCED,2.6966,0.3708,21673592.6,65764.1,0.8706
SIM_000494,Dras,3280.0,34.4293,75.7533,6.8,4.6,2.4,31.28,75.07,151.2,mud_brick,0.41,rockwool,0.133,pu_sandwich_panel,0.14,none,0.0,stone_floor,0.23,1.21,0.0221,single_pane,180.0,1,0.5,0.35,4.3,5,500.0,unflued_combustion,True,249815.0,SOURCED,1.1037,0.906,48708746.8,67647.9,0.8956
SIM_000495,Siachen,5400.0,35.4212,77.1095,5.2,5.0,2.5,26.0,65.0,162.6,mud_brick,0.48,eps,0.068,pu_sandwich_panel,0.1,none,0.0,dense_concrete,0.2,1.98,0.0388,double_pane,180.0,0,0.0,0.6,0.5,10,1000.0,none,False,192790.0,SOURCED,1.1831,0.8452,47466822.2,51194.2,0.6777
SIM_000496,Daulat Beg Oldie,5065.0,35.4057,77.9297,5.1,4.2,2.9,21.42,62.12,178.7,pu_sandwich_panel,0.13,none,0.0,cgi_sheet,0.002,rockwool,0.121,dense_concrete,0.17,2.65,0.0491,triple_pane,180.0,0,0.0,0.67,1.23,2,200.0,flued_stove,False,182399.0,SOURCED,1.0277,0.973,9057765.3,53552.3,0.709
SIM_000497,Galwan,4300.0,34.75,78.25,8.5,5.1,2.6,43.35,112.71,162.1,dense_concrete,0.3,eps,0.129,concrete,0.17,none,0.0,stone_floor,0.13,1.58,0.0223,single_pane,180.0,0,0.0,0.53,1.11,11,1100.0,flued_stove,False,335956.0,SOURCED,2.3774,0.4206,77032931.5,59268.2,0.7846
SIM_000498,Hanle,4500.0,32.7784,78.9642,5.0,3.9,2.9,19.5,56.55,190.1,rammed_earth,0.25,rockwool,0.114,concrete,0.12,none,0.0,dense_concrete,0.15,4.27,0.0827,single_pane,180.0,1,0.5,0.42,2.71,7,700.0,unflued_combustion,True,125264.0,SOURCED,1.9683,0.5081,33678077.0,57728.3,0.7642
SIM_000499,Nyoma,4180.0,33.1958,78.6508,8.6,4.9,2.9,42.14,122.21,163.2,dense_concrete,0.16,none,0.0,concrete,0.1,none,0.0,dense_concrete,0.23,7.52,0.096,double_pane,180.0,0,0.0,0.87,1.68,4,400.0,none,False,248200.0,SOURCED,3.7958,0.2634,58129193.0,60207.9,0.7971
SIM_000500,Chushul,4350.0,33.5936,78.6543,9.5,3.2,2.9,30.4,88.16,154.5,pu_sandwich_panel,0.07,none,0.0,concrete,0.14,eps,0.123,dense_concrete,0.11,11.06,0.1501,single_pane,180.0,1,0.5,0.52,2.04,2,200.0,unflued_combustion,True,194962.0,SOURCED,1.3084,0.7643,17925327.0,58880.1,0.7795
SIM_000501,Rezang La,5000.0,33.425,78.8472,6.4,5.1,2.4,32.64,78.34,182.2,dense_concrete,0.24,straw_bale,0.114,pu_sandwich_panel,0.1,none,0.0,dense_concrete,0.16,3.89,0.0705,single_pane,180.0,1,0.5,0.32,0.18,10,1000.0,none,False,230417.0,SOURCED,1.3666,0.7317,41731894.8,54019.9,0.7151
SIM_000502,Pangong,4250.0,33.7595,78.6674,7.2,5.0,3.0,36.0,108.0,152.2,rammed_earth,0.26,none,0.0,pu_sandwich_panel,0.09,none,0.0,stone_floor,0.13,1.87,0.0255,single_pane,180.0,1,0.5,0.38,2.01,14,1400.0,flued_stove,False,139119.0,SOURCED,2.437,0.4103,43594603.5,59658.3,0.7898
SIM_000503,Depsang,5330.0,35.3167,78.0167,9.0,5.1,3.0,45.9,137.7,171.7,pu_sandwich_panel,0.13,none,0.0,cgi_sheet,0.002,rockwool,0.043,stone_floor,0.25,1.26,0.0149,single_pane,180.0,0,0.0,0.62,3.27,17,1700.0,none,False,287657.0,SOURCED,1.2072,0.8284,25509049.4,51679.8,0.6842
SIM_000504,Kargil,2676.0,34.5539,76.1349,7.7,5.0,3.2,38.5,123.2,208.6,rammed_earth,0.49,rockwool,0.034,concrete,0.17,none,0.0,stone_floor,0.16,10.02,0.1233,triple_pane,180.0,1,0.5,0.46,3.32,4,400.0,unflued_combustion,True,285470.0,SOURCED,2.2447,0.4455,91212241.0,73045.7,0.967
SIM_000505,Leh,3500.0,34.1526,77.5771,6.2,4.3,2.7,26.66,71.98,166.0,dense_concrete,0.25,none,0.0,pu_sandwich_panel,0.13,none,0.0,stone_floor,0.25,0.36,0.0063,double_pane,180.0,0,0.0,0.69,4.11,6,600.0,flued_stove,False,230785.0,SOURCED,2.5108,0.3983,46815692.0,65764.1,0.8706
SIM_000506,Dras,3280.0,34.4293,75.7533,6.3,5.0,2.5,31.5,78.75,190.1,rammed_earth,0.45,eps,0.046,cgi_sheet,0.002,rockwool,0.139,dense_concrete,0.1,3.13,0.0554,double_pane,180.0,1,0.5,0.26,1.04,7,700.0,electric,False,157474.0,SOURCED,1.5165,0.6594,51043916.6,67647.9,0.8956
SIM_000507,Siachen,5400.0,35.4212,77.1095,5.7,3.7,2.6,21.09,54.83,54.1,rammed_earth,0.49,rockwool,0.033,pu_sandwich_panel,0.09,none,0.0,dense_concrete,0.17,6.58,0.1346,single_pane,180.0,0,0.0,0.77,0.84,4,400.0,flued_stove,False,135701.0,SOURCED,1.6627,0.6014,45754715.0,51194.2,0.6777
SIM_000508,Daulat Beg Oldie,5065.0,35.4057,77.9297,8.2,5.2,3.1,42.64,132.18,178.0,mud_brick,0.31,straw_bale,0.146,cgi_sheet,0.002,none,0.0,dense_concrete,0.22,0.76,0.0091,triple_pane,180.0,1,0.5,0.9,3.14,16,1600.0,none,False,201027.0,SOURCED,2.5328,0.3948,62545738.8,53552.3,0.709
SIM_000509,Galwan,4300.0,34.75,78.25,9.1,3.4,2.8,30.94,86.63,219.1,stone_masonry,0.2,straw_bale,0.07,pu_sandwich_panel,0.08,none,0.0,dense_concrete,0.11,10.93,0.1561,double_pane,180.0,0,0.0,0.57,2.67,7,700.0,none,False,179700.0,SOURCED,1.6618,0.6018,32670478.7,59268.2,0.7846
SIM_000510,Hanle,4500.0,32.7784,78.9642,5.2,5.3,3.0,27.56,82.68,159.3,stone_masonry,0.22,none,0.0,cgi_sheet,0.002,none,0.0,stone_floor,0.1,6.38,0.1013,triple_pane,180.0,0,0.0,0.58,3.95,7,700.0,unflued_combustion,True,132155.0,SOURCED,4.2837,0.2334,31238474.7,57728.3,0.7642
SIM_000511,Nyoma,4180.0,33.1958,78.6508,7.2,5.3,2.7,38.16,103.03,179.9,rammed_earth,0.3,none,0.0,pu_sandwich_panel,0.15,none,0.0,stone_floor,0.12,3.61,0.0535,double_pane,180.0,0,0.0,0.22,3.28,3,300.0,flued_stove,False,188900.0,SOURCED,2.3487,0.4258,44634477.7,60207.9,0.7971
SIM_000512,Chushul,4350.0,33.5936,78.6543,5.9,4.2,3.2,24.78,79.3,185.3,mud_brick,0.24,rockwool,0.085,concrete,0.18,none,0.0,dense_concrete,0.15,8.45,0.1307,double_pane,180.0,0,0.0,0.86,4.27,4,400.0,none,False,179461.0,SOURCED,2.0314,0.4923,39237171.1,58880.1,0.7795
SIM_000513,Rezang La,5000.0,33.425,78.8472,8.3,3.5,2.5,29.05,72.63,171.0,dense_concrete,0.19,none,0.0,cgi_sheet,0.002,none,0.0,stone_floor,0.25,0.09,0.0015,triple_pane,180.0,0,0.0,0.72,3.14,9,900.0,unflued_combustion,True,159465.0,SOURCED,4.1069,0.2435,41446205.8,54019.9,0.7151
SIM_000514,Pangong,4250.0,33.7595,78.6674,9.1,4.4,3.1,40.04,124.12,176.4,rammed_earth,0.26,rockwool,0.105,concrete,0.16,rockwool,0.071,dense_concrete,0.16,5.79,0.0692,triple_pane,180.0,1,0.5,0.34,3.49,4,400.0,electric,False,281980.0,SOURCED,1.2305,0.8127,66474304.7,59658.3,0.7898
SIM_000515,Depsang,5330.0,35.3167,78.0167,7.8,3.2,2.9,24.96,72.38,202.5,dense_concrete,0.12,straw_bale,0.041,pu_sandwich_panel,0.07,none,0.0,dense_concrete,0.13,5.99,0.0939,triple_pane,180.0,0,0.0,0.21,2.34,1,100.0,none,False,165159.0,SOURCED,1.6601,0.6024,24035514.9,51679.8,0.6842
SIM_000516,Kargil,2676.0,34.5539,76.1349,5.1,3.4,2.6,17.34,45.08,168.9,rammed_earth,0.32,eps,0.057,pu_sandwich_panel,0.11,none,0.0,dense_concrete,0.19,0.63,0.0143,single_pane,180.0,1,0.5,0.45,4.45,1,100.0,flued_stove,False,111074.0,SOURCED,1.134,0.8818,32911451.5,73045.7,0.967
SIM_000517,Leh,3500.0,34.1526,77.5771,5.8,3.7,2.9,21.46,62.23,175.1,stone_masonry,0.37,eps,0.071,pu_sandwich_panel,0.07,none,0.0,stone_floor,0.19,7.18,0.1303,double_pane,180.0,0,0.0,0.55,0.98,3,300.0,unflued_combustion,True,190073.0,SOURCED,1.3238,0.7554,44666618.8,65764.1,0.8706
SIM_000518,Dras,3280.0,34.4293,75.7533,6.7,4.7,2.4,31.49,75.58,203.4,mud_brick,0.39,straw_bale,0.146,pu_sandwich_panel,0.07,none,0.0,stone_floor,0.18,3.63,0.0663,triple_pane,180.0,0,0.0,0.66,2.88,1,100.0,electric,False,180900.0,SOURCED,1.3153,0.7603,43521246.2,67647.9,0.8956
SIM_000519,Siachen,5400.0,35.4212,77.1095,7.7,3.6,2.5,27.72,69.3,194.9,pu_sandwich_panel,0.09,none,0.0,concrete,0.11,none,0.0,stone_floor,0.18,6.12,0.1083,triple_pane,180.0,0,0.0,0.67,2.57,9,900.0,unflued_combustion,True,177757.0,SOURCED,2.2072,0.4531,17917177.0,51194.2,0.6777
SIM_000520,Daulat Beg Oldie,5065.0,35.4057,77.9297,9.1,3.5,2.9,31.85,92.36,176.5,rammed_earth,0.31,rockwool,0.132,pu_sandwich_panel,0.08,none,0.0,stone_floor,0.23,11.33,0.155,double_pane,180.0,1,0.5,0.77,0.12,6,600.0,flued_stove,False,266706.0,SOURCED,1.0961,0.9123,50560333.6,53552.3,0.709
SIM_000521,Galwan,4300.0,34.75,78.25,7.5,4.0,3.1,30.0,93.0,313.5,stone_masonry,0.4,none,0.0,concrete,0.18,none,0.0,stone_floor,0.23,4.5,0.0631,single_pane,180.0,0,0.0,0.33,2.45,6,600.0,unflued_combustion,True,226692.0,SOURCED,3.2805,0.3048,81023354.7,59268.2,0.7846
SIM_000522,Hanle,4500.0,32.7784,78.9642,6.2,5.8,3.0,35.96,107.88,250.5,stone_masonry,0.49,rockwool,0.083,pu_sandwich_panel,0.1,none,0.0,dense_concrete,0.18,5.53,0.0768,triple_pane,180.0,1,0.5,0.68,3.06,13,1300.0,flued_stove,False,356950.0,SOURCED,1.1842,0.8445,81055844.7,57728.3,0.7642
SIM_000523,Nyoma,4180.0,33.1958,78.6508,5.8,3.8,2.9,22.04,63.92,201.3,mud_brick,0.26,eps,0.044,cgi_sheet,0.002,eps,0.146,stone_floor,0.12,6.22,0.1117,triple_pane,180.0,1,0.5,0.54,2.48,8,800.0,none,False,154550.0,SOURCED,1.363,0.7337,25263189.8,60207.9,0.7971
SIM_000524,Chushul,4350.0,33.5936,78.6543,5.0,4.9,2.8,24.5,68.6,209.4,rammed_earth,0.26,eps,0.132,pu_sandwich_panel,0.06,none,0.0,stone_floor,0.11,2.56,0.0462,single_pane,180.0,1,0.5,0.21,3.11,4,400.0,none,False,128970.0,SOURCED,1.2982,0.7703,30855080.6,58880.1,0.7795
SIM_000525,Rezang La,5000.0,33.425,78.8472,4.9,5.5,3.0,26.95,80.85,199.9,rammed_earth,0.23,rockwool,0.084,concrete,0.12,rockwool,0.094,dense_concrete,0.25,1.17,0.0187,triple_pane,180.0,1,0.5,0.5,0.82,4,400.0,flued_stove,False,181670.0,SOURCED,1.0397,0.9618,48651299.7,54019.9,0.7151
SIM_000526,Pangong,4250.0,33.7595,78.6674,8.5,4.6,3.1,39.1,121.21,199.5,dense_concrete,0.15,eps,0.063,concrete,0.15,eps,0.146,stone_floor,0.14,11.67,0.1437,single_pane,180.0,0,0.0,0.54,1.77,9,900.0,electric,False,260667.0,SOURCED,1.727,0.579,49565867.5,59658.3,0.7898
SIM_000527,Depsang,5330.0,35.3167,78.0167,5.5,4.8,2.7,26.4,71.28,160.7,pu_sandwich_panel,0.09,none,0.0,pu_sandwich_panel,0.11,none,0.0,dense_concrete,0.22,3.49,0.0627,triple_pane,180.0,0,0.0,0.36,0.35,8,800.0,none,False,199458.0,SOURCED,1.0424,0.9593,13832770.2,51679.8,0.6842
SIM_000528,Kargil,2676.0,34.5539,76.1349,4.3,3.1,2.4,13.33,31.99,30.5,dense_concrete,0.29,straw_bale,0.118,pu_sandwich_panel,0.12,none,0.0,dense_concrete,0.23,1.83,0.0515,double_pane,180.0,1,0.5,0.54,0.22,4,400.0,none,False,155860.0,SOURCED,1.055,0.9479,30430602.2,73045.7,0.967
SIM_000529,Leh,3500.0,34.1526,77.5771,8.5,5.5,3.0,46.75,140.25,168.8,mud_brick,0.35,straw_bale,0.084,pu_sandwich_panel,0.12,none,0.0,stone_floor,0.12,9.13,0.1087,single_pane,180.0,0,0.0,0.65,4.1,10,1000.0,none,False,246115.0,SOURCED,1.7189,0.5818,52805294.5,65764.1,0.8706
SIM_000530,Dras,3280.0,34.4293,75.7533,5.2,3.9,3.1,20.28,62.87,186.7,pu_sandwich_panel,0.14,none,0.0,concrete,0.12,rockwool,0.074,dense_concrete,0.14,5.68,0.1007,double_pane,180.0,1,0.5,0.61,1.41,8,800.0,unflued_combustion,True,202336.0,SOURCED,1.0876,0.9195,12642334.1,67647.9,0.8956
SIM_000531,Siachen,5400.0,35.4212,77.1095,8.6,3.2,2.6,27.52,71.55,79.2,mud_brick,0.3,none,0.0,concrete,0.14,none,0.0,stone_floor,0.22,6.35,0.1035,single_pane,180.0,0,0.0,0.28,3.86,6,600.0,flued_stove,False,139889.0,SOURCED,2.9302,0.3413,46464263.7,51194.2,0.6777
SIM_000532,Daulat Beg Oldie,5065.0,35.4057,77.9297,8.7,5.0,3.1,43.5,134.85,170.7,pu_sandwich_panel,0.14,none,0.0,pu_sandwich_panel,0.08,none,0.0,dense_concrete,0.24,2.5,0.0294,double_pane,180.0,0,0.0,0.6,1.58,16,1600.0,electric,False,345761.0,SOURCED,1.0165,0.9838,24949289.9,53552.3,0.709
SIM_000533,Galwan,4300.0,34.75,78.25,7.6,4.4,2.6,33.44,86.94,172.4,stone_masonry,0.32,none,0.0,concrete,0.19,none,0.0,dense_concrete,0.13,7.79,0.1248,single_pane,180.0,0,0.0,0.89,3.37,11,1100.0,flued_stove,False,183667.0,SOURCED,3.6699,0.2725,59910402.5,59268.2,0.7846
SIM_000534,Hanle,4500.0,32.7784,78.9642,6.0,3.1,3.0,18.6,55.8,159.0,rammed_earth,0.43,eps,0.065,cgi_sheet,0.002,none,0.0,dense_concrete,0.17,2.56,0.0469,single_pane,180.0,1,0.5,0.45,3.2,3,300.0,none,False,116272.0,SOURCED,2.2461,0.4452,47852085.4,57728.3,0.7642
SIM_000535,Nyoma,4180.0,33.1958,78.6508,9.3,4.5,3.0,41.85,125.55,153.2,dense_concrete,0.14,eps,0.136,concrete,0.14,eps,0.046,stone_floor,0.14,7.95,0.096,triple_pane,180.0,0,0.0,0.34,4.17,5,500.0,flued_stove,False,310451.0,SOURCED,1.4036,0.7125,50552011.2,60207.9,0.7971
SIM_000536,Chushul,4350.0,33.5936,78.6543,8.0,5.9,2.9,47.2,136.88,345.0,rammed_earth,0.43,rockwool,0.032,cgi_sheet,0.002,none,0.0,dense_concrete,0.23,5.17,0.0641,single_pane,180.0,0,0.0,0.37,3.01,2,200.0,electric,False,212350.0,SOURCED,2.967,0.337,83925111.6,58880.1,0.7795
SIM_000537,Rezang La,5000.0,33.425,78.8472,7.3,3.5,2.7,25.55,68.98,185.1,stone_masonry,0.43,straw_bale,0.095,concrete,0.2,rockwool,0.062,stone_floor,0.11,4.11,0.0705,double_pane,180.0,1,0.5,0.51,2.6,7,700.0,flued_stove,False,212828.0,SOURCED,1.4911,0.6706,65852019.1,54019.9,0.7151
SIM_000538,Pangong,4250.0,33.7595,78.6674,6.4,4.7,2.4,30.08,72.19,100.0,stone_masonry,0.46,straw_bale,0.058,cgi_sheet,0.002,rockwool,0.037,dense_concrete,0.12,5.81,0.109,triple_pane,180.0,0,0.0,0.35,2.03,12,1200.0,none,False,196382.0,SOURCED,1.7615,0.5677,53196419.6,59658.3,0.7898
SIM_000539,Depsang,5330.0,35.3167,78.0167,9.8,5.6,2.4,54.88,131.71,188.7,pu_sandwich_panel,0.13,none,0.0,cgi_sheet,0.002,none,0.0,stone_floor,0.12,3.14,0.0425,double_pane,180.0,1,0.5,0.24,1.44,13,1300.0,unflued_combustion,True,229207.0,SOURCED,3.1451,0.318,15011183.0,51679.8,0.6842
SIM_000540,Kargil,2676.0,34.5539,76.1349,9.3,5.9,3.1,54.87,170.1,209.9,rammed_earth,0.32,rockwool,0.144,concrete,0.18,none,0.0,stone_floor,0.19,0.39,0.0041,triple_pane,180.0,1,0.5,0.35,2.0,8,800.0,electric,False,322065.0,SOURCED,2.1117,0.4736,99637752.1,73045.7,0.967
SIM_000541,Leh,3500.0,34.1526,77.5771,9.6,6.0,2.6,57.6,149.76,248.7,stone_masonry,0.28,straw_bale,0.075,concrete,0.13,none,0.0,stone_floor,0.17,6.05,0.0746,triple_pane,180.0,0,0.0,0.67,3.54,21,2100.0,electric,False,280847.0,SOURCED,2.6742,0.3739,81651738.8,65764.1,0.8706
SIM_000542,Dras,3280.0,34.4293,75.7533,7.9,3.7,2.8,29.23,81.84,153.2,stone_masonry,0.38,eps,0.106,pu_sandwich_panel,0.09,none,0.0,dense_concrete,0.16,5.45,0.0839,double_pane,180.0,1,0.5,0.32,4.09,5,500.0,none,False,261201.0,SOURCED,1.1718,0.8534,56787824.6,67647.9,0.8956
SIM_000543,Siachen,5400.0,35.4212,77.1095,5.6,5.5,2.9,30.8,89.32,188.1,rammed_earth,0.25,eps,0.041,pu_sandwich_panel,0.11,none,0.0,dense_concrete,0.17,1.61,0.025,double_pane,180.0,0,0.0,0.6,4.16,7,700.0,flued_stove,False,161554.0,SOURCED,1.3463,0.7428,40629940.9,51194.2,0.6777
SIM_000544,Daulat Beg Oldie,5065.0,35.4057,77.9297,5.6,6.0,3.0,33.6,100.8,203.7,mud_brick,0.24,straw_bale,0.055,pu_sandwich_panel,0.13,none,0.0,stone_floor,0.15,2.08,0.0299,single_pane,180.0,1,0.5,0.23,1.94,7,700.0,electric,False,174285.0,SOURCED,1.4559,0.6869,36004101.3,53552.3,0.709
SIM_000545,Galwan,4300.0,34.75,78.25,5.4,4.0,2.8,21.6,60.48,356.7,mud_brick,0.42,eps,0.043,concrete,0.11,rockwool,0.061,dense_concrete,0.16,2.04,0.0388,triple_pane,180.0,1,0.5,0.35,3.61,7,700.0,unflued_combustion,True,157469.0,SOURCED,1.2858,0.7777,45383561.9,59268.2,0.7846
SIM_000546,Hanle,4500.0,32.7784,78.9642,8.0,3.5,2.9,28.0,81.2,157.4,mud_brick,0.24,eps,0.131,cgi_sheet,0.002,rockwool,0.037,stone_floor,0.15,1.33,0.0199,double_pane,180.0,0,0.0,0.84,3.93,10,1000.0,flued_stove,False,153484.0,SOURCED,1.2966,0.7712,33008968.1,57728.3,0.7642
SIM_000547,Nyoma,4180.0,33.1958,78.6508,7.8,4.0,2.9,31.2,90.48,207.7,pu_sandwich_panel,0.15,none,0.0,cgi_sheet,0.002,eps,0.085,stone_floor,0.11,2.43,0.0355,double_pane,180.0,0,0.0,0.29,2.4,12,1200.0,unflued_combustion,True,219656.0,SOURCED,1.2895,0.7755,8246408.5,60207.9,0.7971
SIM_000548,Chushul,4350.0,33.5936,78.6543,6.7,4.4,3.0,29.48,88.44,321.4,pu_sandwich_panel,0.11,none,0.0,cgi_sheet,0.002,eps,0.087,dense_concrete,0.12,4.18,0.0628,double_pane,180.0,0,0.0,0.49,4.3,4,400.0,unflued_combustion,True,182679.0,SOURCED,1.2774,0.7828,8900782.4,58880.1,0.7795
SIM_000549,Rezang La,5000.0,33.425,78.8472,5.5,5.8,2.6,31.9,82.94,180.8,pu_sandwich_panel,0.14,none,0.0,pu_sandwich_panel,0.08,none,0.0,dense_concrete,0.14,2.85,0.0485,single_pane,180.0,0,0.0,0.86,3.08,11,1100.0,none,False,213107.0,SOURCED,1.324,0.7553,10912656.9,54019.9,0.7151
SIM_000550,Pangong,4250.0,33.7595,78.6674,7.7,4.1,3.0,31.57,94.71,13.8,rammed_earth,0.33,none,0.0,concrete,0.11,rockwool,0.079,dense_concrete,0.17,0.55,0.0078,single_pane,180.0,1,0.5,0.63,0.11,10,1000.0,unflued_combustion,True,148726.0,SOURCED,2.1988,0.4548,62235314.0,59658.3,0.7898
SIM_000551,Depsang,5330.0,35.3167,78.0167,8.0,3.1,2.7,24.8,66.96,164.5,stone_masonry,0.45,rockwool,0.048,concrete,0.18,none,0.0,stone_floor,0.2,4.43,0.0739,triple_pane,180.0,0,0.0,0.66,1.18,7,700.0,flued_stove,False,239001.0,SOURCED,2.0343,0.4916,71319344.5,51679.8,0.6842
SIM_000552,Kargil,2676.0,34.5539,76.1349,6.0,5.7,2.4,34.2,82.08,238.6,rammed_earth,0.39,straw_bale,0.117,pu_sandwich_panel,0.1,none,0.0,stone_floor,0.11,0.11,0.002,triple_pane,180.0,1,0.5,0.35,1.18,9,900.0,unflued_combustion,True,148059.0,SOURCED,1.4933,0.6697,48911093.9,73045.7,0.967
SIM_000553,Leh,3500.0,34.1526,77.5771,9.7,3.2,2.6,31.04,80.7,328.1,dense_concrete,0.22,rockwool,0.13,cgi_sheet,0.002,rockwool,0.082,stone_floor,0.12,1.89,0.0282,single_pane,180.0,1,0.5,0.4,1.03,6,600.0,none,False,244879.0,SOURCED,1.3056,0.7659,41648706.8,65764.1,0.8706
SIM_000554,Dras,3280.0,34.4293,75.7533,6.6,3.4,2.4,22.44,53.86,186.9,stone_masonry,0.22,straw_bale,0.093,cgi_sheet,0.002,rockwool,0.072,dense_concrete,0.13,3.19,0.0665,triple_pane,180.0,0,0.0,0.4,3.32,3,300.0,unflued_combustion,True,118677.0,SOURCED,1.4559,0.6869,27690469.8,67647.9,0.8956
SIM_000555,Siachen,5400.0,35.4212,77.1095,5.6,5.5,2.6,30.8,80.08,325.4,mud_brick,0.47,none,0.0,cgi_sheet,0.002,rockwool,0.092,dense_concrete,0.23,4.99,0.0865,triple_pane,180.0,1,0.5,0.35,3.52,4,400.0,flued_stove,False,213881.0,SOURCED,1.5451,0.6472,53768143.1,51194.2,0.6777
SIM_000556,Daulat Beg Oldie,5065.0,35.4057,77.9297,9.1,5.0,2.9,45.5,131.95,187.5,stone_masonry,0.39,none,0.0,concrete,0.12,rockwool,0.117,stone_floor,0.23,6.39,0.0781,single_pane,180.0,1,0.5,0.62,2.05,14,1400.0,electric,False,317831.0,SOURCED,2.3146,0.432,94379416.2,53552.3,0.709
SIM_000557,Galwan,4300.0,34.75,78.25,5.3,5.5,2.5,29.15,72.88,327.1,rammed_earth,0.46,eps,0.138,concrete,0.1,rockwool,0.069,dense_concrete,0.21,3.58,0.0663,single_pane,180.0,0,0.0,0.36,0.39,3,300.0,none,False,195358.0,SOURCED,1.3115,0.7625,62913801.5,59268.2,0.7846
SIM_000558,Hanle,4500.0,32.7784,78.9642,4.1,3.4,2.8,13.94,39.03,171.5,rammed_earth,0.36,straw_bale,0.064,cgi_sheet,0.002,eps,0.036,stone_floor,0.15,2.63,0.0626,single_pane,180.0,1,0.5,0.6,3.41,3,300.0,unflued_combustion,True,69883.0,SOURCED,1.459,0.6854,30605957.6,57728.3,0.7642
SIM_000559,Nyoma,4180.0,33.1958,78.6508,4.4,4.3,2.9,18.92,54.87,184.6,rammed_earth,0.32,straw_bale,0.08,concrete,0.16,rockwool,0.119,stone_floor,0.25,3.8,0.0753,triple_pane,180.0,0,0.0,0.61,3.31,2,200.0,none,False,143435.0,SOURCED,1.1866,0.8427,44763796.0,60207.9,0.7971
SIM_000560,Chushul,4350.0,33.5936,78.6543,7.7,3.6,2.7,27.72,74.84,351.3,rammed_earth,0.43,none,0.0,cgi_sheet,0.002,rockwool,0.091,stone_floor,0.2,5.91,0.0969,single_pane,180.0,0,0.0,0.86,2.42,2,200.0,electric,False,134786.0,SOURCED,2.1843,0.4578,54804046.8,58880.1,0.7795
SIM_000561,Rezang La,5000.0,33.425,78.8472,4.4,5.9,3.0,25.96,77.88,157.3,rammed_earth,0.42,rockwool,0.08,pu_sandwich_panel,0.09,none,0.0,dense_concrete,0.18,1.18,0.0191,triple_pane,180.0,0,0.0,0.69,0.33,7,700.0,none,False,183369.0,SOURCED,1.1135,0.8981,56958508.1,54019.9,0.7151
SIM_000562,Pangong,4250.0,33.7595,78.6674,5.7,4.2,2.9,23.94,69.43,152.5,mud_brick,0.28,straw_bale,0.06,concrete,0.18,rockwool,0.135,dense_concrete,0.14,4.42,0.077,double_pane,180.0,1,0.5,0.28,1.78,7,700.0,flued_stove,False,163582.0,SOURCED,1.3772,0.7261,40635536.1,59658.3,0.7898
SIM_000563,Depsang,5330.0,35.3167,78.0167,4.7,3.5,2.7,16.45,44.41,194.4,dense_concrete,0.24,rockwool,0.087,cgi_sheet,0.002,none,0.0,stone_floor,0.13,1.38,0.0312,single_pane,180.0,1,0.5,0.71,3.59,4,400.0,unflued_combustion,True,141232.0,SOURCED,2.401,0.4165,28529315.5,51679.8,0.6842
SIM_000564,Kargil,2676.0,34.5539,76.1349,8.4,4.7,3.1,39.48,122.39,156.9,mud_brick,0.28,rockwool,0.132,pu_sandwich_panel,0.08,none,0.0,stone_floor,0.21,3.64,0.0448,single_pane,180.0,0,0.0,0.55,1.36,11,1100.0,electric,False,262366.0,SOURCED,1.2167,0.8219,50823373.1,73045.7,0.967
SIM_000565,Leh,3500.0,34.1526,77.5771,7.5,4.8,2.8,36.0,100.8,194.3,dense_concrete,0.14,eps,0.075,concrete,0.11,rockwool,0.141,stone_floor,0.13,2.45,0.0356,double_pane,180.0,0,0.0,0.84,4.42,3,300.0,unflued_combustion,True,222246.0,SOURCED,1.4129,0.7078,40910700.2,65764.1,0.8706
SIM_000566,Dras,3280.0,34.4293,75.7533,4.1,4.0,3.0,16.4,49.2,117.7,stone_masonry,0.22,rockwool,0.068,concrete,0.13,none,0.0,stone_floor,0.15,2.28,0.0469,double_pane,180.0,1,0.5,0.54,1.76,5,500.0,unflued_combustion,True,117900.0,SOURCED,1.9561,0.5112,30846226.5,67647.9,0.8956
SIM_000567,Siachen,5400.0,35.4212,77.1095,6.6,3.7,3.0,24.42,73.26,179.7,dense_concrete,0.2,straw_bale,0.043,cgi_sheet,0.002,none,0.0,stone_floor,0.25,1.13,0.0183,double_pane,180.0,0,0.0,0.38,1.14,3,300.0,flued_stove,False,166518.0,SOURCED,2.6851,0.3724,41630625.4,51194.2,0.6777
SIM_000568,Daulat Beg Oldie,5065.0,35.4057,77.9297,9.5,3.5,2.7,33.25,89.78,169.8,mud_brick,0.35,none,0.0,concrete,0.12,none,0.0,stone_floor,0.13,6.99,0.0996,single_pane,180.0,1,0.5,0.65,1.02,6,600.0,electric,False,158879.0,SOURCED,2.8566,0.3501,51523033.0,53552.3,0.709
SIM_000569,Galwan,4300.0,34.75,78.25,8.3,5.9,2.5,48.97,122.43,176.3,dense_concrete,0.16,straw_bale,0.107,cgi_sheet,0.002,none,0.0,dense_concrete,0.13,6.29,0.0886,double_pane,180.0,0,0.0,0.83,3.66,2,200.0,none,False,196344.0,SOURCED,3.2095,0.3116,40289481.1,59268.2,0.7846
SIM_000570,Hanle,4500.0,32.7784,78.9642,9.0,4.2,2.5,37.8,94.5,151.2,dense_concrete,0.2,eps,0.033,concrete,0.11,none,0.0,dense_concrete,0.21,3.48,0.0527,double_pane,180.0,1,0.5,0.43,3.78,15,1500.0,none,False,243457.0,SOURCED,2.4786,0.4035,56724792.1,57728.3,0.7642
SIM_000571,Nyoma,4180.0,33.1958,78.6508,8.3,3.1,2.4,25.73,61.75,185.9,pu_sandwich_panel,0.08,none,0.0,pu_sandwich_panel,0.09,none,0.0,stone_floor,0.1,3.26,0.0596,double_pane,180.0,1,0.5,0.69,1.42,7,700.0,none,False,142675.0,SOURCED,1.3375,0.7477,5877311.4,60207.9,0.7971
SIM_000572,Chushul,4350.0,33.5936,78.6543,4.1,4.7,3.0,19.27,57.81,199.2,dense_concrete,0.18,none,0.0,concrete,0.11,eps,0.126,dense_concrete,0.2,1.72,0.0326,double_pane,180.0,0,0.0,0.76,0.36,3,300.0,electric,False,152419.0,SOURCED,2.9038,0.3444,35016898.0,58880.1,0.7795
SIM_000573,Rezang La,5000.0,33.425,78.8472,7.3,4.6,2.6,33.58,87.31,205.0,pu_sandwich_panel,0.12,none,0.0,cgi_sheet,0.002,eps,0.068,stone_floor,0.17,6.62,0.107,single_pane,180.0,0,0.0,0.28,2.27,3,300.0,none,False,184796.0,SOURCED,1.5286,0.6542,12896239.5,54019.9,0.7151
SIM_000574,Pangong,4250.0,33.7595,78.6674,5.3,4.5,3.1,23.85,73.94,169.6,stone_masonry,0.2,straw_bale,0.061,concrete,0.11,eps,0.127,dense_concrete,0.18,2.6,0.0428,single_pane,180.0,1,0.5,0.71,4.08,8,800.0,flued_stove,False,145737.0,SOURCED,1.3765,0.7265,40225216.6,59658.3,0.7898
SIM_000575,Depsang,5330.0,35.3167,78.0167,4.8,4.1,2.9,19.68,57.07,157.2,mud_brick,0.23,none,0.0,concrete,0.16,eps,0.039,stone_floor,0.21,3.48,0.0674,double_pane,180.0,1,0.5,0.46,1.58,6,600.0,electric,False,115274.0,SOURCED,2.1092,0.4741,32654556.2,51679.8,0.6842
SIM_000576,Kargil,2676.0,34.5539,76.1349,9.3,5.2,2.5,48.36,120.9,170.9,pu_sandwich_panel,0.11,none,0.0,cgi_sheet,0.002,eps,0.098,stone_floor,0.12,5.18,0.0714,single_pane,180.0,1,0.5,0.42,1.59,18,1800.0,unflued_combustion,True,221824.0,SOURCED,1.4755,0.6777,13391982.5,73045.7,0.967
SIM_000577,Leh,3500.0,34.1526,77.5771,7.0,5.1,2.6,35.7,92.82,177.3,dense_concrete,0.29,eps,0.092,pu_sandwich_panel,0.14,none,0.0,dense_concrete,0.11,2.97,0.0472,double_pane,180.0,1,0.5,0.28,2.86,4,400.0,flued_stove,False,319133.0,SOURCED,1.3734,0.7281,49572891.8,65764.1,0.8706
SIM_000578,Dras,3280.0,34.4293,75.7533,6.1,3.2,3.2,19.52,62.46,275.3,mud_brick,0.31,rockwool,0.139,pu_sandwich_panel,0.06,none,0.0,stone_floor,0.13,6.09,0.1023,triple_pane,180.0,0,0.0,0.3,3.63,7,700.0,flued_stove,False,188012.0,SOURCED,1.1313,0.8839,30592351.2,67647.9,0.8956
SIM_000579,Siachen,5400.0,35.4212,77.1095,9.6,3.8,3.0,36.48,109.44,159.5,pu_sandwich_panel,0.14,none,0.0,concrete,0.13,none,0.0,dense_concrete,0.22,6.84,0.0851,triple_pane,180.0,0,0.0,0.64,0.32,13,1300.0,electric,False,322335.0,SOURCED,1.9205,0.5207,30017652.5,51194.2,0.6777
SIM_000580,Daulat Beg Oldie,5065.0,35.4057,77.9297,8.6,4.0,3.2,34.4,110.08,201.4,mud_brick,0.49,none,0.0,concrete,0.16,rockwool,0.054,dense_concrete,0.22,2.88,0.0357,double_pane,180.0,1,0.5,0.54,1.81,4,400.0,unflued_combustion,True,260876.0,SOURCED,1.5697,0.6371,87220120.5,53552.3,0.709
SIM_000581,Galwan,4300.0,34.75,78.25,4.6,3.3,2.8,15.18,42.5,271.4,stone_masonry,0.39,eps,0.048,pu_sandwich_panel,0.11,none,0.0,dense_concrete,0.24,3.19,0.0721,triple_pane,180.0,1,0.5,0.28,1.91,3,300.0,unflued_combustion,True,175058.0,SOURCED,1.0822,0.924,40850501.1,59268.2,0.7846
SIM_000582,Hanle,4500.0,32.7784,78.9642,6.0,4.4,3.1,26.4,81.84,162.5,pu_sandwich_panel,0.12,none,0.0,pu_sandwich_panel,0.14,none,0.0,stone_floor,0.14,6.11,0.0948,double_pane,180.0,1,0.5,0.28,3.04,10,1000.0,electric,False,237083.0,SOURCED,1.1325,0.883,8516080.2,57728.3,0.7642
SIM_000583,Nyoma,4180.0,33.1958,78.6508,8.4,5.1,2.9,42.84,124.24,166.2,mud_brick,0.42,eps,0.056,concrete,0.13,eps,0.127,stone_floor,0.19,7.22,0.0922,double_pane,180.0,1,0.5,0.24,0.27,9,900.0,electric,False,298634.0,SOURCED,1.3068,0.7652,75196055.3,60207.9,0.7971
SIM_000584,Chushul,4350.0,33.5936,78.6543,7.1,3.6,3.2,25.56,81.79,197.0,dense_concrete,0.19,none,0.0,pu_sandwich_panel,0.12,none,0.0,stone_floor,0.19,8.25,0.1205,double_pane,180.0,1,0.5,0.59,4.39,10,1000.0,unflued_combustion,True,235171.0,SOURCED,2.7361,0.3655,36876197.6,58880.1,0.7795
SIM_000585,Rezang La,5000.0,33.425,78.8472,9.8,3.6,2.5,35.28,88.2,157.1,stone_masonry,0.38,straw_bale,0.112,cgi_sheet,0.002,none,0.0,dense_concrete,0.17,7.95,0.1187,triple_pane,180.0,0,0.0,0.37,4.12,3,300.0,electric,False,235420.0,SOURCED,2.7702,0.361,60668564.4,54019.9,0.7151
SIM_000586,Pangong,4250.0,33.7595,78.6674,9.8,5.1,2.5,49.98,124.95,156.8,stone_masonry,0.32,straw_bale,0.062,concrete,0.19,rockwool,0.097,stone_floor,0.24,7.04,0.0945,double_pane,180.0,1,0.5,0.77,4.21,15,1500.0,none,False,344200.0,SOURCED,1.4581,0.6858,91973645.2,59658.3,0.7898
SIM_000587,Depsang,5330.0,35.3167,78.0167,8.7,3.9,3.2,33.93,108.58,153.7,pu_sandwich_panel,0.12,none,0.0,concrete,0.14,eps,0.143,stone_floor,0.12,5.53,0.0686,triple_pane,180.0,0,0.0,0.55,1.49,11,1100.0,unflued_combustion,True,281305.0,SOURCED,1.2003,0.8331,20326824.0,51679.8,0.6842
SIM_000588,Kargil,2676.0,34.5539,76.1349,4.6,5.3,2.6,24.38,63.39,178.8,pu_sandwich_panel,0.07,none,0.0,cgi_sheet,0.002,none,0.0,stone_floor,0.23,1.44,0.028,single_pane,180.0,0,0.0,0.37,2.13,7,700.0,none,False,106892.0,SOURCED,2.5273,0.3957,12356043.0,73045.7,0.967
SIM_000589,Leh,3500.0,34.1526,77.5771,7.2,3.4,2.8,24.48,68.54,161.1,rammed_earth,0.32,none,0.0,pu_sandwich_panel,0.1,none,0.0,dense_concrete,0.11,6.34,0.1068,triple_pane,180.0,0,0.0,0.26,2.39,3,300.0,none,False,150734.0,SOURCED,2.2536,0.4437,36930022.0,65764.1,0.8706
SIM_000590,Dras,3280.0,34.4293,75.7533,6.5,5.7,3.1,37.05,114.86,174.3,mud_brick,0.21,straw_bale,0.111,concrete,0.16,none,0.0,stone_floor,0.12,7.03,0.0929,double_pane,180.0,1,0.5,0.2,0.97,2,200.0,none,False,177805.0,SOURCED,2.3021,0.4344,46247951.7,67647.9,0.8956
SIM_000591,Siachen,5400.0,35.4212,77.1095,6.3,5.2,2.5,32.76,81.9,180.9,stone_masonry,0.29,rockwool,0.028,pu_sandwich_panel,0.08,none,0.0,dense_concrete,0.12,4.55,0.0791,triple_pane,180.0,1,0.5,0.68,2.66,12,1200.0,none,False,200456.0,SOURCED,1.6371,0.6108,40260775.2,51194.2,0.6777
SIM_000592,Daulat Beg Oldie,5065.0,35.4057,77.9297,4.8,5.5,2.9,26.4,76.56,182.9,dense_concrete,0.27,straw_bale,0.109,cgi_sheet,0.002,eps,0.076,dense_concrete,0.22,4.2,0.0703,double_pane,180.0,1,0.5,0.6,0.66,8,800.0,none,False,235556.0,SOURCED,1.2072,0.8284,49369860.3,53552.3,0.709
SIM_000593,Galwan,4300.0,34.75,78.25,10.0,3.4,3.0,34.0,102.0,220.2,dense_concrete,0.19,straw_bale,0.129,pu_sandwich_panel,0.09,none,0.0,dense_concrete,0.11,0.45,0.0056,double_pane,180.0,1,0.5,0.22,2.6,12,1200.0,electric,False,235068.0,SOURCED,1.2998,0.7693,45834024.5,59268.2,0.7846
SIM_000594,Hanle,4500.0,32.7784,78.9642,8.9,3.8,2.6,33.82,87.93,166.3,rammed_earth,0.29,none,0.0,cgi_sheet,0.002,none,0.0,stone_floor,0.14,0.21,0.0032,single_pane,180.0,0,0.0,0.55,2.26,8,800.0,none,False,89733.0,SOURCED,3.7759,0.2648,44745491.0,57728.3,0.7642
SIM_000595,Nyoma,4180.0,33.1958,78.6508,6.3,4.6,3.1,28.98,89.84,173.1,rammed_earth,0.42,none,0.0,cgi_sheet,0.002,none,0.0,stone_floor,0.12,7.98,0.1181,single_pane,180.0,1,0.5,0.49,1.21,8,800.0,flued_stove,False,122387.0,SOURCED,3.3936,0.2947,52736466.9,60207.9,0.7971
SIM_000596,Chushul,4350.0,33.5936,78.6543,5.6,4.3,3.1,24.08,74.65,155.2,stone_masonry,0.45,eps,0.083,pu_sandwich_panel,0.1,none,0.0,stone_floor,0.15,0.51,0.0083,triple_pane,180.0,0,0.0,0.52,3.51,1,100.0,none,False,229664.0,SOURCED,1.1716,0.8535,63266917.3,58880.1,0.7795
SIM_000597,Rezang La,5000.0,33.425,78.8472,9.7,5.3,3.1,51.41,159.37,39.4,dense_concrete,0.22,straw_bale,0.125,concrete,0.11,eps,0.046,dense_concrete,0.2,1.51,0.0162,triple_pane,180.0,0,0.0,0.89,4.19,14,1400.0,flued_stove,False,352736.0,SOURCED,1.3407,0.7459,85410960.5,54019.9,0.7151
SIM_000598,Pangong,4250.0,33.7595,78.6674,9.2,5.6,2.9,51.52,149.41,181.5,pu_sandwich_panel,0.1,none,0.0,cgi_sheet,0.002,eps,0.08,stone_floor,0.1,2.67,0.0311,double_pane,180.0,0,0.0,0.57,2.33,3,300.0,flued_stove,False,221386.0,SOURCED,1.5008,0.6663,12062380.2,59658.3,0.7898
SIM_000599,Depsang,5330.0,35.3167,78.0167,7.7,5.9,3.0,45.43,136.29,150.9,stone_masonry,0.35,straw_bale,0.106,concrete,0.19,rockwool,0.112,dense_concrete,0.19,9.0,0.1103,triple_pane,180.0,1,0.5,0.89,4.47,13,1300.0,none,False,388272.0,SOURCED,1.2986,0.7701,92754974.3,51679.8,0.6842
SIM_000600,Kargil,2676.0,34.5539,76.1349,9.2,4.9,2.5,45.08,112.7,151.4,dense_concrete,0.19,straw_bale,0.122,cgi_sheet,0.002,eps,0.047,dense_concrete,0.14,4.25,0.0603,double_pane,180.0,1,0.5,0.79,3.91,6,600.0,none,False,227392.0,SOURCED,1.5567,0.6424,45588588.3,73045.7,0.967
SIM_000601,Leh,3500.0,34.1526,77.5771,9.7,4.8,3.1,46.56,144.34,175.6,rammed_earth,0.36,rockwool,0.126,cgi_sheet,0.002,rockwool,0.089,dense_concrete,0.13,9.76,0.1086,single_pane,180.0,0,0.0,0.6,4.0,11,1100.0,electric,False,253645.0,SOURCED,1.5627,0.6399,66901307.6,65764.1,0.8706
SIM_000602,Dras,3280.0,34.4293,75.7533,5.0,5.9,2.9,29.5,85.55,177.9,mud_brick,0.26,straw_bale,0.079,cgi_sheet,0.002,rockwool,0.07,dense_concrete,0.15,3.62,0.0573,triple_pane,180.0,1,0.5,0.26,2.23,3,300.0,electric,False,150185.0,SOURCED,1.3846,0.7222,34672934.0,67647.9,0.8956
SIM_000603,Siachen,5400.0,35.4212,77.1095,7.1,3.2,3.0,22.72,68.16,189.5,dense_concrete,0.2,eps,0.05,cgi_sheet,0.002,rockwool,0.116,dense_concrete,0.16,4.51,0.073,single_pane,180.0,0,0.0,0.67,1.89,6,600.0,flued_stove,False,182693.0,SOURCED,1.4497,0.6898,35137434.4,51194.2,0.6777
SIM_000604,Daulat Beg Oldie,5065.0,35.4057,77.9297,5.4,4.3,2.7,23.22,62.69,197.4,rammed_earth,0.43,none,0.0,concrete,0.11,eps,0.077,stone_floor,0.11,3.08,0.0588,single_pane,180.0,0,0.0,0.41,1.37,6,600.0,electric,False,106542.0,SOURCED,2.2966,0.4354,49567782.2,53552.3,0.709
SIM_000605,Galwan,4300.0,34.75,78.25,4.1,3.6,3.0,14.76,44.28,174.8,rammed_earth,0.22,eps,0.098,pu_sandwich_panel,0.14,none,0.0,dense_concrete,0.14,4.41,0.0955,single_pane,180.0,0,0.0,0.61,2.44,2,200.0,flued_stove,False,107759.0,SOURCED,1.3328,0.7503,21595534.9,59268.2,0.7846
SIM_000606,Hanle,4500.0,32.7784,78.9642,6.5,5.6,2.5,36.4,91.0,47.4,rammed_earth,0.35,rockwool,0.091,cgi_sheet,0.002,rockwool,0.104,dense_concrete,0.15,3.64,0.0602,single_pane,180.0,0,0.0,0.34,4.09,13,1300.0,flued_stove,False,174894.0,SOURCED,1.4674,0.6815,49083518.0,57728.3,0.7642
SIM_000607,Nyoma,4180.0,33.1958,78.6508,7.7,3.8,3.0,29.26,87.78,191.4,mud_brick,0.35,eps,0.095,cgi_sheet,0.002,none,0.0,dense_concrete,0.24,7.23,0.1048,triple_pane,180.0,1,0.5,0.46,0.39,4,400.0,unflued_combustion,True,238452.0,SOURCED,2.2976,0.4352,48989092.2,60207.9,0.7971
SIM_000608,Chushul,4350.0,33.5936,78.6543,6.2,5.3,2.7,32.86,88.72,245.0,rammed_earth,0.37,eps,0.07,cgi_sheet,0.002,none,0.0,dense_concrete,0.13,1.73,0.0279,single_pane,180.0,0,0.0,0.55,3.23,8,800.0,unflued_combustion,True,128481.0,SOURCED,2.846,0.3514,50495025.4,58880.1,0.7795
SIM_000609,Rezang La,5000.0,33.425,78.8472,9.2,4.1,2.5,37.72,94.3,171.5,mud_brick,0.28,none,0.0,pu_sandwich_panel,0.11,none,0.0,dense_concrete,0.15,2.6,0.0391,single_pane,180.0,0,0.0,0.29,0.63,15,1500.0,none,False,180101.0,SOURCED,2.0281,0.4931,40079962.3,54019.9,0.7151
SIM_000610,Pangong,4250.0,33.7595,78.6674,4.2,5.1,2.4,21.42,51.41,153.6,dense_concrete,0.18,rockwool,0.061,cgi_sheet,0.002,none,0.0,dense_concrete,0.24,1.59,0.0356,single_pane,180.0,1,0.5,0.37,1.84,3,300.0,flued_stove,False,142254.0,SOURCED,2.5261,0.3959,29953619.7,59658.3,0.7898
SIM_000611,Depsang,5330.0,35.3167,78.0167,7.5,5.7,3.2,42.75,136.8,160.4,pu_sandwich_panel,0.1,none,0.0,concrete,0.14,rockwool,0.066,dense_concrete,0.19,2.23,0.0264,single_pane,180.0,0,0.0,0.4,1.74,2,200.0,none,False,273281.0,SOURCED,1.2158,0.8225,33115674.4,51679.8,0.6842
SIM_000612,Kargil,2676.0,34.5539,76.1349,10.0,3.7,2.7,37.0,99.9,185.8,dense_concrete,0.18,none,0.0,cgi_sheet,0.002,none,0.0,dense_concrete,0.18,0.33,0.0045,triple_pane,180.0,0,0.0,0.47,4.04,8,800.0,none,False,185669.0,SOURCED,4.214,0.2373,46183244.0,73045.7,0.967
SIM_000613,Leh,3500.0,34.1526,77.5771,6.3,5.7,3.0,35.91,107.73,186.7,stone_masonry,0.46,none,0.0,pu_sandwich_panel,0.08,none,0.0,dense_concrete,0.12,4.89,0.0679,single_pane,180.0,1,0.5,0.33,2.3,8,800.0,electric,False,248040.0,SOURCED,2.3991,0.4168,72401427.0,65764.1,0.8706
SIM_000614,Dras,3280.0,34.4293,75.7533,9.9,4.4,2.5,43.56,108.9,175.1,dense_concrete,0.21,rockwool,0.079,concrete,0.2,rockwool,0.107,dense_concrete,0.2,6.98,0.0976,double_pane,180.0,0,0.0,0.76,0.18,15,1500.0,unflued_combustion,True,358683.0,SOURCED,1.3495,0.741,71729816.4,67647.9,0.8956
SIM_000615,Siachen,5400.0,35.4212,77.1095,6.8,3.3,2.4,22.44,53.86,178.6,stone_masonry,0.37,rockwool,0.139,pu_sandwich_panel,0.15,none,0.0,dense_concrete,0.12,3.28,0.0677,single_pane,180.0,0,0.0,0.73,2.82,4,400.0,flued_stove,False,207927.0,SOURCED,1.3663,0.7319,40387525.1,51194.2,0.6777
SIM_000616,Daulat Beg Oldie,5065.0,35.4057,77.9297,8.2,4.6,2.6,37.72,98.07,161.6,rammed_earth,0.2,straw_bale,0.074,concrete,0.13,none,0.0,stone_floor,0.23,3.1,0.0466,double_pane,180.0,0,0.0,0.72,3.8,11,1100.0,unflued_combustion,True,152667.0,SOURCED,2.4027,0.4162,53559222.0,53552.3,0.709
SIM_000617,Galwan,4300.0,34.75,78.25,9.2,3.2,2.9,29.44,85.38,175.3,mud_brick,0.46,eps,0.069,pu_sandwich_panel,0.15,none,0.0,dense_concrete,0.13,1.54,0.0214,double_pane,180.0,0,0.0,0.24,0.76,4,400.0,flued_stove,False,246172.0,SOURCED,1.1964,0.8358,57719847.3,59268.2,0.7846
SIM_000618,Hanle,4500.0,32.7784,78.9642,8.3,4.4,2.9,36.52,105.91,8.3,stone_masonry,0.41,rockwool,0.097,concrete,0.18,none,0.0,dense_concrete,0.13,3.38,0.0459,single_pane,180.0,1,0.5,0.57,2.65,10,1000.0,none,False,286796.0,SOURCED,2.1302,0.4694,84485608.1,57728.3,0.7642
SIM_000619,Nyoma,4180.0,33.1958,78.6508,10.0,5.9,2.9,59.0,171.1,18.6,rammed_earth,0.25,rockwool,0.133,cgi_sheet,0.002,rockwool,0.118,stone_floor,0.12,3.7,0.0401,triple_pane,180.0,0,0.0,0.47,1.47,7,700.0,unflued_combustion,True,278379.0,SOURCED,1.4394,0.6947,56213253.1,60207.9,0.7971
SIM_000620,Chushul,4350.0,33.5936,78.6543,4.8,5.4,2.9,25.92,75.17,195.0,dense_concrete,0.14,eps,0.089,concrete,0.2,none,0.0,dense_concrete,0.21,3.76,0.0636,double_pane,180.0,0,0.0,0.85,0.13,6,600.0,flued_stove,False,200511.0,SOURCED,1.914,0.5225,42512816.3,58880.1,0.7795
SIM_000621,Rezang La,5000.0,33.425,78.8472,9.1,3.1,2.8,28.21,78.99,189.9,stone_masonry,0.43,rockwool,0.083,cgi_sheet,0.002,none,0.0,stone_floor,0.14,8.98,0.1314,triple_pane,180.0,1,0.5,0.59,0.13,8,800.0,none,False,270949.0,SOURCED,2.5181,0.3971,60299725.7,54019.9,0.7151
SIM_000622,Pangong,4250.0,33.7595,78.6674,8.7,3.0,2.7,26.1,70.47,151.0,dense_concrete,0.28,none,0.0,cgi_sheet,0.002,none,0.0,dense_concrete,0.2,2.12,0.0336,triple_pane,180.0,0,0.0,0.85,3.02,10,1000.0,electric,False,217275.0,SOURCED,3.7554,0.2663,51580011.4,59658.3,0.7898
SIM_000623,Depsang,5330.0,35.3167,78.0167,4.2,4.9,2.6,20.58,53.51,209.3,mud_brick,0.37,eps,0.083,pu_sandwich_panel,0.07,none,0.0,stone_floor,0.17,3.59,0.0759,double_pane,180.0,1,0.5,0.81,1.63,3,300.0,electric,False,145113.0,SOURCED,1.2084,0.8275,31884455.1,51679.8,0.6842
SIM_000624,Kargil,2676.0,34.5539,76.1349,5.9,5.6,3.1,33.04,102.42,156.8,pu_sandwich_panel,0.07,none,0.0,pu_sandwich_panel,0.15,none,0.0,stone_floor,0.25,0.1,0.0014,single_pane,180.0,0,0.0,0.56,1.07,3,300.0,flued_stove,False,222561.0,SOURCED,1.0248,0.9758,18208680.9,73045.7,0.967
SIM_000625,Leh,3500.0,34.1526,77.5771,7.0,5.8,2.4,40.6,97.44,191.1,rammed_earth,0.41,eps,0.103,pu_sandwich_panel,0.13,none,0.0,stone_floor,0.24,7.42,0.1208,double_pane,180.0,1,0.5,0.79,0.89,11,1100.0,none,False,289549.0,SOURCED,1.2112,0.8256,61148327.3,65764.1,0.8706
SIM_000626,Dras,3280.0,34.4293,75.7533,8.8,4.6,2.9,40.48,117.39,160.6,rammed_earth,0.21,rockwool,0.129,concrete,0.11,rockwool,0.132,stone_floor,0.25,1.46,0.0188,triple_pane,180.0,0,0.0,0.5,1.32,6,600.0,unflued_combustion,True,264332.0,SOURCED,1.0752,0.9301,61290470.8,67647.9,0.8956
SIM_000627,Siachen,5400.0,35.4212,77.1095,4.7,3.6,2.6,16.92,43.99,172.6,dense_concrete,0.14,eps,0.025,pu_sandwich_panel,0.08,none,0.0,dense_concrete,0.16,3.57,0.0827,single_pane,180.0,0,0.0,0.26,0.55,3,300.0,electric,False,107562.0,SOURCED,1.7338,0.5768,19114946.8,51194.2,0.6777
SIM_000628,Daulat Beg Oldie,5065.0,35.4057,77.9297,6.7,4.2,2.8,28.14,78.79,189.7,rammed_earth,0.4,straw_bale,0.142,cgi_sheet,0.002,eps,0.114,stone_floor,0.1,1.41,0.0231,single_pane,180.0,1,0.5,0.21,2.91,9,900.0,unflued_combustion,True,123658.0,SOURCED,1.3855,0.7218,50969037.1,53552.3,0.709
SIM_000629,Galwan,4300.0,34.75,78.25,8.4,3.5,2.8,29.4,82.32,187.4,dense_concrete,0.22,straw_bale,0.079,pu_sandwich_panel,0.11,none,0.0,stone_floor,0.1,7.16,0.1074,double_pane,180.0,0,0.0,0.71,2.48,1,100.0,electric,False,227590.0,SOURCED,1.6074,0.6221,37520783.2,59268.2,0.7846
SIM_000630,Hanle,4500.0,32.7784,78.9642,6.4,4.7,2.7,30.08,81.22,148.1,rammed_earth,0.45,straw_bale,0.076,concrete,0.18,eps,0.12,stone_floor,0.15,6.31,0.1053,double_pane,180.0,0,0.0,0.5,0.12,2,200.0,flued_stove,False,188138.0,SOURCED,1.5188,0.6584,66477158.8,57728.3,0.7642
SIM_000631,Nyoma,4180.0,33.1958,78.6508,7.0,3.1,3.1,21.7,67.27,178.6,rammed_earth,0.42,none,0.0,concrete,0.17,rockwool,0.14,dense_concrete,0.1,1.39,0.0222,triple_pane,180.0,1,0.5,0.79,3.24,4,400.0,unflued_combustion,True,142636.0,SOURCED,2.1051,0.475,59941958.7,60207.9,0.7971
SIM_000632,Chushul,4350.0,33.5936,78.6543,8.7,4.8,2.6,41.76,108.58,222.0,rammed_earth,0.32,eps,0.141,pu_sandwich_panel,0.08,none,0.0,dense_concrete,0.1,2.63,0.0375,double_pane,180.0,0,0.0,0.53,0.14,5,500.0,electric,False,212548.0,SOURCED,1.4277,0.7004,49130719.3,58880.1,0.7795
SIM_000633,Rezang La,5000.0,33.425,78.8472,7.9,4.5,2.6,35.55,92.43,1.1,rammed_earth,0.26,rockwool,0.109,cgi_sheet,0.002,rockwool,0.07,dense_concrete,0.14,5.9,0.0915,single_pane,180.0,1,0.5,0.49,3.38,13,1300.0,unflued_combustion,True,172642.0,SOURCED,1.3767,0.7264,39552957.9,54019.9,0.7151
SIM_000634,Pangong,4250.0,33.7595,78.6674,9.1,5.8,2.9,52.78,153.06,283.5,pu_sandwich_panel,0.13,none,0.0,cgi_sheet,0.002,none,0.0,dense_concrete,0.1,0.08,0.0009,single_pane,180.0,1,0.5,0.54,2.67,17,1700.0,unflued_combustion,True,240551.0,SOURCED,2.9083,0.3438,13284662.6,59658.3,0.7898
SIM_000635,Depsang,5330.0,35.3167,78.0167,8.3,4.4,2.9,36.52,105.91,166.7,stone_masonry,0.35,straw_bale,0.043,pu_sandwich_panel,0.07,none,0.0,stone_floor,0.25,3.76,0.051,triple_pane,180.0,0,0.0,0.78,1.44,12,1200.0,unflued_combustion,True,257081.0,SOURCED,1.4655,0.6824,69533797.7,51679.8,0.6842
SIM_000636,Kargil,2676.0,34.5539,76.1349,4.7,5.4,2.9,25.38,73.6,187.6,stone_masonry,0.42,eps,0.051,concrete,0.12,none,0.0,dense_concrete,0.1,2.43,0.0415,double_pane,180.0,1,0.5,0.22,1.81,6,600.0,unflued_combustion,True,188145.0,SOURCED,2.3223,0.4306,60557366.0,73045.7,0.967
SIM_000637,Leh,3500.0,34.1526,77.5771,8.8,3.2,2.8,28.16,78.85,214.6,stone_masonry,0.29,straw_bale,0.116,cgi_sheet,0.002,eps,0.101,stone_floor,0.23,8.79,0.1308,double_pane,180.0,0,0.0,0.56,0.63,9,900.0,unflued_combustion,True,200817.0,SOURCED,1.3212,0.7569,49632980.7,65764.1,0.8706
SIM_000638,Dras,3280.0,34.4293,75.7533,9.0,4.7,2.8,42.3,118.44,167.5,stone_masonry,0.26,eps,0.11,cgi_sheet,0.002,none,0.0,dense_concrete,0.17,5.66,0.0738,double_pane,180.0,0,0.0,0.75,3.81,6,600.0,unflued_combustion,True,232043.0,SOURCED,2.7602,0.3623,54483033.2,67647.9,0.8956
SIM_000639,Siachen,5400.0,35.4212,77.1095,9.0,3.2,2.7,28.8,77.76,191.9,stone_masonry,0.32,straw_bale,0.041,concrete,0.17,eps,0.063,dense_concrete,0.13,7.34,0.1114,triple_pane,180.0,0,0.0,0.37,3.1,8,800.0,electric,False,226138.0,SOURCED,1.6852,0.5934,58229020.6,51194.2,0.6777
SIM_000640,Daulat Beg Oldie,5065.0,35.4057,77.9297,6.3,4.5,2.6,28.35,73.71,175.0,dense_concrete,0.22,straw_bale,0.033,concrete,0.16,eps,0.147,stone_floor,0.14,3.87,0.0689,triple_pane,180.0,0,0.0,0.38,4.1,2,200.0,flued_stove,False,220420.0,SOURCED,1.7594,0.5684,45865706.8,53552.3,0.709
SIM_000641,Galwan,4300.0,34.75,78.25,8.4,5.3,3.2,44.52,142.46,150.3,pu_sandwich_panel,0.11,none,0.0,concrete,0.15,rockwool,0.125,dense_concrete,0.19,11.73,0.1338,triple_pane,180.0,0,0.0,0.33,3.66,9,900.0,electric,False,383731.0,SOURCED,1.1587,0.863,35619212.1,59268.2,0.7846
SIM_000642,Hanle,4500.0,32.7784,78.9642,8.6,4.9,3.1,42.14,130.63,179.5,rammed_earth,0.39,eps,0.116,pu_sandwich_panel,0.08,none,0.0,stone_floor,0.18,7.8,0.0932,double_pane,180.0,1,0.5,0.65,2.91,16,1600.0,unflued_combustion,True,282683.0,SOURCED,1.2185,0.8207,69997625.6,57728.3,0.7642
SIM_000643,Nyoma,4180.0,33.1958,78.6508,4.6,3.9,3.1,17.94,55.61,174.7,dense_concrete,0.22,none,0.0,concrete,0.19,none,0.0,stone_floor,0.17,5.84,0.1108,single_pane,180.0,0,0.0,0.38,0.73,3,300.0,unflued_combustion,True,150243.0,SOURCED,3.686,0.2713,38076314.5,60207.9,0.7971
SIM_000644,Chushul,4350.0,33.5936,78.6543,6.4,5.4,2.5,34.56,86.4,204.3,pu_sandwich_panel,0.11,none,0.0,cgi_sheet,0.002,eps,0.108,dense_concrete,0.19,3.79,0.0642,single_pane,180.0,1,0.5,0.3,0.88,6,600.0,unflued_combustion,True,200425.0,SOURCED,1.1923,0.8387,15899919.9,58880.1,0.7795
SIM_000645,Rezang La,5000.0,33.425,78.8472,5.1,4.1,2.6,20.91,54.37,133.6,dense_concrete,0.15,rockwool,0.073,cgi_sheet,0.002,rockwool,0.046,stone_floor,0.19,0.3,0.0063,double_pane,180.0,0,0.0,0.31,2.1,7,700.0,electric,False,129283.0,SOURCED,1.3019,0.7681,25218070.0,54019.9,0.7151
SIM_000646,Pangong,4250.0,33.7595,78.6674,7.4,3.5,2.8,25.9,72.52,118.6,pu_sandwich_panel,0.13,none,0.0,concrete,0.16,rockwool,0.126,stone_floor,0.16,6.05,0.0991,double_pane,180.0,0,0.0,0.49,2.37,9,900.0,unflued_combustion,True,226392.0,SOURCED,1.2196,0.8199,18926669.2,59658.3,0.7898
SIM_000647,Depsang,5330.0,35.3167,78.0167,9.7,4.1,2.8,39.77,111.36,201.0,dense_concrete,0.15,none,0.0,concrete,0.18,eps,0.079,stone_floor,0.16,7.67,0.0992,triple_pane,180.0,0,0.0,0.67,0.81,12,1200.0,none,False,267024.0,SOURCED,2.9266,0.3417,54188560.7,51679.8,0.6842
SIM_000648,Kargil,2676.0,34.5539,76.1349,6.5,4.2,2.8,27.3,76.44,80.7,rammed_earth,0.46,eps,0.076,cgi_sheet,0.002,none,0.0,stone_floor,0.14,3.35,0.0559,single_pane,180.0,1,0.5,0.89,1.09,4,400.0,electric,False,136207.0,SOURCED,2.6332,0.3798,55390896.9,73045.7,0.967
SIM_000649,Leh,3500.0,34.1526,77.5771,8.2,4.6,2.5,37.72,94.3,258.5,rammed_earth,0.44,none,0.0,pu_sandwich_panel,0.09,none,0.0,stone_floor,0.2,8.68,0.1356,single_pane,180.0,1,0.5,0.21,0.78,10,1000.0,unflued_combustion,True,201797.0,SOURCED,1.9231,0.52,60117058.6,65764.1,0.8706
SIM_000650,Dras,3280.0,34.4293,75.7533,5.4,3.3,2.6,17.82,46.33,173.5,rammed_earth,0.36,straw_bale,0.135,concrete,0.1,eps,0.043,stone_floor,0.12,3.17,0.0701,single_pane,180.0,0,0.0,0.6,2.55,6,600.0,flued_stove,False,86187.0,SOURCED,1.5615,0.6404,37097110.6,67647.9,0.8956
SIM_000651,Siachen,5400.0,35.4212,77.1095,6.5,5.6,3.0,36.4,109.2,180.8,pu_sandwich_panel,0.12,none,0.0,pu_sandwich_panel,0.15,none,0.0,stone_floor,0.17,4.17,0.0574,single_pane,180.0,0,0.0,0.35,2.06,1,100.0,unflued_combustion,True,275870.0,SOURCED,1.2752,0.7842,13989488.2,51194.2,0.6777
SIM_000652,Daulat Beg Oldie,5065.0,35.4057,77.9297,8.3,3.1,2.8,25.73,72.04,166.7,dense_concrete,0.22,straw_bale,0.026,cgi_sheet,0.002,none,0.0,stone_floor,0.22,7.89,0.1236,triple_pane,180.0,1,0.5,0.59,0.91,1,100.0,electric,False,228603.0,SOURCED,2.8931,0.3456,40871503.0,53552.3,0.709
SIM_000653,Galwan,4300.0,34.75,78.25,6.4,5.6,2.8,35.84,100.35,196.3,stone_masonry,0.28,rockwool,0.092,concrete,0.18,none,0.0,stone_floor,0.12,5.81,0.0865,triple_pane,180.0,1,0.5,0.43,3.15,10,1000.0,unflued_combustion,True,252468.0,SOURCED,2.2649,0.4415,58937241.8,59268.2,0.7846
SIM_000654,Hanle,4500.0,32.7784,78.9642,7.9,4.0,2.4,31.6,75.84,325.4,mud_brick,0.36,rockwool,0.136,concrete,0.18,none,0.0,stone_floor,0.11,4.11,0.072,double_pane,180.0,0,0.0,0.83,1.15,1,100.0,flued_stove,False,198238.0,SOURCED,2.3296,0.4293,49366896.5,57728.3,0.7642
SIM_000655,Nyoma,4180.0,33.1958,78.6508,8.5,3.2,2.6,27.2,70.72,261.4,stone_masonry,0.45,straw_bale,0.144,cgi_sheet,0.002,none,0.0,stone_floor,0.13,4.81,0.0791,single_pane,180.0,1,0.5,0.88,1.05,8,800.0,electric,False,182234.0,SOURCED,2.6542,0.3768,60202267.1,60207.9,0.7971
SIM_000656,Chushul,4350.0,33.5936,78.6543,7.3,3.5,2.9,25.55,74.09,112.6,stone_masonry,0.48,none,0.0,cgi_sheet,0.002,none,0.0,stone_floor,0.2,8.27,0.132,single_pane,180.0,1,0.5,0.37,1.49,10,1000.0,electric,False,197261.0,SOURCED,3.4921,0.2864,63720874.7,58880.1,0.7795
SIM_000657,Rezang La,5000.0,33.425,78.8472,9.2,3.9,3.0,35.88,107.64,170.7,rammed_earth,0.25,rockwool,0.053,cgi_sheet,0.002,eps,0.054,stone_floor,0.11,4.63,0.0589,triple_pane,180.0,1,0.5,0.29,1.28,11,1100.0,flued_stove,False,163021.0,SOURCED,1.5147,0.6602,42245366.4,54019.9,0.7151
SIM_000658,Pangong,4250.0,33.7595,78.6674,7.9,4.4,3.0,34.76,104.28,166.0,mud_brick,0.37,straw_bale,0.11,concrete,0.19,none,0.0,stone_floor,0.15,0.65,0.0088,triple_pane,180.0,1,0.5,0.77,3.64,9,900.0,flued_stove,False,194271.0,SOURCED,2.0927,0.4779,68435835.8,59658.3,0.7898
SIM_000659,Depsang,5330.0,35.3167,78.0167,9.8,4.0,2.4,39.2,94.08,159.1,pu_sandwich_panel,0.05,none,0.0,concrete,0.11,none,0.0,dense_concrete,0.24,3.46,0.0522,single_pane,180.0,1,0.5,0.44,1.44,14,1400.0,none,False,178035.0,SOURCED,2.2743,0.4397,31796471.9,51679.8,0.6842
SIM_000660,Kargil,2676.0,34.5539,76.1349,7.3,5.9,2.8,43.07,120.6,151.3,dense_concrete,0.29,rockwool,0.137,concrete,0.16,rockwool,0.102,dense_concrete,0.14,5.51,0.0745,single_pane,180.0,0,0.0,0.63,2.27,5,500.0,none,False,385955.0,SOURCED,1.4724,0.6792,76019988.7,73045.7,0.967
SIM_000661,Leh,3500.0,34.1526,77.5771,8.3,4.1,2.6,34.03,88.48,191.0,dense_concrete,0.2,rockwool,0.109,cgi_sheet,0.002,none,0.0,dense_concrete,0.15,1.4,0.0217,single_pane,180.0,0,0.0,0.27,1.41,11,1100.0,electric,False,214410.0,SOURCED,2.7252,0.3669,41366611.4,65764.1,0.8706
SIM_000662,Dras,3280.0,34.4293,75.7533,7.8,3.2,2.5,24.96,62.4,160.2,mud_brick,0.39,none,0.0,cgi_sheet,0.002,none,0.0,stone_floor,0.15,7.03,0.1278,single_pane,180.0,1,0.5,0.46,2.2,3,300.0,electric,False,119767.0,SOURCED,3.1319,0.3193,36186679.5,67647.9,0.8956
SIM_000663,Siachen,5400.0,35.4212,77.1095,5.8,5.7,2.9,33.06,95.87,164.1,dense_concrete,0.15,rockwool,0.052,cgi_sheet,0.002,none,0.0,stone_floor,0.18,3.96,0.0594,single_pane,180.0,1,0.5,0.31,4.34,13,1300.0,none,False,171690.0,SOURCED,2.7561,0.3628,34735148.5,51194.2,0.6777
SIM_000664,Daulat Beg Oldie,5065.0,35.4057,77.9297,9.5,3.3,2.4,31.35,75.24,76.7,mud_brick,0.37,none,0.0,pu_sandwich_panel,0.14,none,0.0,dense_concrete,0.17,4.16,0.0677,single_pane,180.0,0,0.0,0.74,4.47,3,300.0,flued_stove,False,194959.0,SOURCED,1.874,0.5336,44262867.9,53552.3,0.709
SIM_000665,Galwan,4300.0,34.75,78.25,6.9,5.3,2.6,36.57,95.08,158.0,pu_sandwich_panel,0.13,none,0.0,pu_sandwich_panel,0.1,none,0.0,stone_floor,0.14,6.97,0.1099,triple_pane,180.0,0,0.0,0.85,3.03,1,100.0,electric,False,266995.0,SOURCED,1.3228,0.756,11570445.1,59268.2,0.7846
SIM_000666,Hanle,4500.0,32.7784,78.9642,5.8,4.8,2.5,27.84,69.6,202.8,stone_masonry,0.38,rockwool,0.124,concrete,0.16,none,0.0,stone_floor,0.1,0.41,0.0077,triple_pane,180.0,0,0.0,0.74,2.72,2,200.0,flued_stove,False,196938.0,SOURCED,2.2837,0.4379,56765657.2,57728.3,0.7642
SIM_000667,Nyoma,4180.0,33.1958,78.6508,5.6,5.4,3.1,30.24,93.74,188.1,mud_brick,0.38,rockwool,0.125,pu_sandwich_panel,0.13,none,0.0,dense_concrete,0.22,6.84,0.1003,triple_pane,180.0,0,0.0,0.6,4.25,7,700.0,none,False,301317.0,SOURCED,1.0314,0.9696,50787867.9,60207.9,0.7971
SIM_000668,Chushul,4350.0,33.5936,78.6543,9.8,5.8,2.8,56.84,159.15,208.4,rammed_earth,0.25,rockwool,0.108,cgi_sheet,0.002,none,0.0,stone_floor,0.2,0.65,0.0074,double_pane,180.0,0,0.0,0.71,0.9,8,800.0,flued_stove,False,218677.0,SOURCED,2.8532,0.3505,64104378.7,58880.1,0.7795
SIM_000669,Rezang La,5000.0,33.425,78.8472,7.9,3.3,3.0,26.07,78.21,202.7,stone_masonry,0.39,rockwool,0.05,cgi_sheet,0.002,none,0.0,dense_concrete,0.18,1.05,0.0156,triple_pane,180.0,0,0.0,0.48,3.63,6,600.0,none,False,199932.0,SOURCED,2.4309,0.4114,63187537.5,54019.9,0.7151
SIM_000670,Pangong,4250.0,33.7595,78.6674,9.8,4.7,2.8,46.06,128.97,169.8,stone_masonry,0.34,none,0.0,concrete,0.14,rockwool,0.093,stone_floor,0.22,3.05,0.0376,single_pane,180.0,1,0.5,0.25,3.86,7,700.0,none,False,289854.0,SOURCED,2.463,0.406,90206586.5,59658.3,0.7898
SIM_000671,Depsang,5330.0,35.3167,78.0167,5.3,5.7,2.8,30.21,84.59,86.7,mud_brick,0.2,eps,0.147,concrete,0.19,rockwool,0.127,stone_floor,0.17,0.72,0.0117,double_pane,180.0,0,0.0,0.28,3.96,1,100.0,flued_stove,False,204613.0,SOURCED,1.1717,0.8535,42856512.0,51679.8,0.6842
SIM_000672,Kargil,2676.0,34.5539,76.1349,5.6,3.7,2.7,20.72,55.94,154.2,dense_concrete,0.25,rockwool,0.149,pu_sandwich_panel,0.13,none,0.0,stone_floor,0.11,1.24,0.0247,single_pane,180.0,1,0.5,0.85,1.25,7,700.0,unflued_combustion,True,223761.0,SOURCED,1.1914,0.8393,33506267.0,73045.7,0.967
SIM_000673,Leh,3500.0,34.1526,77.5771,5.2,4.1,3.2,21.32,68.22,174.3,rammed_earth,0.25,none,0.0,cgi_sheet,0.002,eps,0.041,stone_floor,0.14,0.65,0.0109,double_pane,180.0,0,0.0,0.65,1.7,6,600.0,electric,False,70937.0,SOURCED,2.6119,0.3829,33084132.4,65764.1,0.8706
SIM_000674,Dras,3280.0,34.4293,75.7533,7.8,5.6,3.0,43.68,131.04,183.5,stone_masonry,0.4,eps,0.033,pu_sandwich_panel,0.14,none,0.0,stone_floor,0.21,8.63,0.1073,single_pane,180.0,1,0.5,0.49,1.67,3,300.0,flued_stove,False,348664.0,SOURCED,1.4169,0.7058,77910814.2,67647.9,0.8956
SIM_000675,Siachen,5400.0,35.4212,77.1095,4.2,3.9,3.0,16.38,49.14,159.6,mud_brick,0.38,straw_bale,0.028,pu_sandwich_panel,0.12,none,0.0,stone_floor,0.2,1.72,0.0354,single_pane,180.0,0,0.0,0.68,3.39,1,100.0,flued_stove,False,119495.0,SOURCED,1.4403,0.6943,34015289.1,51194.2,0.6777
SIM_000676,Daulat Beg Oldie,5065.0,35.4057,77.9297,4.3,4.7,2.7,20.21,54.57,182.4,stone_masonry,0.44,rockwool,0.118,cgi_sheet,0.002,eps,0.068,stone_floor,0.12,4.43,0.0912,single_pane,180.0,0,0.0,0.55,3.52,3,300.0,electric,False,168383.0,SOURCED,1.5294,0.6539,44782568.2,53552.3,0.709
SIM_000677,Galwan,4300.0,34.75,78.25,5.0,3.3,2.6,16.5,42.9,193.6,stone_masonry,0.29,eps,0.038,pu_sandwich_panel,0.15,none,0.0,stone_floor,0.15,5.3,0.1228,single_pane,180.0,1,0.5,0.23,3.46,2,200.0,unflued_combustion,True,138408.0,SOURCED,1.4029,0.7128,27616627.8,59268.2,0.7846
SIM_000678,Hanle,4500.0,32.7784,78.9642,7.6,5.5,2.9,41.8,121.22,202.9,rammed_earth,0.41,eps,0.035,cgi_sheet,0.002,eps,0.116,stone_floor,0.23,7.48,0.0984,double_pane,180.0,1,0.5,0.83,2.29,1,100.0,none,False,237676.0,SOURCED,1.3575,0.7366,71642472.9,57728.3,0.7642
SIM_000679,Nyoma,4180.0,33.1958,78.6508,8.3,4.2,2.9,34.86,101.09,198.8,dense_concrete,0.12,rockwool,0.068,cgi_sheet,0.002,rockwool,0.079,stone_floor,0.23,2.84,0.0392,triple_pane,180.0,1,0.5,0.47,2.47,12,1200.0,flued_stove,False,218774.0,SOURCED,1.227,0.815,36908027.8,60207.9,0.7971
SIM_000680,Chushul,4350.0,33.5936,78.6543,7.5,5.7,3.2,42.75,136.8,160.4,mud_brick,0.42,straw_bale,0.101,concrete,0.12,rockwool,0.119,dense_concrete,0.21,3.31,0.0392,double_pane,180.0,0,0.0,0.2,4.42,1,100.0,none,False,290617.0,SOURCED,1.2162,0.8222,85383506.7,58880.1,0.7795
SIM_000681,Rezang La,5000.0,33.425,78.8472,8.3,4.6,3.1,38.18,118.36,265.8,pu_sandwich_panel,0.06,none,0.0,concrete,0.15,none,0.0,stone_floor,0.24,7.39,0.0924,triple_pane,180.0,1,0.5,0.26,1.13,12,1200.0,none,False,246962.0,SOURCED,2.01,0.4975,32972868.5,54019.9,0.7151
SIM_000682,Pangong,4250.0,33.7595,78.6674,5.7,4.4,3.0,25.08,75.24,200.8,dense_concrete,0.16,straw_bale,0.071,cgi_sheet,0.002,eps,0.102,stone_floor,0.24,2.95,0.0487,single_pane,180.0,1,0.5,0.71,2.0,1,100.0,unflued_combustion,True,164313.0,SOURCED,1.3076,0.7648,35153499.0,59658.3,0.7898
SIM_000683,Depsang,5330.0,35.3167,78.0167,5.4,4.4,2.6,23.76,61.78,162.9,mud_brick,0.36,none,0.0,concrete,0.1,none,0.0,stone_floor,0.22,2.69,0.0528,single_pane,180.0,1,0.5,0.86,1.58,2,200.0,flued_stove,False,122561.0,SOURCED,2.7184,0.3679,42611367.4,51679.8,0.6842
SIM_000684,Kargil,2676.0,34.5539,76.1349,8.8,4.6,2.4,40.48,97.15,176.7,dense_concrete,0.2,none,0.0,concrete,0.11,rockwool,0.028,stone_floor,0.22,7.26,0.1129,double_pane,180.0,1,0.5,0.74,1.55,1,100.0,unflued_combustion,True,250408.0,SOURCED,2.7223,0.3673,55553557.6,73045.7,0.967
SIM_000685,Leh,3500.0,34.1526,77.5771,7.2,5.5,3.1,39.6,122.76,184.0,mud_brick,0.42,none,0.0,pu_sandwich_panel,0.1,none,0.0,dense_concrete,0.19,8.61,0.1093,single_pane,180.0,1,0.5,0.41,1.76,7,700.0,unflued_combustion,True,256991.0,SOURCED,1.6468,0.6072,61698453.1,65764.1,0.8706
SIM_000686,Dras,3280.0,34.4293,75.7533,9.6,5.0,2.7,48.0,129.6,152.2,stone_masonry,0.38,straw_bale,0.147,cgi_sheet,0.002,none,0.0,dense_concrete,0.2,10.19,0.1292,single_pane,180.0,1,0.5,0.56,0.56,17,1700.0,none,False,272008.0,SOURCED,2.8273,0.3537,77145587.5,67647.9,0.8956
SIM_000687,Siachen,5400.0,35.4212,77.1095,4.7,4.0,2.6,18.8,48.88,321.9,mud_brick,0.38,straw_bale,0.074,cgi_sheet,0.002,rockwool,0.076,stone_floor,0.13,3.18,0.0703,single_pane,180.0,0,0.0,0.44,0.32,1,100.0,electric,False,95757.0,SOURCED,1.5819,0.6322,29951708.8,51194.2,0.6777
SIM_000688,Daulat Beg Oldie,5065.0,35.4057,77.9297,8.7,4.6,2.8,40.02,112.06,88.8,mud_brick,0.23,straw_bale,0.036,pu_sandwich_panel,0.14,none,0.0,dense_concrete,0.12,0.39,0.0052,single_pane,180.0,1,0.5,0.65,4.0,9,900.0,unflued_combustion,True,193861.0,SOURCED,1.6164,0.6187,37460117.1,53552.3,0.709
SIM_000689,Galwan,4300.0,34.75,78.25,4.4,3.6,2.4,15.84,38.02,165.2,rammed_earth,0.45,straw_bale,0.149,concrete,0.16,rockwool,0.123,stone_floor,0.25,0.99,0.0258,triple_pane,180.0,0,0.0,0.41,1.47,4,400.0,unflued_combustion,True,119053.0,SOURCED,1.0514,0.9511,45758423.4,59268.2,0.7846
SIM_000690,Hanle,4500.0,32.7784,78.9642,4.1,4.1,2.9,16.81,48.75,194.7,pu_sandwich_panel,0.05,none,0.0,cgi_sheet,0.002,eps,0.148,dense_concrete,0.11,0.07,0.0015,double_pane,180.0,0,0.0,0.37,3.6,6,600.0,unflued_combustion,True,73967.0,SOURCED,1.2022,0.8318,4636293.1,57728.3,0.7642
SIM_000691,Nyoma,4180.0,33.1958,78.6508,7.3,4.7,3.1,34.31,106.36,164.2,stone_masonry,0.42,straw_bale,0.065,concrete,0.18,rockwool,0.048,dense_concrete,0.2,5.61,0.0754,single_pane,180.0,0,0.0,0.65,2.84,10,1000.0,electric,False,272748.0,SOURCED,1.5966,0.6263,89269738.7,60207.9,0.7971
SIM_000692,Chushul,4350.0,33.5936,78.6543,7.3,5.5,2.5,40.15,100.38,155.2,rammed_earth,0.28,eps,0.03,cgi_sheet,0.002,none,0.0,stone_floor,0.19,2.75,0.043,single_pane,180.0,0,0.0,0.69,2.09,15,1500.0,none,False,124262.0,SOURCED,3.1536,0.3171,47524150.2,58880.1,0.7795
SIM_000693,Rezang La,5000.0,33.425,78.8472,6.7,5.3,2.8,35.51,99.43,209.6,rammed_earth,0.41,none,0.0,cgi_sheet,0.002,rockwool,0.125,dense_concrete,0.22,4.96,0.0738,single_pane,180.0,1,0.5,0.29,3.13,9,900.0,unflued_combustion,True,187951.0,SOURCED,1.9004,0.5262,64417510.0,54019.9,0.7151
SIM_000694,Pangong,4250.0,33.7595,78.6674,9.9,4.2,2.7,41.58,112.27,179.3,mud_brick,0.25,none,0.0,pu_sandwich_panel,0.07,none,0.0,stone_floor,0.12,1.87,0.0246,single_pane,180.0,1,0.5,0.32,3.25,2,200.0,unflued_combustion,True,151174.0,SOURCED,2.1631,0.4623,38631983.1,59658.3,0.7898
SIM_000695,Depsang,5330.0,35.3167,78.0167,8.1,5.5,2.5,44.55,111.38,183.4,dense_concrete,0.26,rockwool,0.104,cgi_sheet,0.002,none,0.0,dense_concrete,0.18,2.1,0.0309,double_pane,180.0,1,0.5,0.78,1.54,3,300.0,electric,False,291528.0,SOURCED,2.8599,0.3497,58538407.3,51679.8,0.6842
SIM_000696,Kargil,2676.0,34.5539,76.1349,9.8,3.6,3.2,35.28,112.9,297.1,rammed_earth,0.33,eps,0.035,concrete,0.13,rockwool,0.081,dense_concrete,0.2,7.4,0.0863,triple_pane,180.0,1,0.5,0.43,2.94,14,1400.0,electric,False,261464.0,SOURCED,1.2978,0.7705,73644290.8,73045.7,0.967
SIM_000697,Leh,3500.0,34.1526,77.5771,7.8,3.2,2.6,24.96,64.9,174.8,stone_masonry,0.49,none,0.0,pu_sandwich_panel,0.12,none,0.0,dense_concrete,0.24,6.06,0.1059,double_pane,180.0,0,0.0,0.57,4.03,6,600.0,unflued_combustion,True,245669.0,SOURCED,2.1777,0.4592,64520570.9,65764.1,0.8706
SIM_000698,Dras,3280.0,34.4293,75.7533,9.1,5.1,3.1,46.41,143.87,201.4,pu_sandwich_panel,0.09,none,0.0,cgi_sheet,0.002,eps,0.109,dense_concrete,0.19,10.32,0.1172,single_pane,180.0,0,0.0,0.33,1.44,4,400.0,none,False,252973.0,SOURCED,1.4405,0.6942,21326940.0,67647.9,0.8956
SIM_000699,Siachen,5400.0,35.4212,77.1095,5.3,4.5,3.1,23.85,73.94,153.1,pu_sandwich_panel,0.14,none,0.0,pu_sandwich_panel,0.09,none,0.0,stone_floor,0.15,1.32,0.0217,triple_pane,180.0,1,0.5,0.85,3.42,3,300.0,electric,False,207907.0,SOURCED,1.0549,0.948,8238759.9,51194.2,0.6777
SIM_000700,Daulat Beg Oldie,5065.0,35.4057,77.9297,6.5,4.9,2.7,31.85,86.0,203.3,mud_brick,0.28,eps,0.098,pu_sandwich_panel,0.11,none,0.0,stone_floor,0.24,0.93,0.0151,double_pane,180.0,0,0.0,0.89,2.17,6,600.0,unflued_combustion,True,208631.0,SOURCED,1.1061,0.9041,42105622.5,53552.3,0.709
SIM_000701,Galwan,4300.0,34.75,78.25,6.4,3.7,3.2,23.68,75.78,172.1,dense_concrete,0.29,eps,0.12,concrete,0.14,none,0.0,dense_concrete,0.15,3.21,0.0497,single_pane,180.0,0,0.0,0.21,1.78,4,400.0,electric,False,263391.0,SOURCED,1.9929,0.5018,57086128.8,59268.2,0.7846
SIM_000702,Hanle,4500.0,32.7784,78.9642,8.6,4.3,2.9,36.98,107.24,205.2,stone_masonry,0.38,rockwool,0.05,concrete,0.17,eps,0.074,stone_floor,0.22,6.53,0.0873,triple_pane,180.0,1,0.5,0.9,0.53,12,1200.0,electric,False,328476.0,SOURCED,1.3128,0.7617,84378752.1,57728.3,0.7642
SIM_000703,Nyoma,4180.0,33.1958,78.6508,4.1,4.2,2.9,17.22,49.94,169.1,stone_masonry,0.3,none,0.0,concrete,0.17,eps,0.047,stone_floor,0.16,3.22,0.0669,double_pane,180.0,1,0.5,0.56,0.6,2,200.0,unflued_combustion,True,129911.0,SOURCED,2.7938,0.3579,39823765.7,60207.9,0.7971
SIM_000704,Chushul,4350.0,33.5936,78.6543,5.8,5.4,3.2,31.32,100.22,199.8,dense_concrete,0.16,rockwool,0.108,cgi_sheet,0.002,none,0.0,dense_concrete,0.21,0.65,0.0091,single_pane,180.0,1,0.5,0.62,0.87,2,200.0,none,False,220850.0,SOURCED,2.3529,0.425,41888942.3,58880.1,0.7795
SIM_000705,Rezang La,5000.0,33.425,78.8472,5.7,3.7,2.8,21.09,59.05,191.8,mud_brick,0.26,eps,0.083,cgi_sheet,0.002,rockwool,0.082,dense_concrete,0.13,1.44,0.0274,triple_pane,180.0,1,0.5,0.83,1.22,3,300.0,unflued_combustion,True,122816.0,SOURCED,1.2185,0.8207,26639490.3,54019.9,0.7151
SIM_000706,Pangong,4250.0,33.7595,78.6674,5.2,4.0,3.2,20.8,66.56,100.1,pu_sandwich_panel,0.09,none,0.0,pu_sandwich_panel,0.06,none,0.0,dense_concrete,0.13,5.12,0.087,single_pane,180.0,0,0.0,0.68,3.42,4,400.0,none,False,132695.0,SOURCED,1.3519,0.7397,6612869.5,59658.3,0.7898
SIM_000707,Depsang,5330.0,35.3167,78.0167,5.9,3.6,3.2,21.24,67.97,64.1,dense_concrete,0.18,none,0.0,cgi_sheet,0.002,none,0.0,stone_floor,0.15,1.93,0.0317,single_pane,180.0,0,0.0,0.22,0.37,4,400.0,electric,False,125424.0,SOURCED,4.2444,0.2356,31348208.9,51679.8,0.6842
SIM_000708,Kargil,2676.0,34.5539,76.1349,8.3,3.4,2.4,28.22,67.73,176.9,dense_concrete,0.24,none,0.0,concrete,0.12,eps,0.072,stone_floor,0.2,1.54,0.0274,triple_pane,180.0,0,0.0,0.55,0.93,3,300.0,electric,False,205650.0,SOURCED,2.6442,0.3782,50069396.0,73045.7,0.967
SIM_000709,Leh,3500.0,34.1526,77.5771,4.6,4.2,2.5,19.32,48.3,204.8,pu_sandwich_panel,0.14,none,0.0,concrete,0.18,none,0.0,stone_floor,0.15,4.64,0.1055,single_pane,180.0,1,0.5,0.77,3.19,6,600.0,electric,False,153520.0,SOURCED,1.9735,0.5067,14507573.5,65764.1,0.8706
SIM_000710,Dras,3280.0,34.4293,75.7533,7.2,5.7,2.5,41.04,102.6,203.2,rammed_earth,0.23,eps,0.102,cgi_sheet,0.002,none,0.0,dense_concrete,0.2,1.84,0.0285,double_pane,180.0,1,0.5,0.35,0.48,3,300.0,unflued_combustion,True,166221.0,SOURCED,2.7868,0.3588,45442987.4,67647.9,0.8956
SIM_000711,Siachen,5400.0,35.4212,77.1095,9.0,5.7,3.1,51.3,159.03,175.3,mud_brick,0.31,none,0.0,concrete,0.17,none,0.0,stone_floor,0.16,11.65,0.1278,double_pane,180.0,1,0.5,0.51,2.34,16,1600.0,unflued_combustion,True,274739.0,SOURCED,2.8238,0.3541,74472901.4,51194.2,0.6777
SIM_000712,Daulat Beg Oldie,5065.0,35.4057,77.9297,5.8,5.9,3.0,34.22,102.66,200.5,rammed_earth,0.47,eps,0.076,concrete,0.16,rockwool,0.048,dense_concrete,0.13,2.43,0.0346,triple_pane,180.0,0,0.0,0.55,0.48,2,200.0,electric,False,217625.0,SOURCED,1.3888,0.72,80477801.2,53552.3,0.709
SIM_000713,Galwan,4300.0,34.75,78.25,5.7,4.5,2.9,25.65,74.39,32.9,stone_masonry,0.41,straw_bale,0.047,pu_sandwich_panel,0.11,none,0.0,dense_concrete,0.22,2.95,0.0499,triple_pane,180.0,1,0.5,0.22,1.67,3,300.0,flued_stove,False,234683.0,SOURCED,1.3512,0.7401,60179587.8,59268.2,0.7846
SIM_000714,Hanle,4500.0,32.7784,78.9642,8.0,3.3,2.8,26.4,73.92,165.9,pu_sandwich_panel,0.05,none,0.0,concrete,0.11,eps,0.03,dense_concrete,0.17,0.84,0.0133,double_pane,180.0,1,0.5,0.84,0.84,1,100.0,none,False,121322.0,SOURCED,1.321,0.757,17260926.8,57728.3,0.7642
SIM_000715,Nyoma,4180.0,33.1958,78.6508,6.5,3.0,2.9,19.5,56.55,169.1,mud_brick,0.21,straw_bale,0.083,cgi_sheet,0.002,rockwool,0.119,dense_concrete,0.14,5.59,0.1015,double_pane,180.0,0,0.0,0.66,2.63,6,600.0,electric,False,109213.0,SOURCED,1.3797,0.7248,22931586.8,60207.9,0.7971
SIM_000716,Chushul,4350.0,33.5936,78.6543,7.3,5.5,2.4,40.15,96.36,190.6,mud_brick,0.43,rockwool,0.026,concrete,0.16,eps,0.053,stone_floor,0.11,0.52,0.0085,double_pane,180.0,0,0.0,0.52,1.74,5,500.0,none,False,191657.0,SOURCED,1.7413,0.5743,63562708.7,58880.1,0.7795
SIM_000717,Rezang La,5000.0,33.425,78.8472,5.6,5.7,2.9,31.92,92.57,191.7,rammed_earth,0.27,rockwool,0.061,concrete,0.13,rockwool,0.074,dense_concrete,0.18,3.81,0.0581,triple_pane,180.0,0,0.0,0.85,4.29,2,200.0,none,False,192520.0,SOURCED,1.2976,0.7707,53073335.6,54019.9,0.7151
SIM_000718,Pangong,4250.0,33.7595,78.6674,8.9,5.6,2.7,49.84,134.57,85.7,pu_sandwich_panel,0.11,none,0.0,pu_sandwich_panel,0.12,none,0.0,stone_floor,0.1,7.49,0.0957,double_pane,180.0,1,0.5,0.85,2.62,10,1000.0,none,False,304569.0,SOURCED,1.4598,0.685,11468925.8,59658.3,0.7898
SIM_000719,Depsang,5330.0,35.3167,78.0167,5.4,5.9,2.6,31.86,82.84,182.5,dense_concrete,0.21,eps,0.133,pu_sandwich_panel,0.09,none,0.0,stone_floor,0.18,5.41,0.0921,triple_pane,180.0,1,0.5,0.41,3.52,4,400.0,flued_stove,False,278652.0,SOURCED,1.2181,0.821,38420375.4,51679.8,0.6842
SIM_000720,Kargil,2676.0,34.5539,76.1349,7.0,3.2,2.9,22.4,64.96,159.8,pu_sandwich_panel,0.06,none,0.0,concrete,0.1,rockwool,0.12,stone_floor,0.22,8.4,0.142,double_pane,180.0,0,0.0,0.39,3.87,6,600.0,unflued_combustion,True,157719.0,SOURCED,1.2423,0.805,15966065.2,73045.7,0.967
SIM_000721,Leh,3500.0,34.1526,77.5771,4.9,3.8,2.9,18.62,54.0,196.7,dense_concrete,0.21,rockwool,0.11,cgi_sheet,0.002,eps,0.116,dense_concrete,0.16,3.42,0.0678,triple_pane,180.0,0,0.0,0.77,2.58,3,300.0,flued_stove,False,191476.0,SOURCED,1.101,0.9083,30043382.3,65764.1,0.8706
SIM_000722,Dras,3280.0,34.4293,75.7533,7.6,5.3,2.6,40.28,104.73,209.7,pu_sandwich_panel,0.06,none,0.0,concrete,0.14,eps,0.065,dense_concrete,0.12,0.23,0.0034,double_pane,180.0,1,0.5,0.43,1.13,5,500.0,electric,False,166536.0,SOURCED,1.4541,0.6877,24497951.9,67647.9,0.8956
SIM_000723,Siachen,5400.0,35.4212,77.1095,4.9,5.2,2.5,25.48,63.7,132.6,dense_concrete,0.13,eps,0.07,cgi_sheet,0.002,none,0.0,stone_floor,0.18,5.26,0.1042,single_pane,180.0,0,0.0,0.57,4.0,1,100.0,none,False,121399.0,SOURCED,2.952,0.3388,23617879.8,51194.2,0.6777
SIM_000724,Daulat Beg Oldie,5065.0,35.4057,77.9297,7.3,3.4,2.4,24.82,59.57,183.8,dense_concrete,0.16,eps,0.064,concrete,0.16,none,0.0,dense_concrete,0.17,0.18,0.0035,triple_pane,180.0,1,0.5,0.59,4.13,2,200.0,none,False,159871.0,SOURCED,2.1218,0.4713,37829705.2,53552.3,0.709
SIM_000725,Galwan,4300.0,34.75,78.25,6.1,3.8,2.5,23.18,57.95,151.9,mud_brick,0.38,rockwool,0.055,concrete,0.13,eps,0.046,dense_concrete,0.22,3.72,0.0752,double_pane,180.0,0,0.0,0.59,2.88,1,100.0,electric,False,163712.0,SOURCED,1.3174,0.7591,44869452.1,59268.2,0.7846
SIM_000726,Hanle,4500.0,32.7784,78.9642,9.4,4.0,2.7,37.6,101.52,169.7,dense_concrete,0.18,straw_bale,0.063,cgi_sheet,0.002,rockwool,0.083,dense_concrete,0.23,5.89,0.0814,single_pane,180.0,1,0.5,0.42,1.21,12,1200.0,unflued_combustion,True,239666.0,SOURCED,1.3967,0.716,48723479.5,57728.3,0.7642
SIM_000727,Nyoma,4180.0,33.1958,78.6508,5.3,5.0,3.0,26.5,79.5,269.3,pu_sandwich_panel,0.14,none,0.0,cgi_sheet,0.002,rockwool,0.126,stone_floor,0.18,7.1,0.1149,double_pane,180.0,1,0.5,0.45,1.34,9,900.0,electric,False,231172.0,SOURCED,1.1056,0.9045,10961841.9,60207.9,0.7971
SIM_000728,Chushul,4350.0,33.5936,78.6543,8.7,4.4,2.5,38.28,95.7,186.3,pu_sandwich_panel,0.11,none,0.0,concrete,0.13,rockwool,0.096,dense_concrete,0.24,3.94,0.0602,single_pane,180.0,1,0.5,0.56,3.24,10,1000.0,flued_stove,False,267426.0,SOURCED,1.1068,0.9035,33178630.5,58880.1,0.7795
SIM_000729,Rezang La,5000.0,33.425,78.8472,10.0,3.1,3.0,31.0,93.0,153.8,rammed_earth,0.21,rockwool,0.044,concrete,0.18,eps,0.086,dense_concrete,0.13,0.89,0.0113,single_pane,180.0,0,0.0,0.64,1.7,1,100.0,electric,False,158451.0,SOURCED,1.3951,0.7168,51775394.6,54019.9,0.7151
SIM_000730,Pangong,4250.0,33.7595,78.6674,6.3,4.1,2.4,25.83,61.99,152.0,pu_sandwich_panel,0.11,none,0.0,cgi_sheet,0.002,eps,0.102,dense_concrete,0.17,3.02,0.0605,double_pane,180.0,0,0.0,0.48,4.26,8,800.0,electric,False,157088.0,SOURCED,1.2213,0.8188,10723267.4,59658.3,0.7898
SIM_000731,Depsang,5330.0,35.3167,78.0167,6.2,5.9,2.9,36.58,106.08,70.1,pu_sandwich_panel,0.07,none,0.0,pu_sandwich_panel,0.11,none,0.0,stone_floor,0.14,2.03,0.0289,triple_pane,180.0,0,0.0,0.54,3.59,8,800.0,unflued_combustion,True,195291.0,SOURCED,1.2909,0.7747,11447971.1,51679.8,0.6842
SIM_000732,Kargil,2676.0,34.5539,76.1349,4.3,3.2,3.1,13.76,42.66,189.5,stone_masonry,0.4,rockwool,0.135,concrete,0.14,none,0.0,dense_concrete,0.25,5.1,0.1097,double_pane,180.0,1,0.5,0.25,1.43,5,500.0,unflued_combustion,True,192264.0,SOURCED,1.5614,0.6405,45994483.8,73045.7,0.967
SIM_000733,Leh,3500.0,34.1526,77.5771,7.6,5.4,2.5,41.04,102.6,276.9,mud_brick,0.24,none,0.0,cgi_sheet,0.002,none,0.0,stone_floor,0.15,7.63,0.1174,triple_pane,180.0,1,0.5,0.75,1.68,9,900.0,flued_stove,False,167721.0,SOURCED,3.6186,0.2763,34076704.4,65764.1,0.8706
SIM_000734,Dras,3280.0,34.4293,75.7533,7.9,5.1,2.5,40.29,100.72,178.7,stone_masonry,0.39,straw_bale,0.118,concrete,0.19,eps,0.044,dense_concrete,0.14,4.6,0.0708,single_pane,180.0,1,0.5,0.39,1.15,5,500.0,flued_stove,False,256720.0,SOURCED,1.5505,0.645,79632894.3,67647.9,0.8956
SIM_000735,Siachen,5400.0,35.4212,77.1095,6.8,3.7,3.0,25.16,75.48,333.8,pu_sandwich_panel,0.13,none,0.0,cgi_sheet,0.002,eps,0.081,stone_floor,0.23,0.73,0.0116,double_pane,180.0,0,0.0,0.4,2.23,2,200.0,electric,False,195416.0,SOURCED,0.9919,1.0082,13061413.4,51194.2,0.6777
SIM_000736,Daulat Beg Oldie,5065.0,35.4057,77.9297,5.4,4.0,2.7,21.6,58.32,187.5,rammed_earth,0.27,straw_bale,0.145,concrete,0.13,rockwool,0.071,stone_floor,0.17,4.62,0.091,triple_pane,180.0,1,0.5,0.21,3.44,2,200.0,electric,False,141155.0,SOURCED,1.2506,0.7996,38113507.0,53552.3,0.709
SIM_000737,Galwan,4300.0,34.75,78.25,4.4,4.7,2.9,20.68,59.97,0.0,pu_sandwich_panel,0.08,none,0.0,pu_sandwich_panel,0.1,none,0.0,stone_floor,0.17,0.69,0.0131,double_pane,180.0,1,0.5,0.72,0.98,4,400.0,electric,False,131212.0,SOURCED,1.0786,0.9271,7867111.8,59268.2,0.7846
SIM_000738,Hanle,4500.0,32.7784,78.9642,8.2,5.1,2.9,41.82,121.28,310.6,mud_brick,0.5,eps,0.106,pu_sandwich_panel,0.07,none,0.0,dense_concrete,0.16,3.5,0.0454,double_pane,180.0,1,0.5,0.31,3.79,15,1500.0,flued_stove,False,293646.0,SOURCED,1.2309,0.8124,71002767.3,57728.3,0.7642
SIM_000739,Nyoma,4180.0,33.1958,78.6508,7.6,4.5,2.8,34.2,95.76,69.7,mud_brick,0.31,straw_bale,0.147,pu_sandwich_panel,0.11,none,0.0,stone_floor,0.15,1.56,0.023,triple_pane,180.0,1,0.5,0.69,3.59,5,500.0,unflued_combustion,True,195190.0,SOURCED,1.2687,0.7882,43816359.6,60207.9,0.7971
SIM_000740,Chushul,4350.0,33.5936,78.6543,9.2,5.7,3.2,52.44,167.81,200.7,stone_masonry,0.21,eps,0.108,pu_sandwich_panel,0.12,none,0.0,stone_floor,0.24,11.29,0.1184,double_pane,180.0,0,0.0,0.77,4.2,17,1700.0,unflued_combustion,True,382741.0,SOURCED,1.2467,0.8021,63137914.4,58880.1,0.7795
SIM_000741,Rezang La,5000.0,33.425,78.8472,6.8,3.8,2.8,25.84,72.35,165.5,pu_sandwich_panel,0.11,none,0.0,concrete,0.17,none,0.0,stone_floor,0.24,0.55,0.0093,single_pane,180.0,1,0.5,0.2,2.08,1,100.0,unflued_combustion,True,185468.0,SOURCED,1.7923,0.5579,23696110.3,54019.9,0.7151
SIM_000742,Pangong,4250.0,33.7595,78.6674,6.3,3.6,2.8,22.68,63.5,175.5,mud_brick,0.26,eps,0.048,pu_sandwich_panel,0.11,none,0.0,dense_concrete,0.18,5.46,0.0985,single_pane,180.0,1,0.5,0.72,1.45,2,200.0,electric,False,152818.0,SOURCED,1.2307,0.8125,29103821.4,59658.3,0.7898
SIM_000743,Depsang,5330.0,35.3167,78.0167,5.4,5.5,2.7,29.7,80.19,183.5,rammed_earth,0.38,rockwool,0.1,concrete,0.14,eps,0.034,dense_concrete,0.15,5.51,0.0936,single_pane,180.0,1,0.5,0.75,4.39,7,700.0,unflued_combustion,True,182899.0,SOURCED,1.4157,0.7064,56606887.6,51679.8,0.6842
SIM_000744,Kargil,2676.0,34.5539,76.1349,8.8,4.7,3.1,41.36,128.22,170.5,pu_sandwich_panel,0.11,none,0.0,concrete,0.13,none,0.0,stone_floor,0.12,0.62,0.0074,single_pane,180.0,1,0.5,0.38,4.24,13,1300.0,flued_stove,False,227083.0,SOURCED,2.2085,0.4528,23549819.7,73045.7,0.967
SIM_000745,Leh,3500.0,34.1526,77.5771,6.9,5.4,2.5,37.26,93.15,167.1,stone_masonry,0.28,eps,0.107,pu_sandwich_panel,0.08,none,0.0,dense_concrete,0.23,5.83,0.0948,single_pane,180.0,0,0.0,0.75,3.6,3,300.0,flued_stove,False,245133.0,SOURCED,1.3627,0.7338,51592054.1,65764.1,0.8706
SIM_000746,Dras,3280.0,34.4293,75.7533,6.4,4.4,3.1,28.16,87.3,173.5,mud_brick,0.35,rockwool,0.095,concrete,0.14,eps,0.086,dense_concrete,0.12,7.42,0.1108,double_pane,180.0,0,0.0,0.74,1.49,10,1000.0,flued_stove,False,212917.0,SOURCED,1.3709,0.7294,48406217.1,67647.9,0.8956
SIM_000747,Siachen,5400.0,35.4212,77.1095,6.5,5.7,2.7,37.05,100.04,172.5,mud_brick,0.4,rockwool,0.104,cgi_sheet,0.002,rockwool,0.092,stone_floor,0.12,1.62,0.0246,single_pane,180.0,0,0.0,0.76,0.98,6,600.0,flued_stove,False,198919.0,SOURCED,1.4523,0.6886,48653395.5,51194.2,0.6777
SIM_000748,Daulat Beg Oldie,5065.0,35.4057,77.9297,6.8,5.2,2.6,35.36,91.94,36.5,mud_brick,0.23,straw_bale,0.063,cgi_sheet,0.002,rockwool,0.058,dense_concrete,0.13,6.22,0.0997,double_pane,180.0,0,0.0,0.86,3.8,10,1000.0,none,False,137319.0,SOURCED,1.6813,0.5948,31016815.0,53552.3,0.709
SIM_000749,Galwan,4300.0,34.75,78.25,9.8,3.5,2.8,34.3,96.04,153.4,dense_concrete,0.2,rockwool,0.129,pu_sandwich_panel,0.09,none,0.0,stone_floor,0.15,8.74,0.1173,single_pane,180.0,0,0.0,0.48,3.14,3,300.0,electric,False,280816.0,SOURCED,1.5127,0.6611,41764061.0,59268.2,0.7846
SIM_000750,Hanle,4500.0,32.7784,78.9642,9.3,5.3,3.1,49.29,152.8,185.5,rammed_earth,0.28,eps,0.046,cgi_sheet,0.002,none,0.0,dense_concrete,0.25,3.87,0.0428,triple_pane,180.0,1,0.5,0.77,3.59,3,300.0,flued_stove,False,237095.0,SOURCED,2.6685,0.3747,72639298.5,57728.3,0.7642
SIM_000751,Nyoma,4180.0,33.1958,78.6508,4.8,5.9,2.6,28.32,73.63,185.8,stone_masonry,0.3,eps,0.149,concrete,0.16,rockwool,0.062,dense_concrete,0.12,3.85,0.0692,double_pane,180.0,0,0.0,0.39,4.44,1,100.0,unflued_combustion,True,212714.0,SOURCED,1.3956,0.7165,49960535.1,60207.9,0.7971
SIM_000752,Chushul,4350.0,33.5936,78.6543,8.4,5.2,2.8,43.68,122.3,202.8,rammed_earth,0.43,none,0.0,cgi_sheet,0.002,none,0.0,dense_concrete,0.22,1.01,0.0133,single_pane,180.0,1,0.5,0.5,3.89,16,1600.0,none,False,176554.0,SOURCED,3.3775,0.2961,80691066.6,58880.1,0.7795
SIM_000753,Rezang La,5000.0,33.425,78.8472,6.9,5.8,2.6,40.02,104.05,170.6,stone_masonry,0.44,none,0.0,cgi_sheet,0.002,eps,0.082,stone_floor,0.22,7.34,0.1111,double_pane,180.0,1,0.5,0.55,1.24,7,700.0,electric,False,260130.0,SOURCED,2.2408,0.4463,71267909.2,54019.9,0.7151
SIM_000754,Pangong,4250.0,33.7595,78.6674,9.3,3.1,2.6,28.83,74.96,154.9,mud_brick,0.36,none,0.0,concrete,0.14,none,0.0,stone_floor,0.15,5.24,0.0813,double_pane,180.0,1,0.5,0.37,3.64,1,100.0,flued_stove,False,162301.0,SOURCED,2.7038,0.3698,50436613.7,59658.3,0.7898
SIM_000755,Depsang,5330.0,35.3167,78.0167,6.8,6.0,2.6,40.8,106.08,194.8,rammed_earth,0.42,rockwool,0.076,pu_sandwich_panel,0.13,none,0.0,dense_concrete,0.22,1.21,0.0182,triple_pane,180.0,0,0.0,0.75,1.75,7,700.0,electric,False,275072.0,SOURCED,1.168,0.8562,70619616.3,51679.8,0.6842
SIM_000756,Kargil,2676.0,34.5539,76.1349,5.9,4.3,2.9,25.37,73.57,352.8,dense_concrete,0.3,none,0.0,cgi_sheet,0.002,eps,0.078,dense_concrete,0.14,2.42,0.0409,double_pane,180.0,1,0.5,0.27,1.28,10,1000.0,unflued_combustion,True,212754.0,SOURCED,2.5651,0.3898,47650472.7,73045.7,0.967
SIM_000757,Leh,3500.0,34.1526,77.5771,7.9,4.8,3.1,37.92,117.55,186.1,rammed_earth,0.24,none,0.0,concrete,0.19,eps,0.071,stone_floor,0.16,6.63,0.0842,triple_pane,180.0,0,0.0,0.79,1.85,4,400.0,electric,False,205288.0,SOURCED,2.4442,0.4091,60812445.8,65764.1,0.8706
SIM_000758,Dras,3280.0,34.4293,75.7533,8.8,4.3,2.7,37.84,102.17,201.3,pu_sandwich_panel,0.12,none,0.0,concrete,0.12,none,0.0,stone_floor,0.12,6.99,0.0988,triple_pane,180.0,1,0.5,0.38,0.48,12,1200.0,unflued_combustion,True,253642.0,SOURCED,2.3304,0.4291,20613394.8,67647.9,0.8956
SIM_000759,Siachen,5400.0,35.4212,77.1095,8.3,4.1,2.7,34.03,91.88,134.8,stone_masonry,0.24,straw_bale,0.082,pu_sandwich_panel,0.13,none,0.0,dense_concrete,0.21,3.11,0.0464,triple_pane,180.0,1,0.5,0.5,1.63,8,800.0,flued_stove,False,242974.0,SOURCED,1.2592,0.7942,48676663.3,51194.2,0.6777
SIM_000760,Daulat Beg Oldie,5065.0,35.4057,77.9297,6.9,5.0,3.0,34.5,103.5,33.4,rammed_earth,0.4,none,0.0,cgi_sheet,0.002,eps,0.053,stone_floor,0.19,3.05,0.0427,double_pane,180.0,0,0.0,0.46,0.28,1,100.0,electric,False,147309.0,SOURCED,2.1386,0.4676,63537452.0,53552.3,0.709
SIM_000761,Galwan,4300.0,34.75,78.25,4.6,4.0,2.9,18.4,53.36,350.3,mud_brick,0.43,straw_bale,0.094,cgi_sheet,0.002,rockwool,0.123,stone_floor,0.21,0.99,0.0198,triple_pane,180.0,1,0.5,0.36,1.15,7,700.0,electric,False,133180.0,SOURCED,1.114,0.8977,40842008.1,59268.2,0.7846
SIM_000762,Hanle,4500.0,32.7784,78.9642,7.1,3.4,2.8,24.14,67.59,173.5,dense_concrete,0.2,none,0.0,pu_sandwich_panel,0.08,none,0.0,dense_concrete,0.22,0.22,0.0037,triple_pane,180.0,1,0.5,0.28,0.75,7,700.0,electric,False,182656.0,SOURCED,2.7528,0.3633,39321701.8,57728.3,0.7642
SIM_000763,Nyoma,4180.0,33.1958,78.6508,7.1,3.2,2.9,22.72,65.89,292.2,dense_concrete,0.14,rockwool,0.074,pu_sandwich_panel,0.1,none,0.0,dense_concrete,0.16,3.43,0.0574,triple_pane,180.0,1,0.5,0.52,3.75,8,800.0,flued_stove,False,197695.0,SOURCED,1.1466,0.8721,26840802.5,60207.9,0.7971
SIM_000764,Chushul,4350.0,33.5936,78.6543,9.2,5.8,2.5,53.36,133.4,108.5,pu_sandwich_panel,0.15,none,0.0,cgi_sheet,0.002,rockwool,0.058,dense_concrete,0.18,3.31,0.0441,single_pane,180.0,0,0.0,0.63,0.29,13,1300.0,unflued_combustion,True,299164.0,SOURCED,1.4145,0.707,23322084.5,58880.1,0.7795
SIM_000765,Rezang La,5000.0,33.425,78.8472,4.3,5.7,3.0,24.51,73.53,168.5,rammed_earth,0.37,none,0.0,pu_sandwich_panel,0.15,none,0.0,stone_floor,0.24,0.78,0.013,double_pane,180.0,0,0.0,0.7,4.26,9,900.0,electric,False,159850.0,SOURCED,1.996,0.501,52199351.4,54019.9,0.7151
SIM_000766,Pangong,4250.0,33.7595,78.6674,4.9,4.2,3.2,20.58,65.86,152.2,rammed_earth,0.25,eps,0.103,pu_sandwich_panel,0.14,none,0.0,stone_floor,0.22,3.94,0.0677,triple_pane,180.0,0,0.0,0.61,0.79,2,200.0,flued_stove,False,175980.0,SOURCED,1.0068,0.9932,34465521.0,59658.3,0.7898
SIM_000767,Depsang,5330.0,35.3167,78.0167,9.4,4.8,3.0,45.12,135.36,173.0,rammed_earth,0.21,none,0.0,pu_sandwich_panel,0.12,none,0.0,stone_floor,0.19,9.73,0.1142,triple_pane,180.0,1,0.5,0.4,1.61,14,1400.0,electric,False,276573.0,SOURCED,2.3386,0.4276,47141137.8,51679.8,0.6842
SIM_000768,Kargil,2676.0,34.5539,76.1349,4.3,4.3,2.6,18.49,48.07,232.3,pu_sandwich_panel,0.06,none,0.0,concrete,0.14,none,0.0,dense_concrete,0.14,5.0,0.1118,single_pane,180.0,0,0.0,0.4,3.72,2,200.0,unflued_combustion,True,90668.0,SOURCED,2.3414,0.4271,12087740.0,73045.7,0.967
SIM_000769,Leh,3500.0,34.1526,77.5771,6.7,4.8,2.7,32.16,86.83,157.1,rammed_earth,0.24,eps,0.043,concrete,0.14,rockwool,0.098,dense_concrete,0.21,1.02,0.0164,single_pane,180.0,1,0.5,0.43,2.15,9,900.0,unflued_combustion,True,170113.0,SOURCED,1.3026,0.7677,52570336.6,65764.1,0.8706
SIM_000770,Dras,3280.0,34.4293,75.7533,9.0,3.4,2.8,30.6,85.68,161.3,rammed_earth,0.26,none,0.0,cgi_sheet,0.002,eps,0.068,stone_floor,0.25,0.0,0.0,single_pane,180.0,0,0.0,0.25,0.4,1,100.0,unflued_combustion,True,120337.0,SOURCED,2.3197,0.4311,49133245.8,67647.9,0.8956
SIM_000771,Siachen,5400.0,35.4212,77.1095,8.2,3.2,3.0,26.24,78.72,151.4,mud_brick,0.35,eps,0.058,cgi_sheet,0.002,eps,0.074,stone_floor,0.19,1.44,0.0211,double_pane,180.0,0,0.0,0.61,0.11,8,800.0,electric,False,160583.0,SOURCED,1.2111,0.8257,46108649.5,51194.2,0.6777
SIM_000772,Daulat Beg Oldie,5065.0,35.4057,77.9297,6.3,3.2,3.1,20.16,62.5,170.0,mud_brick,0.22,rockwool,0.111,concrete,0.12,eps,0.146,dense_concrete,0.18,6.66,0.1131,single_pane,180.0,1,0.5,0.58,0.89,7,700.0,none,False,169905.0,SOURCED,1.0494,0.9529,31484975.8,53552.3,0.709
SIM_000773,Galwan,4300.0,34.75,78.25,8.2,3.4,2.8,27.88,78.06,156.7,dense_concrete,0.14,rockwool,0.079,cgi_sheet,0.002,eps,0.087,dense_concrete,0.18,7.27,0.1119,triple_pane,180.0,0,0.0,0.57,0.15,11,1100.0,unflued_combustion,True,221034.0,SOURCED,1.2298,0.8131,30657475.8,59268.2,0.7846
SIM_000774,Hanle,4500.0,32.7784,78.9642,4.7,6.0,3.1,28.2,87.42,200.8,dense_concrete,0.15,eps,0.142,concrete,0.1,eps,0.142,stone_floor,0.21,1.05,0.0158,double_pane,180.0,0,0.0,0.34,2.21,7,700.0,unflued_combustion,True,236032.0,SOURCED,1.0506,0.9518,42127088.9,57728.3,0.7642
SIM_000775,Nyoma,4180.0,33.1958,78.6508,9.2,5.3,2.6,48.76,126.78,14.9,mud_brick,0.34,rockwool,0.085,cgi_sheet,0.002,none,0.0,dense_concrete,0.1,9.99,0.1325,double_pane,180.0,0,0.0,0.4,2.8,1,100.0,unflued_combustion,True,208220.0,SOURCED,3.1938,0.3131,45175784.2,60207.9,0.7971
SIM_000776,Chushul,4350.0,33.5936,78.6543,5.4,3.5,3.0,18.9,56.7,166.8,rammed_earth,0.21,eps,0.112,cgi_sheet,0.002,rockwool,0.134,stone_floor,0.2,0.2,0.0037,triple_pane,180.0,0,0.0,0.3,4.33,5,500.0,none,False,114986.0,SOURCED,1.0042,0.9958,28638699.4,58880.1,0.7795
SIM_000777,Rezang La,5000.0,33.425,78.8472,6.9,5.2,2.8,35.88,100.46,200.9,rammed_earth,0.38,none,0.0,cgi_sheet,0.002,eps,0.117,stone_floor,0.24,6.24,0.0921,double_pane,180.0,1,0.5,0.77,3.26,4,400.0,electric,False,191548.0,SOURCED,1.9484,0.5132,60866283.4,54019.9,0.7151
SIM_000778,Pangong,4250.0,33.7595,78.6674,7.9,4.9,2.9,38.71,112.26,322.7,pu_sandwich_panel,0.13,none,0.0,concrete,0.12,none,0.0,dense_concrete,0.21,3.84,0.0517,double_pane,180.0,1,0.5,0.26,3.04,10,1000.0,none,False,276895.0,SOURCED,2.0627,0.4848,29982506.0,59658.3,0.7898
SIM_000779,Depsang,5330.0,35.3167,78.0167,5.3,3.8,3.0,20.14,60.42,175.5,rammed_earth,0.28,straw_bale,0.074,pu_sandwich_panel,0.06,none,0.0,dense_concrete,0.14,4.83,0.0885,double_pane,180.0,0,0.0,0.5,1.99,6,600.0,none,False,105014.0,SOURCED,1.4326,0.698,32407604.3,51679.8,0.6842
SIM_000780,Kargil,2676.0,34.5539,76.1349,5.7,4.8,2.5,27.36,68.4,205.5,dense_concrete,0.26,none,0.0,pu_sandwich_panel,0.09,none,0.0,stone_floor,0.21,1.19,0.0227,triple_pane,180.0,0,0.0,0.72,0.79,7,700.0,flued_stove,False,208291.0,SOURCED,2.5107,0.3983,43097149.0,73045.7,0.967
SIM_000781,Leh,3500.0,34.1526,77.5771,6.6,4.5,2.5,29.7,74.25,167.4,pu_sandwich_panel,0.07,none,0.0,pu_sandwich_panel,0.07,none,0.0,dense_concrete,0.11,3.18,0.0573,single_pane,180.0,0,0.0,0.59,4.44,3,300.0,electric,False,128118.0,SOURCED,1.4991,0.6671,7900585.0,65764.1,0.8706
SIM_000782,Dras,3280.0,34.4293,75.7533,7.2,5.5,2.9,39.6,114.84,202.2,mud_brick,0.41,rockwool,0.026,pu_sandwich_panel,0.1,none,0.0,dense_concrete,0.22,5.58,0.0758,single_pane,180.0,1,0.5,0.75,4.41,10,1000.0,none,False,263802.0,SOURCED,1.3078,0.7646,62191638.5,67647.9,0.8956
SIM_000783,Siachen,5400.0,35.4212,77.1095,9.0,4.4,2.7,39.6,106.92,173.4,stone_masonry,0.21,rockwool,0.092,concrete,0.19,rockwool,0.108,dense_concrete,0.22,6.76,0.0934,double_pane,180.0,1,0.5,0.42,1.53,2,200.0,electric,False,309950.0,SOURCED,1.1804,0.8472,65603821.5,51194.2,0.6777
SIM_000784,Daulat Beg Oldie,5065.0,35.4057,77.9297,9.3,5.0,3.1,46.5,144.15,151.3,stone_masonry,0.41,straw_bale,0.122,concrete,0.13,none,0.0,stone_floor,0.16,0.67,0.0076,single_pane,180.0,1,0.5,0.45,1.9,15,1500.0,none,False,290417.0,SOURCED,2.3079,0.4333,104670707.3,53552.3,0.709
SIM_000785,Galwan,4300.0,34.75,78.25,6.1,5.7,2.7,34.77,93.88,303.7,stone_masonry,0.31,eps,0.145,pu_sandwich_panel,0.14,none,0.0,dense_concrete,0.1,2.35,0.0369,triple_pane,180.0,1,0.5,0.45,0.89,11,1100.0,unflued_combustion,True,274259.0,SOURCED,1.3183,0.7586,47008972.6,59268.2,0.7846
SIM_000786,Hanle,4500.0,32.7784,78.9642,6.9,4.0,2.8,27.6,77.28,170.7,stone_masonry,0.39,none,0.0,pu_sandwich_panel,0.12,none,0.0,dense_concrete,0.14,6.94,0.1137,triple_pane,180.0,0,0.0,0.52,1.6,5,500.0,none,False,237846.0,SOURCED,2.4195,0.4133,51667611.5,57728.3,0.7642
SIM_000787,Nyoma,4180.0,33.1958,78.6508,5.0,3.3,3.1,16.5,51.15,180.0,stone_masonry,0.46,none,0.0,pu_sandwich_panel,0.15,none,0.0,stone_floor,0.22,2.72,0.0529,triple_pane,180.0,0,0.0,0.46,2.25,2,200.0,electric,False,192813.0,SOURCED,2.2955,0.4356,53092850.0,60207.9,0.7971
SIM_000788,Chushul,4350.0,33.5936,78.6543,7.7,4.9,2.8,37.73,105.64,75.4,mud_brick,0.4,eps,0.148,concrete,0.12,none,0.0,stone_floor,0.15,1.54,0.0218,triple_pane,180.0,0,0.0,0.58,0.31,1,100.0,flued_stove,False,238372.0,SOURCED,2.2553,0.4434,64181768.8,58880.1,0.7795
SIM_000789,Rezang La,5000.0,33.425,78.8472,4.7,3.3,2.9,15.51,44.98,263.0,rammed_earth,0.45,eps,0.036,concrete,0.16,none,0.0,dense_concrete,0.12,3.94,0.0849,triple_pane,180.0,0,0.0,0.61,0.6,5,500.0,electric,False,119197.0,SOURCED,2.0485,0.4882,44466866.8,54019.9,0.7151
SIM_000790,Pangong,4250.0,33.7595,78.6674,8.2,5.0,3.1,41.0,127.1,159.4,rammed_earth,0.22,eps,0.031,pu_sandwich_panel,0.14,none,0.0,dense_concrete,0.23,2.38,0.0291,triple_pane,180.0,1,0.5,0.66,1.84,14,1400.0,electric,False,254386.0,SOURCED,1.3013,0.7685,53663697.9,59658.3,0.7898
SIM_000791,Depsang,5330.0,35.3167,78.0167,7.3,5.6,3.2,40.88,130.82,328.2,stone_masonry,0.23,rockwool,0.049,cgi_sheet,0.002,none,0.0,stone_floor,0.23,7.86,0.0952,double_pane,180.0,1,0.5,0.62,1.71,16,1600.0,electric,False,232759.0,SOURCED,2.6825,0.3728,55160635.8,51679.8,0.6842
SIM_000792,Kargil,2676.0,34.5539,76.1349,4.5,5.9,2.5,26.55,66.38,197.6,mud_brick,0.25,rockwool,0.105,concrete,0.17,none,0.0,dense_concrete,0.19,0.14,0.0027,single_pane,180.0,0,0.0,0.62,3.12,9,900.0,unflued_combustion,True,158294.0,SOURCED,2.0111,0.4972,41663101.1,73045.7,0.967
SIM_000793,Leh,3500.0,34.1526,77.5771,6.2,5.5,3.0,34.1,102.3,271.0,dense_concrete,0.24,eps,0.026,pu_sandwich_panel,0.14,none,0.0,dense_concrete,0.14,7.07,0.1007,triple_pane,180.0,0,0.0,0.81,1.31,4,400.0,electric,False,313694.0,SOURCED,1.5582,0.6418,46242261.8,65764.1,0.8706
SIM_000794,Dras,3280.0,34.4293,75.7533,4.5,4.1,2.7,18.45,49.82,188.1,mud_brick,0.4,rockwool,0.143,cgi_sheet,0.002,none,0.0,stone_floor,0.24,2.61,0.0562,triple_pane,180.0,0,0.0,0.54,2.8,6,600.0,none,False,156942.0,SOURCED,2.2269,0.4491,36073074.1,67647.9,0.8956
SIM_000795,Siachen,5400.0,35.4212,77.1095,7.1,3.8,2.5,26.98,67.45,173.2,dense_concrete,0.24,none,0.0,pu_sandwich_panel,0.11,none,0.0,dense_concrete,0.21,3.02,0.0554,single_pane,180.0,0,0.0,0.2,2.47,3,300.0,flued_stove,False,212328.0,SOURCED,2.6142,0.3825,41660438.5,51194.2,0.6777
SIM_000796,Daulat Beg Oldie,5065.0,35.4057,77.9297,4.4,5.7,3.1,25.08,77.75,191.8,mud_brick,0.22,eps,0.13,concrete,0.15,rockwool,0.095,stone_floor,0.1,5.08,0.0811,triple_pane,180.0,0,0.0,0.71,2.35,8,800.0,unflued_combustion,True,186771.0,SOURCED,1.2859,0.7777,33332933.5,53552.3,0.709
SIM_000797,Galwan,4300.0,34.75,78.25,7.5,5.3,2.6,39.75,103.35,193.4,dense_concrete,0.19,straw_bale,0.139,cgi_sheet,0.002,none,0.0,stone_floor,0.21,3.74,0.0562,triple_pane,180.0,1,0.5,0.64,2.61,8,800.0,unflued_combustion,True,223309.0,SOURCED,2.8012,0.357,47298853.7,59268.2,0.7846
SIM_000798,Hanle,4500.0,32.7784,78.9642,4.6,4.3,2.8,19.78,55.38,201.6,dense_concrete,0.27,straw_bale,0.102,cgi_sheet,0.002,rockwool,0.119,stone_floor,0.11,3.87,0.0776,triple_pane,180.0,0,0.0,0.76,1.95,3,300.0,electric,False,181941.0,SOURCED,1.3996,0.7145,34384911.9,57728.3,0.7642
SIM_000799,Nyoma,4180.0,33.1958,78.6508,6.3,3.0,2.5,18.9,47.25,202.8,pu_sandwich_panel,0.07,none,0.0,concrete,0.11,eps,0.074,stone_floor,0.2,0.48,0.0103,triple_pane,180.0,1,0.5,0.46,3.28,7,700.0,electric,False,108463.0,SOURCED,1.1147,0.8971,13081399.0,60207.9,0.7971
SIM_000800,Chushul,4350.0,33.5936,78.6543,8.7,4.3,2.7,37.41,101.01,170.0,dense_concrete,0.22,rockwool,0.086,cgi_sheet,0.002,none,0.0,stone_floor,0.16,1.94,0.0276,triple_pane,180.0,0,0.0,0.65,0.57,14,1400.0,electric,False,240157.0,SOURCED,2.7516,0.3634,47854906.1,58880.1,0.7795
SIM_000801,Rezang La,5000.0,33.425,78.8472,9.0,5.0,2.7,45.0,121.5,204.9,pu_sandwich_panel,0.11,none,0.0,cgi_sheet,0.002,eps,0.03,dense_concrete,0.11,2.02,0.0267,double_pane,180.0,0,0.0,0.24,2.29,18,1800.0,flued_stove,False,201811.0,SOURCED,1.5778,0.6338,12309787.1,54019.9,0.7151
SIM_000802,Pangong,4250.0,33.7595,78.6674,5.6,4.4,2.7,24.64,66.53,175.1,stone_masonry,0.27,rockwool,0.083,cgi_sheet,0.002,eps,0.058,stone_floor,0.19,3.52,0.0652,single_pane,180.0,0,0.0,0.79,0.32,6,600.0,none,False,150038.0,SOURCED,1.4325,0.6981,37881937.1,59658.3,0.7898
SIM_000803,Depsang,5330.0,35.3167,78.0167,6.1,3.4,3.1,20.74,64.29,167.9,pu_sandwich_panel,0.06,none,0.0,pu_sandwich_panel,0.09,none,0.0,stone_floor,0.15,3.43,0.0582,triple_pane,180.0,1,0.5,0.7,2.01,6,600.0,unflued_combustion,True,137816.0,SOURCED,1.1311,0.8841,6945991.4,51679.8,0.6842
SIM_000804,Kargil,2676.0,34.5539,76.1349,4.8,3.6,2.6,17.28,44.93,62.7,pu_sandwich_panel,0.09,none,0.0,concrete,0.14,eps,0.048,dense_concrete,0.19,1.05,0.024,single_pane,180.0,0,0.0,0.36,0.76,4,400.0,unflued_combustion,True,116092.0,SOURCED,1.1543,0.8663,13403068.9,73045.7,0.967
SIM_000805,Leh,3500.0,34.1526,77.5771,4.3,3.3,2.7,14.19,38.31,331.1,mud_brick,0.32,eps,0.092,pu_sandwich_panel,0.07,none,0.0,dense_concrete,0.18,1.22,0.0297,triple_pane,180.0,1,0.5,0.3,3.79,3,300.0,electric,False,112916.0,SOURCED,1.0199,0.9805,25154658.4,65764.1,0.8706
SIM_000806,Dras,3280.0,34.4293,75.7533,7.0,5.5,2.4,38.5,92.4,162.7,dense_concrete,0.23,rockwool,0.143,cgi_sheet,0.002,rockwool,0.077,stone_floor,0.14,3.07,0.0512,single_pane,180.0,1,0.5,0.32,3.33,10,1000.0,electric,False,252906.0,SOURCED,1.4343,0.6972,42388944.6,67647.9,0.8956
SIM_000807,Siachen,5400.0,35.4212,77.1095,5.3,3.0,3.1,15.9,49.29,349.3,rammed_earth,0.43,none,0.0,cgi_sheet,0.002,eps,0.051,stone_floor,0.23,3.93,0.0764,triple_pane,180.0,1,0.5,0.3,3.95,1,100.0,electric,False,120409.0,SOURCED,1.9459,0.5139,44740358.2,51194.2,0.6777
SIM_000808,Daulat Beg Oldie,5065.0,35.4057,77.9297,9.0,4.2,2.6,37.8,98.28,313.2,dense_concrete,0.23,rockwool,0.06,concrete,0.18,rockwool,0.12,stone_floor,0.23,5.74,0.0836,triple_pane,180.0,0,0.0,0.58,0.33,14,1400.0,electric,False,342201.0,SOURCED,1.2835,0.7791,67803133.4,53552.3,0.709
SIM_000809,Galwan,4300.0,34.75,78.25,9.8,4.3,3.1,42.14,130.63,184.9,dense_concrete,0.29,none,0.0,pu_sandwich_panel,0.1,none,0.0,dense_concrete,0.22,8.04,0.092,triple_pane,180.0,0,0.0,0.7,0.93,8,800.0,flued_stove,False,410232.0,SOURCED,2.3292,0.4293,74608294.8,59268.2,0.7846
SIM_000810,Hanle,4500.0,32.7784,78.9642,9.3,4.7,2.7,43.71,118.02,166.0,mud_brick,0.33,rockwool,0.138,concrete,0.14,none,0.0,stone_floor,0.24,4.43,0.0586,double_pane,180.0,1,0.5,0.62,0.98,9,900.0,unflued_combustion,True,294684.0,SOURCED,2.1317,0.4691,71988570.7,57728.3,0.7642
SIM_000811,Nyoma,4180.0,33.1958,78.6508,10.0,5.0,2.9,50.0,145.0,48.7,pu_sandwich_panel,0.14,none,0.0,concrete,0.13,none,0.0,dense_concrete,0.17,5.77,0.0663,single_pane,180.0,1,0.5,0.67,1.26,15,1500.0,electric,False,328111.0,SOURCED,2.2135,0.4518,35252995.3,60207.9,0.7971
SIM_000812,Chushul,4350.0,33.5936,78.6543,9.0,5.0,3.0,45.0,135.0,154.3,pu_sandwich_panel,0.1,none,0.0,cgi_sheet,0.002,rockwool,0.101,dense_concrete,0.13,8.98,0.1069,double_pane,180.0,0,0.0,0.7,1.41,11,1100.0,flued_stove,False,253893.0,SOURCED,1.3941,0.7173,14501083.0,58880.1,0.7795
SIM_000813,Rezang La,5000.0,33.425,78.8472,6.8,5.1,3.0,34.68,104.04,129.3,dense_concrete,0.25,eps,0.062,pu_sandwich_panel,0.14,none,0.0,stone_floor,0.19,6.13,0.0859,single_pane,180.0,1,0.5,0.89,1.73,11,1100.0,electric,False,317693.0,SOURCED,1.2737,0.7851,52020602.6,54019.9,0.7151
SIM_000814,Pangong,4250.0,33.7595,78.6674,7.7,5.4,2.9,41.58,120.58,339.8,mud_brick,0.46,eps,0.143,concrete,0.12,eps,0.125,dense_concrete,0.2,6.61,0.087,double_pane,180.0,1,0.5,0.62,2.32,16,1600.0,none,False,344511.0,SOURCED,1.1375,0.8791,78965358.8,59658.3,0.7898
SIM_000815,Depsang,5330.0,35.3167,78.0167,7.5,5.6,2.8,42.0,117.6,175.1,mud_brick,0.33,straw_bale,0.032,pu_sandwich_panel,0.12,none,0.0,dense_concrete,0.14,2.29,0.0312,single_pane,180.0,0,0.0,0.89,3.88,14,1400.0,flued_stove,False,217555.0,SOURCED,1.6254,0.6152,49423237.1,51679.8,0.6842
SIM_000816,Kargil,2676.0,34.5539,76.1349,7.1,4.5,3.1,31.95,99.05,177.3,mud_brick,0.24,straw_bale,0.056,pu_sandwich_panel,0.1,none,0.0,stone_floor,0.2,8.4,0.1168,single_pane,180.0,1,0.5,0.89,2.52,2,200.0,none,False,184978.0,SOURCED,1.3796,0.7248,37364457.6,73045.7,0.967
SIM_000817,Leh,3500.0,34.1526,77.5771,4.7,3.7,3.0,17.39,52.17,328.9,pu_sandwich_panel,0.07,none,0.0,concrete,0.13,none,0.0,dense_concrete,0.16,4.61,0.0915,single_pane,180.0,0,0.0,0.78,0.99,3,300.0,unflued_combustion,True,102462.0,SOURCED,2.0993,0.4763,11824274.0,65764.1,0.8706
SIM_000818,Dras,3280.0,34.4293,75.7533,7.7,4.3,2.9,33.11,96.02,126.4,pu_sandwich_panel,0.14,none,0.0,concrete,0.18,none,0.0,stone_floor,0.23,4.61,0.0662,double_pane,180.0,0,0.0,0.34,3.12,4,400.0,electric,False,268108.0,SOURCED,1.9235,0.5199,30485994.6,67647.9,0.8956
SIM_000819,Siachen,5400.0,35.4212,77.1095,7.4,4.9,2.8,36.26,101.53,241.3,dense_concrete,0.17,rockwool,0.059,cgi_sheet,0.002,none,0.0,stone_floor,0.14,4.71,0.0684,triple_pane,180.0,0,0.0,0.71,3.29,11,1100.0,none,False,202653.0,SOURCED,2.8726,0.3481,36371140.7,51194.2,0.6777
SIM_000820,Daulat Beg Oldie,5065.0,35.4057,77.9297,8.5,6.0,2.5,51.0,127.5,178.8,mud_brick,0.49,none,0.0,pu_sandwich_panel,0.07,none,0.0,dense_concrete,0.21,3.77,0.052,triple_pane,180.0,1,0.5,0.5,2.63,3,300.0,flued_stove,False,294521.0,SOURCED,1.5987,0.6255,75305602.6,53552.3,0.709
SIM_000821,Galwan,4300.0,34.75,78.25,4.2,4.2,2.4,17.64,42.34,273.7,mud_brick,0.5,straw_bale,0.126,cgi_sheet,0.002,eps,0.079,dense_concrete,0.19,1.0,0.0248,triple_pane,180.0,1,0.5,0.23,2.52,6,600.0,unflued_combustion,True,122559.0,SOURCED,1.1495,0.8699,38315242.1,59268.2,0.7846
SIM_000822,Hanle,4500.0,32.7784,78.9642,7.0,5.9,2.5,41.3,103.25,152.2,pu_sandwich_panel,0.15,none,0.0,concrete,0.14,rockwool,0.07,stone_floor,0.24,6.2,0.0961,double_pane,180.0,0,0.0,0.67,3.82,1,100.0,flued_stove,False,305276.0,SOURCED,1.2821,0.78,35047187.1,57728.3,0.7642
SIM_000823,Nyoma,4180.0,33.1958,78.6508,8.9,5.2,2.8,46.28,129.58,202.5,dense_concrete,0.17,eps,0.056,concrete,0.12,rockwool,0.03,stone_floor,0.14,5.48,0.0694,double_pane,180.0,1,0.5,0.3,2.06,7,700.0,flued_stove,False,266253.0,SOURCED,1.6701,0.5988,55576064.2,60207.9,0.7971
SIM_000824,Chushul,4350.0,33.5936,78.6543,8.7,5.5,2.8,47.85,133.98,202.5,pu_sandwich_panel,0.05,none,0.0,concrete,0.18,rockwool,0.148,stone_floor,0.12,8.43,0.106,single_pane,180.0,1,0.5,0.54,2.97,14,1400.0,flued_stove,False,244610.0,SOURCED,1.5041,0.6648,32601197.8,58880.1,0.7795
SIM_000825,Rezang La,5000.0,33.425,78.8472,9.4,5.0,2.5,47.0,117.5,329.7,stone_masonry,0.41,none,0.0,cgi_sheet,0.002,rockwool,0.081,dense_concrete,0.19,5.75,0.0799,double_pane,180.0,1,0.5,0.28,0.32,10,1000.0,unflued_combustion,True,278370.0,SOURCED,2.2997,0.4348,75888483.6,54019.9,0.7151
SIM_000826,Pangong,4250.0,33.7595,78.6674,8.4,3.5,2.8,29.4,82.32,193.8,mud_brick,0.21,none,0.0,cgi_sheet,0.002,eps,0.08,dense_concrete,0.15,5.29,0.0794,single_pane,180.0,1,0.5,0.43,0.59,3,300.0,electric,False,120758.0,SOURCED,2.1688,0.4611,29784523.5,59658.3,0.7898
SIM_000827,Depsang,5330.0,35.3167,78.0167,7.5,4.3,2.4,32.25,77.4,164.8,rammed_earth,0.21,rockwool,0.064,cgi_sheet,0.002,eps,0.093,stone_floor,0.17,1.03,0.0182,double_pane,180.0,1,0.5,0.27,4.11,6,600.0,flued_stove,False,125810.0,SOURCED,1.3826,0.7233,33214073.8,51679.8,0.6842
SIM_000828,Kargil,2676.0,34.5539,76.1349,4.3,4.0,2.7,17.2,46.44,185.7,rammed_earth,0.46,none,0.0,concrete,0.2,none,0.0,stone_floor,0.17,2.46,0.0549,double_pane,180.0,0,0.0,0.42,1.66,1,100.0,none,False,105230.0,SOURCED,2.696,0.3709,49244712.8,73045.7,0.967
SIM_000829,Leh,3500.0,34.1526,77.5771,9.6,4.1,2.6,39.36,102.34,179.2,dense_concrete,0.23,straw_bale,0.09,pu_sandwich_panel,0.14,none,0.0,stone_floor,0.19,5.88,0.0825,double_pane,180.0,1,0.5,0.27,2.44,13,1300.0,flued_stove,False,321165.0,SOURCED,1.3545,0.7383,52029878.6,65764.1,0.8706
SIM_000830,Dras,3280.0,34.4293,75.7533,4.9,4.9,3.1,24.01,74.43,5.5,mud_brick,0.41,straw_bale,0.102,pu_sandwich_panel,0.13,none,0.0,stone_floor,0.2,1.63,0.0268,single_pane,180.0,0,0.0,0.26,3.12,2,200.0,flued_stove,False,177840.0,SOURCED,1.1925,0.8386,47908199.6,67647.9,0.8956
SIM_000831,Siachen,5400.0,35.4212,77.1095,8.5,5.4,2.6,45.9,119.34,163.9,stone_masonry,0.29,none,0.0,concrete,0.14,eps,0.146,dense_concrete,0.23,0.1,0.0014,double_pane,180.0,0,0.0,0.36,0.45,3,300.0,flued_stove,False,280398.0,SOURCED,2.4556,0.4072,81576049.4,51194.2,0.6777
SIM_000832,Daulat Beg Oldie,5065.0,35.4057,77.9297,5.8,3.0,2.7,17.4,46.98,212.0,pu_sandwich_panel,0.09,none,0.0,concrete,0.12,eps,0.029,dense_concrete,0.17,4.88,0.1027,single_pane,180.0,1,0.5,0.83,2.18,3,300.0,none,False,124482.0,SOURCED,1.2221,0.8183,11871839.7,53552.3,0.709
SIM_000833,Galwan,4300.0,34.75,78.25,5.5,4.7,3.1,25.85,80.14,179.4,stone_masonry,0.43,straw_bale,0.038,concrete,0.17,eps,0.145,stone_floor,0.12,6.67,0.1055,triple_pane,180.0,0,0.0,0.54,3.81,9,900.0,flued_stove,False,245475.0,SOURCED,1.656,0.6039,66358513.1,59268.2,0.7846
SIM_000834,Hanle,4500.0,32.7784,78.9642,5.7,5.7,2.6,32.49,84.47,146.6,pu_sandwich_panel,0.15,none,0.0,cgi_sheet,0.002,rockwool,0.085,dense_concrete,0.21,1.16,0.0196,triple_pane,180.0,1,0.5,0.32,3.38,9,900.0,none,False,238281.0,SOURCED,1.0908,0.9168,16600393.8,57728.3,0.7642
SIM_000835,Nyoma,4180.0,33.1958,78.6508,5.7,3.9,2.9,22.23,64.47,192.1,mud_brick,0.31,eps,0.083,cgi_sheet,0.002,eps,0.044,dense_concrete,0.13,1.63,0.0293,single_pane,180.0,0,0.0,0.86,3.73,5,500.0,electric,False,121245.0,SOURCED,1.3637,0.7333,32122346.9,60207.9,0.7971
SIM_000836,Chushul,4350.0,33.5936,78.6543,7.3,3.9,2.9,28.47,82.56,187.1,pu_sandwich_panel,0.09,none,0.0,concrete,0.17,rockwool,0.029,dense_concrete,0.21,9.43,0.1452,single_pane,180.0,0,0.0,0.33,3.6,5,500.0,none,False,194254.0,SOURCED,1.5892,0.6292,25260619.0,58880.1,0.7795
SIM_000837,Rezang La,5000.0,33.425,78.8472,7.7,4.4,3.1,33.88,105.03,206.4,rammed_earth,0.42,straw_bale,0.102,concrete,0.16,eps,0.15,stone_floor,0.18,4.68,0.0624,double_pane,180.0,0,0.0,0.53,1.93,11,1100.0,flued_stove,False,220033.0,SOURCED,1.3118,0.7623,80277922.2,54019.9,0.7151
SIM_000838,Pangong,4250.0,33.7595,78.6674,6.2,5.9,2.4,36.58,87.79,165.7,pu_sandwich_panel,0.11,none,0.0,concrete,0.12,rockwool,0.119,stone_floor,0.12,0.92,0.0158,double_pane,180.0,0,0.0,0.52,2.23,2,200.0,flued_stove,False,201577.0,SOURCED,1.4058,0.7113,20021283.0,59658.3,0.7898
SIM_000839,Depsang,5330.0,35.3167,78.0167,5.5,4.2,2.8,23.1,64.68,176.4,mud_brick,0.2,none,0.0,cgi_sheet,0.002,eps,0.132,stone_floor,0.17,0.86,0.0158,double_pane,180.0,1,0.5,0.34,2.65,9,900.0,none,False,92734.0,SOURCED,2.1922,0.4562,24664274.8,51679.8,0.6842
SIM_000840,Kargil,2676.0,34.5539,76.1349,9.1,4.8,3.0,43.68,131.04,207.1,pu_sandwich_panel,0.14,none,0.0,pu_sandwich_panel,0.07,none,0.0,dense_concrete,0.18,3.01,0.0361,triple_pane,180.0,1,0.5,0.59,3.77,3,300.0,unflued_combustion,True,327669.0,SOURCED,1.1133,0.8982,19012354.6,73045.7,0.967
SIM_000841,Leh,3500.0,34.1526,77.5771,5.9,3.9,2.5,23.01,57.53,142.1,pu_sandwich_panel,0.14,none,0.0,cgi_sheet,0.002,eps,0.145,stone_floor,0.18,4.7,0.0959,triple_pane,180.0,1,0.5,0.61,2.79,4,400.0,none,False,198652.0,SOURCED,1.1105,0.9005,9488044.3,65764.1,0.8706
SIM_000842,Dras,3280.0,34.4293,75.7533,6.6,4.1,2.6,27.06,70.36,160.0,rammed_earth,0.49,straw_bale,0.096,pu_sandwich_panel,0.08,none,0.0,stone_floor,0.19,0.17,0.0031,double_pane,180.0,1,0.5,0.85,4.45,10,1000.0,flued_stove,False,148929.0,SOURCED,1.2639,0.7912,61088940.4,67647.9,0.8956
SIM_000843,Siachen,5400.0,35.4212,77.1095,7.2,4.5,2.5,32.4,81.0,158.5,mud_brick,0.46,eps,0.084,cgi_sheet,0.002,eps,0.095,dense_concrete,0.2,2.36,0.0403,single_pane,180.0,0,0.0,0.44,0.34,6,600.0,electric,False,200095.0,SOURCED,1.2839,0.7789,54107866.2,51194.2,0.6777
SIM_000844,Daulat Beg Oldie,5065.0,35.4057,77.9297,4.4,5.4,3.1,23.76,73.66,164.8,mud_brick,0.47,straw_bale,0.075,cgi_sheet,0.002,none,0.0,stone_floor,0.16,4.16,0.0685,single_pane,180.0,1,0.5,0.26,1.32,5,500.0,flued_stove,False,141910.0,SOURCED,2.5049,0.3992,48945896.6,53552.3,0.709
SIM_000845,Galwan,4300.0,34.75,78.25,7.8,5.3,2.9,41.34,119.89,176.5,mud_brick,0.32,eps,0.141,cgi_sheet,0.002,none,0.0,stone_floor,0.23,1.24,0.0163,single_pane,180.0,0,0.0,0.26,3.14,2,200.0,none,False,224108.0,SOURCED,2.6005,0.3845,56757389.2,59268.2,0.7846
SIM_000846,Hanle,4500.0,32.7784,78.9642,5.7,3.8,3.1,21.66,67.15,195.5,rammed_earth,0.43,eps,0.087,pu_sandwich_panel,0.09,none,0.0,dense_concrete,0.17,3.49,0.0593,single_pane,180.0,1,0.5,0.9,2.85,4,400.0,none,False,163796.0,SOURCED,1.0912,0.9164,51685861.9,57728.3,0.7642
SIM_000847,Nyoma,4180.0,33.1958,78.6508,7.6,5.4,2.7,41.04,110.81,195.7,stone_masonry,0.29,none,0.0,pu_sandwich_panel,0.06,none,0.0,dense_concrete,0.24,2.28,0.0325,single_pane,180.0,0,0.0,0.2,3.08,12,1200.0,electric,False,224006.0,SOURCED,2.5415,0.3935,62589485.8,60207.9,0.7971
SIM_000848,Chushul,4350.0,33.5936,78.6543,7.5,6.0,2.5,45.0,112.5,166.4,dense_concrete,0.22,rockwool,0.11,pu_sandwich_panel,0.09,none,0.0,dense_concrete,0.15,1.55,0.023,double_pane,180.0,1,0.5,0.53,2.67,17,1700.0,none,False,312291.0,SOURCED,1.3329,0.7502,49503132.0,58880.1,0.7795
SIM_000849,Rezang La,5000.0,33.425,78.8472,6.3,5.0,2.8,31.5,88.2,296.1,mud_brick,0.47,straw_bale,0.142,cgi_sheet,0.002,eps,0.101,dense_concrete,0.17,1.29,0.0204,single_pane,180.0,1,0.5,0.69,2.52,5,500.0,none,False,186908.0,SOURCED,1.2108,0.8259,58056435.1,54019.9,0.7151
SIM_000850,Pangong,4250.0,33.7595,78.6674,5.2,4.2,2.9,21.84,63.34,45.2,mud_brick,0.41,none,0.0,concrete,0.13,none,0.0,dense_concrete,0.2,1.59,0.0292,triple_pane,180.0,0,0.0,0.67,2.79,1,100.0,electric,False,141314.0,SOURCED,2.4675,0.4053,49091976.8,59658.3,0.7898
SIM_000851,Depsang,5330.0,35.3167,78.0167,8.0,4.8,2.5,38.4,96.0,206.4,pu_sandwich_panel,0.14,none,0.0,cgi_sheet,0.002,eps,0.131,stone_floor,0.17,6.63,0.1036,triple_pane,180.0,0,0.0,0.23,0.86,6,600.0,flued_stove,False,266291.0,SOURCED,1.2787,0.782,14851392.1,51679.8,0.6842
SIM_000852,Kargil,2676.0,34.5539,76.1349,5.0,3.7,3.1,18.5,57.35,31.7,mud_brick,0.26,eps,0.132,cgi_sheet,0.002,none,0.0,dense_concrete,0.2,3.9,0.0723,single_pane,180.0,1,0.5,0.89,1.35,7,700.0,none,False,133210.0,SOURCED,2.1133,0.4732,28399006.9,73045.7,0.967
SIM_000853,Leh,3500.0,34.1526,77.5771,6.4,5.4,2.8,34.56,96.77,181.2,dense_concrete,0.16,straw_bale,0.108,pu_sandwich_panel,0.08,none,0.0,dense_concrete,0.19,2.39,0.0362,triple_pane,180.0,0,0.0,0.77,0.53,4,400.0,flued_stove,False,220397.0,SOURCED,1.2764,0.7835,40142085.0,65764.1,0.8706
SIM_000854,Dras,3280.0,34.4293,75.7533,6.8,4.9,2.5,33.32,83.3,187.0,pu_sandwich_panel,0.09,none,0.0,cgi_sheet,0.002,rockwool,0.084,stone_floor,0.19,7.2,0.1231,single_pane,180.0,1,0.5,0.84,0.8,7,700.0,electric,False,175341.0,SOURCED,1.3064,0.7655,14148825.9,67647.9,0.8956
SIM_000855,Siachen,5400.0,35.4212,77.1095,7.0,4.3,2.5,30.1,75.25,154.5,rammed_earth,0.32,none,0.0,pu_sandwich_panel,0.06,none,0.0,stone_floor,0.22,2.31,0.0409,triple_pane,180.0,0,0.0,0.88,2.04,10,1000.0,none,False,137404.0,SOURCED,2.1355,0.4683,45437580.5,51194.2,0.6777
SIM_000856,Daulat Beg Oldie,5065.0,35.4057,77.9297,9.6,3.8,3.2,36.48,116.74,207.2,stone_masonry,0.21,none,0.0,concrete,0.11,none,0.0,dense_concrete,0.18,6.85,0.0799,single_pane,180.0,0,0.0,0.42,2.77,9,900.0,flued_stove,False,179585.0,SOURCED,3.9483,0.2533,57822671.7,53552.3,0.709
SIM_000857,Galwan,4300.0,34.75,78.25,4.6,3.8,2.8,17.48,48.94,38.6,pu_sandwich_panel,0.14,none,0.0,cgi_sheet,0.002,eps,0.059,stone_floor,0.2,3.6,0.0765,triple_pane,180.0,1,0.5,0.7,0.79,4,400.0,electric,False,166833.0,SOURCED,1.0377,0.9637,7975150.6,59268.2,0.7846
SIM_000858,Hanle,4500.0,32.7784,78.9642,9.6,3.9,2.5,37.44,93.6,196.5,dense_concrete,0.12,straw_bale,0.105,cgi_sheet,0.002,rockwool,0.103,stone_floor,0.13,6.1,0.0904,single_pane,180.0,1,0.5,0.33,0.46,10,1000.0,electric,False,169136.0,SOURCED,1.5217,0.6572,29073433.7,57728.3,0.7642
SIM_000859,Nyoma,4180.0,33.1958,78.6508,4.0,4.3,2.7,17.2,46.44,246.6,dense_concrete,0.15,none,0.0,concrete,0.11,rockwool,0.106,dense_concrete,0.18,0.73,0.0163,single_pane,180.0,0,0.0,0.67,3.84,2,200.0,electric,False,113526.0,SOURCED,3.0965,0.3229,26794162.1,60207.9,0.7971
SIM_000860,Chushul,4350.0,33.5936,78.6543,4.1,4.9,3.1,20.09,62.28,233.3,mud_brick,0.28,none,0.0,concrete,0.19,rockwool,0.142,stone_floor,0.25,1.98,0.0355,triple_pane,180.0,0,0.0,0.23,0.25,8,800.0,flued_stove,False,148920.0,SOURCED,1.8226,0.5487,42160076.5,58880.1,0.7795
SIM_000861,Rezang La,5000.0,33.425,78.8472,8.1,5.9,2.6,47.79,124.25,203.8,dense_concrete,0.15,none,0.0,concrete,0.16,none,0.0,stone_floor,0.2,4.47,0.0614,double_pane,180.0,1,0.5,0.81,0.32,7,700.0,electric,False,244234.0,SOURCED,3.7548,0.2663,61560623.6,54019.9,0.7151
SIM_000862,Pangong,4250.0,33.7595,78.6674,8.5,4.1,2.5,34.85,87.12,192.8,stone_masonry,0.37,rockwool,0.141,concrete,0.11,rockwool,0.089,stone_floor,0.19,9.4,0.1492,triple_pane,180.0,1,0.5,0.32,2.23,12,1200.0,flued_stove,False,329917.0,SOURCED,1.2511,0.7993,63367984.7,59658.3,0.7898
SIM_000863,Depsang,5330.0,35.3167,78.0167,4.1,4.0,2.5,16.4,41.0,192.6,dense_concrete,0.28,rockwool,0.149,concrete,0.18,none,0.0,stone_floor,0.17,0.57,0.0141,single_pane,180.0,1,0.5,0.27,0.72,2,200.0,unflued_combustion,True,184571.0,SOURCED,1.837,0.5444,38697097.6,51679.8,0.6842
SIM_000864,Kargil,2676.0,34.5539,76.1349,5.7,5.5,2.9,31.35,90.92,194.8,dense_concrete,0.27,eps,0.146,cgi_sheet,0.002,eps,0.043,stone_floor,0.2,2.52,0.0388,triple_pane,180.0,0,0.0,0.47,2.44,10,1000.0,none,False,283627.0,SOURCED,1.2432,0.8044,52788344.8,73045.7,0.967
SIM_000865,Leh,3500.0,34.1526,77.5771,8.5,5.0,2.5,42.5,106.25,178.0,dense_concrete,0.21,none,0.0,cgi_sheet,0.002,rockwool,0.14,stone_floor,0.16,3.67,0.0544,single_pane,180.0,0,0.0,0.81,3.14,4,400.0,none,False,227067.0,SOURCED,2.7675,0.3613,45930999.7,65764.1,0.8706
SIM_000866,Dras,3280.0,34.4293,75.7533,7.4,4.2,2.8,31.08,87.02,178.7,rammed_earth,0.28,rockwool,0.14,cgi_sheet,0.002,none,0.0,stone_floor,0.19,2.78,0.0428,single_pane,180.0,0,0.0,0.52,2.3,5,500.0,unflued_combustion,True,160026.0,SOURCED,2.6051,0.3839,44549315.4,67647.9,0.8956
SIM_000867,Siachen,5400.0,35.4212,77.1095,7.8,4.3,2.8,33.54,93.91,175.9,dense_concrete,0.2,eps,0.091,pu_sandwich_panel,0.07,none,0.0,stone_floor,0.22,2.15,0.0317,single_pane,180.0,1,0.5,0.4,3.58,12,1200.0,unflued_combustion,True,252075.0,SOURCED,1.1742,0.8516,46264960.3,51194.2,0.6777
SIM_000868,Daulat Beg Oldie,5065.0,35.4057,77.9297,4.8,3.9,3.0,18.72,56.16,184.0,dense_concrete,0.27,eps,0.117,cgi_sheet,0.002,none,0.0,stone_floor,0.15,1.8,0.0345,single_pane,180.0,0,0.0,0.73,0.38,5,500.0,flued_stove,False,184024.0,SOURCED,2.3602,0.4237,37651977.2,53552.3,0.709
SIM_000869,Galwan,4300.0,34.75,78.25,9.6,5.5,2.6,52.8,137.28,150.1,mud_brick,0.3,straw_bale,0.107,cgi_sheet,0.002,rockwool,0.11,dense_concrete,0.12,0.42,0.0053,double_pane,180.0,1,0.5,0.79,4.28,11,1100.0,flued_stove,False,200434.0,SOURCED,1.5004,0.6665,52016503.1,59268.2,0.7846
SIM_000870,Hanle,4500.0,32.7784,78.9642,8.4,3.8,2.5,31.92,79.8,204.1,rammed_earth,0.49,none,0.0,cgi_sheet,0.002,eps,0.125,dense_concrete,0.13,9.17,0.1503,single_pane,180.0,0,0.0,0.33,3.94,8,800.0,electric,False,148261.0,SOURCED,2.278,0.439,55698098.0,57728.3,0.7642
SIM_000871,Nyoma,4180.0,33.1958,78.6508,6.4,3.6,2.5,23.04,57.6,167.7,pu_sandwich_panel,0.1,none,0.0,cgi_sheet,0.002,rockwool,0.028,stone_floor,0.21,6.01,0.1202,double_pane,180.0,1,0.5,0.81,3.56,1,100.0,flued_stove,False,152705.0,SOURCED,1.315,0.7605,10772619.2,60207.9,0.7971
SIM_000872,Chushul,4350.0,33.5936,78.6543,5.3,3.7,2.8,19.61,54.91,206.5,pu_sandwich_panel,0.14,none,0.0,pu_sandwich_panel,0.09,none,0.0,stone_floor,0.12,5.08,0.1008,triple_pane,180.0,1,0.5,0.28,0.48,3,300.0,electric,False,194112.0,SOURCED,1.1381,0.8787,5497707.2,58880.1,0.7795
SIM_000873,Rezang La,5000.0,33.425,78.8472,8.4,3.9,2.4,32.76,78.62,240.6,mud_brick,0.2,none,0.0,pu_sandwich_panel,0.13,none,0.0,stone_floor,0.24,0.35,0.0059,triple_pane,180.0,1,0.5,0.47,0.43,6,600.0,flued_stove,False,168520.0,SOURCED,2.0353,0.4913,34562649.3,54019.9,0.7151
SIM_000874,Pangong,4250.0,33.7595,78.6674,7.0,5.4,2.5,37.8,94.5,167.6,stone_masonry,0.27,eps,0.128,cgi_sheet,0.002,none,0.0,dense_concrete,0.15,6.32,0.1019,single_pane,180.0,1,0.5,0.21,1.78,12,1200.0,unflued_combustion,True,195796.0,SOURCED,2.8684,0.3486,43956238.4,59658.3,0.7898
SIM_000875,Depsang,5330.0,35.3167,78.0167,9.8,4.5,3.1,44.1,136.71,206.0,mud_brick,0.41,straw_bale,0.123,concrete,0.18,rockwool,0.062,stone_floor,0.24,7.25,0.0818,single_pane,180.0,1,0.5,0.85,4.14,3,300.0,unflued_combustion,True,307513.0,SOURCED,1.2375,0.8081,92868939.4,51679.8,0.6842
SIM_000876,Kargil,2676.0,34.5539,76.1349,7.4,5.0,2.9,37.0,107.3,98.9,pu_sandwich_panel,0.15,none,0.0,concrete,0.13,none,0.0,dense_concrete,0.12,3.44,0.0478,triple_pane,180.0,0,0.0,0.57,0.13,14,1400.0,none,False,266159.0,SOURCED,2.2069,0.4531,21954511.7,73045.7,0.967
SIM_000877,Leh,3500.0,34.1526,77.5771,9.5,4.8,3.1,45.6,141.36,169.1,pu_sandwich_panel,0.13,none,0.0,pu_sandwich_panel,0.07,none,0.0,stone_floor,0.22,0.65,0.0073,single_pane,180.0,1,0.5,0.38,3.58,13,1300.0,flued_stove,False,313916.0,SOURCED,1.0805,0.9255,22261150.7,65764.1,0.8706
SIM_000878,Dras,3280.0,34.4293,75.7533,9.9,3.2,2.6,31.68,82.37,151.3,pu_sandwich_panel,0.09,none,0.0,pu_sandwich_panel,0.12,none,0.0,dense_concrete,0.21,4.25,0.0624,single_pane,180.0,0,0.0,0.77,2.1,6,600.0,unflued_combustion,True,221693.0,SOURCED,1.1856,0.8435,15910368.5,67647.9,0.8956
SIM_000879,Siachen,5400.0,35.4212,77.1095,9.4,3.1,2.5,29.14,72.85,202.9,pu_sandwich_panel,0.14,none,0.0,concrete,0.17,rockwool,0.027,dense_concrete,0.22,5.63,0.0901,double_pane,180.0,0,0.0,0.88,3.52,5,500.0,flued_stove,False,251863.0,SOURCED,1.2716,0.7864,26665783.6,51194.2,0.6777
SIM_000880,Daulat Beg Oldie,5065.0,35.4057,77.9297,7.4,4.2,2.7,31.08,83.92,151.1,pu_sandwich_panel,0.06,none,0.0,cgi_sheet,0.002,eps,0.082,stone_floor,0.25,2.31,0.0369,single_pane,180.0,1,0.5,0.76,3.44,6,600.0,unflued_combustion,True,147368.0,SOURCED,1.1596,0.8624,17095675.4,53552.3,0.709
SIM_000881,Galwan,4300.0,34.75,78.25,6.6,5.4,2.7,35.64,96.23,197.3,mud_brick,0.27,straw_bale,0.119,concrete,0.2,none,0.0,stone_floor,0.13,4.65,0.0718,single_pane,180.0,1,0.5,0.56,1.24,14,1400.0,flued_stove,False,168491.0,SOURCED,2.2846,0.4377,52028872.4,59268.2,0.7846
SIM_000882,Hanle,4500.0,32.7784,78.9642,9.6,3.8,3.0,36.48,109.44,156.6,mud_brick,0.2,eps,0.073,pu_sandwich_panel,0.11,none,0.0,stone_floor,0.16,8.53,0.1061,triple_pane,180.0,0,0.0,0.22,3.13,2,200.0,flued_stove,False,248974.0,SOURCED,1.2782,0.7824,34399104.9,57728.3,0.7642
SIM_000883,Nyoma,4180.0,33.1958,78.6508,9.4,5.9,3.1,55.46,171.93,185.2,pu_sandwich_panel,0.08,none,0.0,pu_sandwich_panel,0.12,none,0.0,dense_concrete,0.21,8.77,0.0925,double_pane,180.0,1,0.5,0.22,1.87,16,1600.0,unflued_combustion,True,373680.0,SOURCED,1.1506,0.8691,27683275.5,60207.9,0.7971
SIM_000884,Chushul,4350.0,33.5936,78.6543,9.1,4.2,2.5,38.22,95.55,263.7,mud_brick,0.48,eps,0.097,cgi_sheet,0.002,none,0.0,dense_concrete,0.12,7.42,0.1116,triple_pane,180.0,1,0.5,0.87,3.19,12,1200.0,electric,False,241825.0,SOURCED,2.8589,0.3498,53534506.6,58880.1,0.7795
SIM_000885,Rezang La,5000.0,33.425,78.8472,4.1,4.7,2.8,19.27,53.96,162.3,pu_sandwich_panel,0.14,none,0.0,concrete,0.1,eps,0.05,dense_concrete,0.2,0.12,0.0024,double_pane,180.0,0,0.0,0.44,3.12,7,700.0,none,False,165993.0,SOURCED,1.0111,0.989,13754216.1,54019.9,0.7151
SIM_000886,Pangong,4250.0,33.7595,78.6674,7.0,4.4,2.4,30.8,73.92,168.6,rammed_earth,0.25,straw_bale,0.034,pu_sandwich_panel,0.09,none,0.0,dense_concrete,0.22,2.74,0.0501,triple_pane,180.0,1,0.5,0.47,0.71,8,800.0,flued_stove,False,163220.0,SOURCED,1.5046,0.6646,39539634.3,59658.3,0.7898
SIM_000887,Depsang,5330.0,35.3167,78.0167,7.3,5.9,3.0,43.07,129.21,159.8,dense_concrete,0.27,eps,0.084,cgi_sheet,0.002,rockwool,0.106,stone_floor,0.11,7.04,0.0889,double_pane,180.0,1,0.5,0.45,3.97,16,1600.0,flued_stove,False,326717.0,SOURCED,1.4676,0.6814,55686551.6,51679.8,0.6842
SIM_000888,Kargil,2676.0,34.5539,76.1349,7.1,4.9,3.0,34.79,104.37,198.0,stone_masonry,0.21,rockwool,0.092,pu_sandwich_panel,0.1,none,0.0,dense_concrete,0.22,0.7,0.0097,triple_pane,180.0,0,0.0,0.75,2.15,8,800.0,none,False,245421.0,SOURCED,1.082,0.9242,48350047.2,73045.7,0.967
SIM_000889,Leh,3500.0,34.1526,77.5771,4.9,3.8,3.1,18.62,57.72,208.6,stone_masonry,0.38,eps,0.108,concrete,0.14,eps,0.094,stone_floor,0.12,0.29,0.0054,triple_pane,180.0,1,0.5,0.36,4.29,2,200.0,flued_stove,False,180691.0,SOURCED,1.1502,0.8694,52158493.9,65764.1,0.8706
SIM_000890,Dras,3280.0,34.4293,75.7533,8.2,4.9,2.6,40.18,104.47,180.3,mud_brick,0.32,none,0.0,cgi_sheet,0.002,rockwool,0.138,stone_floor,0.21,0.25,0.0037,double_pane,180.0,1,0.5,0.4,0.46,6,600.0,none,False,182649.0,SOURCED,1.8233,0.5485,51039512.1,67647.9,0.8956
SIM_000891,Siachen,5400.0,35.4212,77.1095,7.8,4.2,2.5,32.76,81.9,131.8,dense_concrete,0.22,straw_bale,0.061,pu_sandwich_panel,0.15,none,0.0,stone_floor,0.13,2.22,0.037,single_pane,180.0,1,0.5,0.75,1.66,7,700.0,unflued_combustion,True,236574.0,SOURCED,1.5719,0.6362,39315464.8,51194.2,0.6777
SIM_000892,Daulat Beg Oldie,5065.0,35.4057,77.9297,7.8,5.3,2.7,41.34,111.62,222.1,mud_brick,0.35,none,0.0,pu_sandwich_panel,0.11,none,0.0,stone_floor,0.17,7.65,0.1081,triple_pane,180.0,1,0.5,0.52,4.2,2,200.0,electric,False,265555.0,SOURCED,1.8003,0.5555,48302180.9,53552.3,0.709
SIM_000893,Galwan,4300.0,34.75,78.25,4.8,4.0,2.9,19.2,55.68,187.4,rammed_earth,0.45,none,0.0,concrete,0.14,rockwool,0.067,dense_concrete,0.19,1.8,0.0353,triple_pane,180.0,0,0.0,0.46,4.16,4,400.0,unflued_combustion,True,127966.0,SOURCED,1.9442,0.5144,54552973.9,59268.2,0.7846
SIM_000894,Hanle,4500.0,32.7784,78.9642,7.3,5.8,3.0,42.34,127.02,299.4,mud_brick,0.36,straw_bale,0.057,pu_sandwich_panel,0.1,none,0.0,stone_floor,0.21,5.74,0.073,double_pane,180.0,0,0.0,0.37,3.88,11,1100.0,none,False,251118.0,SOURCED,1.4059,0.7113,59290667.2,57728.3,0.7642
SIM_000895,Nyoma,4180.0,33.1958,78.6508,7.6,4.0,2.6,30.4,79.04,189.9,dense_concrete,0.17,none,0.0,concrete,0.15,rockwool,0.141,stone_floor,0.19,2.31,0.0383,triple_pane,180.0,1,0.5,0.29,4.13,11,1100.0,unflued_combustion,True,213954.0,SOURCED,2.819,0.3547,45680052.5,60207.9,0.7971
SIM_000896,Chushul,4350.0,33.5936,78.6543,8.1,4.3,2.8,34.83,97.52,275.3,stone_masonry,0.5,eps,0.118,cgi_sheet,0.002,eps,0.036,stone_floor,0.24,8.05,0.1159,triple_pane,180.0,1,0.5,0.84,1.66,6,600.0,none,False,338445.0,SOURCED,1.2612,0.7929,80279052.1,58880.1,0.7795
SIM_000897,Rezang La,5000.0,33.425,78.8472,8.1,4.8,2.5,38.88,97.2,62.3,stone_masonry,0.31,rockwool,0.073,cgi_sheet,0.002,rockwool,0.057,stone_floor,0.23,6.47,0.1003,triple_pane,180.0,0,0.0,0.34,1.49,2,200.0,electric,False,252782.0,SOURCED,1.369,0.7305,55890180.4,54019.9,0.7151
SIM_000898,Pangong,4250.0,33.7595,78.6674,4.5,5.6,2.7,25.2,68.04,202.4,mud_brick,0.48,eps,0.083,cgi_sheet,0.002,eps,0.035,stone_floor,0.17,3.66,0.0671,double_pane,180.0,1,0.5,0.42,0.37,7,700.0,electric,False,169474.0,SOURCED,1.3644,0.7329,46060790.2,59658.3,0.7898
SIM_000899,Depsang,5330.0,35.3167,78.0167,5.0,4.3,3.0,21.5,64.5,200.8,mud_brick,0.47,eps,0.076,cgi_sheet,0.002,eps,0.144,stone_floor,0.21,2.73,0.0489,single_pane,180.0,1,0.5,0.66,2.24,8,800.0,unflued_combustion,True,172535.0,SOURCED,1.0792,0.9266,47363820.8,51679.8,0.6842
SIM_000900,Kargil,2676.0,34.5539,76.1349,8.1,5.6,2.7,45.36,122.47,178.2,dense_concrete,0.23,eps,0.065,cgi_sheet,0.002,none,0.0,stone_floor,0.18,8.48,0.1146,triple_pane,180.0,0,0.0,0.52,3.83,6,600.0,flued_stove,False,290913.0,SOURCED,2.9487,0.3391,52607392.8,73045.7,0.967
SIM_000901,Leh,3500.0,34.1526,77.5771,9.7,5.0,3.1,48.5,150.35,170.8,dense_concrete,0.17,rockwool,0.086,pu_sandwich_panel,0.14,none,0.0,dense_concrete,0.19,3.61,0.0396,double_pane,180.0,0,0.0,0.36,2.44,4,400.0,flued_stove,False,389871.0,SOURCED,1.2059,0.8293,56234033.9,65764.1,0.8706
SIM_000902,Dras,3280.0,34.4293,75.7533,4.7,5.1,2.7,23.97,64.72,162.0,pu_sandwich_panel,0.06,none,0.0,concrete,0.11,none,0.0,stone_floor,0.22,4.77,0.0901,triple_pane,180.0,0,0.0,0.6,2.73,1,100.0,electric,False,140308.0,SOURCED,2.1144,0.4729,17490418.4,67647.9,0.8956
SIM_000903,Siachen,5400.0,35.4212,77.1095,6.5,5.3,2.9,34.45,99.9,128.9,mud_brick,0.22,rockwool,0.149,pu_sandwich_panel,0.07,none,0.0,dense_concrete,0.25,6.91,0.101,triple_pane,180.0,1,0.5,0.22,0.38,12,1200.0,none,False,284427.0,SOURCED,1.0266,0.9741,40632247.7,51194.2,0.6777
SIM_000904,Daulat Beg Oldie,5065.0,35.4057,77.9297,4.4,4.6,2.7,20.24,54.65,163.0,mud_brick,0.4,eps,0.085,concrete,0.18,none,0.0,dense_concrete,0.22,3.74,0.077,triple_pane,180.0,1,0.5,0.39,2.47,5,500.0,flued_stove,False,180751.0,SOURCED,1.8069,0.5534,45637419.1,53552.3,0.709
SIM_000905,Galwan,4300.0,34.75,78.25,5.5,5.5,2.6,30.25,78.65,209.0,mud_brick,0.47,straw_bale,0.08,pu_sandwich_panel,0.14,none,0.0,stone_floor,0.1,5.1,0.0892,double_pane,180.0,1,0.5,0.3,0.5,4,400.0,flued_stove,False,207452.0,SOURCED,1.4898,0.6712,44185120.1,59268.2,0.7846
SIM_000906,Hanle,4500.0,32.7784,78.9642,8.2,5.0,2.8,41.0,114.8,180.7,pu_sandwich_panel,0.12,none,0.0,concrete,0.14,eps,0.148,dense_concrete,0.14,4.77,0.0645,triple_pane,180.0,1,0.5,0.33,3.56,1,100.0,flued_stove,False,306779.0,SOURCED,1.2262,0.8155,27169241.0,57728.3,0.7642
SIM_000907,Nyoma,4180.0,33.1958,78.6508,8.0,4.6,3.1,36.8,114.08,204.7,stone_masonry,0.46,eps,0.141,cgi_sheet,0.002,rockwool,0.071,stone_floor,0.17,10.39,0.133,single_pane,180.0,1,0.5,0.55,2.88,13,1300.0,flued_stove,False,316337.0,SOURCED,1.2807,0.7808,76910630.5,60207.9,0.7971
SIM_000908,Chushul,4350.0,33.5936,78.6543,6.2,5.0,3.2,31.0,99.2,164.4,dense_concrete,0.19,none,0.0,concrete,0.2,rockwool,0.048,dense_concrete,0.17,6.67,0.0931,triple_pane,180.0,0,0.0,0.71,1.09,8,800.0,unflued_combustion,True,259737.0,SOURCED,2.8335,0.3529,54928077.7,58880.1,0.7795
SIM_000909,Rezang La,5000.0,33.425,78.8472,5.4,3.8,2.5,20.52,51.3,198.1,stone_masonry,0.37,none,0.0,pu_sandwich_panel,0.1,none,0.0,dense_concrete,0.21,3.96,0.0861,single_pane,180.0,1,0.5,0.3,4.28,8,800.0,electric,False,158986.0,SOURCED,2.3629,0.4232,41421419.1,54019.9,0.7151
SIM_000910,Pangong,4250.0,33.7595,78.6674,6.4,3.9,2.9,24.96,72.38,147.5,stone_masonry,0.42,eps,0.1,pu_sandwich_panel,0.12,none,0.0,stone_floor,0.14,2.13,0.0357,single_pane,180.0,1,0.5,0.61,0.66,5,500.0,electric,False,231557.0,SOURCED,1.1967,0.8356,56631959.2,59658.3,0.7898
SIM_000911,Depsang,5330.0,35.3167,78.0167,8.3,3.8,2.8,31.54,88.31,165.4,stone_masonry,0.45,rockwool,0.114,pu_sandwich_panel,0.07,none,0.0,dense_concrete,0.13,7.59,0.112,triple_pane,180.0,0,0.0,0.57,0.64,5,500.0,none,False,303166.0,SOURCED,1.2824,0.7798,64477613.0,51679.8,0.6842
SIM_000912,Kargil,2676.0,34.5539,76.1349,8.2,4.4,3.0,36.08,108.24,194.5,rammed_earth,0.3,rockwool,0.14,cgi_sheet,0.002,eps,0.145,dense_concrete,0.22,1.39,0.0184,double_pane,180.0,1,0.5,0.84,3.68,3,300.0,flued_stove,False,245004.0,SOURCED,1.0206,0.9798,59307246.9,73045.7,0.967
SIM_000913,Leh,3500.0,34.1526,77.5771,8.0,4.4,3.2,35.2,112.64,197.7,mud_brick,0.41,eps,0.085,cgi_sheet,0.002,eps,0.143,dense_concrete,0.17,4.05,0.051,double_pane,180.0,1,0.5,0.77,2.2,3,300.0,unflued_combustion,True,254154.0,SOURCED,1.1414,0.8761,60717699.2,65764.1,0.8706
SIM_000914,Dras,3280.0,34.4293,75.7533,7.6,6.0,2.9,45.6,132.24,165.9,rammed_earth,0.32,none,0.0,pu_sandwich_panel,0.12,none,0.0,stone_floor,0.16,0.0,0.0,triple_pane,180.0,0,0.0,0.83,3.69,16,1600.0,flued_stove,False,204156.0,SOURCED,2.213,0.4519,61364332.7,67647.9,0.8956
SIM_000915,Siachen,5400.0,35.4212,77.1095,9.1,3.7,3.1,33.67,104.38,274.6,mud_brick,0.36,straw_bale,0.05,concrete,0.14,rockwool,0.104,dense_concrete,0.15,10.6,0.1336,double_pane,180.0,1,0.5,0.39,2.46,11,1100.0,flued_stove,False,252635.0,SOURCED,1.4022,0.7132,60382280.9,51194.2,0.6777
SIM_000916,Daulat Beg Oldie,5065.0,35.4057,77.9297,4.3,4.2,2.7,18.06,48.76,100.6,rammed_earth,0.27,straw_bale,0.129,concrete,0.12,none,0.0,stone_floor,0.19,3.15,0.0686,triple_pane,180.0,1,0.5,0.55,2.11,1,100.0,flued_stove,False,106618.0,SOURCED,2.0193,0.4952,34179448.3,53552.3,0.709
SIM_000917,Galwan,4300.0,34.75,78.25,4.4,3.5,2.4,15.4,36.96,203.1,dense_concrete,0.28,eps,0.13,concrete,0.19,rockwool,0.125,dense_concrete,0.24,0.22,0.0058,single_pane,180.0,0,0.0,0.83,0.25,6,600.0,none,False,190519.0,SOURCED,0.9569,1.045,39787695.6,59268.2,0.7846
SIM_000918,Hanle,4500.0,32.7784,78.9642,5.3,6.0,3.0,31.8,95.4,176.0,rammed_earth,0.27,none,0.0,cgi_sheet,0.002,eps,0.15,stone_floor,0.15,1.81,0.0267,triple_pane,180.0,0,0.0,0.81,1.99,11,1100.0,unflued_combustion,True,128184.0,SOURCED,2.3669,0.4225,42685731.1,57728.3,0.7642
SIM_000919,Nyoma,4180.0,33.1958,78.6508,5.2,3.5,2.6,18.2,47.32,156.7,mud_brick,0.47,rockwool,0.074,pu_sandwich_panel,0.06,none,0.0,dense_concrete,0.12,3.45,0.0763,triple_pane,180.0,0,0.0,0.81,3.85,4,400.0,none,False,147352.0,SOURCED,1.2636,0.7914,34630330.4,60207.9,0.7971
SIM_000920,Chushul,4350.0,33.5936,78.6543,8.7,3.4,3.1,29.58,91.7,188.2,mud_brick,0.44,rockwool,0.098,pu_sandwich_panel,0.11,none,0.0,stone_floor,0.22,9.31,0.1241,double_pane,180.0,0,0.0,0.88,0.18,2,200.0,flued_stove,False,280132.0,SOURCED,1.1748,0.8512,57595291.7,58880.1,0.7795
SIM_000921,Rezang La,5000.0,33.425,78.8472,8.2,3.6,2.7,29.52,79.7,94.5,mud_brick,0.46,none,0.0,cgi_sheet,0.002,none,0.0,dense_concrete,0.18,9.6,0.1507,triple_pane,180.0,1,0.5,0.24,3.69,8,800.0,unflued_combustion,True,219598.0,SOURCED,2.9227,0.3421,49742829.7,54019.9,0.7151
SIM_000922,Pangong,4250.0,33.7595,78.6674,4.1,5.6,2.6,22.96,59.7,177.2,stone_masonry,0.49,none,0.0,concrete,0.15,eps,0.116,dense_concrete,0.21,0.77,0.0153,triple_pane,180.0,1,0.5,0.63,4.01,5,500.0,electric,False,205920.0,SOURCED,2.2128,0.4519,68217493.2,59658.3,0.7898
SIM_000923,Depsang,5330.0,35.3167,78.0167,8.8,3.2,2.7,28.16,76.03,113.9,mud_brick,0.26,straw_bale,0.129,cgi_sheet,0.002,rockwool,0.051,stone_floor,0.13,9.25,0.1427,single_pane,180.0,0,0.0,0.41,1.98,1,100.0,unflued_combustion,True,120861.0,SOURCED,1.7728,0.5641,31125832.6,51679.8,0.6842
SIM_000924,Kargil,2676.0,34.5539,76.1349,9.8,5.6,3.0,54.88,164.64,126.9,stone_masonry,0.21,rockwool,0.131,concrete,0.14,none,0.0,stone_floor,0.15,7.19,0.0778,double_pane,180.0,0,0.0,0.85,3.93,1,100.0,unflued_combustion,True,312142.0,SOURCED,2.407,0.4155,71848943.6,73045.7,0.967
SIM_000925,Leh,3500.0,34.1526,77.5771,4.7,3.7,2.4,17.39,41.74,206.5,dense_concrete,0.18,straw_bale,0.122,pu_sandwich_panel,0.06,none,0.0,stone_floor,0.13,3.33,0.0826,triple_pane,180.0,1,0.5,0.51,3.14,5,500.0,unflued_combustion,True,129095.0,SOURCED,1.3529,0.7392,21106326.1,65764.1,0.8706
SIM_000926,Dras,3280.0,34.4293,75.7533,7.8,3.5,2.5,27.3,68.25,168.7,dense_concrete,0.3,straw_bale,0.044,concrete,0.14,eps,0.08,dense_concrete,0.16,6.28,0.1112,triple_pane,180.0,0,0.0,0.34,3.84,9,900.0,flued_stove,False,261540.0,SOURCED,1.5894,0.6292,54064184.1,67647.9,0.8956
SIM_000927,Siachen,5400.0,35.4212,77.1095,9.6,4.4,3.0,42.24,126.72,91.1,dense_concrete,0.22,none,0.0,cgi_sheet,0.002,none,0.0,stone_floor,0.23,4.54,0.054,double_pane,180.0,0,0.0,0.34,3.09,7,700.0,none,False,254840.0,SOURCED,4.0245,0.2485,61254165.0,51194.2,0.6777
SIM_000928,Daulat Beg Oldie,5065.0,35.4057,77.9297,4.9,4.9,2.9,24.01,69.63,156.2,mud_brick,0.44,straw_bale,0.085,cgi_sheet,0.002,eps,0.1,dense_concrete,0.15,2.05,0.0361,double_pane,180.0,0,0.0,0.67,1.17,3,300.0,electric,False,146209.0,SOURCED,1.297,0.771,45583967.7,53552.3,0.709
SIM_000929,Galwan,4300.0,34.75,78.25,7.2,3.9,2.8,28.08,78.62,179.3,rammed_earth,0.41,straw_bale,0.132,cgi_sheet,0.002,eps,0.145,stone_floor,0.2,1.11,0.0179,single_pane,180.0,1,0.5,0.79,1.54,7,700.0,flued_stove,False,150803.0,SOURCED,1.1689,0.8555,58999270.4,59268.2,0.7846
SIM_000930,Hanle,4500.0,32.7784,78.9642,6.0,4.8,2.6,28.8,74.88,208.5,rammed_earth,0.27,none,0.0,pu_sandwich_panel,0.15,none,0.0,stone_floor,0.12,3.36,0.0598,single_pane,180.0,1,0.5,0.37,4.28,5,500.0,none,False,142534.0,SOURCED,2.3863,0.4191,33304232.2,57728.3,0.7642
SIM_000931,Nyoma,4180.0,33.1958,78.6508,9.6,4.9,2.6,47.04,122.3,109.0,pu_sandwich_panel,0.14,none,0.0,cgi_sheet,0.002,rockwool,0.054,stone_floor,0.18,3.92,0.052,double_pane,180.0,1,0.5,0.86,3.97,10,1000.0,none,False,276898.0,SOURCED,1.3392,0.7467,19105829.4,60207.9,0.7971
SIM_000932,Chushul,4350.0,33.5936,78.6543,8.0,3.2,2.5,25.6,64.0,165.5,pu_sandwich_panel,0.1,none,0.0,pu_sandwich_panel,0.07,none,0.0,stone_floor,0.21,5.92,0.1057,single_pane,180.0,0,0.0,0.73,1.66,4,400.0,unflued_combustion,True,162065.0,SOURCED,1.3683,0.7308,11854936.5,58880.1,0.7795
SIM_000933,Rezang La,5000.0,33.425,78.8472,8.9,4.2,2.8,37.38,104.66,247.0,pu_sandwich_panel,0.13,none,0.0,cgi_sheet,0.002,none,0.0,stone_floor,0.24,8.22,0.1121,single_pane,180.0,0,0.0,0.47,1.87,7,700.0,electric,False,229020.0,SOURCED,2.7494,0.3637,19893144.6,54019.9,0.7151
SIM_000934,Pangong,4250.0,33.7595,78.6674,6.2,5.7,2.9,35.34,102.49,319.6,rammed_earth,0.27,rockwool,0.108,pu_sandwich_panel,0.08,none,0.0,stone_floor,0.21,0.52,0.0075,single_pane,180.0,1,0.5,0.79,2.06,7,700.0,none,False,199677.0,SOURCED,1.1495,0.8699,49599432.4,59658.3,0.7898
SIM_000935,Depsang,5330.0,35.3167,78.0167,7.2,5.1,2.5,36.72,91.8,203.0,mud_brick,0.26,eps,0.05,concrete,0.11,none,0.0,stone_floor,0.22,7.38,0.12,single_pane,180.0,1,0.5,0.72,1.34,13,1300.0,electric,False,178903.0,SOURCED,2.4403,0.4098,47665105.5,51679.8,0.6842
SIM_000936,Kargil,2676.0,34.5539,76.1349,7.1,4.7,2.5,33.37,83.42,151.3,stone_masonry,0.35,rockwool,0.143,cgi_sheet,0.002,rockwool,0.122,dense_concrete,0.19,5.44,0.0922,triple_pane,180.0,1,0.5,0.59,0.14,9,900.0,flued_stove,False,282686.0,SOURCED,1.1709,0.854,53178539.7,73045.7,0.967
SIM_000937,Leh,3500.0,34.1526,77.5771,7.9,5.1,2.5,40.29,100.72,156.4,stone_masonry,0.21,rockwool,0.027,pu_sandwich_panel,0.08,none,0.0,stone_floor,0.18,6.63,0.102,double_pane,180.0,1,0.5,0.53,3.69,12,1200.0,flued_stove,False,214427.0,SOURCED,1.6074,0.6221,40454622.8,65764.1,0.8706
SIM_000938,Dras,3280.0,34.4293,75.7533,5.0,5.5,3.1,27.5,85.25,5.3,pu_sandwich_panel,0.09,none,0.0,concrete,0.13,none,0.0,stone_floor,0.19,1.08,0.0166,double_pane,180.0,1,0.5,0.7,1.96,5,500.0,unflued_combustion,True,165096.0,SOURCED,1.9479,0.5134,19725013.8,67647.9,0.8956
SIM_000939,Siachen,5400.0,35.4212,77.1095,8.9,3.7,2.9,32.93,95.5,201.6,stone_masonry,0.22,eps,0.104,pu_sandwich_panel,0.09,none,0.0,dense_concrete,0.15,11.28,0.1544,double_pane,180.0,0,0.0,0.3,4.46,2,200.0,flued_stove,False,243372.0,SOURCED,1.3626,0.7339,39226350.4,51194.2,0.6777
SIM_000940,Daulat Beg Oldie,5065.0,35.4057,77.9297,6.1,4.8,2.7,29.28,79.06,82.6,stone_masonry,0.46,eps,0.078,cgi_sheet,0.002,rockwool,0.1,dense_concrete,0.2,2.99,0.0508,single_pane,180.0,0,0.0,0.26,4.1,7,700.0,flued_stove,False,232623.0,SOURCED,1.307,0.7651,65826561.1,53552.3,0.709
SIM_000941,Galwan,4300.0,34.75,78.25,5.5,3.3,2.7,18.15,49.01,207.0,stone_masonry,0.2,straw_bale,0.031,pu_sandwich_panel,0.1,none,0.0,dense_concrete,0.17,6.25,0.1315,double_pane,180.0,0,0.0,0.42,4.49,1,100.0,flued_stove,False,124551.0,SOURCED,1.7689,0.5653,24130311.9,59268.2,0.7846
SIM_000942,Hanle,4500.0,32.7784,78.9642,9.6,3.4,2.6,32.64,84.86,164.6,mud_brick,0.23,none,0.0,pu_sandwich_panel,0.11,none,0.0,dense_concrete,0.13,9.29,0.1374,triple_pane,180.0,0,0.0,0.6,3.58,13,1300.0,electric,False,206575.0,SOURCED,2.0757,0.4818,30088907.6,57728.3,0.7642
SIM_000943,Nyoma,4180.0,33.1958,78.6508,9.3,5.9,3.1,54.87,170.1,66.5,pu_sandwich_panel,0.13,none,0.0,concrete,0.16,none,0.0,dense_concrete,0.16,7.77,0.0824,double_pane,180.0,0,0.0,0.37,0.7,9,900.0,unflued_combustion,True,357895.0,SOURCED,2.2404,0.4463,41150077.6,60207.9,0.7971
SIM_000944,Chushul,4350.0,33.5936,78.6543,4.1,4.1,3.0,16.81,50.43,109.2,stone_masonry,0.45,straw_bale,0.06,pu_sandwich_panel,0.07,none,0.0,dense_concrete,0.24,2.24,0.0455,triple_pane,180.0,0,0.0,0.4,3.56,1,100.0,unflued_combustion,True,175207.0,SOURCED,1.2248,0.8165,52544518.0,58880.1,0.7795
SIM_000945,Rezang La,5000.0,33.425,78.8472,4.7,5.9,2.9,27.73,80.42,40.6,mud_brick,0.29,none,0.0,concrete,0.13,rockwool,0.072,dense_concrete,0.16,5.7,0.0927,triple_pane,180.0,1,0.5,0.36,1.94,11,1100.0,electric,False,182913.0,SOURCED,1.9149,0.5222,42833803.7,54019.9,0.7151
SIM_000946,Pangong,4250.0,33.7595,78.6674,8.1,4.7,2.7,38.07,102.79,165.2,mud_brick,0.35,eps,0.121,cgi_sheet,0.002,rockwool,0.067,dense_concrete,0.12,6.1,0.0883,double_pane,180.0,0,0.0,0.68,4.21,6,600.0,none,False,210872.0,SOURCED,1.4652,0.6825,44240981.0,59658.3,0.7898
SIM_000947,Depsang,5330.0,35.3167,78.0167,7.1,4.9,2.8,34.79,97.41,134.9,pu_sandwich_panel,0.1,none,0.0,cgi_sheet,0.002,eps,0.057,stone_floor,0.14,5.0,0.0744,triple_pane,180.0,0,0.0,0.66,1.84,8,800.0,flued_stove,False,193409.0,SOURCED,1.3681,0.7309,11095237.6,51679.8,0.6842
SIM_000948,Kargil,2676.0,34.5539,76.1349,5.7,3.0,2.8,17.1,47.88,207.5,mud_brick,0.21,rockwool,0.14,cgi_sheet,0.002,eps,0.091,dense_concrete,0.16,3.86,0.0792,double_pane,180.0,1,0.5,0.48,3.71,1,100.0,electric,False,134926.0,SOURCED,1.0544,0.9484,20868283.9,73045.7,0.967
SIM_000949,Leh,3500.0,34.1526,77.5771,8.9,3.0,2.8,26.7,74.76,2.3,pu_sandwich_panel,0.11,none,0.0,concrete,0.15,eps,0.12,dense_concrete,0.19,5.77,0.0866,double_pane,180.0,0,0.0,0.4,0.25,4,400.0,flued_stove,False,227114.0,SOURCED,1.1049,0.9051,21431912.0,65764.1,0.8706
SIM_000950,Dras,3280.0,34.4293,75.7533,8.7,5.3,2.4,46.11,110.66,235.3,dense_concrete,0.12,eps,0.073,concrete,0.13,rockwool,0.123,stone_floor,0.18,4.8,0.0714,triple_pane,180.0,0,0.0,0.3,4.46,1,100.0,unflued_combustion,True,274320.0,SOURCED,1.4189,0.7048,49134074.6,67647.9,0.8956
SIM_000951,Siachen,5400.0,35.4212,77.1095,6.5,4.4,2.8,28.6,80.08,204.7,dense_concrete,0.29,straw_bale,0.1,cgi_sheet,0.002,rockwool,0.035,dense_concrete,0.13,1.38,0.0226,single_pane,180.0,0,0.0,0.76,4.01,6,600.0,electric,False,210495.0,SOURCED,1.5644,0.6392,49834949.4,51194.2,0.6777
SIM_000952,Daulat Beg Oldie,5065.0,35.4057,77.9297,5.0,3.3,2.9,16.5,47.85,190.5,mud_brick,0.47,none,0.0,pu_sandwich_panel,0.11,none,0.0,dense_concrete,0.13,2.35,0.0488,single_pane,180.0,0,0.0,0.41,3.16,1,100.0,none,False,122713.0,SOURCED,1.7487,0.5719,37265097.8,53552.3,0.709
SIM_000953,Galwan,4300.0,34.75,78.25,8.6,3.0,2.5,25.8,64.5,71.5,dense_concrete,0.13,rockwool,0.079,concrete,0.1,rockwool,0.121,stone_floor,0.22,5.09,0.0878,triple_pane,180.0,0,0.0,0.59,1.33,9,900.0,none,False,210022.0,SOURCED,1.1825,0.8457,34160855.3,59268.2,0.7846
SIM_000954,Hanle,4500.0,32.7784,78.9642,7.7,5.9,2.6,45.43,118.12,76.0,pu_sandwich_panel,0.06,none,0.0,pu_sandwich_panel,0.13,none,0.0,stone_floor,0.11,6.66,0.0942,single_pane,180.0,1,0.5,0.32,3.65,3,300.0,none,False,219323.0,SOURCED,1.5094,0.6625,11255955.9,57728.3,0.7642
SIM_000955,Nyoma,4180.0,33.1958,78.6508,8.6,5.8,2.7,49.88,134.68,163.9,stone_masonry,0.33,eps,0.081,concrete,0.17,none,0.0,stone_floor,0.15,4.03,0.0518,single_pane,180.0,0,0.0,0.79,3.27,4,400.0,electric,False,277920.0,SOURCED,2.4975,0.4004,84770331.0,60207.9,0.7971
SIM_000956,Chushul,4350.0,33.5936,78.6543,9.5,3.8,2.6,36.1,93.86,191.0,rammed_earth,0.26,straw_bale,0.05,pu_sandwich_panel,0.14,none,0.0,dense_concrete,0.22,4.5,0.0651,triple_pane,180.0,1,0.5,0.4,0.91,6,600.0,electric,False,237750.0,SOURCED,1.3511,0.7401,49524166.3,58880.1,0.7795
SIM_000957,Rezang La,5000.0,33.425,78.8472,4.7,4.9,2.8,23.03,64.48,170.2,mud_brick,0.35,none,0.0,cgi_sheet,0.002,none,0.0,dense_concrete,0.12,1.8,0.0335,double_pane,180.0,1,0.5,0.89,3.27,6,600.0,flued_stove,False,99151.0,SOURCED,3.1625,0.3162,33781330.5,54019.9,0.7151
SIM_000958,Pangong,4250.0,33.7595,78.6674,7.4,4.0,2.7,29.6,79.92,160.0,pu_sandwich_panel,0.08,none,0.0,cgi_sheet,0.002,none,0.0,stone_floor,0.1,5.06,0.0822,single_pane,180.0,1,0.5,0.71,3.45,10,1000.0,flued_stove,False,120439.0,SOURCED,2.7513,0.3635,6828200.2,59658.3,0.7898
SIM_000959,Depsang,5330.0,35.3167,78.0167,6.3,5.9,2.5,37.17,92.93,306.3,pu_sandwich_panel,0.11,none,0.0,cgi_sheet,0.002,rockwool,0.109,stone_floor,0.1,5.64,0.0925,triple_pane,180.0,0,0.0,0.35,1.85,10,1000.0,unflued_combustion,True,204338.0,SOURCED,1.4832,0.6742,8745223.0,51679.8,0.6842
SIM_000960,Kargil,2676.0,34.5539,76.1349,9.8,5.5,2.9,53.9,156.31,153.9,rammed_earth,0.47,rockwool,0.076,cgi_sheet,0.002,eps,0.043,dense_concrete,0.18,0.6,0.0068,double_pane,180.0,1,0.5,0.74,0.84,9,900.0,none,False,262838.0,SOURCED,1.3955,0.7166,97787762.0,73045.7,0.967
SIM_000961,Leh,3500.0,34.1526,77.5771,8.1,4.8,2.7,38.88,104.98,259.9,mud_brick,0.28,rockwool,0.03,cgi_sheet,0.002,none,0.0,dense_concrete,0.21,5.87,0.0843,double_pane,180.0,0,0.0,0.85,3.85,4,400.0,electric,False,177232.0,SOURCED,2.8966,0.3452,45959540.0,65764.1,0.8706
SIM_000962,Dras,3280.0,34.4293,75.7533,7.4,4.9,2.6,36.26,94.28,73.6,rammed_earth,0.48,eps,0.149,cgi_sheet,0.002,rockwool,0.098,stone_floor,0.14,0.36,0.0056,triple_pane,180.0,1,0.5,0.34,4.01,1,100.0,none,False,205919.0,SOURCED,1.31,0.7634,66569066.9,67647.9,0.8956
SIM_000963,Siachen,5400.0,35.4212,77.1095,8.1,4.4,3.1,35.64,110.48,208.4,pu_sandwich_panel,0.06,none,0.0,concrete,0.11,rockwool,0.143,stone_floor,0.18,10.69,0.1379,double_pane,180.0,0,0.0,0.62,4.01,7,700.0,none,False,223640.0,SOURCED,1.3507,0.7404,23154446.5,51194.2,0.6777
SIM_000964,Daulat Beg Oldie,5065.0,35.4057,77.9297,4.7,4.3,2.6,20.21,52.55,160.9,dense_concrete,0.24,eps,0.055,pu_sandwich_panel,0.14,none,0.0,stone_floor,0.19,0.6,0.0128,single_pane,180.0,0,0.0,0.24,2.85,7,700.0,none,False,188296.0,SOURCED,1.2541,0.7974,33947007.8,53552.3,0.709
SIM_000965,Galwan,4300.0,34.75,78.25,5.4,6.0,3.2,32.4,103.68,185.8,pu_sandwich_panel,0.15,none,0.0,concrete,0.12,eps,0.028,stone_floor,0.22,1.96,0.0269,double_pane,180.0,0,0.0,0.68,0.74,1,100.0,none,False,268302.0,SOURCED,1.2012,0.8325,24799308.4,59268.2,0.7846
SIM_000966,Hanle,4500.0,32.7784,78.9642,4.6,5.8,3.1,26.68,82.71,204.7,stone_masonry,0.3,eps,0.076,concrete,0.19,rockwool,0.074,dense_concrete,0.24,4.9,0.076,double_pane,180.0,1,0.5,0.83,1.63,2,200.0,unflued_combustion,True,248755.0,SOURCED,1.1066,0.9037,62722115.9,57728.3,0.7642
SIM_000967,Nyoma,4180.0,33.1958,78.6508,8.0,4.1,2.8,32.8,91.84,63.1,stone_masonry,0.22,eps,0.097,cgi_sheet,0.002,rockwool,0.085,stone_floor,0.24,0.46,0.0068,triple_pane,180.0,0,0.0,0.56,1.25,13,1300.0,flued_stove,False,198519.0,SOURCED,1.1339,0.8819,47236966.4,60207.9,0.7971
SIM_000968,Chushul,4350.0,33.5936,78.6543,9.1,3.9,2.9,35.49,102.92,115.2,stone_masonry,0.28,none,0.0,cgi_sheet,0.002,rockwool,0.036,stone_floor,0.11,6.21,0.0824,double_pane,180.0,0,0.0,0.89,2.38,3,300.0,flued_stove,False,164466.0,SOURCED,3.0034,0.333,47750048.8,58880.1,0.7795
SIM_000969,Rezang La,5000.0,33.425,78.8472,7.3,5.4,2.5,39.42,98.55,46.4,mud_brick,0.37,none,0.0,concrete,0.11,rockwool,0.036,stone_floor,0.13,0.18,0.0028,double_pane,180.0,0,0.0,0.71,3.19,2,200.0,flued_stove,False,156894.0,SOURCED,2.0873,0.4791,56039970.0,54019.9,0.7151
SIM_000970,Pangong,4250.0,33.7595,78.6674,9.1,4.3,3.2,39.13,125.22,171.5,pu_sandwich_panel,0.08,none,0.0,pu_sandwich_panel,0.06,none,0.0,stone_floor,0.14,5.44,0.0634,double_pane,180.0,1,0.5,0.52,3.52,14,1400.0,flued_stove,False,215118.0,SOURCED,1.2619,0.7925,12231873.8,59658.3,0.7898
SIM_000971,Depsang,5330.0,35.3167,78.0167,7.0,3.4,3.2,23.8,76.16,274.3,rammed_earth,0.32,rockwool,0.139,pu_sandwich_panel,0.15,none,0.0,dense_concrete,0.13,6.97,0.1047,single_pane,180.0,0,0.0,0.32,1.51,5,500.0,electric,False,203582.0,SOURCED,1.3617,0.7344,42026297.4,51679.8,0.6842
SIM_000972,Kargil,2676.0,34.5539,76.1349,5.0,5.5,2.7,27.5,74.25,37.0,dense_concrete,0.27,straw_bale,0.027,cgi_sheet,0.002,eps,0.09,stone_floor,0.14,2.62,0.0462,double_pane,180.0,1,0.5,0.77,0.12,10,1000.0,electric,False,195990.0,SOURCED,1.8321,0.5458,42418746.7,73045.7,0.967
SIM_000973,Leh,3500.0,34.1526,77.5771,7.3,5.1,2.9,37.23,107.97,61.8,mud_brick,0.43,straw_bale,0.043,pu_sandwich_panel,0.14,none,0.0,stone_floor,0.15,2.98,0.0414,double_pane,180.0,0,0.0,0.81,0.95,2,200.0,flued_stove,False,239626.0,SOURCED,1.4844,0.6737,57188092.1,65764.1,0.8706
SIM_000974,Dras,3280.0,34.4293,75.7533,4.1,3.3,3.1,13.53,41.94,172.5,dense_concrete,0.17,none,0.0,pu_sandwich_panel,0.12,none,0.0,dense_concrete,0.2,4.83,0.1053,single_pane,180.0,1,0.5,0.54,1.14,2,200.0,unflued_combustion,True,128889.0,SOURCED,2.8931,0.3456,22403021.8,67647.9,0.8956
SIM_000975,Siachen,5400.0,35.4212,77.1095,4.1,3.6,2.5,14.76,36.9,167.5,dense_concrete,0.12,none,0.0,cgi_sheet,0.002,eps,0.088,stone_floor,0.24,0.68,0.0177,single_pane,180.0,1,0.5,0.78,1.93,5,500.0,flued_stove,False,79883.0,SOURCED,3.1809,0.3144,18147037.1,51194.2,0.6777
SIM_000976,Daulat Beg Oldie,5065.0,35.4057,77.9297,4.3,3.8,2.6,16.34,42.48,70.9,rammed_earth,0.43,none,0.0,cgi_sheet,0.002,eps,0.149,stone_floor,0.22,2.7,0.0641,single_pane,180.0,0,0.0,0.65,2.52,3,300.0,flued_stove,False,91889.0,SOURCED,2.0646,0.4844,38387866.8,53552.3,0.709
SIM_000977,Galwan,4300.0,34.75,78.25,7.4,4.2,2.9,31.08,90.13,209.5,dense_concrete,0.12,rockwool,0.128,concrete,0.12,rockwool,0.069,stone_floor,0.17,4.37,0.065,single_pane,180.0,1,0.5,0.86,0.25,11,1100.0,none,False,220679.0,SOURCED,1.2432,0.8044,37651106.2,59268.2,0.7846
SIM_000978,Hanle,4500.0,32.7784,78.9642,7.9,5.5,2.5,43.45,108.62,192.4,rammed_earth,0.29,rockwool,0.058,cgi_sheet,0.002,none,0.0,dense_concrete,0.12,0.86,0.0128,triple_pane,180.0,0,0.0,0.83,1.75,7,700.0,unflued_combustion,True,135532.0,SOURCED,3.0744,0.3253,47080736.2,57728.3,0.7642
SIM_000979,Nyoma,4180.0,33.1958,78.6508,4.2,5.4,2.6,22.68,58.97,193.5,dense_concrete,0.23,rockwool,0.146,cgi_sheet,0.002,none,0.0,stone_floor,0.17,3.88,0.0777,triple_pane,180.0,0,0.0,0.48,3.28,9,900.0,flued_stove,False,202226.0,SOURCED,2.507,0.3989,33036398.7,60207.9,0.7971
SIM_000980,Chushul,4350.0,33.5936,78.6543,9.2,3.1,2.9,28.52,82.71,194.8,mud_brick,0.24,none,0.0,pu_sandwich_panel,0.06,none,0.0,dense_concrete,0.1,9.35,0.1311,triple_pane,180.0,1,0.5,0.46,1.86,8,800.0,flued_stove,False,184260.0,SOURCED,2.1066,0.4747,28977108.8,58880.1,0.7795
SIM_000981,Rezang La,5000.0,33.425,78.8472,5.3,3.9,2.8,20.67,57.88,175.5,mud_brick,0.4,straw_bale,0.133,cgi_sheet,0.002,none,0.0,dense_concrete,0.18,0.22,0.0043,triple_pane,180.0,1,0.5,0.76,1.46,8,800.0,unflued_combustion,True,116890.0,SOURCED,2.339,0.4275,40802607.7,54019.9,0.7151
SIM_000982,Pangong,4250.0,33.7595,78.6674,10.0,5.2,3.0,52.0,156.0,208.1,mud_brick,0.25,straw_bale,0.073,pu_sandwich_panel,0.11,none,0.0,dense_concrete,0.24,11.71,0.1284,double_pane,180.0,1,0.5,0.89,2.98,15,1500.0,electric,False,345521.0,SOURCED,1.2567,0.7957,60026351.2,59658.3,0.7898
SIM_000983,Depsang,5330.0,35.3167,78.0167,7.1,3.2,3.1,22.72,70.43,162.0,mud_brick,0.43,eps,0.117,cgi_sheet,0.002,rockwool,0.144,dense_concrete,0.18,3.17,0.0496,single_pane,180.0,1,0.5,0.9,0.72,9,900.0,electric,False,203313.0,SOURCED,1.0025,0.9975,49045738.2,51679.8,0.6842
SIM_000984,Kargil,2676.0,34.5539,76.1349,9.0,5.7,3.2,51.3,164.16,133.6,dense_concrete,0.27,rockwool,0.057,pu_sandwich_panel,0.15,none,0.0,dense_concrete,0.23,3.83,0.0407,double_pane,180.0,1,0.5,0.75,0.43,14,1400.0,none,False,500883.0,SOURCED,1.1802,0.8473,83980825.3,73045.7,0.967
SIM_000985,Leh,3500.0,34.1526,77.5771,6.7,5.7,3.2,38.19,122.21,182.7,pu_sandwich_panel,0.13,none,0.0,cgi_sheet,0.002,eps,0.105,dense_concrete,0.1,4.89,0.0616,single_pane,180.0,1,0.5,0.52,2.87,13,1300.0,electric,False,241295.0,SOURCED,1.2952,0.7721,9859085.0,65764.1,0.8706
SIM_000986,Dras,3280.0,34.4293,75.7533,4.5,4.7,2.8,21.15,59.22,92.4,mud_brick,0.38,straw_bale,0.066,cgi_sheet,0.002,rockwool,0.108,stone_floor,0.23,3.02,0.0586,single_pane,180.0,1,0.5,0.47,3.35,7,700.0,electric,False,132915.0,SOURCED,1.2327,0.8112,38845910.7,67647.9,0.8956
SIM_000987,Siachen,5400.0,35.4212,77.1095,6.0,5.5,2.7,33.0,89.1,43.2,stone_masonry,0.37,none,0.0,concrete,0.15,rockwool,0.133,dense_concrete,0.24,2.19,0.0353,single_pane,180.0,1,0.5,0.84,1.32,7,700.0,electric,False,249783.0,SOURCED,2.3156,0.4319,74526719.7,51194.2,0.6777
SIM_000988,Daulat Beg Oldie,5065.0,35.4057,77.9297,8.0,3.1,3.1,24.8,76.88,178.6,dense_concrete,0.22,none,0.0,pu_sandwich_panel,0.08,none,0.0,dense_concrete,0.24,8.49,0.1234,double_pane,180.0,1,0.5,0.44,1.6,9,900.0,flued_stove,False,251267.0,SOURCED,2.5481,0.3924,44382460.8,53552.3,0.709
SIM_000989,Galwan,4300.0,34.75,78.25,6.7,3.8,2.5,25.46,63.65,187.0,dense_concrete,0.17,none,0.0,pu_sandwich_panel,0.12,none,0.0,stone_floor,0.23,2.3,0.0438,single_pane,180.0,0,0.0,0.9,1.66,8,800.0,flued_stove,False,172517.0,SOURCED,2.8552,0.3502,32293057.1,59268.2,0.7846
SIM_000990,Hanle,4500.0,32.7784,78.9642,9.0,3.8,2.7,34.2,92.34,179.9,mud_brick,0.44,none,0.0,concrete,0.12,none,0.0,dense_concrete,0.22,4.39,0.0635,single_pane,180.0,1,0.5,0.77,0.5,6,600.0,none,False,204776.0,SOURCED,2.5527,0.3917,69423197.6,57728.3,0.7642
SIM_000991,Nyoma,4180.0,33.1958,78.6508,7.1,3.4,2.4,24.14,57.94,156.9,mud_brick,0.25,eps,0.145,cgi_sheet,0.002,rockwool,0.039,dense_concrete,0.18,7.34,0.1456,double_pane,180.0,1,0.5,0.22,1.63,6,600.0,flued_stove,False,166687.0,SOURCED,1.2888,0.7759,26582059.0,60207.9,0.7971
SIM_000992,Chushul,4350.0,33.5936,78.6543,6.7,3.6,3.2,24.12,77.18,183.8,pu_sandwich_panel,0.1,none,0.0,concrete,0.15,eps,0.098,dense_concrete,0.24,2.42,0.0367,triple_pane,180.0,0,0.0,0.43,4.45,1,100.0,electric,False,212532.0,SOURCED,0.9204,1.0865,22134436.2,58880.1,0.7795
SIM_000993,Rezang La,5000.0,33.425,78.8472,6.3,3.6,2.9,22.68,65.77,199.3,mud_brick,0.44,eps,0.125,pu_sandwich_panel,0.11,none,0.0,dense_concrete,0.2,0.08,0.0014,triple_pane,180.0,0,0.0,0.66,3.49,4,400.0,electric,False,206089.0,SOURCED,0.9616,1.0399,48614124.4,54019.9,0.7151
SIM_000994,Pangong,4250.0,33.7595,78.6674,4.6,5.1,3.2,23.46,75.07,222.0,rammed_earth,0.29,straw_bale,0.048,cgi_sheet,0.002,none,0.0,dense_concrete,0.19,2.14,0.0345,triple_pane,180.0,1,0.5,0.57,4.4,8,800.0,unflued_combustion,True,110466.0,SOURCED,2.5601,0.3906,42345625.6,59658.3,0.7898
SIM_000995,Depsang,5330.0,35.3167,78.0167,4.0,4.0,2.5,16.0,40.0,78.2,dense_concrete,0.24,eps,0.063,cgi_sheet,0.002,eps,0.112,stone_floor,0.19,1.51,0.0377,single_pane,180.0,0,0.0,0.69,2.0,5,500.0,electric,False,135979.0,SOURCED,1.3014,0.7684,28001381.8,51679.8,0.6842
SIM_000996,Kargil,2676.0,34.5539,76.1349,7.0,5.8,2.9,40.6,117.74,201.7,rammed_earth,0.31,straw_bale,0.097,pu_sandwich_panel,0.11,none,0.0,dense_concrete,0.21,0.7,0.0094,double_pane,180.0,0,0.0,0.55,0.44,5,500.0,flued_stove,False,217143.0,SOURCED,1.2305,0.8127,62422051.0,73045.7,0.967
SIM_000997,Leh,3500.0,34.1526,77.5771,6.1,4.7,3.0,28.67,86.01,212.8,pu_sandwich_panel,0.15,none,0.0,cgi_sheet,0.002,rockwool,0.05,stone_floor,0.13,4.13,0.0637,single_pane,180.0,0,0.0,0.45,1.09,4,400.0,none,False,200108.0,SOURCED,1.4269,0.7008,8777451.4,65764.1,0.8706
SIM_000998,Dras,3280.0,34.4293,75.7533,5.6,3.7,2.7,20.72,55.94,15.9,mud_brick,0.24,eps,0.05,cgi_sheet,0.002,rockwool,0.146,stone_floor,0.24,1.37,0.0273,double_pane,180.0,1,0.5,0.44,3.29,6,600.0,electric,False,123876.0,SOURCED,1.1484,0.8708,28519267.3,67647.9,0.8956
SIM_000999,Siachen,5400.0,35.4212,77.1095,5.3,5.1,2.8,27.03,75.68,199.1,stone_masonry,0.49,eps,0.141,cgi_sheet,0.002,none,0.0,dense_concrete,0.16,2.03,0.0349,double_pane,180.0,1,0.5,0.84,0.46,4,400.0,electric,False,234500.0,SOURCED,2.4793,0.4033,66004873.5,51194.2,0.6777
SIM_001000,Daulat Beg Oldie,5065.0,35.4057,77.9297,6.7,3.1,2.8,20.77,58.16,167.8,mud_brick,0.45,none,0.0,pu_sandwich_panel,0.06,none,0.0,dense_concrete,0.1,7.19,0.131,triple_pane,180.0,0,0.0,0.66,1.69,7,700.0,none,False,160361.0,SOURCED,1.7758,0.5631,36993231.2,53552.3,0.709
SIM_001001,Galwan,4300.0,34.75,78.25,4.9,3.1,2.7,15.19,41.01,165.2,dense_concrete,0.27,rockwool,0.09,pu_sandwich_panel,0.06,none,0.0,dense_concrete,0.15,3.25,0.0752,double_pane,180.0,1,0.5,0.46,1.59,1,100.0,electric,False,173955.0,SOURCED,1.1378,0.8789,30277849.6,59268.2,0.7846
SIM_001002,Hanle,4500.0,32.7784,78.9642,9.0,4.3,2.5,38.7,96.75,214.9,pu_sandwich_panel,0.12,none,0.0,cgi_sheet,0.002,eps,0.122,dense_concrete,0.22,0.93,0.014,double_pane,180.0,1,0.5,0.49,1.72,5,500.0,unflued_combustion,True,245267.0,SOURCED,1.0847,0.9219,20552174.6,57728.3,0.7642
SIM_001003,Nyoma,4180.0,33.1958,78.6508,8.3,4.7,2.9,39.01,113.13,295.6,rammed_earth,0.25,eps,0.131,pu_sandwich_panel,0.11,none,0.0,dense_concrete,0.19,6.73,0.0893,double_pane,180.0,1,0.5,0.21,1.53,13,1300.0,flued_stove,False,270898.0,SOURCED,1.1347,0.8813,48594645.4,60207.9,0.7971
SIM_001004,Chushul,4350.0,33.5936,78.6543,4.6,3.9,2.5,17.94,44.85,152.0,mud_brick,0.43,rockwool,0.086,cgi_sheet,0.002,eps,0.052,stone_floor,0.13,2.24,0.0527,triple_pane,180.0,1,0.5,0.84,0.14,4,400.0,unflued_combustion,True,127455.0,SOURCED,1.3171,0.7592,31196100.4,58880.1,0.7795
SIM_001005,Rezang La,5000.0,33.425,78.8472,5.8,5.1,2.6,29.58,76.91,168.2,pu_sandwich_panel,0.12,none,0.0,cgi_sheet,0.002,none,0.0,stone_floor,0.25,0.67,0.0118,double_pane,180.0,0,0.0,0.22,1.7,4,400.0,none,False,173474.0,SOURCED,2.477,0.4037,16367532.4,54019.9,0.7151
SIM_001006,Pangong,4250.0,33.7595,78.6674,5.6,5.0,2.8,28.0,78.4,164.6,rammed_earth,0.36,none,0.0,cgi_sheet,0.002,eps,0.144,dense_concrete,0.12,1.0,0.0168,single_pane,180.0,1,0.5,0.74,0.45,6,600.0,electric,False,115103.0,SOURCED,2.1961,0.4554,45958292.9,59658.3,0.7898
SIM_001007,Depsang,5330.0,35.3167,78.0167,7.2,5.9,2.9,42.48,123.19,188.2,dense_concrete,0.21,straw_bale,0.136,cgi_sheet,0.002,rockwool,0.111,stone_floor,0.15,1.58,0.0208,triple_pane,180.0,0,0.0,0.82,2.29,2,200.0,unflued_combustion,True,255173.0,SOURCED,1.3835,0.7228,52072058.4,51679.8,0.6842
SIM_001008,Kargil,2676.0,34.5539,76.1349,8.8,5.8,2.9,51.04,148.02,346.8,mud_brick,0.48,straw_bale,0.077,cgi_sheet,0.002,eps,0.066,dense_concrete,0.16,8.59,0.1014,double_pane,180.0,0,0.0,0.32,1.01,2,200.0,none,False,268774.0,SOURCED,1.5308,0.6533,75225434.8,73045.7,0.967
SIM_001009,Leh,3500.0,34.1526,77.5771,9.9,4.8,2.8,47.52,133.06,192.4,pu_sandwich_panel,0.11,none,0.0,concrete,0.13,eps,0.052,dense_concrete,0.23,4.13,0.0502,single_pane,180.0,0,0.0,0.64,1.64,4,400.0,flued_stove,False,304485.0,SOURCED,1.2805,0.7809,40031117.0,65764.1,0.8706
SIM_001010,Dras,3280.0,34.4293,75.7533,9.5,5.7,2.8,54.15,151.62,16.1,rammed_earth,0.29,rockwool,0.083,pu_sandwich_panel,0.12,none,0.0,dense_concrete,0.14,3.93,0.0462,single_pane,180.0,0,0.0,0.5,1.05,18,1800.0,unflued_combustion,True,284270.0,SOURCED,1.4521,0.6887,60589538.6,67647.9,0.8956
SIM_001011,Siachen,5400.0,35.4212,77.1095,5.4,4.9,3.0,26.46,79.38,177.5,pu_sandwich_panel,0.07,none,0.0,concrete,0.12,eps,0.082,dense_concrete,0.11,4.06,0.0657,double_pane,180.0,0,0.0,0.5,2.49,3,300.0,flued_stove,False,145314.0,SOURCED,1.3489,0.7413,14353688.5,51194.2,0.6777
SIM_001012,Daulat Beg Oldie,5065.0,35.4057,77.9297,6.1,4.5,2.4,27.45,65.88,159.0,stone_masonry,0.2,rockwool,0.096,concrete,0.15,none,0.0,stone_floor,0.21,1.36,0.0267,single_pane,180.0,0,0.0,0.37,4.26,9,900.0,flued_stove,False,156297.0,SOURCED,2.1997,0.4546,41924893.9,53552.3,0.709
SIM_001013,Galwan,4300.0,34.75,78.25,5.8,4.7,3.0,27.26,81.78,169.3,stone_masonry,0.47,straw_bale,0.026,cgi_sheet,0.002,eps,0.029,dense_concrete,0.19,1.2,0.019,triple_pane,180.0,0,0.0,0.33,4.16,4,400.0,electric,False,205101.0,SOURCED,1.792,0.558,71083781.4,59268.2,0.7846
SIM_001014,Hanle,4500.0,32.7784,78.9642,8.5,5.0,3.2,42.5,136.0,186.9,stone_masonry,0.28,none,0.0,cgi_sheet,0.002,rockwool,0.028,stone_floor,0.1,10.26,0.1187,triple_pane,180.0,1,0.5,0.68,2.83,10,1000.0,none,False,241814.0,SOURCED,2.9441,0.3397,52481433.8,57728.3,0.7642
SIM_001015,Nyoma,4180.0,33.1958,78.6508,5.5,4.8,3.0,26.4,79.2,358.2,mud_brick,0.32,rockwool,0.075,pu_sandwich_panel,0.09,none,0.0,dense_concrete,0.22,6.97,0.1128,double_pane,180.0,0,0.0,0.55,3.55,5,500.0,none,False,205283.0,SOURCED,1.1942,0.8374,39968922.6,60207.9,0.7971
SIM_001016,Chushul,4350.0,33.5936,78.6543,4.7,3.9,3.1,18.33,56.82,182.5,dense_concrete,0.16,rockwool,0.098,cgi_sheet,0.002,none,0.0,dense_concrete,0.16,5.21,0.0977,double_pane,180.0,0,0.0,0.43,1.73,1,100.0,electric,False,153093.0,SOURCED,2.3276,0.4296,24821789.1,58880.1,0.7795
SIM_001017,Rezang La,5000.0,33.425,78.8472,9.1,4.9,2.7,44.59,120.39,143.2,mud_brick,0.4,none,0.0,concrete,0.15,rockwool,0.094,dense_concrete,0.25,10.23,0.1353,double_pane,180.0,0,0.0,0.73,4.12,13,1300.0,none,False,305819.0,SOURCED,1.702,0.5875,80395736.3,54019.9,0.7151
SIM_001018,Pangong,4250.0,33.7595,78.6674,5.8,5.7,2.9,33.06,95.87,179.6,rammed_earth,0.24,straw_bale,0.116,cgi_sheet,0.002,eps,0.058,dense_concrete,0.21,1.27,0.019,triple_pane,180.0,0,0.0,0.76,4.45,8,800.0,flued_stove,False,139870.0,SOURCED,1.2624,0.7921,46127299.9,59658.3,0.7898
SIM_001019,Depsang,5330.0,35.3167,78.0167,7.7,3.8,3.1,29.26,90.71,100.3,rammed_earth,0.41,none,0.0,concrete,0.11,none,0.0,dense_concrete,0.21,7.17,0.1006,triple_pane,180.0,1,0.5,0.81,1.85,3,300.0,electric,False,205594.0,SOURCED,2.7826,0.3594,68925668.0,51679.8,0.6842
SIM_001020,Kargil,2676.0,34.5539,76.1349,4.5,6.0,2.8,27.0,75.6,178.0,stone_masonry,0.49,eps,0.108,pu_sandwich_panel,0.1,none,0.0,dense_concrete,0.13,3.55,0.0604,single_pane,180.0,0,0.0,0.59,3.43,4,400.0,flued_stove,False,245896.0,SOURCED,1.3658,0.7322,63084677.0,73045.7,0.967
SIM_001021,Leh,3500.0,34.1526,77.5771,8.6,4.3,2.8,36.98,103.54,153.5,rammed_earth,0.26,straw_bale,0.025,cgi_sheet,0.002,eps,0.133,dense_concrete,0.24,2.52,0.0349,single_pane,180.0,1,0.5,0.84,3.97,3,300.0,electric,False,172304.0,SOURCED,1.5667,0.6383,53926680.2,65764.1,0.8706
SIM_001022,Dras,3280.0,34.4293,75.7533,8.2,3.6,2.5,29.52,73.8,273.9,stone_masonry,0.45,rockwool,0.13,concrete,0.12,none,0.0,dense_concrete,0.2,6.17,0.1046,triple_pane,180.0,1,0.5,0.65,1.99,2,200.0,electric,False,293627.0,SOURCED,2.0889,0.4787,69997432.3,67647.9,0.8956
SIM_001023,Siachen,5400.0,35.4212,77.1095,7.8,3.3,3.0,25.74,77.22,192.5,pu_sandwich_panel,0.07,none,0.0,concrete,0.2,rockwool,0.035,dense_concrete,0.12,9.05,0.1359,triple_pane,180.0,1,0.5,0.29,4.21,6,600.0,unflued_combustion,True,217550.0,SOURCED,1.3156,0.7601,19259156.6,51194.2,0.6777
SIM_001024,Daulat Beg Oldie,5065.0,35.4057,77.9297,5.5,5.0,2.8,27.5,77.0,188.2,dense_concrete,0.27,eps,0.104,concrete,0.19,none,0.0,stone_floor,0.18,4.66,0.0793,double_pane,180.0,0,0.0,0.37,3.16,6,600.0,none,False,258157.0,SOURCED,2.067,0.4838,56409121.9,53552.3,0.709
SIM_001025,Galwan,4300.0,34.75,78.25,6.7,3.8,3.2,25.46,81.47,204.2,pu_sandwich_panel,0.14,none,0.0,cgi_sheet,0.002,eps,0.027,stone_floor,0.12,1.8,0.0268,double_pane,180.0,0,0.0,0.63,1.26,10,1000.0,electric,False,188807.0,SOURCED,1.3168,0.7594,7283984.5,59268.2,0.7846
SIM_001026,Hanle,4500.0,32.7784,78.9642,9.2,4.9,2.6,45.08,117.21,205.9,stone_masonry,0.31,straw_bale,0.074,pu_sandwich_panel,0.13,none,0.0,stone_floor,0.19,4.94,0.0674,double_pane,180.0,1,0.5,0.89,0.82,1,100.0,none,False,296236.0,SOURCED,1.4309,0.6989,62355923.5,57728.3,0.7642
SIM_001027,Nyoma,4180.0,33.1958,78.6508,9.9,5.0,3.1,49.5,153.45,23.5,stone_masonry,0.31,none,0.0,cgi_sheet,0.002,eps,0.049,stone_floor,0.15,8.82,0.0955,triple_pane,180.0,1,0.5,0.25,2.14,17,1700.0,electric,False,282206.0,SOURCED,2.6752,0.3738,68578252.0,60207.9,0.7971
SIM_001028,Chushul,4350.0,33.5936,78.6543,4.6,5.0,2.6,23.0,59.8,274.3,mud_brick,0.3,straw_bale,0.096,pu_sandwich_panel,0.14,none,0.0,dense_concrete,0.23,0.47,0.0094,single_pane,180.0,1,0.5,0.7,3.29,3,300.0,flued_stove,False,156053.0,SOURCED,1.1082,0.9024,35527271.9,58880.1,0.7795
SIM_001029,Rezang La,5000.0,33.425,78.8472,8.3,4.1,2.8,34.03,95.28,136.3,mud_brick,0.46,straw_bale,0.065,cgi_sheet,0.002,none,0.0,stone_floor,0.14,8.02,0.1155,single_pane,180.0,1,0.5,0.25,0.78,10,1000.0,flued_stove,False,170425.0,SOURCED,2.834,0.3529,53504486.6,54019.9,0.7151
SIM_001030,Pangong,4250.0,33.7595,78.6674,9.0,5.1,2.7,45.9,123.93,9.6,pu_sandwich_panel,0.14,none,0.0,pu_sandwich_panel,0.13,none,0.0,dense_concrete,0.11,0.89,0.0117,triple_pane,180.0,1,0.5,0.86,0.91,14,1400.0,none,False,319567.0,SOURCED,1.3017,0.7682,12635179.7,59658.3,0.7898
SIM_001031,Depsang,5330.0,35.3167,78.0167,4.8,3.4,2.8,16.32,45.7,168.9,dense_concrete,0.28,rockwool,0.049,pu_sandwich_panel,0.09,none,0.0,stone_floor,0.15,3.4,0.074,triple_pane,180.0,1,0.5,0.2,3.04,3,300.0,unflued_combustion,True,191363.0,SOURCED,1.2708,0.7869,32782558.6,51679.8,0.6842
SIM_001032,Kargil,2676.0,34.5539,76.1349,9.8,5.6,3.2,54.88,175.62,296.5,rammed_earth,0.46,none,0.0,concrete,0.14,none,0.0,stone_floor,0.25,8.44,0.0856,double_pane,180.0,0,0.0,0.71,1.94,6,600.0,flued_stove,False,296116.0,SOURCED,2.8643,0.3491,121616392.7,73045.7,0.967
SIM_001033,Leh,3500.0,34.1526,77.5771,4.9,3.3,2.7,16.17,43.66,355.8,dense_concrete,0.16,none,0.0,pu_sandwich_panel,0.13,none,0.0,stone_floor,0.12,1.78,0.0402,double_pane,180.0,1,0.5,0.25,3.8,6,600.0,electric,False,118705.0,SOURCED,3.1042,0.3221,19919268.0,65764.1,0.8706
SIM_001034,Dras,3280.0,34.4293,75.7533,6.1,5.8,2.7,35.38,95.53,68.0,stone_masonry,0.34,straw_bale,0.123,concrete,0.18,none,0.0,stone_floor,0.15,1.56,0.0243,single_pane,180.0,1,0.5,0.87,1.66,14,1400.0,none,False,205597.0,SOURCED,2.2701,0.4405,70514755.6,67647.9,0.8956
SIM_001035,Siachen,5400.0,35.4212,77.1095,8.9,6.0,3.1,53.4,165.54,175.4,rammed_earth,0.24,none,0.0,cgi_sheet,0.002,eps,0.052,stone_floor,0.17,7.58,0.0821,triple_pane,180.0,0,0.0,0.8,4.14,14,1400.0,none,False,201242.0,SOURCED,2.455,0.4073,56534150.3,51194.2,0.6777
SIM_001036,Daulat Beg Oldie,5065.0,35.4057,77.9297,8.6,4.2,2.6,36.12,93.91,351.5,stone_masonry,0.31,rockwool,0.106,pu_sandwich_panel,0.13,none,0.0,dense_concrete,0.23,2.38,0.0358,single_pane,180.0,1,0.5,0.54,1.13,7,700.0,electric,False,299408.0,SOURCED,1.0844,0.9222,59821578.6,53552.3,0.709
SIM_001037,Galwan,4300.0,34.75,78.25,9.6,5.0,2.8,48.0,134.4,40.6,rammed_earth,0.44,eps,0.147,cgi_sheet,0.002,none,0.0,stone_floor,0.16,10.78,0.1318,single_pane,180.0,0,0.0,0.33,3.97,3,300.0,unflued_combustion,True,229148.0,SOURCED,3.1047,0.3221,73366756.6,59268.2,0.7846
SIM_001038,Hanle,4500.0,32.7784,78.9642,8.8,3.6,2.8,31.68,88.7,169.3,dense_concrete,0.15,eps,0.134,concrete,0.14,none,0.0,stone_floor,0.22,5.53,0.0796,double_pane,180.0,1,0.5,0.56,0.2,12,1200.0,unflued_combustion,True,253676.0,SOURCED,1.982,0.5045,47428177.7,57728.3,0.7642
SIM_001039,Nyoma,4180.0,33.1958,78.6508,5.3,5.2,2.5,27.56,68.9,166.0,rammed_earth,0.35,rockwool,0.089,pu_sandwich_panel,0.15,none,0.0,dense_concrete,0.14,4.29,0.0817,triple_pane,180.0,1,0.5,0.42,0.64,8,800.0,none,False,210175.0,SOURCED,1.2575,0.7952,39706316.9,60207.9,0.7971
SIM_001040,Chushul,4350.0,33.5936,78.6543,8.7,5.0,2.8,43.5,121.8,184.4,stone_masonry,0.22,none,0.0,pu_sandwich_panel,0.15,none,0.0,dense_concrete,0.22,7.85,0.1023,double_pane,180.0,0,0.0,0.27,3.14,17,1700.0,electric,False,295184.0,SOURCED,2.6321,0.3799,53017038.4,58880.1,0.7795
SIM_001041,Rezang La,5000.0,33.425,78.8472,7.7,4.0,2.7,30.8,83.16,153.1,mud_brick,0.49,straw_bale,0.135,pu_sandwich_panel,0.07,none,0.0,dense_concrete,0.11,3.28,0.0519,triple_pane,180.0,1,0.5,0.47,3.65,7,700.0,flued_stove,False,202079.0,SOURCED,1.3361,0.7484,53483127.6,54019.9,0.7151
SIM_001042,Pangong,4250.0,33.7595,78.6674,8.0,4.3,2.9,34.4,99.76,114.7,mud_brick,0.33,straw_bale,0.112,concrete,0.12,eps,0.129,dense_concrete,0.19,0.33,0.0046,double_pane,180.0,0,0.0,0.25,0.47,4,400.0,flued_stove,False,205196.0,SOURCED,1.1846,0.8442,61392633.6,59658.3,0.7898
SIM_001043,Depsang,5330.0,35.3167,78.0167,5.6,4.8,3.2,26.88,86.02,164.2,rammed_earth,0.4,none,0.0,cgi_sheet,0.002,none,0.0,dense_concrete,0.14,7.56,0.1136,single_pane,180.0,0,0.0,0.61,0.36,8,800.0,none,False,111848.0,SOURCED,3.5663,0.2804,51395780.7,51679.8,0.6842
SIM_001044,Kargil,2676.0,34.5539,76.1349,7.9,3.4,3.1,26.86,83.27,323.1,mud_brick,0.42,straw_bale,0.076,concrete,0.17,none,0.0,dense_concrete,0.14,2.36,0.0337,single_pane,180.0,0,0.0,0.3,1.42,3,300.0,unflued_combustion,True,172142.0,SOURCED,2.0902,0.4784,62788115.8,73045.7,0.967
SIM_001045,Leh,3500.0,34.1526,77.5771,4.6,4.8,2.5,22.08,55.2,196.2,dense_concrete,0.28,straw_bale,0.118,pu_sandwich_panel,0.08,none,0.0,stone_floor,0.24,1.77,0.0377,single_pane,180.0,0,0.0,0.41,1.03,3,300.0,flued_stove,False,191323.0,SOURCED,1.2612,0.7929,41592890.5,65764.1,0.8706
SIM_001046,Dras,3280.0,34.4293,75.7533,9.9,4.0,3.2,39.6,126.72,317.5,stone_masonry,0.26,rockwool,0.128,cgi_sheet,0.002,rockwool,0.098,dense_concrete,0.17,0.55,0.0062,single_pane,180.0,1,0.5,0.35,2.29,9,900.0,electric,False,285463.0,SOURCED,1.1158,0.8962,62847917.2,67647.9,0.8956
SIM_001047,Siachen,5400.0,35.4212,77.1095,9.3,3.4,2.5,31.62,79.05,200.3,pu_sandwich_panel,0.08,none,0.0,pu_sandwich_panel,0.1,none,0.0,stone_floor,0.17,4.16,0.0655,single_pane,180.0,1,0.5,0.38,3.65,11,1100.0,flued_stove,False,183205.0,SOURCED,1.2182,0.8209,11919483.0,51194.2,0.6777
SIM_001048,Daulat Beg Oldie,5065.0,35.4057,77.9297,4.9,4.1,2.9,20.09,58.26,158.2,pu_sandwich_panel,0.06,none,0.0,pu_sandwich_panel,0.12,none,0.0,dense_concrete,0.15,6.09,0.1167,double_pane,180.0,0,0.0,0.34,0.4,3,300.0,flued_stove,False,136626.0,SOURCED,1.264,0.7911,7262495.2,53552.3,0.709
SIM_001049,Galwan,4300.0,34.75,78.25,7.9,4.0,2.8,31.6,88.48,272.6,rammed_earth,0.29,straw_bale,0.127,concrete,0.11,eps,0.029,stone_floor,0.19,7.75,0.1163,double_pane,180.0,1,0.5,0.22,3.53,5,500.0,electric,False,175607.0,SOURCED,1.437,0.6959,53076572.4,59268.2,0.7846
SIM_001050,Hanle,4500.0,32.7784,78.9642,8.8,3.6,3.2,31.68,101.38,153.1,stone_masonry,0.38,none,0.0,cgi_sheet,0.002,eps,0.04,stone_floor,0.11,1.42,0.0179,double_pane,180.0,0,0.0,0.21,4.22,6,600.0,unflued_combustion,True,186919.0,SOURCED,2.7894,0.3585,67472909.7,57728.3,0.7642
SIM_001051,Nyoma,4180.0,33.1958,78.6508,5.0,5.5,3.1,27.5,85.25,134.7,mud_brick,0.3,straw_bale,0.036,concrete,0.19,none,0.0,dense_concrete,0.17,5.37,0.0825,single_pane,180.0,1,0.5,0.52,4.27,8,800.0,flued_stove,False,160933.0,SOURCED,2.204,0.4537,50070868.8,60207.9,0.7971
SIM_001052,Chushul,4350.0,33.5936,78.6543,9.8,5.8,2.6,56.84,147.78,353.7,stone_masonry,0.21,rockwool,0.085,cgi_sheet,0.002,eps,0.047,dense_concrete,0.12,2.42,0.0298,single_pane,180.0,0,0.0,0.71,3.73,2,200.0,none,False,219077.0,SOURCED,1.6627,0.6014,49910883.7,58880.1,0.7795
SIM_001053,Rezang La,5000.0,33.425,78.8472,7.8,4.1,2.4,31.98,76.75,144.3,dense_concrete,0.26,rockwool,0.107,pu_sandwich_panel,0.11,none,0.0,stone_floor,0.18,8.26,0.1446,triple_pane,180.0,1,0.5,0.87,1.82,12,1200.0,unflued_combustion,True,321501.0,SOURCED,1.2563,0.796,41913583.6,54019.9,0.7151
SIM_001054,Pangong,4250.0,33.7595,78.6674,4.6,3.9,2.6,17.94,46.64,136.9,pu_sandwich_panel,0.14,none,0.0,cgi_sheet,0.002,rockwool,0.147,dense_concrete,0.13,3.68,0.0833,double_pane,180.0,1,0.5,0.39,4.38,1,100.0,flued_stove,False,156854.0,SOURCED,1.1104,0.9006,5959425.6,59658.3,0.7898
SIM_001055,Depsang,5330.0,35.3167,78.0167,6.0,4.6,2.4,27.6,66.24,151.2,stone_masonry,0.41,eps,0.107,cgi_sheet,0.002,rockwool,0.136,dense_concrete,0.23,2.45,0.0482,single_pane,180.0,1,0.5,0.79,4.13,7,700.0,electric,False,222620.0,SOURCED,1.1107,0.9003,55215630.7,51679.8,0.6842
SIM_001056,Kargil,2676.0,34.5539,76.1349,4.6,5.7,2.8,26.22,73.42,317.8,stone_masonry,0.2,eps,0.136,pu_sandwich_panel,0.12,none,0.0,dense_concrete,0.22,4.69,0.0813,single_pane,180.0,0,0.0,0.57,3.83,7,700.0,electric,False,204943.0,SOURCED,1.2193,0.8201,35132668.3,73045.7,0.967
SIM_001057,Leh,3500.0,34.1526,77.5771,7.5,5.7,3.0,42.75,128.25,201.2,mud_brick,0.49,rockwool,0.126,cgi_sheet,0.002,eps,0.056,stone_floor,0.19,3.59,0.0453,triple_pane,180.0,1,0.5,0.83,1.01,13,1300.0,unflued_combustion,True,303568.0,SOURCED,1.2663,0.7897,73585706.9,65764.1,0.8706
SIM_001058,Dras,3280.0,34.4293,75.7533,8.3,4.6,2.9,38.18,110.72,189.8,rammed_earth,0.39,rockwool,0.094,cgi_sheet,0.002,eps,0.083,dense_concrete,0.17,0.94,0.0126,double_pane,180.0,0,0.0,0.37,1.52,6,600.0,flued_stove,False,207797.0,SOURCED,1.2354,0.8095,67568609.6,67647.9,0.8956
SIM_001059,Siachen,5400.0,35.4212,77.1095,5.3,5.0,3.2,26.5,84.8,93.9,mud_brick,0.24,straw_bale,0.13,concrete,0.17,none,0.0,stone_floor,0.14,5.2,0.0789,single_pane,180.0,0,0.0,0.23,3.44,8,800.0,flued_stove,False,131530.0,SOURCED,2.2294,0.4486,41666850.8,51194.2,0.6777
SIM_001060,Daulat Beg Oldie,5065.0,35.4057,77.9297,4.8,5.6,2.5,26.88,67.2,31.5,mud_brick,0.21,none,0.0,concrete,0.19,rockwool,0.138,dense_concrete,0.19,3.87,0.0744,triple_pane,180.0,0,0.0,0.78,3.04,8,800.0,electric,False,169737.0,SOURCED,2.0399,0.4902,38811085.2,53552.3,0.709
SIM_001061,Galwan,4300.0,34.75,78.25,8.7,3.4,2.7,29.58,79.87,163.6,mud_brick,0.3,rockwool,0.026,cgi_sheet,0.002,eps,0.028,dense_concrete,0.21,4.89,0.0748,single_pane,180.0,0,0.0,0.8,0.58,2,200.0,unflued_combustion,True,146022.0,SOURCED,1.6923,0.5909,41793932.3,59268.2,0.7846
SIM_001062,Hanle,4500.0,32.7784,78.9642,6.3,4.5,2.8,28.35,79.38,60.7,dense_concrete,0.18,eps,0.14,cgi_sheet,0.002,eps,0.13,dense_concrete,0.21,2.64,0.0437,double_pane,180.0,0,0.0,0.58,2.48,5,500.0,electric,False,233094.0,SOURCED,1.0895,0.9179,38324471.7,57728.3,0.7642
SIM_001063,Nyoma,4180.0,33.1958,78.6508,6.4,4.6,3.1,29.44,91.26,181.9,mud_brick,0.23,rockwool,0.149,concrete,0.12,eps,0.145,stone_floor,0.23,8.57,0.1257,triple_pane,180.0,1,0.5,0.47,3.17,11,1100.0,flued_stove,False,285607.0,SOURCED,1.0322,0.9688,43612483.3,60207.9,0.7971
SIM_001064,Chushul,4350.0,33.5936,78.6543,7.6,3.7,2.9,28.12,81.55,163.6,rammed_earth,0.41,rockwool,0.061,concrete,0.15,eps,0.077,dense_concrete,0.18,1.93,0.0294,double_pane,180.0,0,0.0,0.65,2.36,8,800.0,flued_stove,False,187839.0,SOURCED,1.2402,0.8063,68583376.7,58880.1,0.7795
SIM_001065,Rezang La,5000.0,33.425,78.8472,9.7,4.2,2.9,40.74,118.15,152.5,mud_brick,0.4,eps,0.048,concrete,0.15,eps,0.06,dense_concrete,0.21,5.61,0.0696,single_pane,180.0,1,0.5,0.33,2.59,3,300.0,flued_stove,False,274832.0,SOURCED,1.2902,0.7751,78915188.5,54019.9,0.7151
SIM_001066,Pangong,4250.0,33.7595,78.6674,7.8,3.8,2.6,29.64,77.06,174.9,dense_concrete,0.3,rockwool,0.15,concrete,0.16,eps,0.098,stone_floor,0.18,6.3,0.1044,single_pane,180.0,1,0.5,0.24,4.01,3,300.0,electric,False,314527.0,SOURCED,1.2237,0.8172,60008166.6,59658.3,0.7898
SIM_001067,Depsang,5330.0,35.3167,78.0167,4.0,3.4,2.7,13.6,36.72,195.9,pu_sandwich_panel,0.14,none,0.0,pu_sandwich_panel,0.14,none,0.0,dense_concrete,0.22,1.12,0.028,triple_pane,180.0,1,0.5,0.32,2.6,3,300.0,electric,False,155168.0,SOURCED,0.8286,1.2069,7317977.7,51679.8,0.6842
SIM_001068,Kargil,2676.0,34.5539,76.1349,7.6,5.4,2.4,41.04,98.5,333.3,dense_concrete,0.22,eps,0.028,cgi_sheet,0.002,eps,0.038,dense_concrete,0.18,3.15,0.0505,triple_pane,180.0,1,0.5,0.5,2.25,2,200.0,unflued_combustion,True,236242.0,SOURCED,1.6989,0.5886,47486739.2,73045.7,0.967
SIM_001069,Leh,3500.0,34.1526,77.5771,6.7,5.7,2.8,38.19,106.93,210.0,stone_masonry,0.23,straw_bale,0.053,concrete,0.12,none,0.0,dense_concrete,0.14,7.04,0.1014,triple_pane,180.0,1,0.5,0.35,4.37,10,1000.0,unflued_combustion,True,216841.0,SOURCED,2.5999,0.3846,52519640.0,65764.1,0.8706
SIM_001070,Dras,3280.0,34.4293,75.7533,9.6,3.6,2.7,34.56,93.31,192.6,pu_sandwich_panel,0.12,none,0.0,cgi_sheet,0.002,rockwool,0.145,dense_concrete,0.18,0.2,0.0028,double_pane,180.0,0,0.0,0.66,2.87,7,700.0,none,False,236741.0,SOURCED,1.0658,0.9383,15330318.6,67647.9,0.8956
SIM_001071,Siachen,5400.0,35.4212,77.1095,8.4,5.6,2.7,47.04,127.01,206.4,rammed_earth,0.44,eps,0.053,pu_sandwich_panel,0.07,none,0.0,dense_concrete,0.1,1.58,0.0209,double_pane,180.0,1,0.5,0.31,0.78,17,1700.0,flued_stove,False,206981.0,SOURCED,1.5488,0.6457,69851252.0,51194.2,0.6777
SIM_001072,Daulat Beg Oldie,5065.0,35.4057,77.9297,9.7,3.5,2.4,33.95,81.48,358.9,dense_concrete,0.28,rockwool,0.135,concrete,0.13,none,0.0,stone_floor,0.1,3.54,0.0559,single_pane,180.0,0,0.0,0.85,3.31,11,1100.0,electric,False,268816.0,SOURCED,2.5056,0.3991,56273171.5,53552.3,0.709
SIM_001073,Galwan,4300.0,34.75,78.25,5.3,5.4,2.5,28.62,71.55,151.6,pu_sandwich_panel,0.09,none,0.0,cgi_sheet,0.002,none,0.0,dense_concrete,0.14,4.27,0.0798,single_pane,180.0,1,0.5,0.41,1.33,2,200.0,unflued_combustion,True,129069.0,SOURCED,2.7242,0.3671,9734486.2,59268.2,0.7846
SIM_001074,Hanle,4500.0,32.7784,78.9642,5.3,5.0,3.0,26.5,79.5,16.6,mud_brick,0.3,none,0.0,concrete,0.16,eps,0.143,dense_concrete,0.17,0.54,0.0087,triple_pane,180.0,0,0.0,0.59,1.71,6,600.0,flued_stove,False,157516.0,SOURCED,1.8642,0.5364,47800681.1,57728.3,0.7642
SIM_001075,Nyoma,4180.0,33.1958,78.6508,9.0,4.7,2.7,42.3,114.21,175.6,stone_masonry,0.29,rockwool,0.147,cgi_sheet,0.002,rockwool,0.032,dense_concrete,0.23,6.37,0.0861,triple_pane,180.0,1,0.5,0.48,3.31,1,100.0,none,False,323751.0,SOURCED,1.2838,0.7789,62767744.9,60207.9,0.7971
SIM_001076,Chushul,4350.0,33.5936,78.6543,8.9,5.1,2.6,45.39,118.01,167.2,rammed_earth,0.28,rockwool,0.15,cgi_sheet,0.002,eps,0.073,dense_concrete,0.14,2.08,0.0286,single_pane,180.0,1,0.5,0.32,4.0,1,100.0,electric,False,216476.0,SOURCED,1.361,0.7348,51234476.4,58880.1,0.7795
SIM_001077,Rezang La,5000.0,33.425,78.8472,9.4,5.4,3.2,50.76,162.43,96.0,rammed_earth,0.45,none,0.0,cgi_sheet,0.002,eps,0.069,stone_floor,0.18,1.18,0.0125,triple_pane,180.0,0,0.0,0.38,3.74,9,900.0,none,False,211656.0,SOURCED,2.0329,0.4919,95802519.1,54019.9,0.7151
SIM_001078,Pangong,4250.0,33.7595,78.6674,8.0,5.2,2.9,41.6,120.64,357.6,dense_concrete,0.16,straw_bale,0.068,cgi_sheet,0.002,none,0.0,stone_floor,0.23,1.02,0.0133,triple_pane,180.0,1,0.5,0.48,3.05,4,400.0,unflued_combustion,True,204057.0,SOURCED,2.8338,0.3529,49555047.6,59658.3,0.7898
SIM_001079,Depsang,5330.0,35.3167,78.0167,8.9,5.0,2.8,44.5,124.6,180.4,stone_masonry,0.37,straw_bale,0.032,pu_sandwich_panel,0.14,none,0.0,dense_concrete,0.17,8.35,0.1073,triple_pane,180.0,1,0.5,0.62,3.09,6,600.0,flued_stove,False,366796.0,SOURCED,1.6078,0.622,70108322.5,51679.8,0.6842
SIM_001080,Kargil,2676.0,34.5539,76.1349,9.4,3.2,2.8,30.08,84.22,6.9,rammed_earth,0.2,rockwool,0.101,pu_sandwich_panel,0.08,none,0.0,stone_floor,0.23,2.83,0.0401,triple_pane,180.0,1,0.5,0.4,0.55,7,700.0,none,False,196507.0,SOURCED,1.0643,0.9396,39576829.9,73045.7,0.967
SIM_001081,Leh,3500.0,34.1526,77.5771,8.8,4.6,2.6,40.48,105.25,235.4,mud_brick,0.29,rockwool,0.053,concrete,0.15,none,0.0,dense_concrete,0.16,2.89,0.0415,double_pane,180.0,1,0.5,0.87,2.13,12,1200.0,unflued_combustion,True,206691.0,SOURCED,2.3283,0.4295,58073230.1,65764.1,0.8706
SIM_001082,Dras,3280.0,34.4293,75.7533,8.9,5.5,3.1,48.95,151.75,180.1,pu_sandwich_panel,0.09,none,0.0,concrete,0.19,none,0.0,stone_floor,0.12,8.18,0.0916,double_pane,180.0,1,0.5,0.82,2.91,9,900.0,unflued_combustion,True,279504.0,SOURCED,2.2373,0.447,34418719.9,67647.9,0.8956
SIM_001083,Siachen,5400.0,35.4212,77.1095,9.5,5.2,2.9,49.4,143.26,277.3,mud_brick,0.33,straw_bale,0.074,concrete,0.11,eps,0.082,dense_concrete,0.25,1.85,0.0217,single_pane,180.0,1,0.5,0.28,3.11,8,800.0,flued_stove,False,279252.0,SOURCED,1.2568,0.7957,83542527.8,51194.2,0.6777
SIM_001084,Daulat Beg Oldie,5065.0,35.4057,77.9297,8.0,5.6,3.1,44.8,138.88,200.8,stone_masonry,0.33,rockwool,0.144,cgi_sheet,0.002,eps,0.052,dense_concrete,0.24,9.24,0.1096,triple_pane,180.0,1,0.5,0.86,1.08,15,1500.0,unflued_combustion,True,394076.0,SOURCED,1.1549,0.8659,75630692.9,53552.3,0.709
SIM_001085,Galwan,4300.0,34.75,78.25,4.7,5.2,3.1,24.44,75.76,208.1,dense_concrete,0.13,eps,0.05,concrete,0.1,eps,0.059,stone_floor,0.24,5.02,0.0818,double_pane,180.0,1,0.5,0.22,1.58,4,400.0,electric,False,181690.0,SOURCED,1.2696,0.7876,35146081.9,59268.2,0.7846
SIM_001086,Hanle,4500.0,32.7784,78.9642,9.5,3.5,2.9,33.25,96.42,169.1,dense_concrete,0.27,eps,0.147,pu_sandwich_panel,0.1,none,0.0,stone_floor,0.15,1.53,0.0203,triple_pane,180.0,0,0.0,0.71,0.56,3,300.0,flued_stove,False,343035.0,SOURCED,1.1497,0.8698,57112028.6,57728.3,0.7642
SIM_001087,Nyoma,4180.0,33.1958,78.6508,8.2,4.3,2.5,35.26,88.15,153.9,dense_concrete,0.27,rockwool,0.118,concrete,0.18,none,0.0,stone_floor,0.16,9.0,0.144,single_pane,180.0,0,0.0,0.78,2.5,5,500.0,unflued_combustion,True,278311.0,SOURCED,2.5347,0.3945,60134692.6,60207.9,0.7971
SIM_001088,Chushul,4350.0,33.5936,78.6543,8.6,5.7,2.4,49.02,117.65,189.3,dense_concrete,0.25,none,0.0,cgi_sheet,0.002,none,0.0,stone_floor,0.23,8.07,0.1176,triple_pane,180.0,1,0.5,0.3,2.45,9,900.0,electric,False,299743.0,SOURCED,3.9629,0.2523,59245500.1,58880.1,0.7795
SIM_001089,Rezang La,5000.0,33.425,78.8472,8.2,4.7,2.7,38.54,104.06,155.6,rammed_earth,0.32,rockwool,0.058,concrete,0.19,rockwool,0.139,dense_concrete,0.14,2.2,0.0316,single_pane,180.0,1,0.5,0.48,3.14,9,900.0,unflued_combustion,True,227266.0,SOURCED,1.375,0.7273,68557364.3,54019.9,0.7151
SIM_001090,Pangong,4250.0,33.7595,78.6674,8.6,4.6,2.9,39.56,114.72,209.1,stone_masonry,0.35,eps,0.084,cgi_sheet,0.002,none,0.0,dense_concrete,0.19,8.72,0.1139,triple_pane,180.0,0,0.0,0.32,0.61,7,700.0,none,False,285413.0,SOURCED,2.6566,0.3764,65742359.4,59658.3,0.7898
SIM_001091,Depsang,5330.0,35.3167,78.0167,7.8,3.4,3.1,26.52,82.21,206.0,mud_brick,0.49,none,0.0,concrete,0.19,rockwool,0.122,dense_concrete,0.22,0.57,0.0082,double_pane,180.0,1,0.5,0.61,4.29,10,1000.0,none,False,224047.0,SOURCED,1.4826,0.6745,75679805.4,51679.8,0.6842
SIM_001092,Kargil,2676.0,34.5539,76.1349,6.7,4.5,2.6,30.15,78.39,198.2,pu_sandwich_panel,0.11,none,0.0,cgi_sheet,0.002,eps,0.084,stone_floor,0.2,4.01,0.0689,double_pane,180.0,0,0.0,0.42,0.61,3,300.0,unflued_combustion,True,181039.0,SOURCED,1.2398,0.8066,13538394.4,73045.7,0.967
SIM_001093,Leh,3500.0,34.1526,77.5771,7.8,5.7,3.2,44.46,142.27,137.5,rammed_earth,0.33,straw_bale,0.097,cgi_sheet,0.002,rockwool,0.14,dense_concrete,0.1,8.2,0.0949,triple_pane,180.0,1,0.5,0.21,0.99,8,800.0,unflued_combustion,True,240971.0,SOURCED,1.4659,0.6822,58886877.4,65764.1,0.8706
SIM_001094,Dras,3280.0,34.4293,75.7533,9.0,5.0,2.5,45.0,112.5,157.6,stone_masonry,0.42,none,0.0,concrete,0.15,rockwool,0.143,dense_concrete,0.18,5.49,0.0784,single_pane,180.0,0,0.0,0.54,0.18,2,200.0,none,False,305507.0,SOURCED,2.4135,0.4143,89137620.4,67647.9,0.8956
SIM_001095,Siachen,5400.0,35.4212,77.1095,9.0,3.4,2.9,30.6,88.74,177.0,rammed_earth,0.48,eps,0.03,concrete,0.17,eps,0.034,dense_concrete,0.19,9.19,0.1278,triple_pane,180.0,1,0.5,0.32,0.95,4,400.0,unflued_combustion,True,262447.0,SOURCED,1.4306,0.699,79698243.3,51194.2,0.6777
SIM_001096,Daulat Beg Oldie,5065.0,35.4057,77.9297,5.7,5.9,2.9,33.63,97.53,177.4,dense_concrete,0.13,none,0.0,cgi_sheet,0.002,eps,0.082,dense_concrete,0.13,5.0,0.0743,single_pane,180.0,1,0.5,0.87,3.15,13,1300.0,electric,False,152105.0,SOURCED,3.0806,0.3246,29094917.3,53552.3,0.709
SIM_001097,Galwan,4300.0,34.75,78.25,4.4,3.0,2.9,13.2,38.28,57.7,dense_concrete,0.27,straw_bale,0.105,cgi_sheet,0.002,eps,0.12,dense_concrete,0.14,5.05,0.1177,triple_pane,180.0,1,0.5,0.51,0.65,4,400.0,flued_stove,False,170029.0,SOURCED,1.1784,0.8486,28739454.4,59268.2,0.7846
SIM_001098,Hanle,4500.0,32.7784,78.9642,7.7,4.1,3.0,31.57,94.71,164.0,dense_concrete,0.2,none,0.0,concrete,0.18,rockwool,0.108,stone_floor,0.17,10.24,0.1446,double_pane,180.0,1,0.5,0.61,4.1,1,100.0,unflued_combustion,True,273086.0,SOURCED,2.6796,0.3732,52542458.7,57728.3,0.7642
SIM_001099,Nyoma,4180.0,33.1958,78.6508,5.0,5.3,2.9,26.5,76.85,153.5,stone_masonry,0.27,rockwool,0.107,cgi_sheet,0.002,eps,0.146,dense_concrete,0.16,3.5,0.0586,triple_pane,180.0,0,0.0,0.42,3.44,4,400.0,unflued_combustion,True,206299.0,SOURCED,1.1616,0.8609,41002597.3,60207.9,0.7971
SIM_001100,Chushul,4350.0,33.5936,78.6543,7.1,4.9,2.9,34.79,100.89,194.8,rammed_earth,0.33,eps,0.11,pu_sandwich_panel,0.14,none,0.0,stone_floor,0.11,2.32,0.0333,single_pane,180.0,1,0.5,0.25,1.23,3,300.0,none,False,214687.0,SOURCED,1.3225,0.7561,48707300.3,58880.1,0.7795
SIM_001101,Rezang La,5000.0,33.425,78.8472,9.9,5.3,2.4,52.47,125.93,186.7,dense_concrete,0.24,eps,0.08,concrete,0.17,eps,0.111,dense_concrete,0.25,3.48,0.0477,triple_pane,180.0,0,0.0,0.72,1.48,7,700.0,unflued_combustion,True,422180.0,SOURCED,1.2245,0.8167,89527876.7,54019.9,0.7151
SIM_001102,Pangong,4250.0,33.7595,78.6674,7.7,4.9,2.9,37.73,109.42,158.8,mud_brick,0.3,rockwool,0.056,pu_sandwich_panel,0.15,none,0.0,dense_concrete,0.24,4.21,0.0576,double_pane,180.0,1,0.5,0.32,2.99,2,200.0,flued_stove,False,290166.0,SOURCED,1.1265,0.8877,52295099.1,59658.3,0.7898
SIM_001103,Depsang,5330.0,35.3167,78.0167,4.3,4.8,2.8,20.64,57.79,183.4,rammed_earth,0.36,rockwool,0.105,cgi_sheet,0.002,none,0.0,stone_floor,0.15,1.71,0.0336,double_pane,180.0,0,0.0,0.34,1.81,6,600.0,flued_stove,False,114498.0,SOURCED,2.4469,0.4087,38895794.0,51679.8,0.6842
SIM_001104,Kargil,2676.0,34.5539,76.1349,6.0,5.5,2.8,33.0,92.4,206.8,rammed_earth,0.22,eps,0.036,concrete,0.13,rockwool,0.084,dense_concrete,0.24,2.42,0.0376,double_pane,180.0,1,0.5,0.61,2.02,12,1200.0,flued_stove,False,181875.0,SOURCED,1.3162,0.7598,52906740.9,73045.7,0.967
SIM_001105,Leh,3500.0,34.1526,77.5771,5.9,4.2,2.9,24.78,71.86,358.1,mud_brick,0.42,rockwool,0.025,pu_sandwich_panel,0.12,none,0.0,dense_concrete,0.23,5.1,0.0871,triple_pane,180.0,1,0.5,0.24,0.18,4,400.0,none,False,225787.0,SOURCED,1.1997,0.8335,46994480.2,65764.1,0.8706
SIM_001106,Dras,3280.0,34.4293,75.7533,9.4,4.6,3.0,43.24,129.72,197.9,mud_brick,0.27,straw_bale,0.088,concrete,0.1,none,0.0,stone_floor,0.22,7.07,0.0842,double_pane,180.0,1,0.5,0.64,4.0,10,1000.0,flued_stove,False,223000.0,SOURCED,2.3234,0.4304,62690646.5,67647.9,0.8956
SIM_001107,Siachen,5400.0,35.4212,77.1095,7.3,5.0,2.6,36.5,94.9,191.2,rammed_earth,0.31,straw_bale,0.053,pu_sandwich_panel,0.09,none,0.0,dense_concrete,0.17,6.42,0.1004,single_pane,180.0,1,0.5,0.51,4.36,11,1100.0,unflued_combustion,True,179352.0,SOURCED,1.4925,0.67,47231243.3,51194.2,0.6777
SIM_001108,Daulat Beg Oldie,5065.0,35.4057,77.9297,6.0,3.4,2.9,20.4,59.16,242.9,stone_masonry,0.34,rockwool,0.032,cgi_sheet,0.002,none,0.0,dense_concrete,0.25,4.17,0.0765,triple_pane,180.0,1,0.5,0.85,2.23,7,700.0,none,False,178787.0,SOURCED,2.4315,0.4113,46501774.1,53552.3,0.709
SIM_001109,Galwan,4300.0,34.75,78.25,6.4,4.6,2.5,29.44,73.6,48.7,pu_sandwich_panel,0.11,none,0.0,pu_sandwich_panel,0.1,none,0.0,dense_concrete,0.19,2.85,0.0518,double_pane,180.0,1,0.5,0.37,0.39,2,200.0,electric,False,206637.0,SOURCED,1.1132,0.8983,13409424.9,59268.2,0.7846
SIM_001110,Hanle,4500.0,32.7784,78.9642,7.8,4.3,3.1,33.54,103.97,199.2,rammed_earth,0.4,rockwool,0.131,concrete,0.12,rockwool,0.048,stone_floor,0.1,8.53,0.1137,double_pane,180.0,1,0.5,0.22,3.47,2,200.0,flued_stove,False,242531.0,SOURCED,1.4189,0.7048,64753054.9,57728.3,0.7642
SIM_001111,Nyoma,4180.0,33.1958,78.6508,8.1,3.7,3.2,29.97,95.9,191.3,mud_brick,0.5,rockwool,0.14,cgi_sheet,0.002,none,0.0,stone_floor,0.22,6.34,0.084,triple_pane,180.0,0,0.0,0.72,1.95,9,900.0,none,False,282114.0,SOURCED,2.2698,0.4406,66449361.4,60207.9,0.7971
SIM_001112,Chushul,4350.0,33.5936,78.6543,4.9,3.5,2.9,17.15,49.74,175.6,mud_brick,0.32,none,0.0,cgi_sheet,0.002,rockwool,0.07,dense_concrete,0.1,3.41,0.07,triple_pane,180.0,0,0.0,0.36,2.8,3,300.0,electric,False,99249.0,SOURCED,1.9843,0.504,25851088.1,58880.1,0.7795
SIM_001113,Rezang La,5000.0,33.425,78.8472,4.2,3.8,2.5,15.96,39.9,151.8,dense_concrete,0.15,eps,0.069,pu_sandwich_panel,0.11,none,0.0,stone_floor,0.14,2.07,0.0517,double_pane,180.0,1,0.5,0.56,3.02,5,500.0,electric,False,123152.0,SOURCED,1.2595,0.794,18052541.4,54019.9,0.7151
SIM_001114,Pangong,4250.0,33.7595,78.6674,7.5,3.4,2.8,25.5,71.4,182.0,pu_sandwich_panel,0.05,none,0.0,pu_sandwich_panel,0.06,none,0.0,dense_concrete,0.12,2.19,0.0359,triple_pane,180.0,1,0.5,0.72,4.23,5,500.0,flued_stove,False,118819.0,SOURCED,1.2884,0.7762,7345132.7,59658.3,0.7898
SIM_001115,Depsang,5330.0,35.3167,78.0167,6.1,3.5,2.5,21.35,53.37,197.4,stone_masonry,0.37,eps,0.07,concrete,0.11,rockwool,0.075,dense_concrete,0.17,0.96,0.02,single_pane,180.0,0,0.0,0.66,3.58,4,400.0,none,False,164713.0,SOURCED,1.286,0.7776,49053987.0,51679.8,0.6842
SIM_001116,Kargil,2676.0,34.5539,76.1349,4.3,3.8,2.7,16.34,44.12,165.8,pu_sandwich_panel,0.11,none,0.0,cgi_sheet,0.002,eps,0.127,stone_floor,0.15,0.06,0.0014,triple_pane,180.0,0,0.0,0.28,0.82,1,100.0,unflued_combustion,True,112831.0,SOURCED,1.055,0.9479,5715305.2,73045.7,0.967
SIM_001117,Leh,3500.0,34.1526,77.5771,9.1,3.2,2.5,29.12,72.8,200.8,mud_brick,0.25,rockwool,0.072,cgi_sheet,0.002,rockwool,0.15,dense_concrete,0.24,4.22,0.0686,single_pane,180.0,0,0.0,0.4,2.36,3,300.0,flued_stove,False,182567.0,SOURCED,1.2512,0.7992,38121112.4,65764.1,0.8706
SIM_001118,Dras,3280.0,34.4293,75.7533,5.9,4.7,2.7,27.73,74.87,166.7,mud_brick,0.43,eps,0.115,cgi_sheet,0.002,none,0.0,dense_concrete,0.25,2.1,0.0367,triple_pane,180.0,1,0.5,0.87,3.25,10,1000.0,flued_stove,False,201251.0,SOURCED,2.3786,0.4204,51912176.5,67647.9,0.8956
SIM_001119,Siachen,5400.0,35.4212,77.1095,6.2,4.2,2.6,26.04,67.7,183.6,mud_brick,0.27,rockwool,0.141,concrete,0.18,rockwool,0.122,dense_concrete,0.2,4.13,0.0764,single_pane,180.0,0,0.0,0.52,4.48,5,500.0,flued_stove,False,204305.0,SOURCED,1.266,0.7899,43392942.3,51194.2,0.6777
SIM_001120,Daulat Beg Oldie,5065.0,35.4057,77.9297,7.2,4.9,2.4,35.28,84.67,293.7,pu_sandwich_panel,0.08,none,0.0,pu_sandwich_panel,0.14,none,0.0,dense_concrete,0.14,3.1,0.0534,single_pane,180.0,0,0.0,0.33,3.0,1,100.0,none,False,200888.0,SOURCED,1.4021,0.7132,11943394.2,53552.3,0.709
SIM_001121,Galwan,4300.0,34.75,78.25,8.8,5.6,2.6,49.28,128.13,198.7,pu_sandwich_panel,0.12,none,0.0,pu_sandwich_panel,0.07,none,0.0,stone_floor,0.23,1.4,0.0187,triple_pane,180.0,1,0.5,0.31,3.56,3,300.0,none,False,295361.0,SOURCED,1.1776,0.8492,24873597.9,59268.2,0.7846
SIM_001122,Hanle,4500.0,32.7784,78.9642,5.4,5.1,2.5,27.54,68.85,187.9,mud_brick,0.24,eps,0.058,concrete,0.13,rockwool,0.134,dense_concrete,0.14,3.05,0.0581,triple_pane,180.0,0,0.0,0.83,4.37,2,200.0,flued_stove,False,164433.0,SOURCED,1.3595,0.7356,35158927.6,57728.3,0.7642
SIM_001123,Nyoma,4180.0,33.1958,78.6508,4.6,3.9,2.8,17.94,50.23,179.4,rammed_earth,0.24,none,0.0,concrete,0.1,rockwool,0.026,stone_floor,0.17,4.17,0.0876,double_pane,180.0,1,0.5,0.64,0.32,5,500.0,unflued_combustion,True,89338.0,SOURCED,2.574,0.3885,29427830.1,60207.9,0.7971
SIM_001124,Chushul,4350.0,33.5936,78.6543,7.1,4.2,2.7,29.82,80.51,186.6,pu_sandwich_panel,0.07,none,0.0,concrete,0.14,eps,0.088,stone_floor,0.1,5.18,0.0849,single_pane,180.0,1,0.5,0.52,0.88,10,1000.0,flued_stove,False,151285.0,SOURCED,1.4332,0.6977,16312601.7,58880.1,0.7795
SIM_001125,Rezang La,5000.0,33.425,78.8472,5.5,5.8,2.9,31.9,92.51,181.5,mud_brick,0.25,none,0.0,concrete,0.17,rockwool,0.032,stone_floor,0.17,2.43,0.0371,double_pane,180.0,1,0.5,0.6,1.45,12,1200.0,flued_stove,False,153251.0,SOURCED,2.1809,0.4585,47707562.3,54019.9,0.7151
SIM_001126,Pangong,4250.0,33.7595,78.6674,6.5,3.2,2.7,20.8,56.16,189.4,dense_concrete,0.2,rockwool,0.123,cgi_sheet,0.002,rockwool,0.142,dense_concrete,0.22,3.55,0.0678,single_pane,180.0,1,0.5,0.45,0.7,2,200.0,none,False,206461.0,SOURCED,1.0086,0.9915,33548181.3,59658.3,0.7898
SIM_001127,Depsang,5330.0,35.3167,78.0167,8.9,3.9,2.7,34.71,93.72,207.3,stone_masonry,0.38,none,0.0,cgi_sheet,0.002,eps,0.072,stone_floor,0.18,9.12,0.1319,double_pane,180.0,1,0.5,0.79,3.88,5,500.0,none,False,231441.0,SOURCED,2.4254,0.4123,59653191.0,51679.8,0.6842
SIM_001128,Kargil,2676.0,34.5539,76.1349,5.5,3.3,2.9,18.15,52.63,348.1,pu_sandwich_panel,0.11,none,0.0,pu_sandwich_panel,0.07,none,0.0,stone_floor,0.21,3.45,0.0676,triple_pane,180.0,1,0.5,0.85,1.27,5,500.0,flued_stove,False,164427.0,SOURCED,0.9702,1.0307,8514893.3,73045.7,0.967
SIM_001129,Leh,3500.0,34.1526,77.5771,7.2,4.7,2.5,33.84,84.6,124.7,mud_brick,0.39,none,0.0,concrete,0.1,eps,0.04,stone_floor,0.14,0.73,0.0123,single_pane,180.0,0,0.0,0.32,0.96,9,900.0,electric,False,144266.0,SOURCED,2.019,0.4953,52260767.4,65764.1,0.8706
SIM_001130,Dras,3280.0,34.4293,75.7533,4.7,6.0,2.9,28.2,81.78,200.5,dense_concrete,0.2,straw_bale,0.116,cgi_sheet,0.002,eps,0.084,dense_concrete,0.14,5.04,0.0812,single_pane,180.0,0,0.0,0.59,0.15,11,1100.0,flued_stove,False,176497.0,SOURCED,1.5427,0.6482,36986909.9,67647.9,0.8956
SIM_001131,Siachen,5400.0,35.4212,77.1095,6.7,3.1,2.5,20.77,51.92,176.2,dense_concrete,0.2,eps,0.054,pu_sandwich_panel,0.08,none,0.0,dense_concrete,0.24,5.02,0.1024,double_pane,180.0,1,0.5,0.24,0.38,7,700.0,unflued_combustion,True,192091.0,SOURCED,1.1619,0.8607,31907379.1,51194.2,0.6777
SIM_001132,Daulat Beg Oldie,5065.0,35.4057,77.9297,8.0,5.0,2.7,40.0,108.0,299.3,rammed_earth,0.31,rockwool,0.149,pu_sandwich_panel,0.07,none,0.0,stone_floor,0.13,2.48,0.0353,single_pane,180.0,1,0.5,0.52,2.8,12,1200.0,electric,False,214857.0,SOURCED,1.3479,0.7419,49478349.8,53552.3,0.709
SIM_001133,Galwan,4300.0,34.75,78.25,8.0,3.2,2.6,25.6,66.56,27.8,dense_concrete,0.29,none,0.0,pu_sandwich_panel,0.14,none,0.0,stone_floor,0.16,0.43,0.0074,single_pane,180.0,1,0.5,0.31,0.54,1,100.0,flued_stove,False,237153.0,SOURCED,2.5539,0.3916,47516459.6,59268.2,0.7846
SIM_001134,Hanle,4500.0,32.7784,78.9642,6.7,5.5,3.0,36.85,110.55,179.8,stone_masonry,0.29,none,0.0,pu_sandwich_panel,0.14,none,0.0,stone_floor,0.19,8.0,0.1093,double_pane,180.0,1,0.5,0.39,2.97,1,100.0,unflued_combustion,True,272422.0,SOURCED,2.5225,0.3964,53370528.3,57728.3,0.7642
SIM_001135,Nyoma,4180.0,33.1958,78.6508,4.2,4.8,3.2,20.16,64.51,207.6,dense_concrete,0.15,none,0.0,concrete,0.14,none,0.0,dense_concrete,0.25,0.15,0.0026,triple_pane,180.0,1,0.5,0.65,0.95,3,300.0,electric,False,142137.0,SOURCED,3.7772,0.2647,37955447.3,60207.9,0.7971
SIM_001136,Chushul,4350.0,33.5936,78.6543,6.3,4.9,2.8,30.87,86.44,152.2,stone_masonry,0.23,none,0.0,concrete,0.17,rockwool,0.052,dense_concrete,0.18,2.39,0.0381,triple_pane,180.0,0,0.0,0.25,3.52,2,200.0,unflued_combustion,True,181980.0,SOURCED,2.8531,0.3505,52956600.1,58880.1,0.7795
SIM_001137,Rezang La,5000.0,33.425,78.8472,7.6,5.4,2.6,41.04,106.7,192.5,stone_masonry,0.29,rockwool,0.142,cgi_sheet,0.002,rockwool,0.059,stone_floor,0.12,4.93,0.0729,single_pane,180.0,0,0.0,0.52,4.09,16,1600.0,unflued_combustion,True,221312.0,SOURCED,1.6427,0.6088,47945029.0,54019.9,0.7151
SIM_001138,Pangong,4250.0,33.7595,78.6674,8.9,3.5,2.9,31.15,90.34,186.2,pu_sandwich_panel,0.08,none,0.0,pu_sandwich_panel,0.13,none,0.0,stone_floor,0.13,6.16,0.0857,double_pane,180.0,0,0.0,0.68,1.04,8,800.0,electric,False,207506.0,SOURCED,1.2975,0.7707,9198266.4,59658.3,0.7898
SIM_001139,Depsang,5330.0,35.3167,78.0167,9.8,3.8,2.6,37.24,96.82,197.7,pu_sandwich_panel,0.06,none,0.0,pu_sandwich_panel,0.1,none,0.0,dense_concrete,0.24,7.1,0.1004,triple_pane,180.0,1,0.5,0.52,3.22,12,1200.0,unflued_combustion,True,263856.0,SOURCED,1.0985,0.9103,21045361.9,51679.8,0.6842
SIM_001140,Kargil,2676.0,34.5539,76.1349,7.1,3.7,3.0,26.27,78.81,332.0,stone_masonry,0.41,straw_bale,0.042,pu_sandwich_panel,0.08,none,0.0,stone_floor,0.24,6.98,0.1077,single_pane,180.0,1,0.5,0.61,3.19,4,400.0,none,False,222247.0,SOURCED,1.4392,0.6948,61864511.5,73045.7,0.967
SIM_001141,Leh,3500.0,34.1526,77.5771,8.3,5.7,3.1,47.31,146.66,350.5,dense_concrete,0.22,straw_bale,0.148,cgi_sheet,0.002,eps,0.049,stone_floor,0.15,0.63,0.0073,double_pane,180.0,0,0.0,0.74,3.83,5,500.0,flued_stove,False,267365.0,SOURCED,1.4499,0.6897,61770926.3,65764.1,0.8706
SIM_001142,Dras,3280.0,34.4293,75.7533,9.4,3.1,2.8,29.14,81.59,156.0,stone_masonry,0.25,eps,0.102,concrete,0.1,eps,0.122,stone_floor,0.21,2.09,0.0299,triple_pane,180.0,0,0.0,0.44,1.52,3,300.0,none,False,226205.0,SOURCED,1.0933,0.9147,54372867.2,67647.9,0.8956
SIM_001143,Siachen,5400.0,35.4212,77.1095,9.4,5.7,2.6,53.58,139.31,337.6,pu_sandwich_panel,0.1,none,0.0,pu_sandwich_panel,0.15,none,0.0,stone_floor,0.24,10.98,0.1398,triple_pane,180.0,0,0.0,0.71,2.05,15,1500.0,flued_stove,False,415138.0,SOURCED,1.2066,0.8288,28248981.9,51194.2,0.6777
SIM_001144,Daulat Beg Oldie,5065.0,35.4057,77.9297,4.6,4.5,2.9,20.7,60.03,130.1,dense_concrete,0.29,eps,0.098,cgi_sheet,0.002,rockwool,0.08,dense_concrete,0.22,3.78,0.0716,double_pane,180.0,0,0.0,0.32,2.23,5,500.0,unflued_combustion,True,226532.0,SOURCED,1.1307,0.8844,43589812.7,53552.3,0.709
SIM_001145,Galwan,4300.0,34.75,78.25,4.7,5.3,3.0,24.91,74.73,328.7,dense_concrete,0.18,none,0.0,pu_sandwich_panel,0.12,none,0.0,dense_concrete,0.19,2.67,0.0445,single_pane,180.0,0,0.0,0.33,2.28,1,100.0,flued_stove,False,185916.0,SOURCED,2.9099,0.3437,34846613.2,59268.2,0.7846
SIM_001146,Hanle,4500.0,32.7784,78.9642,4.0,5.0,2.8,20.0,56.0,188.3,dense_concrete,0.27,eps,0.125,concrete,0.12,rockwool,0.149,dense_concrete,0.11,3.03,0.0601,single_pane,180.0,1,0.5,0.74,2.11,4,400.0,unflued_combustion,True,217292.0,SOURCED,1.1979,0.8348,40367178.6,57728.3,0.7642
SIM_001147,Nyoma,4180.0,33.1958,78.6508,8.8,4.8,2.5,42.24,105.6,171.2,rammed_earth,0.46,rockwool,0.084,pu_sandwich_panel,0.09,none,0.0,stone_floor,0.14,4.62,0.0679,single_pane,180.0,0,0.0,0.7,1.0,4,400.0,none,False,223070.0,SOURCED,1.5489,0.6456,65557180.8,60207.9,0.7971
SIM_001148,Chushul,4350.0,33.5936,78.6543,4.5,4.8,3.2,21.6,69.12,165.2,dense_concrete,0.17,straw_bale,0.036,cgi_sheet,0.002,none,0.0,dense_concrete,0.13,6.36,0.1069,double_pane,180.0,1,0.5,0.28,1.03,6,600.0,unflued_combustion,True,149778.0,SOURCED,2.832,0.3531,27838772.7,58880.1,0.7795
SIM_001149,Rezang La,5000.0,33.425,78.8472,4.2,3.4,3.0,14.28,42.84,209.4,dense_concrete,0.15,rockwool,0.037,pu_sandwich_panel,0.15,none,0.0,dense_concrete,0.2,2.29,0.0502,double_pane,180.0,0,0.0,0.84,2.27,1,100.0,electric,False,137911.0,SOURCED,1.2688,0.7881,21726103.5,54019.9,0.7151
SIM_001150,Pangong,4250.0,33.7595,78.6674,9.3,4.3,2.6,39.99,103.97,175.0,stone_masonry,0.23,straw_bale,0.118,concrete,0.19,eps,0.072,stone_floor,0.13,10.62,0.1502,double_pane,180.0,1,0.5,0.2,0.44,6,600.0,none,False,252393.0,SOURCED,1.537,0.6506,57977514.6,59658.3,0.7898
SIM_001151,Depsang,5330.0,35.3167,78.0167,5.3,5.1,2.8,27.03,75.68,157.8,stone_masonry,0.34,straw_bale,0.138,concrete,0.15,none,0.0,dense_concrete,0.11,6.04,0.1037,single_pane,180.0,0,0.0,0.55,2.84,8,800.0,flued_stove,False,163956.0,SOURCED,2.4839,0.4026,53422259.9,51679.8,0.6842
SIM_001152,Kargil,2676.0,34.5539,76.1349,8.0,5.3,2.8,42.4,118.72,186.4,pu_sandwich_panel,0.11,none,0.0,concrete,0.16,rockwool,0.145,stone_floor,0.18,8.65,0.1161,single_pane,180.0,0,0.0,0.53,0.16,3,300.0,unflued_combustion,True,285023.0,SOURCED,1.4856,0.6731,32589978.4,73045.7,0.967
SIM_001153,Leh,3500.0,34.1526,77.5771,4.3,5.9,3.0,25.37,76.11,183.7,stone_masonry,0.39,rockwool,0.037,concrete,0.17,rockwool,0.043,dense_concrete,0.21,3.88,0.0634,double_pane,180.0,1,0.5,0.33,3.97,8,800.0,none,False,229994.0,SOURCED,1.3716,0.7291,67436748.6,65764.1,0.8706
SIM_001154,Dras,3280.0,34.4293,75.7533,5.5,3.0,3.0,16.5,49.5,249.3,mud_brick,0.39,none,0.0,concrete,0.18,rockwool,0.035,dense_concrete,0.11,5.6,0.1098,triple_pane,180.0,0,0.0,0.27,0.47,2,200.0,electric,False,140224.0,SOURCED,1.8847,0.5306,37561512.6,67647.9,0.8956
SIM_001155,Siachen,5400.0,35.4212,77.1095,4.5,5.9,2.7,26.55,71.69,179.8,stone_masonry,0.48,straw_bale,0.116,pu_sandwich_panel,0.13,none,0.0,dense_concrete,0.25,4.62,0.0823,triple_pane,180.0,1,0.5,0.81,2.11,2,200.0,flued_stove,False,281901.0,SOURCED,1.0857,0.9211,66566358.2,51194.2,0.6777
SIM_001156,Daulat Beg Oldie,5065.0,35.4057,77.9297,5.7,3.8,3.0,21.66,64.98,208.1,pu_sandwich_panel,0.07,none,0.0,pu_sandwich_panel,0.13,none,0.0,dense_concrete,0.15,2.51,0.044,double_pane,180.0,1,0.5,0.81,2.38,1,100.0,flued_stove,False,150827.0,SOURCED,1.0881,0.919,7890283.7,53552.3,0.709
SIM_001157,Galwan,4300.0,34.75,78.25,6.0,5.4,2.6,32.4,84.24,209.8,pu_sandwich_panel,0.08,none,0.0,cgi_sheet,0.002,eps,0.083,stone_floor,0.13,3.03,0.0511,single_pane,180.0,1,0.5,0.88,0.33,7,700.0,flued_stove,False,138991.0,SOURCED,1.3876,0.7207,9605660.3,59268.2,0.7846
SIM_001158,Hanle,4500.0,32.7784,78.9642,6.2,3.4,2.5,21.08,52.7,96.7,rammed_earth,0.5,none,0.0,pu_sandwich_panel,0.13,none,0.0,dense_concrete,0.18,6.3,0.1313,single_pane,180.0,0,0.0,0.75,3.52,2,200.0,unflued_combustion,True,141113.0,SOURCED,2.1084,0.4743,46451059.0,57728.3,0.7642
SIM_001159,Nyoma,4180.0,33.1958,78.6508,4.1,3.4,2.5,13.94,34.85,172.1,rammed_earth,0.48,rockwool,0.098,cgi_sheet,0.002,none,0.0,stone_floor,0.14,2.85,0.076,triple_pane,180.0,0,0.0,0.44,0.43,4,400.0,unflued_combustion,True,102720.0,SOURCED,2.3725,0.4215,34353963.9,60207.9,0.7971
SIM_001160,Chushul,4350.0,33.5936,78.6543,8.1,5.5,3.1,44.55,138.1,187.0,mud_brick,0.44,eps,0.088,pu_sandwich_panel,0.13,none,0.0,stone_floor,0.14,6.72,0.0797,single_pane,180.0,0,0.0,0.36,0.86,11,1100.0,unflued_combustion,True,305852.0,SOURCED,1.4829,0.6744,65004570.0,58880.1,0.7795
SIM_001161,Rezang La,5000.0,33.425,78.8472,8.1,5.0,3.0,40.5,121.5,174.3,mud_brick,0.46,none,0.0,concrete,0.19,none,0.0,dense_concrete,0.24,7.37,0.0938,triple_pane,180.0,0,0.0,0.78,3.15,15,1500.0,flued_stove,False,302317.0,SOURCED,2.3715,0.4217,89159461.1,54019.9,0.7151
SIM_001162,Pangong,4250.0,33.7595,78.6674,4.1,5.3,2.7,21.73,58.67,274.5,stone_masonry,0.3,straw_bale,0.086,concrete,0.12,none,0.0,stone_floor,0.21,1.61,0.0317,single_pane,180.0,1,0.5,0.28,0.63,7,700.0,unflued_combustion,True,135630.0,SOURCED,2.1705,0.4607,46303908.0,59658.3,0.7898
SIM_001163,Depsang,5330.0,35.3167,78.0167,5.8,4.3,2.5,24.94,62.35,197.7,stone_masonry,0.42,straw_bale,0.053,pu_sandwich_panel,0.08,none,0.0,stone_floor,0.25,0.28,0.0055,double_pane,180.0,1,0.5,0.27,4.01,1,100.0,electric,False,184254.0,SOURCED,1.3639,0.7332,56453264.2,51679.8,0.6842
SIM_001164,Kargil,2676.0,34.5539,76.1349,4.7,5.9,2.5,27.73,69.33,199.0,rammed_earth,0.5,eps,0.065,pu_sandwich_panel,0.08,none,0.0,stone_floor,0.16,0.87,0.0164,double_pane,180.0,0,0.0,0.7,1.26,4,400.0,none,False,156563.0,SOURCED,1.3289,0.7525,56655399.8,73045.7,0.967
SIM_001165,Leh,3500.0,34.1526,77.5771,7.0,5.0,2.6,35.0,91.0,148.5,rammed_earth,0.21,none,0.0,pu_sandwich_panel,0.07,none,0.0,stone_floor,0.19,2.2,0.0353,triple_pane,180.0,0,0.0,0.67,3.38,2,200.0,none,False,135824.0,SOURCED,2.4517,0.4079,37103672.4,65764.1,0.8706
SIM_001166,Dras,3280.0,34.4293,75.7533,6.2,5.0,2.7,31.0,83.7,155.9,pu_sandwich_panel,0.07,none,0.0,concrete,0.1,eps,0.111,dense_concrete,0.18,0.52,0.0086,double_pane,180.0,1,0.5,0.55,1.89,9,900.0,unflued_combustion,True,163970.0,SOURCED,1.1716,0.8535,20394811.2,67647.9,0.8956
SIM_001167,Siachen,5400.0,35.4212,77.1095,4.5,3.6,3.0,16.2,48.6,191.7,rammed_earth,0.23,rockwool,0.098,concrete,0.13,none,0.0,dense_concrete,0.12,3.11,0.064,triple_pane,180.0,0,0.0,0.83,3.49,6,600.0,none,False,112087.0,SOURCED,1.9023,0.5257,28360709.9,51194.2,0.6777
SIM_001168,Daulat Beg Oldie,5065.0,35.4057,77.9297,9.8,5.6,3.1,54.88,170.13,205.3,dense_concrete,0.16,rockwool,0.139,concrete,0.17,eps,0.048,stone_floor,0.19,7.57,0.0793,single_pane,180.0,1,0.5,0.67,4.49,18,1800.0,unflued_combustion,True,399496.0,SOURCED,1.3477,0.742,76672864.0,53552.3,0.709
SIM_001169,Galwan,4300.0,34.75,78.25,5.2,4.9,2.7,25.48,68.8,169.9,dense_concrete,0.23,eps,0.027,pu_sandwich_panel,0.12,none,0.0,dense_concrete,0.18,4.93,0.0904,triple_pane,180.0,0,0.0,0.48,1.77,1,100.0,unflued_combustion,True,233981.0,SOURCED,1.462,0.684,37064765.8,59268.2,0.7846
SIM_001170,Hanle,4500.0,32.7784,78.9642,9.5,3.8,3.2,36.1,115.52,160.4,mud_brick,0.46,rockwool,0.058,concrete,0.18,rockwool,0.07,dense_concrete,0.21,11.64,0.1367,double_pane,180.0,0,0.0,0.4,4.49,6,600.0,none,False,322228.0,SOURCED,1.3092,0.7638,83310148.9,57728.3,0.7642
SIM_001171,Nyoma,4180.0,33.1958,78.6508,4.1,4.0,2.4,16.4,39.36,60.1,dense_concrete,0.13,eps,0.141,concrete,0.12,none,0.0,dense_concrete,0.18,3.6,0.0926,single_pane,180.0,1,0.5,0.84,1.43,5,500.0,electric,False,124104.0,SOURCED,1.9963,0.5009,22070356.1,60207.9,0.7971
SIM_001172,Chushul,4350.0,33.5936,78.6543,9.3,3.6,3.0,33.48,100.44,190.9,mud_brick,0.24,eps,0.141,cgi_sheet,0.002,none,0.0,stone_floor,0.19,1.55,0.02,double_pane,180.0,1,0.5,0.7,0.11,13,1300.0,flued_stove,False,188075.0,SOURCED,2.3767,0.4208,41454434.9,58880.1,0.7795
SIM_001173,Rezang La,5000.0,33.425,78.8472,8.5,5.2,2.9,44.2,128.18,175.6,rammed_earth,0.21,eps,0.086,concrete,0.11,rockwool,0.037,dense_concrete,0.19,8.27,0.1041,single_pane,180.0,0,0.0,0.51,0.31,10,1000.0,electric,False,211542.0,SOURCED,1.6073,0.6222,57780166.5,54019.9,0.7151
SIM_001174,Pangong,4250.0,33.7595,78.6674,8.3,3.8,3.0,31.54,94.62,162.3,pu_sandwich_panel,0.13,none,0.0,pu_sandwich_panel,0.14,none,0.0,stone_floor,0.16,0.33,0.0045,single_pane,180.0,1,0.5,0.22,0.96,6,600.0,unflued_combustion,True,262406.0,SOURCED,1.0675,0.9368,11572102.5,59658.3,0.7898
SIM_001175,Depsang,5330.0,35.3167,78.0167,8.8,5.9,3.2,51.92,166.14,185.8,mud_brick,0.28,none,0.0,concrete,0.16,eps,0.122,dense_concrete,0.21,0.51,0.0054,triple_pane,180.0,1,0.5,0.58,0.17,17,1700.0,flued_stove,False,285268.0,SOURCED,1.8524,0.5398,83714458.0,51679.8,0.6842
SIM_001176,Kargil,2676.0,34.5539,76.1349,7.2,5.4,2.7,38.88,104.98,167.6,stone_masonry,0.28,straw_bale,0.065,concrete,0.19,rockwool,0.132,dense_concrete,0.11,1.04,0.0153,double_pane,180.0,0,0.0,0.35,1.8,12,1200.0,flued_stove,False,228596.0,SOURCED,1.6111,0.6207,65818599.8,73045.7,0.967
SIM_001177,Leh,3500.0,34.1526,77.5771,6.3,4.0,3.0,25.2,75.6,121.4,mud_brick,0.44,rockwool,0.077,pu_sandwich_panel,0.11,none,0.0,dense_concrete,0.25,1.72,0.0278,single_pane,180.0,1,0.5,0.6,2.58,7,700.0,flued_stove,False,224584.0,SOURCED,0.9803,1.0201,54444965.8,65764.1,0.8706
SIM_001178,Dras,3280.0,34.4293,75.7533,7.6,5.4,2.8,41.04,114.91,175.4,rammed_earth,0.38,none,0.0,pu_sandwich_panel,0.13,none,0.0,stone_floor,0.19,8.68,0.1192,double_pane,180.0,1,0.5,0.5,3.93,4,400.0,electric,False,255095.0,SOURCED,1.9862,0.5035,60830176.1,67647.9,0.8956
SIM_001179,Siachen,5400.0,35.4212,77.1095,4.1,4.8,2.6,19.68,51.17,109.4,stone_masonry,0.39,eps,0.07,pu_sandwich_panel,0.07,none,0.0,stone_floor,0.24,2.23,0.0482,triple_pane,180.0,1,0.5,0.22,4.47,3,300.0,flued_stove,False,177162.0,SOURCED,1.1232,0.8903,44890591.8,51194.2,0.6777
SIM_001180,Daulat Beg Oldie,5065.0,35.4057,77.9297,9.8,3.1,2.6,30.38,78.99,200.5,mud_brick,0.36,rockwool,0.141,cgi_sheet,0.002,eps,0.115,stone_floor,0.2,7.12,0.1061,single_pane,180.0,0,0.0,0.83,3.58,3,300.0,flued_stove,False,217016.0,SOURCED,1.3795,0.7249,45950481.1,53552.3,0.709
SIM_001181,Galwan,4300.0,34.75,78.25,10.0,5.5,2.9,55.0,159.5,317.3,dense_concrete,0.23,none,0.0,pu_sandwich_panel,0.06,none,0.0,dense_concrete,0.15,7.4,0.0823,triple_pane,180.0,1,0.5,0.89,4.42,7,700.0,none,False,358293.0,SOURCED,2.5787,0.3878,62928073.0,59268.2,0.7846
SIM_001182,Hanle,4500.0,32.7784,78.9642,7.4,4.3,2.8,31.82,89.1,174.1,dense_concrete,0.15,none,0.0,cgi_sheet,0.002,rockwool,0.038,dense_concrete,0.2,0.49,0.0075,triple_pane,180.0,0,0.0,0.43,3.42,1,100.0,flued_stove,False,160803.0,SOURCED,3.0514,0.3277,37428002.4,57728.3,0.7642
SIM_001183,Nyoma,4180.0,33.1958,78.6508,6.9,3.8,2.9,26.22,76.04,176.6,stone_masonry,0.21,straw_bale,0.097,concrete,0.12,none,0.0,dense_concrete,0.2,2.2,0.0354,single_pane,180.0,1,0.5,0.4,2.88,5,500.0,electric,False,146200.0,SOURCED,2.1104,0.4738,45850830.9,60207.9,0.7971
SIM_001184,Chushul,4350.0,33.5936,78.6543,4.3,3.3,2.5,14.19,35.48,193.9,dense_concrete,0.17,none,0.0,pu_sandwich_panel,0.08,none,0.0,dense_concrete,0.11,2.1,0.0553,single_pane,180.0,0,0.0,0.71,3.73,4,400.0,electric,False,89893.0,SOURCED,3.1839,0.3141,17718331.7,58880.1,0.7795
SIM_001185,Rezang La,5000.0,33.425,78.8472,6.5,5.2,2.8,33.8,94.64,265.8,rammed_earth,0.34,straw_bale,0.079,pu_sandwich_panel,0.11,none,0.0,dense_concrete,0.21,2.04,0.0311,double_pane,180.0,0,0.0,0.37,3.64,12,1200.0,electric,False,191901.0,SOURCED,1.2755,0.784,56444341.7,54019.9,0.7151
SIM_001186,Pangong,4250.0,33.7595,78.6674,7.6,3.8,2.9,28.88,83.75,176.3,pu_sandwich_panel,0.06,none,0.0,cgi_sheet,0.002,none,0.0,dense_concrete,0.2,1.59,0.024,triple_pane,180.0,1,0.5,0.21,1.76,2,200.0,none,False,134202.0,SOURCED,2.3967,0.4172,13784351.2,59658.3,0.7898
SIM_001187,Depsang,5330.0,35.3167,78.0167,9.3,4.5,2.9,41.85,121.36,153.9,rammed_earth,0.4,rockwool,0.117,cgi_sheet,0.002,rockwool,0.095,stone_floor,0.24,3.35,0.0419,single_pane,180.0,0,0.0,0.35,2.64,4,400.0,none,False,256406.0,SOURCED,1.2249,0.8164,77479204.2,51679.8,0.6842
SIM_001188,Kargil,2676.0,34.5539,76.1349,9.6,3.4,3.0,32.64,97.92,156.3,rammed_earth,0.48,none,0.0,pu_sandwich_panel,0.07,none,0.0,dense_concrete,0.15,3.21,0.0412,single_pane,180.0,1,0.5,0.77,0.38,9,900.0,electric,False,178912.0,SOURCED,1.94,0.5155,76102472.5,73045.7,0.967
SIM_001189,Leh,3500.0,34.1526,77.5771,4.4,5.9,2.5,25.96,64.9,209.1,stone_masonry,0.46,straw_bale,0.061,concrete,0.11,rockwool,0.094,dense_concrete,0.17,1.07,0.0208,triple_pane,180.0,0,0.0,0.72,3.1,8,800.0,unflued_combustion,True,199453.0,SOURCED,1.4368,0.696,64249274.4,65764.1,0.8706
SIM_001190,Dras,3280.0,34.4293,75.7533,7.9,4.4,3.2,34.76,111.23,39.5,pu_sandwich_panel,0.06,none,0.0,cgi_sheet,0.002,eps,0.053,dense_concrete,0.22,2.72,0.0346,triple_pane,180.0,0,0.0,0.45,2.82,6,600.0,flued_stove,False,179974.0,SOURCED,1.1605,0.8617,18268795.4,67647.9,0.8956
SIM_001191,Siachen,5400.0,35.4212,77.1095,8.1,3.2,3.1,25.92,80.35,308.2,stone_masonry,0.44,eps,0.032,pu_sandwich_panel,0.1,none,0.0,stone_floor,0.23,3.07,0.0438,single_pane,180.0,1,0.5,0.77,0.25,5,500.0,unflued_combustion,True,249740.0,SOURCED,1.2858,0.7777,72366120.0,51194.2,0.6777
SIM_001192,Daulat Beg Oldie,5065.0,35.4057,77.9297,5.3,4.0,3.0,21.2,63.6,203.4,dense_concrete,0.21,eps,0.077,cgi_sheet,0.002,eps,0.065,dense_concrete,0.11,0.95,0.017,triple_pane,180.0,1,0.5,0.63,0.29,2,200.0,electric,False,168897.0,SOURCED,1.291,0.7746,32256261.2,53552.3,0.709
SIM_001193,Galwan,4300.0,34.75,78.25,9.8,6.0,2.9,58.8,170.52,184.5,rammed_earth,0.43,rockwool,0.073,cgi_sheet,0.002,rockwool,0.081,dense_concrete,0.23,0.9,0.0098,triple_pane,180.0,0,0.0,0.62,1.59,3,300.0,electric,False,313478.0,SOURCED,1.2385,0.8074,102371833.7,59268.2,0.7846
SIM_001194,Hanle,4500.0,32.7784,78.9642,7.6,3.5,2.8,26.6,74.48,184.6,rammed_earth,0.38,rockwool,0.098,cgi_sheet,0.002,eps,0.134,dense_concrete,0.18,4.85,0.078,double_pane,180.0,0,0.0,0.49,2.27,1,100.0,flued_stove,False,183072.0,SOURCED,1.1879,0.8418,50820032.2,57728.3,0.7642
SIM_001195,Nyoma,4180.0,33.1958,78.6508,5.0,5.0,2.8,25.0,70.0,305.5,mud_brick,0.37,straw_bale,0.086,pu_sandwich_panel,0.12,none,0.0,dense_concrete,0.25,6.19,0.1105,triple_pane,180.0,1,0.5,0.33,1.77,9,900.0,electric,False,225248.0,SOURCED,1.0959,0.9125,43018069.3,60207.9,0.7971
SIM_001196,Chushul,4350.0,33.5936,78.6543,4.5,5.4,3.0,24.3,72.9,155.3,mud_brick,0.4,rockwool,0.127,cgi_sheet,0.002,rockwool,0.119,dense_concrete,0.13,2.2,0.037,triple_pane,180.0,1,0.5,0.74,2.98,1,100.0,electric,False,198326.0,SOURCED,1.1369,0.8796,42142740.9,58880.1,0.7795
SIM_001197,Rezang La,5000.0,33.425,78.8472,7.3,4.2,2.6,30.66,79.72,196.2,rammed_earth,0.32,none,0.0,concrete,0.14,none,0.0,dense_concrete,0.13,3.77,0.063,single_pane,180.0,1,0.5,0.53,3.11,8,800.0,flued_stove,False,124157.0,SOURCED,3.1808,0.3144,51370433.4,54019.9,0.7151
SIM_001198,Pangong,4250.0,33.7595,78.6674,4.6,5.9,3.0,27.14,81.42,162.6,dense_concrete,0.29,rockwool,0.134,cgi_sheet,0.002,rockwool,0.115,stone_floor,0.23,4.37,0.0694,single_pane,180.0,1,0.5,0.5,4.36,7,700.0,flued_stove,False,294766.0,SOURCED,1.069,0.9355,53081348.9,59658.3,0.7898
SIM_001199,Depsang,5330.0,35.3167,78.0167,6.8,3.3,2.9,22.44,65.08,161.6,rammed_earth,0.32,straw_bale,0.085,pu_sandwich_panel,0.08,none,0.0,dense_concrete,0.19,1.92,0.0328,single_pane,180.0,1,0.5,0.5,1.72,5,500.0,electric,False,125355.0,SOURCED,1.2019,0.832,43541304.2,51679.8,0.6842
SIM_001200,Kargil,2676.0,34.5539,76.1349,7.7,3.3,2.8,25.41,71.15,166.7,mud_brick,0.47,none,0.0,pu_sandwich_panel,0.07,none,0.0,stone_floor,0.2,7.89,0.1281,single_pane,180.0,1,0.5,0.52,2.66,2,200.0,none,False,177097.0,SOURCED,1.614,0.6196,48732577.7,73045.7,0.967
SIM_001201,Leh,3500.0,34.1526,77.5771,9.9,4.2,3.0,41.58,124.74,165.3,stone_masonry,0.35,straw_bale,0.125,concrete,0.16,none,0.0,dense_concrete,0.21,7.2,0.0851,single_pane,180.0,1,0.5,0.66,2.38,2,200.0,flued_stove,False,295936.0,SOURCED,2.0845,0.4797,92022813.9,65764.1,0.8706
SIM_001202,Dras,3280.0,34.4293,75.7533,6.4,3.6,2.5,23.04,57.6,191.1,rammed_earth,0.29,straw_bale,0.031,concrete,0.1,none,0.0,stone_floor,0.16,0.68,0.0136,triple_pane,180.0,1,0.5,0.75,2.48,9,900.0,electric,False,87770.0,SOURCED,2.6283,0.3805,39232408.2,67647.9,0.8956
SIM_001203,Siachen,5400.0,35.4212,77.1095,9.9,4.3,2.8,42.57,119.2,51.2,stone_masonry,0.34,rockwool,0.084,cgi_sheet,0.002,eps,0.054,stone_floor,0.15,4.94,0.0621,double_pane,180.0,0,0.0,0.34,1.47,6,600.0,electric,False,256279.0,SOURCED,1.4804,0.6755,65422304.8,51194.2,0.6777
SIM_001204,Daulat Beg Oldie,5065.0,35.4057,77.9297,4.3,5.6,2.4,24.08,57.79,249.4,pu_sandwich_panel,0.08,none,0.0,pu_sandwich_panel,0.1,none,0.0,dense_concrete,0.1,3.53,0.0743,single_pane,180.0,0,0.0,0.69,1.86,8,800.0,flued_stove,False,124299.0,SOURCED,1.5076,0.6633,5911499.9,53552.3,0.709
SIM_001205,Galwan,4300.0,34.75,78.25,7.2,5.5,2.9,39.6,114.84,207.8,dense_concrete,0.27,eps,0.058,cgi_sheet,0.002,none,0.0,dense_concrete,0.12,1.43,0.0194,single_pane,180.0,0,0.0,0.74,4.08,4,400.0,electric,False,250264.0,SOURCED,2.9181,0.3427,56318138.2,59268.2,0.7846
SIM_001206,Hanle,4500.0,32.7784,78.9642,8.7,3.3,2.8,28.71,80.39,196.9,mud_brick,0.33,none,0.0,pu_sandwich_panel,0.07,none,0.0,dense_concrete,0.21,8.34,0.1241,double_pane,180.0,0,0.0,0.35,1.04,6,600.0,electric,False,184424.0,SOURCED,1.8307,0.5462,43099220.6,57728.3,0.7642
SIM_001207,Nyoma,4180.0,33.1958,78.6508,5.7,4.8,3.1,27.36,84.82,200.7,mud_brick,0.24,eps,0.148,concrete,0.17,eps,0.1,stone_floor,0.21,0.07,0.0011,single_pane,180.0,1,0.5,0.35,2.63,9,900.0,electric,False,203108.0,SOURCED,1.0338,0.9673,46756088.4,60207.9,0.7971
SIM_001208,Chushul,4350.0,33.5936,78.6543,8.0,5.0,3.0,40.0,120.0,151.6,rammed_earth,0.29,straw_bale,0.098,cgi_sheet,0.002,rockwool,0.143,stone_floor,0.12,1.38,0.0177,double_pane,180.0,1,0.5,0.46,2.54,12,1200.0,unflued_combustion,True,159330.0,SOURCED,1.4444,0.6923,52306530.8,58880.1,0.7795
SIM_001209,Rezang La,5000.0,33.425,78.8472,9.4,4.8,3.1,45.12,139.87,178.8,dense_concrete,0.16,straw_bale,0.111,cgi_sheet,0.002,none,0.0,stone_floor,0.14,8.31,0.0944,double_pane,180.0,1,0.5,0.43,2.6,13,1300.0,electric,False,232897.0,SOURCED,2.8394,0.3522,44954533.1,54019.9,0.7151
SIM_001210,Pangong,4250.0,33.7595,78.6674,6.7,4.1,3.1,27.47,85.16,132.6,stone_masonry,0.44,straw_bale,0.084,pu_sandwich_panel,0.11,none,0.0,dense_concrete,0.21,2.43,0.0363,single_pane,180.0,0,0.0,0.89,0.2,7,700.0,none,False,247432.0,SOURCED,1.2753,0.7841,71818771.5,59658.3,0.7898
SIM_001211,Depsang,5330.0,35.3167,78.0167,4.1,5.7,2.5,23.37,58.42,210.5,stone_masonry,0.48,rockwool,0.134,cgi_sheet,0.002,none,0.0,stone_floor,0.22,3.26,0.0665,double_pane,180.0,1,0.5,0.44,1.62,6,600.0,flued_stove,False,209668.0,SOURCED,2.4691,0.405,55649452.6,51679.8,0.6842
SIM_001212,Kargil,2676.0,34.5539,76.1349,8.7,3.0,3.1,26.1,80.91,136.7,mud_brick,0.44,rockwool,0.073,pu_sandwich_panel,0.09,none,0.0,stone_floor,0.13,1.61,0.0222,triple_pane,180.0,1,0.5,0.46,3.38,5,500.0,none,False,215059.0,SOURCED,1.1667,0.8571,54318037.2,73045.7,0.967
SIM_001213,Leh,3500.0,34.1526,77.5771,9.5,4.2,2.8,39.9,111.72,158.4,pu_sandwich_panel,0.12,none,0.0,pu_sandwich_panel,0.09,none,0.0,stone_floor,0.11,3.61,0.0471,single_pane,180.0,0,0.0,0.57,1.24,3,300.0,electric,False,240199.0,SOURCED,1.4198,0.7043,10116772.0,65764.1,0.8706
SIM_001214,Dras,3280.0,34.4293,75.7533,5.6,4.6,2.8,25.76,72.13,120.3,stone_masonry,0.43,straw_bale,0.098,pu_sandwich_panel,0.06,none,0.0,stone_floor,0.2,1.15,0.0201,triple_pane,180.0,0,0.0,0.26,1.63,1,100.0,electric,False,194279.0,SOURCED,1.2736,0.7852,60704786.8,67647.9,0.8956
SIM_001215,Siachen,5400.0,35.4212,77.1095,9.4,4.5,2.8,42.3,118.44,152.3,pu_sandwich_panel,0.11,none,0.0,cgi_sheet,0.002,rockwool,0.147,dense_concrete,0.18,11.62,0.1493,triple_pane,180.0,1,0.5,0.21,0.52,15,1500.0,flued_stove,False,341710.0,SOURCED,1.1635,0.8595,18568243.6,51194.2,0.6777
SIM_001216,Daulat Beg Oldie,5065.0,35.4057,77.9297,4.1,5.7,3.1,23.37,72.45,12.6,mud_brick,0.45,none,0.0,cgi_sheet,0.002,eps,0.028,dense_concrete,0.18,5.13,0.0844,double_pane,180.0,1,0.5,0.46,1.68,7,700.0,electric,False,157832.0,SOURCED,1.7642,0.5668,47374811.5,53552.3,0.709
SIM_001217,Galwan,4300.0,34.75,78.25,6.3,3.5,2.8,22.05,61.74,200.6,dense_concrete,0.26,eps,0.083,cgi_sheet,0.002,none,0.0,stone_floor,0.19,0.38,0.0069,triple_pane,180.0,1,0.5,0.59,1.92,3,300.0,electric,False,191375.0,SOURCED,2.3739,0.4212,41865805.2,59268.2,0.7846
SIM_001218,Hanle,4500.0,32.7784,78.9642,5.9,3.9,2.4,23.01,55.22,191.5,pu_sandwich_panel,0.05,none,0.0,cgi_sheet,0.002,rockwool,0.063,stone_floor,0.23,1.84,0.0391,double_pane,180.0,0,0.0,0.3,1.51,2,200.0,electric,False,99313.0,SOURCED,1.2738,0.7851,11645860.7,57728.3,0.7642
SIM_001219,Nyoma,4180.0,33.1958,78.6508,8.7,3.6,2.5,31.32,78.3,198.9,stone_masonry,0.28,eps,0.093,pu_sandwich_panel,0.09,none,0.0,dense_concrete,0.22,5.38,0.0875,double_pane,180.0,1,0.5,0.23,4.23,3,300.0,electric,False,244038.0,SOURCED,1.1328,0.8828,47929783.1,60207.9,0.7971
SIM_001220,Chushul,4350.0,33.5936,78.6543,7.6,3.7,2.6,28.12,73.11,167.7,stone_masonry,0.43,rockwool,0.13,pu_sandwich_panel,0.12,none,0.0,dense_concrete,0.22,1.03,0.0175,triple_pane,180.0,1,0.5,0.67,2.09,11,1100.0,none,False,288106.0,SOURCED,1.0141,0.9861,64822541.0,58880.1,0.7795
SIM_001221,Rezang La,5000.0,33.425,78.8472,8.7,4.4,2.6,38.28,99.53,223.7,pu_sandwich_panel,0.1,none,0.0,cgi_sheet,0.002,rockwool,0.121,stone_floor,0.25,7.31,0.1073,double_pane,180.0,0,0.0,0.67,3.09,3,300.0,none,False,242450.0,SOURCED,1.2142,0.8236,21221716.6,54019.9,0.7151
SIM_001222,Pangong,4250.0,33.7595,78.6674,5.0,5.0,2.7,25.0,67.5,246.9,pu_sandwich_panel,0.05,none,0.0,cgi_sheet,0.002,eps,0.05,stone_floor,0.25,6.05,0.112,triple_pane,180.0,1,0.5,0.63,2.54,2,200.0,unflued_combustion,True,152482.0,SOURCED,1.2292,0.8135,13700037.2,59658.3,0.7898
SIM_001223,Depsang,5330.0,35.3167,78.0167,7.6,3.0,2.8,22.8,63.84,82.6,dense_concrete,0.17,eps,0.04,concrete,0.19,none,0.0,stone_floor,0.18,8.65,0.1457,single_pane,180.0,0,0.0,0.25,0.97,7,700.0,flued_stove,False,168123.0,SOURCED,2.4511,0.408,38627099.4,51679.8,0.6842
SIM_001224,Kargil,2676.0,34.5539,76.1349,4.3,3.3,3.1,14.19,43.99,187.7,pu_sandwich_panel,0.13,none,0.0,concrete,0.2,none,0.0,stone_floor,0.2,2.44,0.0518,triple_pane,180.0,0,0.0,0.33,0.31,1,100.0,electric,False,154028.0,SOURCED,1.5084,0.663,12926171.2,73045.7,0.967
SIM_001225,Leh,3500.0,34.1526,77.5771,4.3,3.2,2.8,13.76,38.53,164.6,rammed_earth,0.31,none,0.0,cgi_sheet,0.002,rockwool,0.09,dense_concrete,0.19,1.89,0.045,triple_pane,180.0,1,0.5,0.8,2.95,2,200.0,flued_stove,False,81848.0,SOURCED,2.1912,0.4564,28581178.1,65764.1,0.8706
SIM_001226,Dras,3280.0,34.4293,75.7533,8.9,5.6,2.7,49.84,134.57,257.0,stone_masonry,0.31,rockwool,0.144,concrete,0.12,rockwool,0.117,dense_concrete,0.14,6.68,0.0853,triple_pane,180.0,1,0.5,0.41,1.11,17,1700.0,electric,False,383395.0,SOURCED,1.3336,0.7499,75336019.8,67647.9,0.8956
SIM_001227,Siachen,5400.0,35.4212,77.1095,8.6,5.7,3.2,49.02,156.86,168.1,stone_masonry,0.47,none,0.0,concrete,0.1,eps,0.043,dense_concrete,0.25,3.42,0.0374,double_pane,180.0,0,0.0,0.29,1.67,8,800.0,unflued_combustion,True,367163.0,SOURCED,2.2789,0.4388,123118230.8,51194.2,0.6777
SIM_001228,Daulat Beg Oldie,5065.0,35.4057,77.9297,9.5,4.3,2.6,40.85,106.21,192.7,rammed_earth,0.43,eps,0.108,concrete,0.14,eps,0.081,stone_floor,0.19,0.36,0.005,triple_pane,180.0,0,0.0,0.41,1.29,16,1600.0,flued_stove,False,244270.0,SOURCED,1.2582,0.7948,85371863.6,53552.3,0.709
SIM_001229,Galwan,4300.0,34.75,78.25,5.8,3.5,2.7,20.3,54.81,166.0,stone_masonry,0.32,none,0.0,cgi_sheet,0.002,none,0.0,dense_concrete,0.12,5.83,0.1161,triple_pane,180.0,0,0.0,0.49,1.78,5,500.0,electric,False,135653.0,SOURCED,3.8907,0.257,34434903.4,59268.2,0.7846
SIM_001230,Hanle,4500.0,32.7784,78.9642,4.8,4.5,3.0,21.6,64.8,175.9,pu_sandwich_panel,0.06,none,0.0,concrete,0.15,rockwool,0.143,stone_floor,0.25,2.03,0.0364,triple_pane,180.0,0,0.0,0.27,2.09,6,600.0,unflued_combustion,True,152899.0,SOURCED,1.026,0.9747,19281977.8,57728.3,0.7642
SIM_001231,Nyoma,4180.0,33.1958,78.6508,7.8,4.0,3.1,31.2,96.72,173.0,mud_brick,0.24,eps,0.106,cgi_sheet,0.002,rockwool,0.026,dense_concrete,0.16,3.92,0.0536,double_pane,180.0,0,0.0,0.45,3.88,10,1000.0,flued_stove,False,172022.0,SOURCED,1.3865,0.7212,36942220.6,60207.9,0.7971
SIM_001232,Chushul,4350.0,33.5936,78.6543,9.0,3.8,2.5,34.2,85.5,190.7,stone_masonry,0.4,straw_bale,0.044,pu_sandwich_panel,0.1,none,0.0,dense_concrete,0.2,5.32,0.0831,single_pane,180.0,0,0.0,0.82,2.41,1,100.0,flued_stove,False,241286.0,SOURCED,1.6493,0.6063,63821271.4,58880.1,0.7795
SIM_001233,Rezang La,5000.0,33.425,78.8472,5.7,5.0,2.5,28.5,71.25,264.0,rammed_earth,0.23,none,0.0,pu_sandwich_panel,0.13,none,0.0,stone_floor,0.23,1.99,0.0372,double_pane,180.0,1,0.5,0.64,4.19,9,900.0,none,False,149301.0,SOURCED,2.289,0.4369,35513203.7,54019.9,0.7151
SIM_001234,Pangong,4250.0,33.7595,78.6674,7.1,5.0,2.9,35.5,102.95,139.1,dense_concrete,0.2,straw_bale,0.069,pu_sandwich_panel,0.14,none,0.0,stone_floor,0.12,8.89,0.1267,double_pane,180.0,1,0.5,0.82,3.4,11,1100.0,electric,False,279366.0,SOURCED,1.5505,0.645,38443279.1,59658.3,0.7898
SIM_001235,Depsang,5330.0,35.3167,78.0167,5.6,4.5,2.6,25.2,65.52,199.1,pu_sandwich_panel,0.08,none,0.0,concrete,0.18,rockwool,0.085,dense_concrete,0.21,0.36,0.0069,triple_pane,180.0,0,0.0,0.39,1.6,6,600.0,electric,False,165378.0,SOURCED,1.0914,0.9163,22969492.8,51679.8,0.6842
SIM_001236,Kargil,2676.0,34.5539,76.1349,4.9,5.4,3.0,26.46,79.38,189.7,rammed_earth,0.36,straw_bale,0.092,cgi_sheet,0.002,rockwool,0.119,dense_concrete,0.12,3.61,0.0584,triple_pane,180.0,1,0.5,0.79,0.41,4,400.0,flued_stove,False,147781.0,SOURCED,1.3488,0.7414,46472304.3,73045.7,0.967
SIM_001237,Leh,3500.0,34.1526,77.5771,4.1,4.3,3.1,17.63,54.65,175.3,stone_masonry,0.43,none,0.0,concrete,0.17,none,0.0,dense_concrete,0.19,2.08,0.0399,double_pane,180.0,1,0.5,0.56,2.74,1,100.0,none,False,165590.0,SOURCED,3.0745,0.3253,57989459.8,65764.1,0.8706
SIM_001238,Dras,3280.0,34.4293,75.7533,5.8,5.2,2.8,30.16,84.45,36.4,rammed_earth,0.32,eps,0.044,concrete,0.11,none,0.0,dense_concrete,0.19,6.62,0.1075,single_pane,180.0,1,0.5,0.35,0.29,9,900.0,flued_stove,False,156496.0,SOURCED,2.3155,0.4319,52639555.4,67647.9,0.8956
SIM_001239,Siachen,5400.0,35.4212,77.1095,9.9,5.7,2.4,56.43,135.43,168.6,mud_brick,0.44,eps,0.094,cgi_sheet,0.002,rockwool,0.09,stone_floor,0.17,2.09,0.0279,triple_pane,180.0,0,0.0,0.39,2.04,3,300.0,flued_stove,False,280404.0,SOURCED,1.4327,0.698,69257673.1,51194.2,0.6777
SIM_001240,Daulat Beg Oldie,5065.0,35.4057,77.9297,8.7,3.6,2.6,31.32,81.43,210.0,rammed_earth,0.22,none,0.0,concrete,0.14,none,0.0,dense_concrete,0.24,6.3,0.0985,triple_pane,180.0,0,0.0,0.23,0.64,5,500.0,none,False,175269.0,SOURCED,3.181,0.3144,50265060.1,53552.3,0.709
SIM_001241,Galwan,4300.0,34.75,78.25,4.9,5.1,3.0,24.99,74.97,90.1,mud_brick,0.3,straw_bale,0.147,concrete,0.19,none,0.0,dense_concrete,0.11,3.05,0.0508,double_pane,180.0,0,0.0,0.32,2.41,2,200.0,electric,False,141470.0,SOURCED,2.0631,0.4847,44518963.9,59268.2,0.7846
SIM_001242,Hanle,4500.0,32.7784,78.9642,4.5,3.3,3.0,14.85,44.55,169.3,pu_sandwich_panel,0.09,none,0.0,cgi_sheet,0.002,none,0.0,dense_concrete,0.14,3.94,0.0842,triple_pane,180.0,1,0.5,0.29,3.06,4,400.0,flued_stove,False,119247.0,SOURCED,2.1034,0.4754,5143128.2,57728.3,0.7642
SIM_001243,Nyoma,4180.0,33.1958,78.6508,7.1,6.0,3.1,42.6,132.06,135.1,pu_sandwich_panel,0.13,none,0.0,cgi_sheet,0.002,none,0.0,dense_concrete,0.22,4.35,0.0536,triple_pane,180.0,1,0.5,0.75,3.74,9,900.0,electric,False,292663.0,SOURCED,2.4752,0.404,22539988.9,60207.9,0.7971
SIM_001244,Chushul,4350.0,33.5936,78.6543,4.8,5.8,2.5,27.84,69.6,39.0,dense_concrete,0.18,rockwool,0.121,cgi_sheet,0.002,eps,0.044,dense_concrete,0.22,5.0,0.0943,single_pane,180.0,0,0.0,0.33,3.92,6,600.0,flued_stove,False,194289.0,SOURCED,1.4492,0.69,34499081.5,58880.1,0.7795
SIM_001245,Rezang La,5000.0,33.425,78.8472,9.0,5.9,2.7,53.1,143.37,228.5,dense_concrete,0.29,straw_bale,0.057,concrete,0.16,rockwool,0.06,stone_floor,0.23,3.0,0.0373,triple_pane,180.0,0,0.0,0.54,0.83,4,400.0,none,False,402269.0,SOURCED,1.5361,0.651,98264960.7,54019.9,0.7151
SIM_001246,Pangong,4250.0,33.7595,78.6674,5.1,4.5,3.1,22.95,71.14,132.3,dense_concrete,0.22,none,0.0,concrete,0.15,rockwool,0.108,stone_floor,0.24,6.14,0.1032,single_pane,180.0,1,0.5,0.67,4.29,1,100.0,none,False,209288.0,SOURCED,2.6195,0.3818,46788937.5,59658.3,0.7898
SIM_001247,Depsang,5330.0,35.3167,78.0167,4.7,5.1,2.5,23.97,59.92,191.6,dense_concrete,0.12,eps,0.077,cgi_sheet,0.002,eps,0.048,stone_floor,0.15,4.06,0.0829,triple_pane,180.0,0,0.0,0.81,0.76,3,300.0,none,False,137128.0,SOURCED,1.4451,0.692,20425951.3,51679.8,0.6842
SIM_001248,Kargil,2676.0,34.5539,76.1349,7.4,3.6,2.5,26.64,66.6,137.3,pu_sandwich_panel,0.05,none,0.0,pu_sandwich_panel,0.1,none,0.0,stone_floor,0.17,5.92,0.1076,double_pane,180.0,1,0.5,0.72,1.22,7,700.0,unflued_combustion,True,151703.0,SOURCED,1.2865,0.7773,9975033.3,73045.7,0.967
SIM_001249,Leh,3500.0,34.1526,77.5771,6.2,4.0,2.8,24.8,69.44,154.8,mud_brick,0.48,none,0.0,concrete,0.18,eps,0.078,stone_floor,0.2,5.92,0.1036,triple_pane,180.0,1,0.5,0.51,0.34,8,800.0,flued_stove,False,214098.0,SOURCED,1.5986,0.6255,57701358.0,65764.1,0.8706
SIM_001250,Dras,3280.0,34.4293,75.7533,4.3,4.9,2.6,21.07,54.78,56.1,mud_brick,0.21,eps,0.07,concrete,0.18,none,0.0,stone_floor,0.24,1.75,0.0366,double_pane,180.0,0,0.0,0.38,0.85,7,700.0,none,False,124226.0,SOURCED,1.9436,0.5145,34110540.6,67647.9,0.8956
SIM_001251,Siachen,5400.0,35.4212,77.1095,6.3,3.8,3.1,23.94,74.21,245.0,stone_masonry,0.43,none,0.0,pu_sandwich_panel,0.07,none,0.0,stone_floor,0.24,2.52,0.0402,double_pane,180.0,0,0.0,0.57,3.26,8,800.0,electric,False,202804.0,SOURCED,2.3694,0.422,64453281.7,51194.2,0.6777
SIM_001252,Daulat Beg Oldie,5065.0,35.4057,77.9297,7.7,5.1,2.4,39.27,94.25,150.9,stone_masonry,0.3,eps,0.027,cgi_sheet,0.002,eps,0.147,dense_concrete,0.23,0.19,0.0031,triple_pane,180.0,1,0.5,0.8,1.34,7,700.0,unflued_combustion,True,221900.0,SOURCED,1.4316,0.6985,58438960.6,53552.3,0.709
SIM_001253,Galwan,4300.0,34.75,78.25,6.4,3.6,3.1,23.04,71.42,193.0,rammed_earth,0.23,straw_bale,0.136,cgi_sheet,0.002,none,0.0,stone_floor,0.24,5.78,0.0932,double_pane,180.0,0,0.0,0.63,0.91,9,900.0,unflued_combustion,True,115122.0,SOURCED,2.365,0.4228,36768216.7,59268.2,0.7846
SIM_001254,Hanle,4500.0,32.7784,78.9642,7.1,4.6,3.0,32.66,97.98,30.1,stone_masonry,0.2,none,0.0,pu_sandwich_panel,0.13,none,0.0,dense_concrete,0.24,4.14,0.059,double_pane,180.0,1,0.5,0.84,3.14,12,1200.0,flued_stove,False,224582.0,SOURCED,2.7317,0.3661,44976731.1,57728.3,0.7642
SIM_001255,Nyoma,4180.0,33.1958,78.6508,7.6,5.4,2.8,41.04,114.91,154.8,mud_brick,0.41,none,0.0,concrete,0.19,eps,0.081,stone_floor,0.14,3.99,0.0548,triple_pane,180.0,0,0.0,0.24,1.38,11,1100.0,unflued_combustion,True,241247.0,SOURCED,1.87,0.5348,72557580.1,60207.9,0.7971
SIM_001256,Chushul,4350.0,33.5936,78.6543,6.2,5.1,2.9,31.62,91.7,200.1,rammed_earth,0.47,none,0.0,pu_sandwich_panel,0.1,none,0.0,stone_floor,0.25,5.05,0.0771,double_pane,180.0,0,0.0,0.27,1.82,6,600.0,unflued_combustion,True,200821.0,SOURCED,1.859,0.5379,68221571.6,58880.1,0.7795
SIM_001257,Rezang La,5000.0,33.425,78.8472,8.2,4.7,3.1,38.54,119.47,126.3,rammed_earth,0.25,eps,0.068,concrete,0.2,eps,0.052,stone_floor,0.23,1.21,0.0151,double_pane,180.0,0,0.0,0.7,3.3,11,1100.0,flued_stove,False,220843.0,SOURCED,1.2633,0.7916,72354808.6,54019.9,0.7151
SIM_001258,Pangong,4250.0,33.7595,78.6674,5.2,5.8,3.1,30.16,93.5,78.5,stone_masonry,0.31,straw_bale,0.076,cgi_sheet,0.002,eps,0.06,dense_concrete,0.12,5.16,0.0757,single_pane,180.0,1,0.5,0.3,1.75,8,800.0,electric,False,168581.0,SOURCED,1.5285,0.6542,49033649.5,59658.3,0.7898
SIM_001259,Depsang,5330.0,35.3167,78.0167,9.3,3.4,2.6,31.62,82.21,191.9,pu_sandwich_panel,0.05,none,0.0,concrete,0.14,rockwool,0.047,dense_concrete,0.12,3.52,0.0533,double_pane,180.0,0,0.0,0.44,2.52,5,500.0,unflued_combustion,True,142445.0,SOURCED,1.4806,0.6754,19200264.9,51679.8,0.6842
SIM_001260,Kargil,2676.0,34.5539,76.1349,6.9,4.8,2.7,33.12,89.42,204.6,dense_concrete,0.18,rockwool,0.063,pu_sandwich_panel,0.14,none,0.0,stone_floor,0.19,0.54,0.0085,triple_pane,180.0,1,0.5,0.32,3.18,4,400.0,electric,False,253295.0,SOURCED,1.2624,0.7921,39810843.3,73045.7,0.967
SIM_001261,Leh,3500.0,34.1526,77.5771,9.5,5.1,2.8,48.45,135.66,269.8,pu_sandwich_panel,0.09,none,0.0,concrete,0.16,eps,0.073,dense_concrete,0.22,8.78,0.1074,triple_pane,180.0,0,0.0,0.64,2.15,18,1800.0,electric,False,342989.0,SOURCED,1.2143,0.8235,42955607.5,65764.1,0.8706
SIM_001262,Dras,3280.0,34.4293,75.7533,5.2,4.1,2.9,21.32,61.83,203.5,mud_brick,0.38,none,0.0,pu_sandwich_panel,0.08,none,0.0,dense_concrete,0.2,3.69,0.0684,triple_pane,180.0,0,0.0,0.32,3.02,8,800.0,unflued_combustion,True,153815.0,SOURCED,1.6619,0.6017,38524481.0,67647.9,0.8956
SIM_001263,Siachen,5400.0,35.4212,77.1095,6.6,4.0,2.7,26.4,71.28,174.4,pu_sandwich_panel,0.06,none,0.0,concrete,0.13,rockwool,0.101,dense_concrete,0.11,5.14,0.0898,single_pane,180.0,0,0.0,0.61,0.28,3,300.0,unflued_combustion,True,130733.0,SOURCED,1.5565,0.6425,14903915.7,51194.2,0.6777
SIM_001264,Daulat Beg Oldie,5065.0,35.4057,77.9297,6.8,4.1,2.7,27.88,75.28,152.3,pu_sandwich_panel,0.13,none,0.0,concrete,0.13,rockwool,0.072,stone_floor,0.22,7.85,0.1334,single_pane,180.0,0,0.0,0.65,3.07,2,200.0,electric,False,209868.0,SOURCED,1.4525,0.6885,21875943.5,53552.3,0.709
SIM_001265,Galwan,4300.0,34.75,78.25,4.8,4.9,3.1,23.52,72.91,177.7,mud_brick,0.3,rockwool,0.098,concrete,0.11,rockwool,0.147,stone_floor,0.24,2.46,0.0409,triple_pane,180.0,0,0.0,0.45,2.23,1,100.0,electric,False,199074.0,SOURCED,1.0132,0.987,44257356.8,59268.2,0.7846
SIM_001266,Hanle,4500.0,32.7784,78.9642,7.7,5.7,2.5,43.89,109.72,178.0,rammed_earth,0.31,rockwool,0.134,concrete,0.13,eps,0.046,dense_concrete,0.17,5.47,0.0816,double_pane,180.0,0,0.0,0.86,2.08,10,1000.0,unflued_combustion,True,247964.0,SOURCED,1.4561,0.6868,65105217.2,57728.3,0.7642
SIM_001267,Nyoma,4180.0,33.1958,78.6508,8.8,5.5,2.5,48.4,121.0,162.2,dense_concrete,0.26,none,0.0,concrete,0.12,eps,0.075,stone_floor,0.24,6.64,0.0929,single_pane,180.0,1,0.5,0.61,2.37,4,400.0,electric,False,323606.0,SOURCED,2.3898,0.4184,77052656.9,60207.9,0.7971
SIM_001268,Chushul,4350.0,33.5936,78.6543,4.4,3.4,3.1,14.96,46.38,187.9,pu_sandwich_panel,0.07,none,0.0,cgi_sheet,0.002,none,0.0,dense_concrete,0.19,4.06,0.084,single_pane,180.0,1,0.5,0.85,1.7,4,400.0,electric,False,93410.0,SOURCED,2.0701,0.4831,6859526.6,58880.1,0.7795
SIM_001269,Rezang La,5000.0,33.425,78.8472,4.3,3.9,2.5,16.77,41.92,177.0,rammed_earth,0.36,rockwool,0.111,concrete,0.18,rockwool,0.114,dense_concrete,0.24,1.63,0.0398,triple_pane,180.0,1,0.5,0.7,3.44,4,400.0,unflued_combustion,True,150793.0,SOURCED,0.9756,1.025,41994996.5,54019.9,0.7151
SIM_001270,Pangong,4250.0,33.7595,78.6674,6.6,5.6,2.5,36.96,92.4,182.6,mud_brick,0.34,eps,0.047,concrete,0.19,rockwool,0.087,dense_concrete,0.12,0.84,0.0138,double_pane,180.0,1,0.5,0.59,0.48,11,1100.0,electric,False,202072.0,SOURCED,1.5019,0.6658,57254216.5,59658.3,0.7898
SIM_001271,Depsang,5330.0,35.3167,78.0167,4.3,4.7,2.9,20.21,58.61,155.9,stone_masonry,0.2,rockwool,0.074,concrete,0.14,eps,0.033,dense_concrete,0.19,5.24,0.1004,single_pane,180.0,0,0.0,0.46,3.68,8,800.0,unflued_combustion,True,138138.0,SOURCED,1.5305,0.6534,34477416.8,51679.8,0.6842
SIM_001272,Kargil,2676.0,34.5539,76.1349,7.3,3.2,2.6,23.36,60.74,198.5,mud_brick,0.25,straw_bale,0.04,concrete,0.13,eps,0.139,dense_concrete,0.12,6.95,0.1273,single_pane,180.0,0,0.0,0.58,1.58,7,700.0,none,False,122630.0,SOURCED,1.8541,0.5393,31803160.8,73045.7,0.967
SIM_001273,Leh,3500.0,34.1526,77.5771,4.0,4.3,2.5,17.2,43.0,183.2,dense_concrete,0.2,none,0.0,pu_sandwich_panel,0.08,none,0.0,dense_concrete,0.22,0.56,0.0135,double_pane,180.0,0,0.0,0.86,0.73,1,100.0,none,False,129765.0,SOURCED,2.749,0.3638,27650279.8,65764.1,0.8706
SIM_001274,Dras,3280.0,34.4293,75.7533,4.6,4.8,2.7,22.08,59.62,192.4,dense_concrete,0.15,straw_bale,0.134,cgi_sheet,0.002,eps,0.122,dense_concrete,0.13,3.73,0.0735,triple_pane,180.0,0,0.0,0.47,1.63,8,800.0,flued_stove,False,145924.0,SOURCED,1.3044,0.7666,24388343.1,67647.9,0.8956
SIM_001275,Siachen,5400.0,35.4212,77.1095,8.9,4.3,3.2,38.27,122.46,173.9,mud_brick,0.23,straw_bale,0.122,concrete,0.11,rockwool,0.145,dense_concrete,0.11,9.49,0.1123,double_pane,180.0,1,0.5,0.81,2.35,1,100.0,none,False,234226.0,SOURCED,1.358,0.7364,47285792.4,51194.2,0.6777
SIM_001276,Daulat Beg Oldie,5065.0,35.4057,77.9297,4.5,4.1,2.6,18.45,47.97,142.0,rammed_earth,0.39,straw_bale,0.109,concrete,0.2,rockwool,0.148,dense_concrete,0.24,0.24,0.0054,double_pane,180.0,0,0.0,0.25,1.57,1,100.0,none,False,136468.0,SOURCED,1.0655,0.9385,51000603.7,53552.3,0.709
SIM_001277,Galwan,4300.0,34.75,78.25,8.2,4.3,2.7,35.26,95.2,27.4,mud_brick,0.46,none,0.0,concrete,0.1,eps,0.055,dense_concrete,0.16,7.49,0.111,single_pane,180.0,1,0.5,0.27,3.31,5,500.0,none,False,204207.0,SOURCED,1.7652,0.5665,62524908.2,59268.2,0.7846
SIM_001278,Hanle,4500.0,32.7784,78.9642,7.9,5.7,2.6,45.03,117.08,207.7,dense_concrete,0.21,none,0.0,concrete,0.18,rockwool,0.032,dense_concrete,0.24,6.9,0.0976,single_pane,180.0,1,0.5,0.32,2.58,15,1500.0,none,False,307886.0,SOURCED,2.5954,0.3853,74472062.2,57728.3,0.7642
SIM_001279,Nyoma,4180.0,33.1958,78.6508,7.7,4.0,2.8,30.8,86.24,193.5,stone_masonry,0.3,straw_bale,0.124,pu_sandwich_panel,0.07,none,0.0,dense_concrete,0.11,9.14,0.1395,triple_pane,180.0,1,0.5,0.67,0.69,3,300.0,flued_stove,False,237339.0,SOURCED,1.3917,0.7185,43465084.2,60207.9,0.7971
SIM_001280,Chushul,4350.0,33.5936,78.6543,9.0,5.3,2.4,47.7,114.48,262.7,dense_concrete,0.2,eps,0.027,cgi_sheet,0.002,none,0.0,dense_concrete,0.23,7.17,0.1045,double_pane,180.0,0,0.0,0.5,1.06,11,1100.0,electric,False,256155.0,SOURCED,3.1738,0.3151,54014448.4,58880.1,0.7795
SIM_001281,Rezang La,5000.0,33.425,78.8472,5.6,3.6,3.0,20.16,60.48,338.0,pu_sandwich_panel,0.11,none,0.0,pu_sandwich_panel,0.13,none,0.0,dense_concrete,0.11,1.59,0.0288,single_pane,180.0,0,0.0,0.8,1.31,1,100.0,flued_stove,False,160669.0,SOURCED,1.1571,0.8642,5620950.5,54019.9,0.7151
SIM_001282,Pangong,4250.0,33.7595,78.6674,5.0,3.4,2.5,17.0,42.5,155.3,dense_concrete,0.27,none,0.0,cgi_sheet,0.002,eps,0.132,stone_floor,0.14,4.3,0.1024,double_pane,180.0,1,0.5,0.76,2.48,4,400.0,none,False,150068.0,SOURCED,2.5891,0.3862,28708769.8,59658.3,0.7898
SIM_001283,Depsang,5330.0,35.3167,78.0167,7.2,4.5,3.1,32.4,100.44,190.9,rammed_earth,0.26,none,0.0,concrete,0.16,rockwool,0.067,dense_concrete,0.2,2.24,0.0309,double_pane,180.0,1,0.5,0.54,4.33,8,800.0,none,False,168313.0,SOURCED,2.3195,0.4311,59884187.6,51679.8,0.6842
SIM_001284,Kargil,2676.0,34.5539,76.1349,7.5,5.8,2.4,43.5,104.4,206.2,mud_brick,0.4,straw_bale,0.084,concrete,0.18,eps,0.07,dense_concrete,0.23,3.88,0.0608,double_pane,180.0,1,0.5,0.89,1.95,5,500.0,none,False,273345.0,SOURCED,1.3319,0.7508,78105855.0,73045.7,0.967
SIM_001285,Leh,3500.0,34.1526,77.5771,4.3,4.1,2.6,17.63,45.84,187.3,rammed_earth,0.4,eps,0.083,cgi_sheet,0.002,eps,0.085,stone_floor,0.23,0.68,0.0156,single_pane,180.0,1,0.5,0.83,1.88,3,300.0,flued_stove,False,109214.0,SOURCED,1.0929,0.915,39926147.1,65764.1,0.8706
SIM_001286,Dras,3280.0,34.4293,75.7533,7.9,5.4,2.9,42.66,123.71,165.7,mud_brick,0.46,eps,0.045,pu_sandwich_panel,0.09,none,0.0,dense_concrete,0.11,8.13,0.1054,double_pane,180.0,0,0.0,0.28,0.83,14,1400.0,none,False,260216.0,SOURCED,1.5507,0.6449,58717945.7,67647.9,0.8956
SIM_001287,Siachen,5400.0,35.4212,77.1095,4.9,5.7,2.7,27.93,75.41,282.3,stone_masonry,0.38,eps,0.059,pu_sandwich_panel,0.08,none,0.0,dense_concrete,0.2,4.01,0.0701,triple_pane,180.0,0,0.0,0.24,1.59,10,1000.0,electric,False,229101.0,SOURCED,1.2371,0.8083,53912648.9,51194.2,0.6777
SIM_001288,Daulat Beg Oldie,5065.0,35.4057,77.9297,9.7,3.3,2.9,32.01,92.83,200.5,pu_sandwich_panel,0.07,none,0.0,cgi_sheet,0.002,eps,0.1,dense_concrete,0.14,9.95,0.132,single_pane,180.0,1,0.5,0.68,3.42,8,800.0,none,False,176605.0,SOURCED,1.2581,0.7948,10981650.3,53552.3,0.709
SIM_001289,Galwan,4300.0,34.75,78.25,5.0,5.2,2.8,26.0,72.8,178.8,rammed_earth,0.4,none,0.0,concrete,0.18,rockwool,0.108,stone_floor,0.16,1.05,0.0184,triple_pane,180.0,0,0.0,0.87,4.26,3,300.0,none,False,147504.0,SOURCED,2.0917,0.4781,60145024.7,59268.2,0.7846
SIM_001290,Hanle,4500.0,32.7784,78.9642,7.0,4.7,2.4,32.9,78.96,204.1,pu_sandwich_panel,0.14,none,0.0,pu_sandwich_panel,0.09,none,0.0,dense_concrete,0.19,6.52,0.1161,single_pane,180.0,1,0.5,0.77,3.33,7,700.0,electric,False,239170.0,SOURCED,1.1841,0.8445,14992939.4,57728.3,0.7642
SIM_001291,Nyoma,4180.0,33.1958,78.6508,6.7,3.5,3.2,23.45,75.04,190.0,dense_concrete,0.17,eps,0.118,concrete,0.2,rockwool,0.095,stone_floor,0.11,6.96,0.1066,triple_pane,180.0,1,0.5,0.71,3.96,8,800.0,electric,False,260434.0,SOURCED,1.2094,0.8269,39462352.7,60207.9,0.7971
SIM_001292,Chushul,4350.0,33.5936,78.6543,9.9,3.1,2.8,30.69,85.93,180.4,dense_concrete,0.24,straw_bale,0.138,cgi_sheet,0.002,rockwool,0.036,stone_floor,0.15,1.7,0.0234,single_pane,180.0,0,0.0,0.48,2.95,12,1200.0,unflued_combustion,True,218055.0,SOURCED,1.443,0.693,51314045.4,58880.1,0.7795
SIM_001293,Rezang La,5000.0,33.425,78.8472,5.9,3.4,2.7,20.06,54.16,104.4,rammed_earth,0.32,straw_bale,0.053,cgi_sheet,0.002,none,0.0,stone_floor,0.24,3.45,0.0687,single_pane,180.0,1,0.5,0.88,1.73,5,500.0,unflued_combustion,True,93310.0,SOURCED,2.5657,0.3898,37850060.9,54019.9,0.7151
SIM_001294,Pangong,4250.0,33.7595,78.6674,8.4,5.2,2.4,43.68,104.83,159.2,mud_brick,0.28,straw_bale,0.068,pu_sandwich_panel,0.12,none,0.0,dense_concrete,0.21,8.23,0.1261,triple_pane,180.0,1,0.5,0.4,4.34,12,1200.0,unflued_combustion,True,296775.0,SOURCED,1.3333,0.75,46139403.7,59658.3,0.7898
SIM_001295,Depsang,5330.0,35.3167,78.0167,8.8,3.4,2.8,29.92,83.78,150.3,stone_masonry,0.43,none,0.0,pu_sandwich_panel,0.08,none,0.0,dense_concrete,0.21,7.19,0.1052,single_pane,180.0,0,0.0,0.8,1.42,6,600.0,none,False,232672.0,SOURCED,2.4966,0.4005,67635379.1,51679.8,0.6842
SIM_001296,Kargil,2676.0,34.5539,76.1349,4.0,5.8,3.0,23.2,69.6,188.7,pu_sandwich_panel,0.09,none,0.0,pu_sandwich_panel,0.09,none,0.0,dense_concrete,0.12,3.77,0.0641,triple_pane,180.0,1,0.5,0.23,2.37,7,700.0,unflued_combustion,True,172080.0,SOURCED,1.1436,0.8744,6865120.1,73045.7,0.967
SIM_001297,Leh,3500.0,34.1526,77.5771,8.9,5.1,2.5,45.39,113.47,147.6,dense_concrete,0.13,none,0.0,concrete,0.16,none,0.0,stone_floor,0.13,7.82,0.1117,double_pane,180.0,0,0.0,0.49,3.58,2,200.0,unflued_combustion,True,202450.0,SOURCED,4.0005,0.25,47933614.9,65764.1,0.8706
SIM_001298,Dras,3280.0,34.4293,75.7533,8.3,3.2,2.9,26.56,77.02,150.2,mud_brick,0.41,none,0.0,cgi_sheet,0.002,none,0.0,dense_concrete,0.22,4.56,0.0684,single_pane,180.0,1,0.5,0.29,2.95,8,800.0,electric,False,156538.0,SOURCED,2.8332,0.353,51821756.0,67647.9,0.8956
SIM_001299,Siachen,5400.0,35.4212,77.1095,7.5,3.2,3.2,24.0,76.8,348.3,pu_sandwich_panel,0.08,none,0.0,concrete,0.13,none,0.0,dense_concrete,0.19,5.82,0.085,single_pane,180.0,1,0.5,0.45,0.38,2,200.0,electric,False,165601.0,SOURCED,1.8106,0.5523,17997027.0,51194.2,0.6777
SIM_001300,Daulat Beg Oldie,5065.0,35.4057,77.9297,4.3,4.9,2.5,21.07,52.67,159.2,stone_masonry,0.43,none,0.0,cgi_sheet,0.002,none,0.0,stone_floor,0.2,0.4,0.0087,single_pane,180.0,1,0.5,0.88,1.53,4,400.0,unflued_combustion,True,130230.0,SOURCED,3.7136,0.2693,48679781.0,53552.3,0.709
SIM_001301,Galwan,4300.0,34.75,78.25,5.8,5.9,3.1,34.22,106.08,176.8,pu_sandwich_panel,0.05,none,0.0,concrete,0.13,none,0.0,stone_floor,0.2,4.05,0.0558,single_pane,180.0,1,0.5,0.44,1.66,11,1100.0,flued_stove,False,154087.0,SOURCED,2.1508,0.4649,25050702.5,59268.2,0.7846
SIM_001302,Hanle,4500.0,32.7784,78.9642,6.9,5.8,2.4,40.02,96.05,172.0,dense_concrete,0.22,eps,0.106,pu_sandwich_panel,0.07,none,0.0,stone_floor,0.22,7.21,0.1183,single_pane,180.0,0,0.0,0.73,4.19,4,400.0,flued_stove,False,263732.0,SOURCED,1.5207,0.6576,46336911.3,57728.3,0.7642
SIM_001303,Nyoma,4180.0,33.1958,78.6508,7.7,5.0,2.7,38.5,103.95,277.5,stone_masonry,0.39,straw_bale,0.118,concrete,0.13,none,0.0,stone_floor,0.1,1.54,0.0225,double_pane,180.0,0,0.0,0.28,3.01,12,1200.0,unflued_combustion,True,208755.0,SOURCED,2.5408,0.3936,74051871.2,60207.9,0.7971
SIM_001304,Chushul,4350.0,33.5936,78.6543,9.8,5.9,3.0,57.82,173.46,150.8,rammed_earth,0.3,rockwool,0.06,cgi_sheet,0.002,rockwool,0.116,stone_floor,0.12,2.9,0.0308,double_pane,180.0,1,0.5,0.66,2.13,11,1100.0,unflued_combustion,True,234111.0,SOURCED,1.5184,0.6586,65106245.7,58880.1,0.7795
SIM_001305,Rezang La,5000.0,33.425,78.8472,8.1,4.6,2.8,37.26,104.33,185.3,dense_concrete,0.27,eps,0.118,pu_sandwich_panel,0.13,none,0.0,stone_floor,0.2,6.7,0.0942,triple_pane,180.0,0,0.0,0.9,2.46,7,700.0,unflued_combustion,True,381450.0,SOURCED,1.1867,0.8427,56452609.9,54019.9,0.7151
SIM_001306,Pangong,4250.0,33.7595,78.6674,9.4,4.1,2.6,38.54,100.2,217.8,stone_masonry,0.22,eps,0.089,concrete,0.12,eps,0.072,dense_concrete,0.14,6.99,0.0996,single_pane,180.0,0,0.0,0.66,4.15,12,1200.0,none,False,212581.0,SOURCED,1.6042,0.6234,51455374.6,59658.3,0.7898
SIM_001307,Depsang,5330.0,35.3167,78.0167,6.4,3.7,2.9,23.68,68.67,186.9,pu_sandwich_panel,0.11,none,0.0,concrete,0.13,none,0.0,stone_floor,0.19,1.32,0.0225,single_pane,180.0,0,0.0,0.73,1.56,4,400.0,flued_stove,False,160974.0,SOURCED,1.9432,0.5146,17041059.4,51679.8,0.6842
SIM_001308,Kargil,2676.0,34.5539,76.1349,6.2,6.0,2.9,37.2,107.88,169.4,dense_concrete,0.21,straw_bale,0.062,concrete,0.13,eps,0.137,dense_concrete,0.17,4.3,0.0608,triple_pane,180.0,1,0.5,0.2,0.53,9,900.0,flued_stove,False,289818.0,SOURCED,1.4397,0.6946,58867260.3,73045.7,0.967
SIM_001309,Leh,3500.0,34.1526,77.5771,7.5,3.3,2.5,24.75,61.88,159.8,dense_concrete,0.25,none,0.0,concrete,0.19,rockwool,0.138,dense_concrete,0.12,1.74,0.0322,single_pane,180.0,0,0.0,0.55,4.31,8,800.0,electric,False,203123.0,SOURCED,2.7732,0.3606,47888101.8,65764.1,0.8706
SIM_001310,Dras,3280.0,34.4293,75.7533,6.7,4.4,3.1,29.48,91.39,167.5,mud_brick,0.42,rockwool,0.142,pu_sandwich_panel,0.14,none,0.0,dense_concrete,0.16,2.25,0.0327,double_pane,180.0,1,0.5,0.27,4.27,11,1100.0,flued_stove,False,278564.0,SOURCED,1.0581,0.9451,53370420.6,67647.9,0.8956
SIM_001311,Siachen,5400.0,35.4212,77.1095,5.4,5.3,2.5,28.62,71.55,127.5,pu_sandwich_panel,0.08,none,0.0,cgi_sheet,0.002,eps,0.146,dense_concrete,0.2,0.2,0.0037,triple_pane,180.0,1,0.5,0.84,1.79,2,200.0,flued_stove,False,153040.0,SOURCED,1.1124,0.899,13813273.1,51194.2,0.6777
SIM_001312,Daulat Beg Oldie,5065.0,35.4057,77.9297,7.9,4.7,2.7,37.13,100.25,52.9,rammed_earth,0.39,none,0.0,concrete,0.17,rockwool,0.144,stone_floor,0.16,0.13,0.0019,triple_pane,180.0,1,0.5,0.27,1.52,7,700.0,none,False,194028.0,SOURCED,2.0989,0.4764,75101858.3,53552.3,0.709
SIM_001313,Galwan,4300.0,34.75,78.25,9.3,5.1,3.1,47.43,147.03,280.1,stone_masonry,0.44,straw_bale,0.086,concrete,0.14,none,0.0,dense_concrete,0.1,3.81,0.0427,double_pane,180.0,1,0.5,0.83,0.69,2,200.0,flued_stove,False,303155.0,SOURCED,2.4788,0.4034,103567994.1,59268.2,0.7846
SIM_001314,Hanle,4500.0,32.7784,78.9642,9.4,3.6,3.1,33.84,104.9,175.2,dense_concrete,0.25,none,0.0,concrete,0.16,eps,0.147,stone_floor,0.13,4.88,0.0605,double_pane,180.0,1,0.5,0.73,3.14,12,1200.0,unflued_combustion,True,298184.0,SOURCED,2.697,0.3708,65595099.1,57728.3,0.7642
SIM_001315,Nyoma,4180.0,33.1958,78.6508,4.7,4.2,2.5,19.74,49.35,189.4,rammed_earth,0.32,eps,0.103,cgi_sheet,0.002,eps,0.144,dense_concrete,0.15,4.73,0.1063,double_pane,180.0,0,0.0,0.2,0.55,4,400.0,none,False,124025.0,SOURCED,1.2873,0.7768,30148025.3,60207.9,0.7971
SIM_001316,Chushul,4350.0,33.5936,78.6543,5.7,4.4,2.8,25.08,70.22,126.7,mud_brick,0.27,eps,0.111,pu_sandwich_panel,0.1,none,0.0,dense_concrete,0.17,0.39,0.0069,single_pane,180.0,0,0.0,0.52,3.52,2,200.0,unflued_combustion,True,165847.0,SOURCED,1.1072,0.9032,32908147.1,58880.1,0.7795
SIM_001317,Rezang La,5000.0,33.425,78.8472,5.4,3.4,2.6,18.36,47.74,170.7,rammed_earth,0.36,rockwool,0.089,concrete,0.1,rockwool,0.148,dense_concrete,0.14,5.46,0.1193,double_pane,180.0,0,0.0,0.87,4.32,4,400.0,flued_stove,False,139283.0,SOURCED,1.3043,0.7667,36537605.2,54019.9,0.7151
SIM_001318,Pangong,4250.0,33.7595,78.6674,10.0,4.3,2.8,43.0,120.4,163.5,stone_masonry,0.22,rockwool,0.123,cgi_sheet,0.002,none,0.0,dense_concrete,0.14,0.36,0.0045,triple_pane,180.0,1,0.5,0.46,4.24,1,100.0,electric,False,217606.0,SOURCED,2.697,0.3708,50016324.4,59658.3,0.7898
SIM_001319,Depsang,5330.0,35.3167,78.0167,6.6,5.0,2.7,33.0,89.1,201.5,pu_sandwich_panel,0.06,none,0.0,cgi_sheet,0.002,none,0.0,dense_concrete,0.21,6.23,0.0995,double_pane,180.0,0,0.0,0.21,1.29,3,300.0,none,False,150128.0,SOURCED,2.6931,0.3713,16436905.4,51679.8,0.6842
SIM_001320,Kargil,2676.0,34.5539,76.1349,5.3,3.9,2.9,20.67,59.94,330.1,mud_brick,0.22,eps,0.107,pu_sandwich_panel,0.07,none,0.0,dense_concrete,0.23,1.22,0.0229,double_pane,180.0,0,0.0,0.27,0.37,1,100.0,none,False,141485.0,SOURCED,0.9988,1.0012,28429293.2,73045.7,0.967
SIM_001321,Leh,3500.0,34.1526,77.5771,4.5,3.3,2.5,14.85,37.12,197.8,mud_brick,0.28,none,0.0,pu_sandwich_panel,0.07,none,0.0,stone_floor,0.15,0.7,0.0179,triple_pane,180.0,1,0.5,0.37,1.0,5,500.0,unflued_combustion,True,74362.0,SOURCED,1.9868,0.5033,20867236.8,65764.1,0.8706
SIM_001322,Dras,3280.0,34.4293,75.7533,6.0,5.3,2.4,31.8,76.32,265.6,dense_concrete,0.28,straw_bale,0.062,concrete,0.12,rockwool,0.106,stone_floor,0.18,2.98,0.0549,triple_pane,180.0,1,0.5,0.89,0.14,5,500.0,unflued_combustion,True,252144.0,SOURCED,1.5057,0.6641,54785609.1,67647.9,0.8956
SIM_001323,Siachen,5400.0,35.4212,77.1095,5.1,3.2,2.8,16.32,45.7,171.8,dense_concrete,0.23,eps,0.044,pu_sandwich_panel,0.09,none,0.0,dense_concrete,0.14,1.27,0.0273,double_pane,180.0,0,0.0,0.52,4.43,5,500.0,flued_stove,False,152660.0,SOURCED,1.3142,0.7609,29354130.8,51194.2,0.6777
SIM_001324,Daulat Beg Oldie,5065.0,35.4057,77.9297,9.8,3.7,2.8,36.26,101.53,159.4,stone_masonry,0.36,rockwool,0.051,pu_sandwich_panel,0.08,none,0.0,dense_concrete,0.17,11.74,0.1553,triple_pane,180.0,0,0.0,0.51,4.48,9,900.0,unflued_combustion,True,318157.0,SOURCED,1.3545,0.7383,60890793.4,53552.3,0.709
SIM_001325,Galwan,4300.0,34.75,78.25,9.1,5.4,2.7,49.14,132.68,177.5,rammed_earth,0.25,straw_bale,0.139,concrete,0.17,eps,0.064,dense_concrete,0.24,10.87,0.1388,triple_pane,180.0,0,0.0,0.89,3.85,18,1800.0,flued_stove,False,320011.0,SOURCED,1.2969,0.7711,78753024.7,59268.2,0.7846
SIM_001326,Hanle,4500.0,32.7784,78.9642,7.0,4.6,3.2,32.2,103.04,183.9,rammed_earth,0.27,eps,0.083,cgi_sheet,0.002,rockwool,0.046,dense_concrete,0.2,3.73,0.0502,single_pane,180.0,1,0.5,0.67,1.15,5,500.0,flued_stove,False,169709.0,SOURCED,1.2229,0.8177,49664667.8,57728.3,0.7642
SIM_001327,Nyoma,4180.0,33.1958,78.6508,4.4,5.1,2.5,22.44,56.1,138.3,dense_concrete,0.2,straw_bale,0.034,cgi_sheet,0.002,rockwool,0.039,stone_floor,0.12,4.93,0.1038,single_pane,180.0,1,0.5,0.49,0.53,2,200.0,none,False,126313.0,SOURCED,1.9366,0.5164,25839237.2,60207.9,0.7971
SIM_001328,Chushul,4350.0,33.5936,78.6543,5.6,5.3,2.8,29.68,83.1,192.1,mud_brick,0.45,none,0.0,pu_sandwich_panel,0.06,none,0.0,dense_concrete,0.13,5.89,0.0965,single_pane,180.0,1,0.5,0.31,2.64,1,100.0,none,False,164584.0,SOURCED,1.7687,0.5654,46166127.0,58880.1,0.7795
SIM_001329,Rezang La,5000.0,33.425,78.8472,5.0,3.8,3.2,19.0,60.8,192.0,rammed_earth,0.43,none,0.0,pu_sandwich_panel,0.06,none,0.0,dense_concrete,0.23,3.55,0.063,single_pane,180.0,0,0.0,0.39,2.94,5,500.0,none,False,119143.0,SOURCED,2.0468,0.4886,51002518.1,54019.9,0.7151
SIM_001330,Pangong,4250.0,33.7595,78.6674,8.5,3.4,2.6,28.9,75.14,350.3,pu_sandwich_panel,0.13,none,0.0,pu_sandwich_panel,0.1,none,0.0,stone_floor,0.21,7.74,0.1251,triple_pane,180.0,1,0.5,0.82,3.18,8,800.0,electric,False,274863.0,SOURCED,1.068,0.9363,13512245.5,59658.3,0.7898
SIM_001331,Depsang,5330.0,35.3167,78.0167,6.4,5.9,2.9,37.76,109.5,202.4,dense_concrete,0.28,eps,0.109,pu_sandwich_panel,0.09,none,0.0,stone_floor,0.16,5.24,0.0735,single_pane,180.0,1,0.5,0.84,0.43,2,200.0,electric,False,325190.0,SOURCED,1.2876,0.7766,55924575.2,51679.8,0.6842
SIM_001332,Kargil,2676.0,34.5539,76.1349,9.9,5.7,2.8,56.43,158.0,153.6,rammed_earth,0.41,rockwool,0.054,pu_sandwich_panel,0.12,none,0.0,stone_floor,0.19,0.7,0.008,double_pane,180.0,1,0.5,0.46,1.63,5,500.0,unflued_combustion,True,312657.0,SOURCED,1.3477,0.742,87460141.6,73045.7,0.967
SIM_001333,Leh,3500.0,34.1526,77.5771,7.0,4.8,2.5,33.6,84.0,160.3,stone_masonry,0.45,eps,0.068,cgi_sheet,0.002,rockwool,0.063,stone_floor,0.14,3.76,0.0637,single_pane,180.0,0,0.0,0.43,1.91,8,800.0,unflued_combustion,True,205386.0,SOURCED,1.6271,0.6146,60651643.0,65764.1,0.8706
SIM_001334,Dras,3280.0,34.4293,75.7533,5.2,3.1,2.6,16.12,41.91,158.3,mud_brick,0.39,straw_bale,0.125,concrete,0.15,none,0.0,stone_floor,0.17,4.81,0.1114,single_pane,180.0,0,0.0,0.27,2.92,5,500.0,none,False,104266.0,SOURCED,2.2435,0.4457,34746558.8,67647.9,0.8956
SIM_001335,Siachen,5400.0,35.4212,77.1095,8.9,3.3,3.1,29.37,91.05,130.7,dense_concrete,0.17,rockwool,0.065,cgi_sheet,0.002,rockwool,0.149,dense_concrete,0.2,11.76,0.1555,triple_pane,180.0,0,0.0,0.38,2.17,6,600.0,flued_stove,False,299177.0,SOURCED,1.1851,0.8438,39113079.0,51194.2,0.6777
SIM_001336,Daulat Beg Oldie,5065.0,35.4057,77.9297,7.7,3.2,2.9,24.64,71.46,204.0,stone_masonry,0.38,none,0.0,concrete,0.15,eps,0.139,stone_floor,0.16,3.6,0.0569,single_pane,180.0,1,0.5,0.52,1.63,1,100.0,unflued_combustion,True,197691.0,SOURCED,2.5257,0.3959,62722875.4,53552.3,0.709
SIM_001337,Galwan,4300.0,34.75,78.25,4.7,4.7,2.4,22.09,53.02,202.5,dense_concrete,0.2,rockwool,0.059,cgi_sheet,0.002,eps,0.038,stone_floor,0.12,3.86,0.0855,double_pane,180.0,0,0.0,0.74,1.02,2,200.0,flued_stove,False,136027.0,SOURCED,1.6595,0.6026,24947297.7,59268.2,0.7846
SIM_001338,Hanle,4500.0,32.7784,78.9642,6.7,5.6,2.6,37.52,97.55,197.7,stone_masonry,0.29,straw_bale,0.094,concrete,0.14,rockwool,0.122,stone_floor,0.22,1.33,0.0208,double_pane,180.0,0,0.0,0.66,3.18,2,200.0,unflued_combustion,True,233526.0,SOURCED,1.3428,0.7447,67663200.7,57728.3,0.7642
SIM_001339,Nyoma,4180.0,33.1958,78.6508,4.9,5.8,3.0,28.42,85.26,175.3,rammed_earth,0.47,none,0.0,pu_sandwich_panel,0.11,none,0.0,stone_floor,0.19,4.35,0.0678,single_pane,180.0,1,0.5,0.69,3.49,10,1000.0,none,False,174948.0,SOURCED,1.8942,0.5279,62351039.6,60207.9,0.7971
SIM_001340,Chushul,4350.0,33.5936,78.6543,6.6,4.1,3.1,27.06,83.89,244.3,pu_sandwich_panel,0.09,none,0.0,pu_sandwich_panel,0.07,none,0.0,stone_floor,0.15,7.63,0.115,double_pane,180.0,0,0.0,0.58,3.81,3,300.0,flued_stove,False,179385.0,SOURCED,1.2914,0.7744,9093063.4,58880.1,0.7795
SIM_001341,Rezang La,5000.0,33.425,78.8472,8.5,5.5,2.4,46.75,112.2,157.0,dense_concrete,0.27,rockwool,0.146,concrete,0.15,rockwool,0.115,dense_concrete,0.12,2.17,0.0323,single_pane,180.0,0,0.0,0.86,4.14,7,700.0,unflued_combustion,True,364154.0,SOURCED,1.4821,0.6747,70095604.0,54019.9,0.7151
SIM_001342,Pangong,4250.0,33.7595,78.6674,6.4,4.9,2.6,31.36,81.54,349.7,dense_concrete,0.27,straw_bale,0.068,cgi_sheet,0.002,eps,0.032,dense_concrete,0.24,4.49,0.0764,double_pane,180.0,1,0.5,0.64,2.11,7,700.0,flued_stove,False,240566.0,SOURCED,1.4834,0.6741,52077746.2,59658.3,0.7898
SIM_001343,Depsang,5330.0,35.3167,78.0167,7.6,5.0,2.4,38.0,91.2,162.5,rammed_earth,0.43,rockwool,0.078,concrete,0.14,rockwool,0.109,dense_concrete,0.2,3.68,0.0608,triple_pane,180.0,1,0.5,0.45,2.92,10,1000.0,none,False,258508.0,SOURCED,1.253,0.7981,74087546.9,51679.8,0.6842
SIM_001344,Kargil,2676.0,34.5539,76.1349,5.9,5.3,2.6,31.27,81.3,105.0,dense_concrete,0.29,rockwool,0.136,cgi_sheet,0.002,eps,0.041,stone_floor,0.12,0.82,0.0141,double_pane,180.0,0,0.0,0.74,3.37,12,1200.0,none,False,247309.0,SOURCED,1.4734,0.6787,46945889.4,73045.7,0.967
SIM_001345,Leh,3500.0,34.1526,77.5771,5.7,5.7,2.5,32.49,81.23,56.7,pu_sandwich_panel,0.14,none,0.0,cgi_sheet,0.002,none,0.0,stone_floor,0.18,0.1,0.0018,single_pane,180.0,1,0.5,0.59,1.95,2,200.0,flued_stove,False,180293.0,SOURCED,2.6698,0.3746,13187875.7,65764.1,0.8706
SIM_001346,Dras,3280.0,34.4293,75.7533,6.9,3.6,2.6,24.84,64.58,127.2,rammed_earth,0.28,none,0.0,cgi_sheet,0.002,eps,0.066,dense_concrete,0.13,1.94,0.0355,single_pane,180.0,1,0.5,0.71,2.6,3,300.0,unflued_combustion,True,86898.0,SOURCED,2.4093,0.4151,34269310.2,67647.9,0.8956
SIM_001347,Siachen,5400.0,35.4212,77.1095,6.7,4.9,2.6,32.83,85.36,160.5,dense_concrete,0.21,rockwool,0.113,pu_sandwich_panel,0.12,none,0.0,stone_floor,0.22,4.79,0.0794,triple_pane,180.0,1,0.5,0.33,1.3,5,500.0,unflued_combustion,True,306506.0,SOURCED,1.1475,0.8715,42700775.5,51194.2,0.6777
SIM_001348,Daulat Beg Oldie,5065.0,35.4057,77.9297,6.3,5.8,3.1,36.54,113.27,170.8,stone_masonry,0.4,straw_bale,0.083,pu_sandwich_panel,0.11,none,0.0,stone_floor,0.13,7.12,0.0949,double_pane,180.0,1,0.5,0.34,2.23,4,400.0,flued_stove,False,280138.0,SOURCED,1.4561,0.6868,66270397.4,53552.3,0.709
SIM_001349,Galwan,4300.0,34.75,78.25,7.3,4.6,3.0,33.58,100.74,170.0,pu_sandwich_panel,0.06,none,0.0,cgi_sheet,0.002,none,0.0,stone_floor,0.17,1.13,0.0158,triple_pane,180.0,1,0.5,0.37,3.15,3,300.0,flued_stove,False,128464.0,SOURCED,2.5723,0.3888,12697767.3,59268.2,0.7846
SIM_001350,Hanle,4500.0,32.7784,78.9642,8.4,3.6,2.7,30.24,81.65,265.0,stone_masonry,0.45,none,0.0,cgi_sheet,0.002,rockwool,0.05,stone_floor,0.16,4.32,0.0667,single_pane,180.0,1,0.5,0.65,2.66,8,800.0,electric,False,197821.0,SOURCED,2.4679,0.4052,65499167.3,57728.3,0.7642
SIM_001351,Nyoma,4180.0,33.1958,78.6508,7.8,4.3,2.7,33.54,90.56,173.3,stone_masonry,0.43,none,0.0,cgi_sheet,0.002,rockwool,0.132,dense_concrete,0.14,5.03,0.077,triple_pane,180.0,0,0.0,0.31,1.83,7,700.0,electric,False,239184.0,SOURCED,2.3821,0.4198,63583609.6,60207.9,0.7971
SIM_001352,Chushul,4350.0,33.5936,78.6543,4.5,3.1,3.1,13.95,43.25,199.7,stone_masonry,0.4,rockwool,0.058,concrete,0.16,eps,0.109,stone_floor,0.11,5.38,0.1142,single_pane,180.0,0,0.0,0.56,1.8,3,300.0,none,False,143982.0,SOURCED,1.5909,0.6286,42238256.6,58880.1,0.7795
SIM_001353,Rezang La,5000.0,33.425,78.8472,9.5,5.7,2.8,54.15,151.62,154.4,dense_concrete,0.17,eps,0.122,concrete,0.16,rockwool,0.079,dense_concrete,0.11,0.22,0.0026,double_pane,180.0,0,0.0,0.25,4.38,7,700.0,none,False,337153.0,SOURCED,1.4513,0.689,67467028.0,54019.9,0.7151
SIM_001354,Pangong,4250.0,33.7595,78.6674,4.6,4.8,3.1,22.08,68.45,159.9,pu_sandwich_panel,0.09,none,0.0,concrete,0.18,none,0.0,stone_floor,0.15,0.93,0.016,triple_pane,180.0,1,0.5,0.38,1.58,6,600.0,unflued_combustion,True,146004.0,SOURCED,1.82,0.5495,16522493.6,59658.3,0.7898
SIM_001355,Depsang,5330.0,35.3167,78.0167,6.9,4.1,3.0,28.29,84.87,203.1,dense_concrete,0.29,eps,0.039,cgi_sheet,0.002,none,0.0,dense_concrete,0.18,5.13,0.0777,double_pane,180.0,0,0.0,0.57,3.84,8,800.0,electric,False,242659.0,SOURCED,2.6848,0.3725,52665628.4,51679.8,0.6842
SIM_001356,Kargil,2676.0,34.5539,76.1349,5.1,5.2,3.1,26.52,82.21,195.3,stone_masonry,0.44,straw_bale,0.04,concrete,0.15,none,0.0,stone_floor,0.16,6.33,0.0991,double_pane,180.0,0,0.0,0.34,0.6,3,300.0,unflued_combustion,True,211721.0,SOURCED,2.469,0.405,69733146.7,73045.7,0.967
SIM_001357,Leh,3500.0,34.1526,77.5771,6.6,4.5,2.8,29.7,83.16,153.2,rammed_earth,0.28,eps,0.09,concrete,0.11,rockwool,0.087,stone_floor,0.18,0.8,0.0129,single_pane,180.0,0,0.0,0.58,3.17,2,200.0,none,False,159008.0,SOURCED,1.2568,0.7957,50170019.4,65764.1,0.8706
SIM_001358,Dras,3280.0,34.4293,75.7533,8.6,5.3,2.9,45.58,132.18,155.7,stone_masonry,0.39,eps,0.125,pu_sandwich_panel,0.06,none,0.0,stone_floor,0.22,3.29,0.0408,single_pane,180.0,1,0.5,0.28,2.26,11,1100.0,electric,False,331973.0,SOURCED,1.1992,0.8339,82719025.2,67647.9,0.8956
SIM_001359,Siachen,5400.0,35.4212,77.1095,7.3,5.6,3.0,40.88,122.64,175.7,mud_brick,0.45,none,0.0,cgi_sheet,0.002,rockwool,0.073,dense_concrete,0.18,9.16,0.1183,triple_pane,180.0,1,0.5,0.83,2.52,6,600.0,electric,False,276011.0,SOURCED,1.6684,0.5994,63373454.9,51194.2,0.6777
SIM_001360,Daulat Beg Oldie,5065.0,35.4057,77.9297,5.8,5.2,2.4,30.16,72.38,241.2,stone_masonry,0.37,straw_bale,0.029,concrete,0.18,eps,0.05,stone_floor,0.14,5.02,0.0951,double_pane,180.0,0,0.0,0.31,1.46,2,200.0,flued_stove,False,188284.0,SOURCED,1.9643,0.5091,57477603.8,53552.3,0.709
SIM_001361,Galwan,4300.0,34.75,78.25,7.1,4.2,3.1,29.82,92.44,140.2,dense_concrete,0.12,none,0.0,pu_sandwich_panel,0.15,none,0.0,dense_concrete,0.1,0.48,0.0069,double_pane,180.0,0,0.0,0.88,3.45,1,100.0,flued_stove,False,173971.0,SOURCED,3.3071,0.3024,26386062.7,59268.2,0.7846
SIM_001362,Hanle,4500.0,32.7784,78.9642,8.1,5.5,3.1,44.55,138.1,165.3,dense_concrete,0.26,straw_bale,0.111,cgi_sheet,0.002,none,0.0,dense_concrete,0.14,1.53,0.0181,single_pane,180.0,1,0.5,0.34,0.8,8,800.0,flued_stove,False,274303.0,SOURCED,2.8021,0.3569,66112741.6,57728.3,0.7642
SIM_001363,Nyoma,4180.0,33.1958,78.6508,5.7,5.0,2.6,28.5,74.1,176.5,dense_concrete,0.27,straw_bale,0.103,concrete,0.12,eps,0.107,dense_concrete,0.17,6.07,0.1091,single_pane,180.0,1,0.5,0.43,4.5,9,900.0,none,False,234274.0,SOURCED,1.3548,0.7381,50969490.8,60207.9,0.7971
SIM_001364,Chushul,4350.0,33.5936,78.6543,10.0,4.0,2.9,40.0,116.0,202.0,rammed_earth,0.23,straw_bale,0.145,pu_sandwich_panel,0.11,none,0.0,dense_concrete,0.21,1.63,0.0201,triple_pane,180.0,1,0.5,0.45,3.29,12,1200.0,flued_stove,False,222676.0,SOURCED,1.1197,0.8931,54883707.1,58880.1,0.7795
SIM_001365,Rezang La,5000.0,33.425,78.8472,8.0,3.2,2.4,25.6,61.44,198.5,mud_brick,0.29,eps,0.12,pu_sandwich_panel,0.14,none,0.0,stone_floor,0.14,3.18,0.0592,double_pane,180.0,1,0.5,0.49,4.49,5,500.0,none,False,187959.0,SOURCED,1.222,0.8183,30016925.3,54019.9,0.7151
SIM_001366,Pangong,4250.0,33.7595,78.6674,6.6,3.1,3.1,20.46,63.43,169.4,pu_sandwich_panel,0.14,none,0.0,cgi_sheet,0.002,rockwool,0.15,dense_concrete,0.15,4.25,0.0707,single_pane,180.0,0,0.0,0.47,4.24,1,100.0,none,False,188535.0,SOURCED,1.1727,0.8527,7824167.6,59658.3,0.7898
SIM_001367,Depsang,5330.0,35.3167,78.0167,7.2,3.4,2.7,24.48,66.1,155.0,rammed_earth,0.39,eps,0.144,pu_sandwich_panel,0.14,none,0.0,dense_concrete,0.25,5.3,0.0926,double_pane,180.0,1,0.5,0.58,1.09,4,400.0,electric,False,235366.0,SOURCED,0.9479,1.055,51037027.4,51679.8,0.6842
SIM_001368,Kargil,2676.0,34.5539,76.1349,9.7,4.3,2.7,41.71,112.62,180.8,dense_concrete,0.23,none,0.0,cgi_sheet,0.002,eps,0.08,dense_concrete,0.24,0.67,0.0089,single_pane,180.0,1,0.5,0.56,0.74,3,300.0,none,False,271354.0,SOURCED,2.5387,0.3939,63200449.5,73045.7,0.967
SIM_001369,Leh,3500.0,34.1526,77.5771,9.7,3.6,3.1,34.92,108.25,190.2,dense_concrete,0.15,straw_bale,0.139,cgi_sheet,0.002,rockwool,0.081,dense_concrete,0.16,1.4,0.017,triple_pane,180.0,0,0.0,0.36,1.03,13,1300.0,none,False,212052.0,SOURCED,1.227,0.815,43517437.6,65764.1,0.8706
SIM_001370,Dras,3280.0,34.4293,75.7533,8.2,5.1,2.6,41.82,108.73,189.4,dense_concrete,0.18,none,0.0,concrete,0.1,none,0.0,dense_concrete,0.14,4.67,0.0675,double_pane,180.0,1,0.5,0.88,0.91,12,1200.0,none,False,212029.0,SOURCED,3.8821,0.2576,49881362.6,67647.9,0.8956
SIM_001371,Siachen,5400.0,35.4212,77.1095,4.3,3.1,2.5,13.33,33.33,76.0,rammed_earth,0.21,eps,0.067,pu_sandwich_panel,0.09,none,0.0,dense_concrete,0.23,3.74,0.1011,single_pane,180.0,1,0.5,0.87,0.96,3,300.0,none,False,90481.0,SOURCED,1.0837,0.9228,19791726.3,51194.2,0.6777
SIM_001372,Daulat Beg Oldie,5065.0,35.4057,77.9297,7.7,5.0,2.6,38.5,100.1,172.6,dense_concrete,0.19,eps,0.087,pu_sandwich_panel,0.06,none,0.0,dense_concrete,0.24,7.55,0.1143,double_pane,180.0,0,0.0,0.58,3.38,8,800.0,none,False,279550.0,SOURCED,1.2841,0.7788,47190913.0,53552.3,0.709
SIM_001373,Galwan,4300.0,34.75,78.25,7.4,4.6,2.8,34.04,95.31,208.0,mud_brick,0.22,eps,0.038,cgi_sheet,0.002,eps,0.084,dense_concrete,0.15,3.57,0.0531,single_pane,180.0,0,0.0,0.76,0.9,6,600.0,unflued_combustion,True,137262.0,SOURCED,1.5616,0.6404,33200460.5,59268.2,0.7846
SIM_001374,Hanle,4500.0,32.7784,78.9642,8.7,3.6,3.0,31.32,93.96,185.0,rammed_earth,0.28,rockwool,0.061,cgi_sheet,0.002,rockwool,0.128,dense_concrete,0.23,5.13,0.0695,double_pane,180.0,1,0.5,0.31,3.24,6,600.0,none,False,205144.0,SOURCED,1.122,0.8913,51815187.4,57728.3,0.7642
SIM_001375,Nyoma,4180.0,33.1958,78.6508,5.0,4.8,2.6,24.0,62.4,204.1,rammed_earth,0.27,none,0.0,pu_sandwich_panel,0.15,none,0.0,stone_floor,0.25,4.71,0.0924,double_pane,180.0,1,0.5,0.67,2.6,5,500.0,unflued_combustion,True,161192.0,SOURCED,2.1262,0.4703,35479085.4,60207.9,0.7971
SIM_001376,Chushul,4350.0,33.5936,78.6543,6.9,4.3,3.2,29.67,94.94,200.4,dense_concrete,0.28,eps,0.14,pu_sandwich_panel,0.12,none,0.0,stone_floor,0.13,8.68,0.1211,triple_pane,180.0,0,0.0,0.25,0.79,4,400.0,electric,False,357967.0,SOURCED,1.22,0.8197,49350797.4,58880.1,0.7795
SIM_001377,Rezang La,5000.0,33.425,78.8472,9.6,3.2,2.5,30.72,76.8,254.8,pu_sandwich_panel,0.07,none,0.0,pu_sandwich_panel,0.12,none,0.0,stone_floor,0.16,3.26,0.0509,double_pane,180.0,1,0.5,0.73,1.68,4,400.0,none,False,184459.0,SOURCED,1.2142,0.8236,10944536.8,54019.9,0.7151
SIM_001378,Pangong,4250.0,33.7595,78.6674,4.8,5.0,2.5,24.0,60.0,188.9,mud_brick,0.23,straw_bale,0.11,cgi_sheet,0.002,none,0.0,dense_concrete,0.23,3.03,0.0618,triple_pane,180.0,0,0.0,0.52,3.2,6,600.0,flued_stove,False,118483.0,SOURCED,2.551,0.392,29741920.3,59658.3,0.7898
SIM_001379,Depsang,5330.0,35.3167,78.0167,4.4,4.0,3.1,17.6,54.56,142.3,mud_brick,0.25,rockwool,0.087,concrete,0.2,none,0.0,stone_floor,0.25,5.15,0.0989,single_pane,180.0,0,0.0,0.73,1.49,2,200.0,unflued_combustion,True,135910.0,SOURCED,1.9217,0.5204,35199957.5,51679.8,0.6842
SIM_001380,Kargil,2676.0,34.5539,76.1349,9.2,4.2,2.5,38.64,96.6,275.7,mud_brick,0.4,eps,0.125,pu_sandwich_panel,0.13,none,0.0,stone_floor,0.12,9.97,0.1488,single_pane,180.0,0,0.0,0.24,3.95,12,1200.0,unflued_combustion,True,253211.0,SOURCED,1.7052,0.5864,44604638.3,73045.7,0.967
SIM_001381,Leh,3500.0,34.1526,77.5771,5.0,3.6,2.8,18.0,50.4,167.8,pu_sandwich_panel,0.13,none,0.0,pu_sandwich_panel,0.1,none,0.0,dense_concrete,0.2,4.75,0.0986,triple_pane,180.0,0,0.0,0.69,3.13,7,700.0,none,False,186799.0,SOURCED,0.973,1.0277,8740923.3,65764.1,0.8706
SIM_001382,Dras,3280.0,34.4293,75.7533,7.6,5.9,3.0,44.84,134.52,154.9,rammed_earth,0.49,eps,0.042,pu_sandwich_panel,0.13,none,0.0,stone_floor,0.15,1.74,0.0215,single_pane,180.0,1,0.5,0.23,0.63,10,1000.0,unflued_combustion,True,265314.0,SOURCED,1.4129,0.7078,84764090.2,67647.9,0.8956
SIM_001383,Siachen,5400.0,35.4212,77.1095,6.7,5.3,2.5,35.51,88.77,180.2,stone_masonry,0.28,straw_bale,0.079,concrete,0.18,eps,0.077,dense_concrete,0.18,2.62,0.0437,triple_pane,180.0,1,0.5,0.42,2.31,6,600.0,electric,False,226759.0,SOURCED,1.4348,0.697,62845846.5,51194.2,0.6777
SIM_001384,Daulat Beg Oldie,5065.0,35.4057,77.9297,7.3,4.6,3.0,33.58,100.74,185.3,rammed_earth,0.45,none,0.0,pu_sandwich_panel,0.13,none,0.0,dense_concrete,0.16,2.51,0.0352,single_pane,180.0,0,0.0,0.51,0.37,12,1200.0,none,False,198280.0,SOURCED,2.0117,0.4971,68474579.4,53552.3,0.709
SIM_001385,Galwan,4300.0,34.75,78.25,7.5,4.2,2.9,31.5,91.35,200.9,pu_sandwich_panel,0.11,none,0.0,cgi_sheet,0.002,none,0.0,stone_floor,0.22,0.56,0.0083,triple_pane,180.0,1,0.5,0.21,2.21,7,700.0,unflued_combustion,True,183603.0,SOURCED,2.3871,0.4189,15448723.6,59268.2,0.7846
SIM_001386,Hanle,4500.0,32.7784,78.9642,7.0,3.4,2.8,23.8,66.64,172.9,rammed_earth,0.49,straw_bale,0.076,pu_sandwich_panel,0.09,none,0.0,dense_concrete,0.22,8.12,0.1394,single_pane,180.0,0,0.0,0.35,0.2,6,600.0,none,False,162938.0,SOURCED,1.5425,0.6483,57173981.1,57728.3,0.7642
SIM_001387,Nyoma,4180.0,33.1958,78.6508,5.8,5.8,2.4,33.64,80.74,161.6,pu_sandwich_panel,0.07,none,0.0,concrete,0.17,eps,0.15,dense_concrete,0.11,2.71,0.0487,double_pane,180.0,1,0.5,0.72,4.48,4,400.0,none,False,181753.0,SOURCED,1.4051,0.7117,22113085.9,60207.9,0.7971
SIM_001388,Chushul,4350.0,33.5936,78.6543,9.7,4.2,3.1,40.74,126.29,178.3,mud_brick,0.36,eps,0.048,concrete,0.17,rockwool,0.043,stone_floor,0.19,5.03,0.0584,double_pane,180.0,1,0.5,0.22,1.93,9,900.0,flued_stove,False,269391.0,SOURCED,1.3787,0.7253,76388160.9,58880.1,0.7795
SIM_001389,Rezang La,5000.0,33.425,78.8472,9.9,4.5,2.4,44.55,106.92,209.4,rammed_earth,0.48,eps,0.149,concrete,0.12,none,0.0,stone_floor,0.1,10.44,0.151,double_pane,180.0,0,0.0,0.35,4.41,7,700.0,electric,False,239433.0,SOURCED,2.7277,0.3666,72845056.6,54019.9,0.7151
SIM_001390,Pangong,4250.0,33.7595,78.6674,5.2,3.6,2.6,18.72,48.67,187.8,pu_sandwich_panel,0.06,none,0.0,concrete,0.15,eps,0.128,stone_floor,0.25,4.18,0.0913,triple_pane,180.0,0,0.0,0.77,0.75,7,700.0,electric,False,141043.0,SOURCED,1.0823,0.924,16665607.1,59658.3,0.7898
SIM_001391,Depsang,5330.0,35.3167,78.0167,6.2,4.5,2.5,27.9,69.75,284.1,stone_masonry,0.37,none,0.0,concrete,0.17,none,0.0,stone_floor,0.18,6.9,0.129,single_pane,180.0,1,0.5,0.37,2.84,9,900.0,flued_stove,False,179124.0,SOURCED,3.2915,0.3038,56388481.0,51679.8,0.6842
SIM_001392,Kargil,2676.0,34.5539,76.1349,9.9,4.2,2.8,41.58,116.42,345.8,stone_masonry,0.49,straw_bale,0.075,cgi_sheet,0.002,eps,0.118,stone_floor,0.19,2.27,0.0287,triple_pane,180.0,1,0.5,0.43,4.19,11,1100.0,electric,False,305108.0,SOURCED,1.3808,0.7242,94280444.4,73045.7,0.967
SIM_001393,Leh,3500.0,34.1526,77.5771,8.6,4.4,3.2,37.84,121.09,206.4,dense_concrete,0.26,none,0.0,concrete,0.19,rockwool,0.142,dense_concrete,0.12,1.13,0.0136,double_pane,180.0,0,0.0,0.55,2.51,3,300.0,flued_stove,False,323073.0,SOURCED,2.699,0.3705,76380379.2,65764.1,0.8706
SIM_001394,Dras,3280.0,34.4293,75.7533,4.7,4.5,2.9,21.15,61.34,169.2,rammed_earth,0.43,rockwool,0.138,pu_sandwich_panel,0.12,none,0.0,dense_concrete,0.2,2.94,0.0551,single_pane,180.0,0,0.0,0.52,0.52,8,800.0,none,False,185716.0,SOURCED,1.1228,0.8906,49231956.6,67647.9,0.8956
SIM_001395,Siachen,5400.0,35.4212,77.1095,6.9,5.5,2.5,37.95,94.88,200.8,pu_sandwich_panel,0.09,none,0.0,pu_sandwich_panel,0.06,none,0.0,dense_concrete,0.23,1.97,0.0318,double_pane,180.0,1,0.5,0.35,3.36,8,800.0,flued_stove,False,212706.0,SOURCED,1.1438,0.8743,20570234.7,51194.2,0.6777
SIM_001396,Daulat Beg Oldie,5065.0,35.4057,77.9297,8.3,5.1,2.9,42.33,122.76,176.5,mud_brick,0.35,eps,0.123,cgi_sheet,0.002,none,0.0,dense_concrete,0.15,5.05,0.065,triple_pane,180.0,0,0.0,0.66,3.6,4,400.0,flued_stove,False,238955.0,SOURCED,2.7116,0.3688,53371137.4,53552.3,0.709
SIM_001397,Galwan,4300.0,34.75,78.25,9.8,3.1,3.2,30.38,97.22,186.8,stone_masonry,0.21,eps,0.054,pu_sandwich_panel,0.08,none,0.0,dense_concrete,0.14,5.79,0.0701,triple_pane,180.0,0,0.0,0.79,2.69,2,200.0,none,False,220263.0,SOURCED,1.2826,0.7797,42641564.1,59268.2,0.7846
SIM_001398,Hanle,4500.0,32.7784,78.9642,8.2,4.4,2.4,36.08,86.59,199.0,rammed_earth,0.34,eps,0.075,concrete,0.13,eps,0.111,stone_floor,0.17,0.51,0.0084,double_pane,180.0,1,0.5,0.28,2.97,11,1100.0,none,False,184598.0,SOURCED,1.3443,0.7439,60887559.7,57728.3,0.7642
SIM_001399,Nyoma,4180.0,33.1958,78.6508,8.4,5.4,2.5,45.36,113.4,205.7,mud_brick,0.42,rockwool,0.118,pu_sandwich_panel,0.08,none,0.0,dense_concrete,0.23,6.58,0.0954,triple_pane,180.0,1,0.5,0.58,1.82,16,1600.0,none,False,345610.0,SOURCED,1.1591,0.8627,63806205.5,60207.9,0.7971
SIM_001400,Chushul,4350.0,33.5936,78.6543,9.3,4.4,2.9,40.92,118.67,165.7,pu_sandwich_panel,0.06,none,0.0,concrete,0.15,rockwool,0.078,dense_concrete,0.16,8.77,0.1104,single_pane,180.0,1,0.5,0.45,3.29,4,400.0,unflued_combustion,True,226110.0,SOURCED,1.3249,0.7548,29635132.6,58880.1,0.7795
SIM_001401,Rezang La,5000.0,33.425,78.8472,8.6,5.6,2.9,48.16,139.66,320.7,rammed_earth,0.26,eps,0.059,cgi_sheet,0.002,rockwool,0.038,stone_floor,0.19,7.7,0.0935,single_pane,180.0,0,0.0,0.73,1.44,14,1400.0,unflued_combustion,True,181364.0,SOURCED,1.7095,0.585,55074442.9,54019.9,0.7151
SIM_001402,Pangong,4250.0,33.7595,78.6674,6.1,4.5,3.2,27.45,87.84,195.6,rammed_earth,0.24,straw_bale,0.03,pu_sandwich_panel,0.1,none,0.0,dense_concrete,0.17,1.65,0.0243,triple_pane,180.0,0,0.0,0.78,1.91,2,200.0,none,False,139265.0,SOURCED,1.5897,0.629,39943640.3,59658.3,0.7898
SIM_001403,Depsang,5330.0,35.3167,78.0167,4.4,5.2,2.6,22.88,59.49,186.9,stone_masonry,0.22,none,0.0,pu_sandwich_panel,0.08,none,0.0,stone_floor,0.13,3.64,0.0729,double_pane,180.0,1,0.5,0.78,2.99,7,700.0,flued_stove,False,121467.0,SOURCED,2.9217,0.3423,26990111.0,51679.8,0.6842
SIM_001404,Kargil,2676.0,34.5539,76.1349,5.9,4.2,2.7,24.78,66.91,195.0,rammed_earth,0.39,straw_bale,0.106,pu_sandwich_panel,0.14,none,0.0,stone_floor,0.2,0.47,0.0086,double_pane,180.0,0,0.0,0.28,3.75,4,400.0,unflued_combustion,True,155557.0,SOURCED,1.1941,0.8375,49882759.1,73045.7,0.967
SIM_001405,Leh,3500.0,34.1526,77.5771,8.7,4.1,2.7,35.67,96.31,163.6,mud_brick,0.43,eps,0.124,pu_sandwich_panel,0.12,none,0.0,dense_concrete,0.17,1.79,0.0259,triple_pane,180.0,0,0.0,0.54,1.63,6,600.0,unflued_combustion,True,280126.0,SOURCED,1.1372,0.8794,57875194.6,65764.1,0.8706
SIM_001406,Dras,3280.0,34.4293,75.7533,6.7,5.1,3.1,34.17,105.93,161.0,dense_concrete,0.14,eps,0.032,pu_sandwich_panel,0.08,none,0.0,dense_concrete,0.17,4.71,0.0644,single_pane,180.0,0,0.0,0.55,2.01,3,300.0,flued_stove,False,202193.0,SOURCED,1.6056,0.6228,35726453.6,67647.9,0.8956
SIM_001407,Siachen,5400.0,35.4212,77.1095,4.8,5.9,3.1,28.32,87.79,166.2,mud_brick,0.26,straw_bale,0.103,cgi_sheet,0.002,rockwool,0.067,dense_concrete,0.2,1.99,0.03,triple_pane,180.0,1,0.5,0.45,3.01,1,100.0,electric,False,152198.0,SOURCED,1.2057,0.8294,39717492.0,51194.2,0.6777
SIM_001408,Daulat Beg Oldie,5065.0,35.4057,77.9297,6.6,4.9,2.9,32.34,93.79,158.3,stone_masonry,0.37,straw_bale,0.132,pu_sandwich_panel,0.11,none,0.0,dense_concrete,0.17,4.76,0.0714,single_pane,180.0,1,0.5,0.84,3.77,12,1200.0,unflued_combustion,True,244755.0,SOURCED,1.2389,0.8072,60732125.3,53552.3,0.709
SIM_001409,Galwan,4300.0,34.75,78.25,5.1,4.5,2.8,22.95,64.26,102.4,dense_concrete,0.18,rockwool,0.108,cgi_sheet,0.002,rockwool,0.074,dense_concrete,0.19,2.68,0.0499,double_pane,180.0,0,0.0,0.9,2.8,9,900.0,unflued_combustion,True,186438.0,SOURCED,1.1753,0.8508,31689697.9,59268.2,0.7846
SIM_001410,Hanle,4500.0,32.7784,78.9642,7.5,3.9,2.4,29.25,70.2,194.6,stone_masonry,0.34,none,0.0,concrete,0.19,eps,0.026,stone_floor,0.23,6.05,0.1106,triple_pane,180.0,1,0.5,0.37,3.03,2,200.0,none,False,227930.0,SOURCED,2.5434,0.3932,60519087.5,57728.3,0.7642
SIM_001411,Nyoma,4180.0,33.1958,78.6508,8.8,3.4,3.2,29.92,95.74,61.7,stone_masonry,0.28,none,0.0,cgi_sheet,0.002,eps,0.043,dense_concrete,0.16,9.38,0.1201,double_pane,180.0,1,0.5,0.41,2.73,10,1000.0,electric,False,203297.0,SOURCED,2.7514,0.3635,50136102.2,60207.9,0.7971
SIM_001412,Chushul,4350.0,33.5936,78.6543,7.7,5.4,2.9,41.58,120.58,197.8,mud_brick,0.3,rockwool,0.14,concrete,0.12,none,0.0,stone_floor,0.16,6.08,0.08,triple_pane,180.0,0,0.0,0.47,1.31,16,1600.0,electric,False,267409.0,SOURCED,2.297,0.4354,57473433.3,58880.1,0.7795
SIM_001413,Rezang La,5000.0,33.425,78.8472,7.9,3.1,3.2,24.49,78.37,160.1,pu_sandwich_panel,0.08,none,0.0,concrete,0.16,eps,0.097,dense_concrete,0.18,8.54,0.1213,single_pane,180.0,0,0.0,0.43,3.79,2,200.0,flued_stove,False,179671.0,SOURCED,1.3804,0.7244,19567780.9,54019.9,0.7151
SIM_001414,Pangong,4250.0,33.7595,78.6674,5.7,4.9,2.4,27.93,67.03,152.6,stone_masonry,0.35,none,0.0,cgi_sheet,0.002,none,0.0,dense_concrete,0.15,4.01,0.0788,single_pane,180.0,0,0.0,0.21,1.49,5,500.0,electric,False,128804.0,SOURCED,4.1105,0.2433,42969667.5,59658.3,0.7898
SIM_001415,Depsang,5330.0,35.3167,78.0167,5.2,3.3,2.9,17.16,49.76,206.6,pu_sandwich_panel,0.12,none,0.0,cgi_sheet,0.002,eps,0.052,stone_floor,0.12,1.65,0.0335,double_pane,180.0,1,0.5,0.33,1.38,1,100.0,none,False,127081.0,SOURCED,1.1589,0.8629,4889950.2,51679.8,0.6842
SIM_001416,Kargil,2676.0,34.5539,76.1349,6.1,5.8,3.0,35.38,106.14,192.9,dense_concrete,0.25,rockwool,0.143,concrete,0.12,rockwool,0.122,dense_concrete,0.12,7.24,0.1014,single_pane,180.0,1,0.5,0.48,3.94,6,600.0,none,False,330628.0,SOURCED,1.3015,0.7683,57068879.1,73045.7,0.967
SIM_001417,Leh,3500.0,34.1526,77.5771,9.5,3.2,2.6,30.4,79.04,279.8,rammed_earth,0.48,none,0.0,concrete,0.14,none,0.0,dense_concrete,0.23,7.04,0.1066,triple_pane,180.0,0,0.0,0.51,0.63,4,400.0,flued_stove,False,213095.0,SOURCED,2.6711,0.3744,76915557.7,65764.1,0.8706
SIM_001418,Dras,3280.0,34.4293,75.7533,9.5,3.1,2.9,29.45,85.41,309.4,dense_concrete,0.26,eps,0.073,cgi_sheet,0.002,eps,0.135,dense_concrete,0.12,3.82,0.0523,double_pane,180.0,0,0.0,0.42,2.05,4,400.0,unflued_combustion,True,267156.0,SOURCED,1.3106,0.763,50159179.7,67647.9,0.8956
SIM_001419,Siachen,5400.0,35.4212,77.1095,6.3,6.0,2.7,37.8,102.06,1.6,stone_masonry,0.36,eps,0.084,concrete,0.11,none,0.0,stone_floor,0.19,4.28,0.0644,triple_pane,180.0,0,0.0,0.35,1.76,8,800.0,none,False,252811.0,SOURCED,2.3616,0.4234,70176083.4,51194.2,0.6777
SIM_001420,Daulat Beg Oldie,5065.0,35.4057,77.9297,9.9,3.1,2.7,30.69,82.86,192.4,pu_sandwich_panel,0.12,none,0.0,concrete,0.1,eps,0.113,stone_floor,0.15,10.9,0.1553,triple_pane,180.0,0,0.0,0.9,3.3,3,300.0,unflued_combustion,True,272776.0,SOURCED,1.228,0.8143,17420052.1,53552.3,0.709
SIM_001421,Galwan,4300.0,34.75,78.25,8.7,3.1,3.0,26.97,80.91,345.6,pu_sandwich_panel,0.1,none,0.0,cgi_sheet,0.002,none,0.0,stone_floor,0.13,0.17,0.0024,double_pane,180.0,1,0.5,0.77,2.64,2,200.0,none,False,147653.0,SOURCED,2.3237,0.4303,8111743.1,59268.2,0.7846
SIM_001422,Hanle,4500.0,32.7784,78.9642,9.3,5.6,3.2,52.08,166.66,189.6,stone_masonry,0.46,eps,0.087,cgi_sheet,0.002,none,0.0,stone_floor,0.1,6.79,0.0712,triple_pane,180.0,1,0.5,0.38,3.59,16,1600.0,none,False,350439.0,SOURCED,2.9159,0.3429,93990947.3,57728.3,0.7642
SIM_001423,Nyoma,4180.0,33.1958,78.6508,9.1,4.0,3.0,36.4,109.2,161.7,stone_masonry,0.33,straw_bale,0.074,concrete,0.12,rockwool,0.025,stone_floor,0.23,11.03,0.1403,triple_pane,180.0,0,0.0,0.66,3.25,2,200.0,unflued_combustion,True,294850.0,SOURCED,1.5379,0.6502,73904071.0,60207.9,0.7971
SIM_001424,Chushul,4350.0,33.5936,78.6543,4.3,6.0,3.1,25.8,79.98,150.3,mud_brick,0.41,straw_bale,0.066,concrete,0.13,none,0.0,stone_floor,0.1,1.41,0.0221,double_pane,180.0,0,0.0,0.49,1.84,1,100.0,electric,False,139787.0,SOURCED,2.2905,0.4366,52379783.5,58880.1,0.7795
SIM_001425,Rezang La,5000.0,33.425,78.8472,6.7,4.9,3.1,32.83,101.77,193.6,rammed_earth,0.45,rockwool,0.06,concrete,0.16,eps,0.14,stone_floor,0.17,0.67,0.0093,double_pane,180.0,0,0.0,0.85,0.47,4,400.0,electric,False,219180.0,SOURCED,1.2555,0.7965,82060158.6,54019.9,0.7151
SIM_001426,Pangong,4250.0,33.7595,78.6674,6.5,4.6,2.9,29.9,86.71,164.0,rammed_earth,0.48,eps,0.091,cgi_sheet,0.002,eps,0.137,stone_floor,0.14,1.81,0.0281,triple_pane,180.0,1,0.5,0.83,0.99,6,600.0,unflued_combustion,True,186527.0,SOURCED,1.2499,0.8001,63591102.0,59658.3,0.7898
SIM_001427,Depsang,5330.0,35.3167,78.0167,6.1,4.5,2.6,27.45,71.37,183.1,rammed_earth,0.32,rockwool,0.077,concrete,0.17,eps,0.087,dense_concrete,0.2,6.14,0.1114,triple_pane,180.0,0,0.0,0.56,3.21,6,600.0,electric,False,206655.0,SOURCED,1.2349,0.8098,51857153.4,51679.8,0.6842
SIM_001428,Kargil,2676.0,34.5539,76.1349,6.4,4.8,2.9,30.72,89.09,201.1,dense_concrete,0.18,eps,0.13,cgi_sheet,0.002,eps,0.108,dense_concrete,0.23,4.77,0.0734,double_pane,180.0,0,0.0,0.55,4.01,9,900.0,flued_stove,False,252418.0,SOURCED,1.1215,0.8917,41876137.8,73045.7,0.967
SIM_001429,Leh,3500.0,34.1526,77.5771,5.6,4.2,3.0,23.52,70.56,194.8,dense_concrete,0.13,eps,0.116,pu_sandwich_panel,0.13,none,0.0,stone_floor,0.23,0.34,0.0058,double_pane,180.0,1,0.5,0.22,2.76,4,400.0,electric,False,199604.0,SOURCED,0.9908,1.0093,29445251.2,65764.1,0.8706
SIM_001430,Dras,3280.0,34.4293,75.7533,6.0,5.1,3.1,30.6,94.86,176.2,pu_sandwich_panel,0.14,none,0.0,pu_sandwich_panel,0.09,none,0.0,stone_floor,0.17,1.04,0.0151,double_pane,180.0,1,0.5,0.46,2.07,1,100.0,unflued_combustion,True,243142.0,SOURCED,1.0791,0.9267,11825246.6,67647.9,0.8956
SIM_001431,Siachen,5400.0,35.4212,77.1095,9.7,5.7,3.1,55.29,171.4,249.6,dense_concrete,0.26,rockwool,0.078,cgi_sheet,0.002,none,0.0,stone_floor,0.19,3.57,0.0374,double_pane,180.0,1,0.5,0.31,2.46,15,1500.0,electric,False,371914.0,SOURCED,2.7988,0.3573,78105326.1,51194.2,0.6777
SIM_001432,Daulat Beg Oldie,5065.0,35.4057,77.9297,9.1,5.7,2.6,51.87,134.86,63.5,pu_sandwich_panel,0.11,none,0.0,pu_sandwich_panel,0.15,none,0.0,stone_floor,0.17,3.61,0.0469,triple_pane,180.0,1,0.5,0.39,1.99,5,500.0,flued_stove,False,354392.0,SOURCED,1.2722,0.786,19721670.3,53552.3,0.709
SIM_001433,Galwan,4300.0,34.75,78.25,4.0,5.8,2.6,23.2,60.32,154.9,mud_brick,0.3,none,0.0,pu_sandwich_panel,0.08,none,0.0,stone_floor,0.23,4.38,0.0859,triple_pane,180.0,1,0.5,0.88,0.61,3,300.0,unflued_combustion,True,153989.0,SOURCED,1.7805,0.5616,32395605.1,59268.2,0.7846
SIM_001434,Hanle,4500.0,32.7784,78.9642,9.4,5.9,3.0,55.46,166.38,170.3,mud_brick,0.21,eps,0.114,cgi_sheet,0.002,eps,0.05,stone_floor,0.16,5.56,0.0606,triple_pane,180.0,1,0.5,0.79,3.86,2,200.0,flued_stove,False,263403.0,SOURCED,1.4243,0.7021,46933784.9,57728.3,0.7642
SIM_001435,Nyoma,4180.0,33.1958,78.6508,6.0,4.6,3.0,27.6,82.8,203.2,rammed_earth,0.32,straw_bale,0.119,cgi_sheet,0.002,none,0.0,dense_concrete,0.2,1.42,0.0223,double_pane,180.0,0,0.0,0.48,0.64,8,800.0,none,False,121245.0,SOURCED,2.4632,0.406,50249760.8,60207.9,0.7971
SIM_001436,Chushul,4350.0,33.5936,78.6543,6.4,4.4,2.7,28.16,76.03,190.2,stone_masonry,0.24,rockwool,0.03,pu_sandwich_panel,0.09,none,0.0,stone_floor,0.12,7.49,0.1284,triple_pane,180.0,1,0.5,0.53,0.98,10,1000.0,electric,False,201230.0,SOURCED,1.5994,0.6252,32037359.7,58880.1,0.7795
SIM_001437,Rezang La,5000.0,33.425,78.8472,6.1,3.4,2.7,20.74,56.0,195.9,stone_masonry,0.35,eps,0.133,cgi_sheet,0.002,eps,0.123,stone_floor,0.15,2.43,0.0474,single_pane,180.0,0,0.0,0.31,3.12,1,100.0,none,False,168582.0,SOURCED,1.2649,0.7906,41605870.5,54019.9,0.7151
SIM_001438,Pangong,4250.0,33.7595,78.6674,4.2,4.9,3.2,20.58,65.86,181.9,dense_concrete,0.22,straw_bale,0.142,pu_sandwich_panel,0.12,none,0.0,dense_concrete,0.24,1.85,0.0318,double_pane,180.0,1,0.5,0.48,0.5,3,300.0,none,False,216171.0,SOURCED,0.9799,1.0205,41669531.1,59658.3,0.7898
SIM_001439,Depsang,5330.0,35.3167,78.0167,7.8,3.8,2.6,29.64,77.06,171.6,stone_masonry,0.32,none,0.0,cgi_sheet,0.002,eps,0.101,stone_floor,0.12,2.62,0.0434,single_pane,180.0,0,0.0,0.42,4.11,8,800.0,unflued_combustion,True,143946.0,SOURCED,2.8194,0.3547,45161333.7,51679.8,0.6842
SIM_001440,Kargil,2676.0,34.5539,76.1349,5.3,5.1,3.1,27.03,83.79,200.5,rammed_earth,0.45,eps,0.13,concrete,0.17,eps,0.101,stone_floor,0.18,5.3,0.0822,double_pane,180.0,0,0.0,0.24,0.81,7,700.0,electric,False,221176.0,SOURCED,1.2065,0.8288,69289759.4,73045.7,0.967
SIM_001441,Leh,3500.0,34.1526,77.5771,9.2,5.1,3.2,46.92,150.14,174.9,mud_brick,0.43,eps,0.05,cgi_sheet,0.002,eps,0.113,dense_concrete,0.22,1.29,0.0141,double_pane,180.0,0,0.0,0.79,0.72,7,700.0,flued_stove,False,292245.0,SOURCED,1.1924,0.8386,82610854.1,65764.1,0.8706
SIM_001442,Dras,3280.0,34.4293,75.7533,8.4,5.4,2.4,45.36,108.86,177.4,stone_masonry,0.37,none,0.0,concrete,0.12,eps,0.065,stone_floor,0.22,7.03,0.1061,single_pane,180.0,0,0.0,0.88,2.76,5,500.0,electric,False,250172.0,SOURCED,2.5511,0.392,78092258.7,67647.9,0.8956
SIM_001443,Siachen,5400.0,35.4212,77.1095,5.8,5.8,3.0,33.64,100.92,176.5,dense_concrete,0.28,none,0.0,cgi_sheet,0.002,none,0.0,stone_floor,0.16,6.14,0.0882,triple_pane,180.0,1,0.5,0.59,2.66,13,1300.0,none,False,258313.0,SOURCED,3.8702,0.2584,52626475.2,51194.2,0.6777
SIM_001444,Daulat Beg Oldie,5065.0,35.4057,77.9297,7.8,3.2,3.0,24.96,74.88,104.8,pu_sandwich_panel,0.12,none,0.0,cgi_sheet,0.002,none,0.0,stone_floor,0.12,1.23,0.0186,triple_pane,180.0,1,0.5,0.66,0.22,4,400.0,flued_stove,False,164840.0,SOURCED,2.3193,0.4312,7040306.7,53552.3,0.709
SIM_001445,Galwan,4300.0,34.75,78.25,6.6,5.8,3.0,38.28,114.84,155.3,mud_brick,0.27,eps,0.123,cgi_sheet,0.002,eps,0.142,stone_floor,0.17,0.64,0.0086,single_pane,180.0,0,0.0,0.72,0.31,12,1200.0,none,False,211063.0,SOURCED,1.2132,0.8243,44506774.8,59268.2,0.7846
SIM_001446,Hanle,4500.0,32.7784,78.9642,4.3,5.8,2.6,24.94,64.84,199.5,stone_masonry,0.29,rockwool,0.056,cgi_sheet,0.002,eps,0.028,dense_concrete,0.19,2.07,0.0394,triple_pane,180.0,1,0.5,0.35,1.12,2,200.0,unflued_combustion,True,158953.0,SOURCED,1.437,0.6959,40768775.9,57728.3,0.7642
SIM_001447,Nyoma,4180.0,33.1958,78.6508,6.9,3.0,3.2,20.7,66.24,54.1,dense_concrete,0.14,eps,0.088,cgi_sheet,0.002,rockwool,0.074,stone_floor,0.17,2.25,0.0355,single_pane,180.0,0,0.0,0.26,2.93,6,600.0,flued_stove,False,153932.0,SOURCED,1.218,0.821,27613339.0,60207.9,0.7971
SIM_001448,Chushul,4350.0,33.5936,78.6543,8.2,4.5,2.8,36.9,103.32,175.9,mud_brick,0.41,none,0.0,cgi_sheet,0.002,none,0.0,dense_concrete,0.24,7.04,0.099,single_pane,180.0,1,0.5,0.88,1.65,5,500.0,none,False,196965.0,SOURCED,3.0153,0.3316,60030155.1,58880.1,0.7795
SIM_001449,Rezang La,5000.0,33.425,78.8472,5.7,4.2,2.8,23.94,67.03,193.3,stone_masonry,0.37,eps,0.107,pu_sandwich_panel,0.06,none,0.0,dense_concrete,0.14,6.48,0.1169,single_pane,180.0,1,0.5,0.74,4.2,7,700.0,unflued_combustion,True,193719.0,SOURCED,1.2567,0.7957,44540893.9,54019.9,0.7151
SIM_001450,Pangong,4250.0,33.7595,78.6674,9.6,4.4,2.9,42.24,122.5,353.1,mud_brick,0.45,straw_bale,0.098,cgi_sheet,0.002,none,0.0,dense_concrete,0.15,0.57,0.007,double_pane,180.0,0,0.0,0.69,4.32,5,500.0,electric,False,198114.0,SOURCED,2.7303,0.3663,70830983.1,59658.3,0.7898
SIM_001451,Depsang,5330.0,35.3167,78.0167,5.0,3.9,2.5,19.5,48.75,174.1,mud_brick,0.44,straw_bale,0.136,pu_sandwich_panel,0.12,none,0.0,dense_concrete,0.14,3.56,0.08,single_pane,180.0,1,0.5,0.21,0.4,6,600.0,flued_stove,False,142224.0,SOURCED,1.224,0.817,34494337.7,51679.8,0.6842
SIM_001452,Kargil,2676.0,34.5539,76.1349,5.2,4.9,2.7,25.48,68.8,357.6,stone_masonry,0.47,rockwool,0.141,pu_sandwich_panel,0.06,none,0.0,dense_concrete,0.11,0.22,0.004,triple_pane,180.0,0,0.0,0.45,2.82,1,100.0,electric,False,225363.0,SOURCED,1.2563,0.796,58377014.4,73045.7,0.967
SIM_001453,Leh,3500.0,34.1526,77.5771,7.9,5.3,2.7,41.87,113.05,195.9,pu_sandwich_panel,0.11,none,0.0,cgi_sheet,0.002,none,0.0,dense_concrete,0.21,0.56,0.0079,double_pane,180.0,1,0.5,0.73,4.0,12,1200.0,none,False,216115.0,SOURCED,2.62,0.3817,21071282.4,65764.1,0.8706
SIM_001454,Dras,3280.0,34.4293,75.7533,9.7,3.1,3.0,30.07,90.21,183.0,stone_masonry,0.3,rockwool,0.059,concrete,0.11,rockwool,0.1,dense_concrete,0.13,8.34,0.1086,single_pane,180.0,1,0.5,0.37,0.24,10,1000.0,electric,False,235767.0,SOURCED,1.3346,0.7493,58368540.6,67647.9,0.8956
SIM_001455,Siachen,5400.0,35.4212,77.1095,9.1,5.3,2.4,48.23,115.75,202.1,rammed_earth,0.33,eps,0.119,concrete,0.15,none,0.0,stone_floor,0.12,1.17,0.0169,single_pane,180.0,0,0.0,0.51,0.45,6,600.0,unflued_combustion,True,202670.0,SOURCED,2.5609,0.3905,69662153.1,51194.2,0.6777
SIM_001456,Daulat Beg Oldie,5065.0,35.4057,77.9297,5.4,3.7,2.8,19.98,55.94,276.3,pu_sandwich_panel,0.12,none,0.0,cgi_sheet,0.002,eps,0.041,dense_concrete,0.12,1.55,0.0304,double_pane,180.0,1,0.5,0.64,2.78,3,300.0,none,False,135861.0,SOURCED,1.2221,0.8183,6064656.7,53552.3,0.709
SIM_001457,Galwan,4300.0,34.75,78.25,4.8,3.1,2.8,14.88,41.66,41.1,pu_sandwich_panel,0.11,none,0.0,pu_sandwich_panel,0.07,none,0.0,stone_floor,0.21,4.6,0.104,double_pane,180.0,1,0.5,0.22,1.23,2,200.0,flued_stove,False,138038.0,SOURCED,0.9816,1.0187,6975566.0,59268.2,0.7846
SIM_001458,Hanle,4500.0,32.7784,78.9642,4.5,3.5,2.7,15.75,42.53,183.7,stone_masonry,0.3,rockwool,0.097,concrete,0.18,none,0.0,stone_floor,0.17,2.14,0.0495,double_pane,180.0,0,0.0,0.69,3.69,4,400.0,unflued_combustion,True,136337.0,SOURCED,1.872,0.5342,37236524.5,57728.3,0.7642
SIM_001459,Nyoma,4180.0,33.1958,78.6508,8.9,4.2,2.5,37.38,93.45,143.1,dense_concrete,0.2,none,0.0,pu_sandwich_panel,0.08,none,0.0,stone_floor,0.12,4.81,0.0734,double_pane,180.0,0,0.0,0.7,0.86,2,200.0,none,False,209040.0,SOURCED,2.8529,0.3505,37691620.4,60207.9,0.7971
SIM_001460,Chushul,4350.0,33.5936,78.6543,5.5,6.0,3.1,33.0,102.3,313.4,pu_sandwich_panel,0.08,none,0.0,pu_sandwich_panel,0.08,none,0.0,dense_concrete,0.21,7.11,0.0997,triple_pane,180.0,0,0.0,0.37,3.78,13,1300.0,flued_stove,False,238601.0,SOURCED,1.1033,0.9064,16454551.2,58880.1,0.7795
SIM_001461,Rezang La,5000.0,33.425,78.8472,9.8,5.0,2.6,49.0,127.4,162.2,mud_brick,0.33,rockwool,0.047,cgi_sheet,0.002,rockwool,0.101,dense_concrete,0.21,8.7,0.113,double_pane,180.0,0,0.0,0.49,3.23,16,1600.0,electric,False,269372.0,SOURCED,1.4153,0.7066,58152972.6,54019.9,0.7151
SIM_001462,Pangong,4250.0,33.7595,78.6674,5.6,4.1,3.0,22.96,68.88,261.4,dense_concrete,0.26,straw_bale,0.061,pu_sandwich_panel,0.09,none,0.0,stone_floor,0.13,4.24,0.0729,single_pane,180.0,0,0.0,0.82,3.21,3,300.0,unflued_combustion,True,192666.0,SOURCED,1.6622,0.6016,39432899.8,59658.3,0.7898
SIM_001463,Depsang,5330.0,35.3167,78.0167,4.1,4.5,2.8,18.45,51.66,209.2,stone_masonry,0.29,eps,0.043,concrete,0.17,eps,0.124,dense_concrete,0.2,0.43,0.0089,single_pane,180.0,1,0.5,0.47,1.83,6,600.0,unflued_combustion,True,149004.0,SOURCED,1.2234,0.8174,43793244.5,51679.8,0.6842
SIM_001464,Kargil,2676.0,34.5539,76.1349,5.9,5.8,3.0,34.22,102.66,194.2,rammed_earth,0.46,eps,0.104,concrete,0.12,rockwool,0.044,stone_floor,0.1,7.07,0.1007,triple_pane,180.0,1,0.5,0.29,2.2,2,200.0,none,False,239914.0,SOURCED,1.4797,0.6758,69378382.5,73045.7,0.967
SIM_001465,Leh,3500.0,34.1526,77.5771,8.7,5.9,3.2,51.33,164.26,165.6,dense_concrete,0.28,eps,0.135,concrete,0.1,none,0.0,dense_concrete,0.17,1.03,0.011,single_pane,180.0,0,0.0,0.81,2.2,19,1900.0,unflued_combustion,True,419609.0,SOURCED,2.2835,0.4379,91968326.5,65764.1,0.8706
SIM_001466,Dras,3280.0,34.4293,75.7533,7.6,4.9,2.7,37.24,100.55,348.4,mud_brick,0.41,rockwool,0.087,cgi_sheet,0.002,eps,0.053,dense_concrete,0.23,4.69,0.0695,double_pane,180.0,1,0.5,0.75,1.29,8,800.0,electric,False,245353.0,SOURCED,1.2235,0.8173,58883859.1,67647.9,0.8956
SIM_001467,Siachen,5400.0,35.4212,77.1095,9.5,5.2,3.1,49.4,153.14,192.1,pu_sandwich_panel,0.09,none,0.0,cgi_sheet,0.002,eps,0.086,dense_concrete,0.25,7.79,0.0855,single_pane,180.0,0,0.0,0.23,1.1,11,1100.0,unflued_combustion,True,282817.0,SOURCED,1.2839,0.7789,29447992.4,51194.2,0.6777
SIM_001468,Daulat Beg Oldie,5065.0,35.4057,77.9297,6.4,5.4,2.6,34.56,89.86,188.5,mud_brick,0.41,rockwool,0.089,concrete,0.17,eps,0.093,dense_concrete,0.2,5.97,0.0973,single_pane,180.0,0,0.0,0.67,2.19,11,1100.0,flued_stove,False,244078.0,SOURCED,1.4289,0.6998,63759851.3,53552.3,0.709
SIM_001469,Galwan,4300.0,34.75,78.25,9.3,5.9,3.2,54.87,175.58,186.0,mud_brick,0.36,eps,0.091,pu_sandwich_panel,0.07,none,0.0,stone_floor,0.23,7.42,0.0763,double_pane,180.0,1,0.5,0.74,3.22,21,2100.0,electric,False,354491.0,SOURCED,1.2002,0.8332,75852464.5,59268.2,0.7846
SIM_001470,Hanle,4500.0,32.7784,78.9642,9.2,5.4,3.1,49.68,154.01,9.0,rammed_earth,0.22,straw_bale,0.089,pu_sandwich_panel,0.11,none,0.0,stone_floor,0.13,1.18,0.013,single_pane,180.0,1,0.5,0.35,2.75,18,1800.0,unflued_combustion,True,201427.0,SOURCED,1.4685,0.681,51101405.3,57728.3,0.7642
SIM_001471,Nyoma,4180.0,33.1958,78.6508,6.6,4.3,2.5,28.38,70.95,169.5,rammed_earth,0.46,rockwool,0.121,cgi_sheet,0.002,eps,0.093,dense_concrete,0.15,4.4,0.0807,single_pane,180.0,1,0.5,0.83,1.43,9,900.0,unflued_combustion,True,174498.0,SOURCED,1.2745,0.7846,51880044.6,60207.9,0.7971
SIM_001472,Chushul,4350.0,33.5936,78.6543,8.3,5.3,2.5,43.99,109.98,104.5,rammed_earth,0.49,rockwool,0.114,concrete,0.2,rockwool,0.083,stone_floor,0.2,9.21,0.1354,double_pane,180.0,1,0.5,0.51,0.15,5,500.0,electric,False,328039.0,SOURCED,1.3335,0.7499,91287524.7,58880.1,0.7795
SIM_001473,Rezang La,5000.0,33.425,78.8472,7.1,4.9,2.6,34.79,90.45,194.7,rammed_earth,0.24,rockwool,0.131,pu_sandwich_panel,0.09,none,0.0,stone_floor,0.25,5.56,0.0891,triple_pane,180.0,0,0.0,0.5,3.01,10,1000.0,electric,False,241255.0,SOURCED,1.1328,0.8828,43577644.4,54019.9,0.7151
SIM_001474,Pangong,4250.0,33.7595,78.6674,8.8,3.5,3.0,30.8,92.4,178.3,pu_sandwich_panel,0.12,none,0.0,cgi_sheet,0.002,rockwool,0.056,dense_concrete,0.11,4.82,0.0653,triple_pane,180.0,0,0.0,0.2,1.91,10,1000.0,electric,False,218141.0,SOURCED,1.2637,0.7913,8629461.1,59658.3,0.7898
SIM_001475,Depsang,5330.0,35.3167,78.0167,7.2,5.1,2.9,36.72,106.49,237.2,stone_masonry,0.21,eps,0.139,concrete,0.17,rockwool,0.136,dense_concrete,0.25,7.54,0.1057,single_pane,180.0,0,0.0,0.63,2.08,12,1200.0,flued_stove,False,294410.0,SOURCED,1.2858,0.7777,63066849.4,51679.8,0.6842
SIM_001476,Kargil,2676.0,34.5539,76.1349,9.1,5.3,3.2,48.23,154.34,340.6,mud_brick,0.24,none,0.0,pu_sandwich_panel,0.11,none,0.0,stone_floor,0.25,8.25,0.0895,triple_pane,180.0,0,0.0,0.65,3.94,9,900.0,unflued_combustion,True,300864.0,SOURCED,1.8897,0.5292,56196322.4,73045.7,0.967
SIM_001477,Leh,3500.0,34.1526,77.5771,8.9,5.0,2.5,44.5,111.25,175.0,dense_concrete,0.15,none,0.0,cgi_sheet,0.002,none,0.0,dense_concrete,0.19,6.98,0.1004,single_pane,180.0,1,0.5,0.65,0.32,4,400.0,none,False,192139.0,SOURCED,4.2667,0.2344,41446456.5,65764.1,0.8706
SIM_001478,Dras,3280.0,34.4293,75.7533,6.1,3.6,3.1,21.96,68.08,301.2,stone_masonry,0.29,straw_bale,0.055,pu_sandwich_panel,0.12,none,0.0,dense_concrete,0.12,8.42,0.14,single_pane,180.0,0,0.0,0.88,4.1,7,700.0,none,False,158342.0,SOURCED,1.8436,0.5424,37070613.6,67647.9,0.8956
SIM_001479,Siachen,5400.0,35.4212,77.1095,5.5,5.3,3.0,29.15,87.45,181.0,pu_sandwich_panel,0.11,none,0.0,concrete,0.19,none,0.0,stone_floor,0.14,2.22,0.0343,double_pane,180.0,1,0.5,0.77,2.79,2,200.0,none,False,196129.0,SOURCED,1.9647,0.509,21855732.0,51194.2,0.6777
SIM_001480,Daulat Beg Oldie,5065.0,35.4057,77.9297,4.2,3.4,3.0,14.28,42.84,108.5,mud_brick,0.47,none,0.0,cgi_sheet,0.002,rockwool,0.117,dense_concrete,0.14,1.16,0.0254,triple_pane,180.0,0,0.0,0.8,1.88,1,100.0,unflued_combustion,True,108679.0,SOURCED,1.6036,0.6236,36049629.9,53552.3,0.709
SIM_001481,Galwan,4300.0,34.75,78.25,8.6,3.9,2.7,33.54,90.56,162.9,rammed_earth,0.4,eps,0.145,concrete,0.17,rockwool,0.103,dense_concrete,0.14,7.32,0.1084,triple_pane,180.0,0,0.0,0.2,0.74,10,1000.0,electric,False,272660.0,SOURCED,1.2606,0.7933,67759732.9,59268.2,0.7846
SIM_001482,Hanle,4500.0,32.7784,78.9642,7.1,5.7,2.7,40.47,109.27,190.3,mud_brick,0.47,none,0.0,cgi_sheet,0.002,eps,0.073,dense_concrete,0.17,0.94,0.0136,double_pane,180.0,0,0.0,0.58,2.76,9,900.0,electric,False,195492.0,SOURCED,1.7264,0.5792,64252856.7,57728.3,0.7642
SIM_001483,Nyoma,4180.0,33.1958,78.6508,8.1,4.2,3.0,34.02,102.06,352.3,stone_masonry,0.33,none,0.0,concrete,0.13,none,0.0,stone_floor,0.13,4.8,0.065,double_pane,180.0,1,0.5,0.39,0.21,2,200.0,none,False,201776.0,SOURCED,3.5621,0.2807,65556080.0,60207.9,0.7971
SIM_001484,Chushul,4350.0,33.5936,78.6543,7.5,4.3,3.0,32.25,96.75,181.5,rammed_earth,0.46,none,0.0,cgi_sheet,0.002,rockwool,0.096,stone_floor,0.2,8.54,0.1206,triple_pane,180.0,0,0.0,0.71,2.81,12,1200.0,electric,False,208877.0,SOURCED,1.9149,0.5222,65699641.0,58880.1,0.7795
SIM_001485,Rezang La,5000.0,33.425,78.8472,6.4,4.4,3.1,28.16,87.3,152.1,pu_sandwich_panel,0.13,none,0.0,cgi_sheet,0.002,none,0.0,dense_concrete,0.17,7.66,0.1144,single_pane,180.0,0,0.0,0.59,2.03,1,100.0,flued_stove,False,188868.0,SOURCED,2.6387,0.379,11715867.3,54019.9,0.7151
SIM_001486,Pangong,4250.0,33.7595,78.6674,8.1,4.7,3.0,38.07,114.21,166.5,mud_brick,0.28,straw_bale,0.14,pu_sandwich_panel,0.15,none,0.0,dense_concrete,0.12,1.17,0.0152,single_pane,180.0,1,0.5,0.22,2.41,4,400.0,none,False,222627.0,SOURCED,1.2879,0.7765,44694118.6,59658.3,0.7898
SIM_001487,Depsang,5330.0,35.3167,78.0167,8.2,5.4,2.7,44.28,119.56,152.8,dense_concrete,0.27,straw_bale,0.106,concrete,0.19,none,0.0,stone_floor,0.13,6.76,0.092,double_pane,180.0,1,0.5,0.28,1.59,16,1600.0,none,False,314796.0,SOURCED,2.4169,0.4138,74472674.7,51679.8,0.6842
SIM_001488,Kargil,2676.0,34.5539,76.1349,9.7,4.8,2.5,46.56,116.4,346.6,stone_masonry,0.31,eps,0.145,pu_sandwich_panel,0.08,none,0.0,dense_concrete,0.14,2.97,0.041,triple_pane,180.0,0,0.0,0.33,1.64,1,100.0,none,False,302283.0,SOURCED,1.3316,0.751,59120365.9,73045.7,0.967
SIM_001489,Leh,3500.0,34.1526,77.5771,8.0,4.0,3.0,32.0,96.0,150.7,pu_sandwich_panel,0.09,none,0.0,pu_sandwich_panel,0.09,none,0.0,dense_concrete,0.23,2.4,0.0333,double_pane,180.0,1,0.5,0.51,3.13,11,1100.0,none,False,226973.0,SOURCED,0.9918,1.0083,17524061.2,65764.1,0.8706
SIM_001490,Dras,3280.0,34.4293,75.7533,10.0,5.2,2.8,52.0,145.6,251.1,dense_concrete,0.16,rockwool,0.082,cgi_sheet,0.002,eps,0.101,stone_floor,0.2,5.85,0.0687,single_pane,180.0,0,0.0,0.27,0.27,17,1700.0,flued_stove,False,289832.0,SOURCED,1.4652,0.6825,52237686.8,67647.9,0.8956
SIM_001491,Siachen,5400.0,35.4212,77.1095,10.0,4.2,2.8,42.0,117.6,161.0,mud_brick,0.44,eps,0.042,cgi_sheet,0.002,none,0.0,dense_concrete,0.11,2.9,0.0365,triple_pane,180.0,1,0.5,0.57,3.51,10,1000.0,none,False,204798.0,SOURCED,2.8798,0.3472,61567576.3,51194.2,0.6777
SIM_001492,Daulat Beg Oldie,5065.0,35.4057,77.9297,7.2,3.9,2.6,28.08,73.01,337.5,mud_brick,0.4,rockwool,0.14,pu_sandwich_panel,0.13,none,0.0,stone_floor,0.16,3.12,0.0541,double_pane,180.0,1,0.5,0.62,4.34,10,1000.0,unflued_combustion,True,235451.0,SOURCED,1.1717,0.8535,42784486.5,53552.3,0.709
SIM_001493,Galwan,4300.0,34.75,78.25,7.6,5.1,3.1,38.76,120.16,347.8,rammed_earth,0.48,rockwool,0.047,pu_sandwich_panel,0.1,none,0.0,dense_concrete,0.12,9.78,0.1242,double_pane,180.0,0,0.0,0.65,1.49,13,1300.0,unflued_combustion,True,249043.0,SOURCED,1.5186,0.6585,70721686.4,59268.2,0.7846
SIM_001494,Hanle,4500.0,32.7784,78.9642,8.1,5.8,2.9,46.98,136.24,20.9,rammed_earth,0.38,eps,0.143,cgi_sheet,0.002,eps,0.088,dense_concrete,0.22,9.44,0.1171,single_pane,180.0,0,0.0,0.56,2.35,2,200.0,none,False,273272.0,SOURCED,1.4227,0.7029,73416382.3,57728.3,0.7642
SIM_001495,Nyoma,4180.0,33.1958,78.6508,8.2,3.6,2.8,29.52,82.66,172.4,mud_brick,0.39,straw_bale,0.086,pu_sandwich_panel,0.07,none,0.0,stone_floor,0.21,5.09,0.077,triple_pane,180.0,0,0.0,0.32,3.42,6,600.0,electric,False,202175.0,SOURCED,1.2454,0.803,49977773.2,60207.9,0.7971
SIM_001496,Chushul,4350.0,33.5936,78.6543,7.2,5.8,3.1,41.76,129.46,198.1,pu_sandwich_panel,0.12,none,0.0,pu_sandwich_panel,0.12,none,0.0,stone_floor,0.2,5.65,0.0701,double_pane,180.0,0,0.0,0.89,2.89,15,1500.0,unflued_combustion,True,313306.0,SOURCED,1.1763,0.8501,18633704.8,58880.1,0.7795
SIM_001497,Rezang La,5000.0,33.425,78.8472,5.4,5.3,2.7,28.62,77.27,196.2,pu_sandwich_panel,0.1,none,0.0,pu_sandwich_panel,0.07,none,0.0,dense_concrete,0.1,2.39,0.0414,single_pane,180.0,0,0.0,0.62,3.72,9,900.0,none,False,152141.0,SOURCED,1.4056,0.7114,7060512.6,54019.9,0.7151
SIM_001498,Pangong,4250.0,33.7595,78.6674,5.4,5.9,3.0,31.86,95.58,197.7,stone_masonry,0.35,none,0.0,cgi_sheet,0.002,none,0.0,dense_concrete,0.14,5.82,0.0858,double_pane,180.0,1,0.5,0.57,4.14,6,600.0,electric,False,183522.0,SOURCED,3.8772,0.2579,54306440.9,59658.3,0.7898
SIM_001499,Depsang,5330.0,35.3167,78.0167,7.1,6.0,3.0,42.6,127.8,175.3,mud_brick,0.21,none,0.0,pu_sandwich_panel,0.13,none,0.0,stone_floor,0.15,2.17,0.0276,triple_pane,180.0,1,0.5,0.34,4.16,13,1300.0,flued_stove,False,208499.0,SOURCED,2.1559,0.4638,37988000.1,51679.8,0.6842
SIM_001500,Kargil,2676.0,34.5539,76.1349,8.0,5.7,2.9,45.6,132.24,187.1,mud_brick,0.37,eps,0.052,cgi_sheet,0.002,eps,0.027,dense_concrete,0.14,8.4,0.1057,triple_pane,180.0,0,0.0,0.49,2.98,10,1000.0,electric,False,242835.0,SOURCED,1.6461,0.6075,54658722.8,73045.7,0.967
SIM_001501,Leh,3500.0,34.1526,77.5771,6.2,4.9,3.2,30.38,97.22,191.2,mud_brick,0.3,eps,0.064,concrete,0.17,eps,0.12,stone_floor,0.11,7.06,0.0994,single_pane,180.0,1,0.5,0.43,3.24,1,100.0,none,False,198105.0,SOURCED,1.3864,0.7213,48050101.4,65764.1,0.8706
SIM_001502,Dras,3280.0,34.4293,75.7533,5.5,4.3,3.0,23.65,70.95,199.5,stone_masonry,0.23,rockwool,0.052,cgi_sheet,0.002,eps,0.058,stone_floor,0.11,7.11,0.1209,single_pane,180.0,1,0.5,0.38,3.74,7,700.0,unflued_combustion,True,134036.0,SOURCED,1.5178,0.6588,29893140.2,67647.9,0.8956
SIM_001503,Siachen,5400.0,35.4212,77.1095,6.5,4.0,2.9,26.0,75.4,183.4,dense_concrete,0.26,straw_bale,0.092,concrete,0.11,rockwool,0.096,dense_concrete,0.1,7.82,0.1284,triple_pane,180.0,1,0.5,0.59,1.84,1,100.0,unflued_combustion,True,260262.0,SOURCED,1.4423,0.6933,45418740.7,51194.2,0.6777
SIM_001504,Daulat Beg Oldie,5065.0,35.4057,77.9297,4.6,3.6,3.1,16.56,51.34,176.0,dense_concrete,0.24,straw_bale,0.102,concrete,0.19,none,0.0,stone_floor,0.15,4.89,0.0962,double_pane,180.0,1,0.5,0.83,2.93,2,200.0,electric,False,175216.0,SOURCED,1.8912,0.5288,38844203.0,53552.3,0.709
SIM_001505,Galwan,4300.0,34.75,78.25,5.9,4.2,2.9,24.78,71.86,152.6,dense_concrete,0.27,eps,0.139,cgi_sheet,0.002,rockwool,0.037,dense_concrete,0.17,0.26,0.0044,triple_pane,180.0,1,0.5,0.81,4.23,4,400.0,none,False,238827.0,SOURCED,1.1955,0.8365,46468613.7,59268.2,0.7846
SIM_001506,Hanle,4500.0,32.7784,78.9642,6.0,5.3,2.5,31.8,79.5,33.9,pu_sandwich_panel,0.09,none,0.0,concrete,0.11,rockwool,0.071,stone_floor,0.16,3.54,0.0627,triple_pane,180.0,0,0.0,0.53,4.31,11,1100.0,flued_stove,False,182623.0,SOURCED,1.3389,0.7469,19276413.5,57728.3,0.7642
SIM_001507,Nyoma,4180.0,33.1958,78.6508,6.2,4.4,3.0,27.28,81.84,5.9,mud_brick,0.29,rockwool,0.056,cgi_sheet,0.002,rockwool,0.127,dense_concrete,0.12,2.06,0.0324,double_pane,180.0,1,0.5,0.42,3.87,7,700.0,unflued_combustion,True,153560.0,SOURCED,1.3103,0.7632,34776267.5,60207.9,0.7971
SIM_001508,Chushul,4350.0,33.5936,78.6543,5.9,5.8,2.6,34.22,88.97,240.5,dense_concrete,0.19,none,0.0,pu_sandwich_panel,0.13,none,0.0,stone_floor,0.11,0.48,0.0079,double_pane,180.0,0,0.0,0.7,1.92,1,100.0,flued_stove,False,202725.0,SOURCED,2.9102,0.3436,34695065.7,58880.1,0.7795
SIM_001509,Rezang La,5000.0,33.425,78.8472,6.3,4.8,2.5,30.24,75.6,211.9,pu_sandwich_panel,0.12,none,0.0,concrete,0.16,rockwool,0.115,dense_concrete,0.13,4.28,0.0771,double_pane,180.0,1,0.5,0.47,1.62,2,200.0,flued_stove,False,219829.0,SOURCED,1.2751,0.7843,20708830.3,54019.9,0.7151
SIM_001510,Pangong,4250.0,33.7595,78.6674,4.1,4.9,3.1,20.09,62.28,152.9,pu_sandwich_panel,0.08,none,0.0,concrete,0.14,none,0.0,stone_floor,0.11,1.81,0.0324,double_pane,180.0,1,0.5,0.66,1.47,1,100.0,unflued_combustion,True,118015.0,SOURCED,1.9501,0.5128,11456325.8,59658.3,0.7898
SIM_001511,Depsang,5330.0,35.3167,78.0167,8.9,3.2,3.0,28.48,85.44,33.3,dense_concrete,0.24,rockwool,0.135,cgi_sheet,0.002,eps,0.036,dense_concrete,0.22,5.51,0.0759,single_pane,180.0,1,0.5,0.5,2.87,4,400.0,none,False,292702.0,SOURCED,1.1372,0.8794,52117634.5,51679.8,0.6842
SIM_001512,Kargil,2676.0,34.5539,76.1349,8.7,3.3,3.0,28.71,86.13,183.8,pu_sandwich_panel,0.14,none,0.0,cgi_sheet,0.002,eps,0.107,dense_concrete,0.21,1.34,0.0186,single_pane,180.0,1,0.5,0.83,3.95,4,400.0,unflued_combustion,True,243298.0,SOURCED,0.9455,1.0576,14827109.4,73045.7,0.967
SIM_001513,Leh,3500.0,34.1526,77.5771,6.5,4.6,2.6,29.9,77.74,166.9,pu_sandwich_panel,0.1,none,0.0,pu_sandwich_panel,0.06,none,0.0,dense_concrete,0.16,0.0,0.0,single_pane,180.0,0,0.0,0.32,2.18,10,1000.0,unflued_combustion,True,164549.0,SOURCED,1.1818,0.8462,11494916.3,65764.1,0.8706
SIM_001514,Dras,3280.0,34.4293,75.7533,4.6,3.9,2.7,17.94,48.44,210.0,rammed_earth,0.48,straw_bale,0.066,cgi_sheet,0.002,rockwool,0.069,dense_concrete,0.19,1.46,0.0318,single_pane,180.0,0,0.0,0.4,1.5,6,600.0,electric,False,102260.0,SOURCED,1.3627,0.7338,47044523.1,67647.9,0.8956
SIM_001515,Siachen,5400.0,35.4212,77.1095,9.7,4.6,3.2,44.62,142.78,167.2,mud_brick,0.38,rockwool,0.119,concrete,0.2,rockwool,0.047,stone_floor,0.21,10.52,0.1149,single_pane,180.0,0,0.0,0.4,4.21,16,1600.0,unflued_combustion,True,339252.0,SOURCED,1.5093,0.6626,87054209.6,51194.2,0.6777
SIM_001516,Daulat Beg Oldie,5065.0,35.4057,77.9297,4.3,5.7,2.5,24.51,61.27,178.3,mud_brick,0.26,eps,0.106,cgi_sheet,0.002,eps,0.034,stone_floor,0.15,2.82,0.0564,double_pane,180.0,1,0.5,0.34,3.03,3,300.0,electric,False,124862.0,SOURCED,1.4201,0.7042,26595089.2,53552.3,0.709
SIM_001517,Galwan,4300.0,34.75,78.25,7.7,5.6,3.0,43.12,129.36,175.4,stone_masonry,0.3,rockwool,0.092,cgi_sheet,0.002,eps,0.026,dense_concrete,0.11,9.08,0.1138,single_pane,180.0,0,0.0,0.57,1.83,15,1500.0,electric,False,222635.0,SOURCED,1.8871,0.5299,54407275.6,59268.2,0.7846
SIM_001518,Hanle,4500.0,32.7784,78.9642,5.0,3.2,2.9,16.0,46.4,194.4,mud_brick,0.44,rockwool,0.125,concrete,0.17,none,0.0,stone_floor,0.15,0.88,0.0185,single_pane,180.0,0,0.0,0.58,3.67,5,500.0,none,False,147307.0,SOURCED,1.7817,0.5613,42353548.3,57728.3,0.7642
SIM_001519,Nyoma,4180.0,33.1958,78.6508,9.3,3.7,2.7,34.41,92.91,272.6,stone_masonry,0.48,straw_bale,0.085,pu_sandwich_panel,0.13,none,0.0,stone_floor,0.12,7.58,0.108,triple_pane,180.0,0,0.0,0.51,4.32,1,100.0,unflued_combustion,True,309030.0,SOURCED,1.4779,0.6766,70749494.0,60207.9,0.7971
SIM_001520,Chushul,4350.0,33.5936,78.6543,5.3,4.5,3.2,23.85,76.32,204.9,pu_sandwich_panel,0.07,none,0.0,cgi_sheet,0.002,rockwool,0.096,dense_concrete,0.19,5.1,0.0813,single_pane,180.0,1,0.5,0.7,1.28,2,200.0,unflued_combustion,True,145241.0,SOURCED,1.0929,0.915,10979013.6,58880.1,0.7795
SIM_001521,Rezang La,5000.0,33.425,78.8472,9.5,4.0,3.1,38.0,117.8,36.6,dense_concrete,0.17,straw_bale,0.094,pu_sandwich_panel,0.12,none,0.0,dense_concrete,0.21,2.77,0.0331,single_pane,180.0,1,0.5,0.52,1.72,2,200.0,electric,False,287044.0,SOURCED,1.207,0.8285,51843924.2,54019.9,0.7151
SIM_001522,Pangong,4250.0,33.7595,78.6674,7.6,4.4,2.8,33.44,93.63,158.1,pu_sandwich_panel,0.13,none,0.0,cgi_sheet,0.002,none,0.0,dense_concrete,0.14,2.04,0.0304,single_pane,180.0,1,0.5,0.78,3.45,6,600.0,flued_stove,False,193418.0,SOURCED,2.5739,0.3885,11566762.6,59658.3,0.7898
SIM_001523,Depsang,5330.0,35.3167,78.0167,4.0,3.5,2.5,14.0,35.0,175.5,mud_brick,0.49,straw_bale,0.115,concrete,0.15,eps,0.144,stone_floor,0.22,0.62,0.0165,double_pane,180.0,1,0.5,0.8,4.02,4,400.0,none,False,119813.0,SOURCED,1.0555,0.9474,39343898.3,51679.8,0.6842
SIM_001524,Kargil,2676.0,34.5539,76.1349,5.3,6.0,2.7,31.8,85.86,190.6,mud_brick,0.24,eps,0.134,cgi_sheet,0.002,rockwool,0.058,stone_floor,0.25,0.8,0.0131,triple_pane,180.0,1,0.5,0.77,3.53,7,700.0,unflued_combustion,True,182252.0,SOURCED,1.141,0.8764,39193498.4,73045.7,0.967
SIM_001525,Leh,3500.0,34.1526,77.5771,6.4,4.9,2.6,31.36,81.54,225.8,stone_masonry,0.27,rockwool,0.124,cgi_sheet,0.002,rockwool,0.11,stone_floor,0.21,0.7,0.0119,double_pane,180.0,0,0.0,0.45,3.99,2,200.0,electric,False,207946.0,SOURCED,1.1735,0.8522,46333153.8,65764.1,0.8706
SIM_001526,Dras,3280.0,34.4293,75.7533,5.0,5.4,2.8,27.0,75.6,186.9,rammed_earth,0.42,straw_bale,0.145,cgi_sheet,0.002,eps,0.031,stone_floor,0.2,0.25,0.0043,triple_pane,180.0,0,0.0,0.54,1.01,10,1000.0,unflued_combustion,True,126005.0,SOURCED,1.3385,0.7471,57279846.6,67647.9,0.8956
SIM_001527,Siachen,5400.0,35.4212,77.1095,10.0,3.9,2.6,39.0,101.4,199.4,rammed_earth,0.24,straw_bale,0.071,pu_sandwich_panel,0.13,none,0.0,dense_concrete,0.14,0.1,0.0014,double_pane,180.0,1,0.5,0.61,1.11,12,1200.0,none,False,181037.0,SOURCED,1.4343,0.6972,45107452.3,51194.2,0.6777
SIM_001528,Daulat Beg Oldie,5065.0,35.4057,77.9297,8.0,4.3,2.9,34.4,99.76,183.3,mud_brick,0.46,straw_bale,0.053,concrete,0.18,rockwool,0.029,dense_concrete,0.23,9.58,0.1343,single_pane,180.0,1,0.5,0.42,2.3,10,1000.0,unflued_combustion,True,254675.0,SOURCED,1.4386,0.6951,75699373.0,53552.3,0.709
SIM_001529,Galwan,4300.0,34.75,78.25,4.2,4.7,3.0,19.74,59.22,79.0,pu_sandwich_panel,0.13,none,0.0,pu_sandwich_panel,0.08,none,0.0,dense_concrete,0.16,3.43,0.0642,double_pane,180.0,1,0.5,0.32,2.7,6,600.0,flued_stove,False,178909.0,SOURCED,1.013,0.9872,7763234.5,59268.2,0.7846
SIM_001530,Hanle,4500.0,32.7784,78.9642,7.7,4.5,2.9,34.65,100.48,182.9,rammed_earth,0.28,straw_bale,0.086,concrete,0.17,none,0.0,stone_floor,0.14,8.88,0.1255,double_pane,180.0,1,0.5,0.39,0.54,12,1200.0,flued_stove,False,183227.0,SOURCED,2.3031,0.4342,56174915.9,57728.3,0.7642
SIM_001531,Nyoma,4180.0,33.1958,78.6508,6.0,3.9,2.9,23.4,67.86,199.4,dense_concrete,0.17,rockwool,0.06,cgi_sheet,0.002,none,0.0,stone_floor,0.23,5.62,0.0979,double_pane,180.0,0,0.0,0.34,0.37,8,800.0,unflued_combustion,True,168701.0,SOURCED,2.5285,0.3955,32045442.9,60207.9,0.7971
SIM_001532,Chushul,4350.0,33.5936,78.6543,6.5,4.1,3.2,26.65,85.28,187.8,stone_masonry,0.37,eps,0.11,concrete,0.11,rockwool,0.044,stone_floor,0.11,6.6,0.0973,triple_pane,180.0,0,0.0,0.65,0.27,2,200.0,unflued_combustion,True,247865.0,SOURCED,1.3686,0.7307,59001888.4,58880.1,0.7795
SIM_001533,Rezang La,5000.0,33.425,78.8472,8.0,5.8,3.1,46.4,143.84,192.0,pu_sandwich_panel,0.09,none,0.0,cgi_sheet,0.002,none,0.0,dense_concrete,0.19,5.38,0.0629,single_pane,180.0,1,0.5,0.21,3.64,5,500.0,flued_stove,False,224522.0,SOURCED,2.6231,0.3812,21131730.9,54019.9,0.7151
SIM_001534,Pangong,4250.0,33.7595,78.6674,7.3,4.6,2.6,33.58,87.31,121.5,rammed_earth,0.3,none,0.0,concrete,0.13,rockwool,0.091,stone_floor,0.25,8.19,0.1324,double_pane,180.0,0,0.0,0.74,3.23,4,400.0,electric,False,190718.0,SOURCED,2.1733,0.4601,57064903.5,59658.3,0.7898
SIM_001535,Depsang,5330.0,35.3167,78.0167,6.0,4.4,3.2,26.4,84.48,185.1,pu_sandwich_panel,0.09,none,0.0,concrete,0.14,none,0.0,dense_concrete,0.2,1.88,0.0282,triple_pane,180.0,0,0.0,0.76,0.56,8,800.0,electric,False,181783.0,SOURCED,1.823,0.5485,21028874.3,51679.8,0.6842
SIM_001536,Kargil,2676.0,34.5539,76.1349,4.9,6.0,3.2,29.4,94.08,181.3,dense_concrete,0.16,rockwool,0.075,cgi_sheet,0.002,eps,0.061,stone_floor,0.14,3.15,0.0452,triple_pane,180.0,0,0.0,0.28,2.69,9,900.0,flued_stove,False,199758.0,SOURCED,1.3478,0.7419,33834756.6,73045.7,0.967
SIM_001537,Leh,3500.0,34.1526,77.5771,9.3,5.2,2.7,48.36,130.57,204.6,pu_sandwich_panel,0.08,none,0.0,pu_sandwich_panel,0.11,none,0.0,stone_floor,0.14,10.71,0.1368,double_pane,180.0,1,0.5,0.2,4.1,9,900.0,unflued_combustion,True,287662.0,SOURCED,1.3911,0.7189,15102047.5,65764.1,0.8706
SIM_001538,Dras,3280.0,34.4293,75.7533,7.5,5.8,3.0,43.5,130.5,190.6,dense_concrete,0.15,none,0.0,pu_sandwich_panel,0.09,none,0.0,dense_concrete,0.18,5.15,0.0645,triple_pane,180.0,1,0.5,0.37,0.64,4,400.0,none,False,276276.0,SOURCED,2.7979,0.3574,44099944.6,67647.9,0.8956
SIM_001539,Siachen,5400.0,35.4212,77.1095,4.0,4.1,2.9,16.4,47.56,236.2,stone_masonry,0.5,none,0.0,pu_sandwich_panel,0.07,none,0.0,stone_floor,0.18,0.43,0.0092,triple_pane,180.0,1,0.5,0.52,0.29,3,300.0,flued_stove,False,154322.0,SOURCED,2.3304,0.4291,53292082.2,51194.2,0.6777
SIM_001540,Daulat Beg Oldie,5065.0,35.4057,77.9297,7.0,3.7,2.8,25.9,72.52,199.6,mud_brick,0.29,straw_bale,0.06,pu_sandwich_panel,0.07,none,0.0,dense_concrete,0.13,8.02,0.1338,triple_pane,180.0,0,0.0,0.47,3.77,3,300.0,none,False,171192.0,SOURCED,1.4532,0.6881,31030166.3,53552.3,0.709
SIM_001541,Galwan,4300.0,34.75,78.25,8.7,4.1,2.5,35.67,89.17,153.8,mud_brick,0.5,eps,0.027,concrete,0.19,rockwool,0.082,stone_floor,0.19,7.08,0.1106,single_pane,180.0,0,0.0,0.28,1.2,3,300.0,flued_stove,False,237060.0,SOURCED,1.6727,0.5978,72807754.0,59268.2,0.7846
SIM_001542,Hanle,4500.0,32.7784,78.9642,6.9,5.3,2.5,36.57,91.42,191.1,dense_concrete,0.26,rockwool,0.059,pu_sandwich_panel,0.09,none,0.0,dense_concrete,0.2,5.47,0.0897,double_pane,180.0,1,0.5,0.6,0.2,5,500.0,unflued_combustion,True,299682.0,SOURCED,1.2973,0.7708,50415771.7,57728.3,0.7642
SIM_001543,Nyoma,4180.0,33.1958,78.6508,6.7,5.7,2.8,38.19,106.93,232.8,dense_concrete,0.19,straw_bale,0.105,cgi_sheet,0.002,rockwool,0.128,dense_concrete,0.14,2.13,0.0307,single_pane,180.0,1,0.5,0.42,1.21,9,900.0,electric,False,221433.0,SOURCED,1.4028,0.7129,43679746.4,60207.9,0.7971
SIM_001544,Chushul,4350.0,33.5936,78.6543,6.8,5.1,2.6,34.68,90.17,180.6,stone_masonry,0.46,eps,0.098,cgi_sheet,0.002,eps,0.101,dense_concrete,0.14,2.48,0.0401,double_pane,180.0,0,0.0,0.73,0.15,10,1000.0,unflued_combustion,True,247026.0,SOURCED,1.3564,0.7372,66908799.7,58880.1,0.7795
SIM_001545,Rezang La,5000.0,33.425,78.8472,7.1,5.9,3.1,41.89,129.86,218.8,pu_sandwich_panel,0.07,none,0.0,concrete,0.15,rockwool,0.054,dense_concrete,0.16,9.89,0.1227,double_pane,180.0,1,0.5,0.31,2.26,12,1200.0,none,False,260280.0,SOURCED,1.3363,0.7483,30329291.5,54019.9,0.7151
SIM_001546,Pangong,4250.0,33.7595,78.6674,6.5,3.3,2.4,21.45,51.48,184.2,mud_brick,0.33,none,0.0,concrete,0.2,rockwool,0.063,stone_floor,0.12,4.89,0.104,single_pane,180.0,1,0.5,0.4,0.8,4,400.0,flued_stove,False,123343.0,SOURCED,2.0085,0.4979,36240709.9,59658.3,0.7898
SIM_001547,Depsang,5330.0,35.3167,78.0167,5.8,4.3,2.7,24.94,67.34,209.8,rammed_earth,0.34,straw_bale,0.142,pu_sandwich_panel,0.12,none,0.0,stone_floor,0.11,4.21,0.0772,triple_pane,180.0,0,0.0,0.51,1.96,4,400.0,flued_stove,False,152705.0,SOURCED,1.3593,0.7357,38260660.6,51679.8,0.6842
SIM_001548,Kargil,2676.0,34.5539,76.1349,4.4,4.2,3.0,18.48,55.44,166.8,rammed_earth,0.22,straw_bale,0.087,pu_sandwich_panel,0.06,none,0.0,dense_concrete,0.11,3.49,0.0676,double_pane,180.0,0,0.0,0.24,2.84,1,100.0,unflued_combustion,True,83377.0,SOURCED,1.4265,0.701,24671715.1,73045.7,0.967
SIM_001549,Leh,3500.0,34.1526,77.5771,5.0,3.2,2.7,16.0,43.2,197.0,mud_brick,0.26,eps,0.026,concrete,0.17,rockwool,0.083,stone_floor,0.23,2.48,0.056,triple_pane,180.0,1,0.5,0.39,1.15,3,300.0,electric,False,120754.0,SOURCED,1.3046,0.7665,30463909.7,65764.1,0.8706
SIM_001550,Dras,3280.0,34.4293,75.7533,5.6,3.3,2.9,18.48,53.59,205.8,stone_masonry,0.26,straw_bale,0.113,concrete,0.12,rockwool,0.116,stone_floor,0.24,2.38,0.0461,triple_pane,180.0,1,0.5,0.65,0.19,1,100.0,unflued_combustion,True,155157.0,SOURCED,1.0971,0.9115,41571282.0,67647.9,0.8956
SIM_001551,Siachen,5400.0,35.4212,77.1095,5.5,4.4,2.9,24.2,70.18,222.2,stone_masonry,0.45,eps,0.132,cgi_sheet,0.002,none,0.0,dense_concrete,0.11,3.14,0.0547,triple_pane,180.0,1,0.5,0.68,1.09,7,700.0,unflued_combustion,True,215830.0,SOURCED,2.4848,0.4024,55845200.4,51194.2,0.6777
SIM_001552,Daulat Beg Oldie,5065.0,35.4057,77.9297,7.4,4.1,3.1,30.34,94.05,227.9,rammed_earth,0.31,rockwool,0.064,concrete,0.15,rockwool,0.034,dense_concrete,0.2,3.26,0.0457,triple_pane,180.0,0,0.0,0.22,4.21,2,200.0,none,False,199868.0,SOURCED,1.2883,0.7762,62674201.6,53552.3,0.709
SIM_001553,Galwan,4300.0,34.75,78.25,9.8,3.5,2.7,34.3,92.61,176.0,pu_sandwich_panel,0.1,none,0.0,cgi_sheet,0.002,none,0.0,dense_concrete,0.18,11.3,0.1573,double_pane,180.0,1,0.5,0.31,0.18,3,300.0,unflued_combustion,True,227213.0,SOURCED,2.525,0.396,14868977.6,59268.2,0.7846
SIM_001554,Hanle,4500.0,32.7784,78.9642,9.3,3.9,2.4,36.27,87.05,166.2,pu_sandwich_panel,0.13,none,0.0,cgi_sheet,0.002,eps,0.063,stone_floor,0.23,5.99,0.0945,single_pane,180.0,1,0.5,0.82,3.47,5,500.0,unflued_combustion,True,226800.0,SOURCED,1.2233,0.8175,18563039.1,57728.3,0.7642
SIM_001555,Nyoma,4180.0,33.1958,78.6508,4.4,3.4,2.8,14.96,41.89,294.1,mud_brick,0.31,straw_bale,0.036,concrete,0.13,eps,0.123,dense_concrete,0.24,0.92,0.0211,double_pane,180.0,0,0.0,0.73,1.65,4,400.0,flued_stove,False,106541.0,SOURCED,1.2845,0.7785,32964088.0,60207.9,0.7971
SIM_001556,Chushul,4350.0,33.5936,78.6543,4.0,5.6,2.9,22.4,64.96,183.4,rammed_earth,0.46,straw_bale,0.03,concrete,0.13,none,0.0,dense_concrete,0.11,3.24,0.0582,triple_pane,180.0,0,0.0,0.81,0.17,4,400.0,unflued_combustion,True,128029.0,SOURCED,2.455,0.4073,56147502.1,58880.1,0.7795
SIM_001557,Rezang La,5000.0,33.425,78.8472,5.3,5.2,3.2,27.56,88.19,101.6,stone_masonry,0.46,rockwool,0.104,cgi_sheet,0.002,eps,0.055,dense_concrete,0.15,1.01,0.015,double_pane,180.0,1,0.5,0.28,3.67,1,100.0,electric,False,249997.0,SOURCED,1.2037,0.8308,71490519.1,54019.9,0.7151
SIM_001558,Pangong,4250.0,33.7595,78.6674,4.4,5.6,2.7,24.64,66.53,8.0,pu_sandwich_panel,0.09,none,0.0,pu_sandwich_panel,0.1,none,0.0,dense_concrete,0.12,3.21,0.0594,triple_pane,180.0,1,0.5,0.21,1.61,4,400.0,electric,False,168516.0,SOURCED,1.2061,0.8291,7247411.3,59658.3,0.7898
SIM_001559,Depsang,5330.0,35.3167,78.0167,4.4,5.8,3.0,25.52,76.56,187.8,rammed_earth,0.25,none,0.0,concrete,0.1,rockwool,0.059,stone_floor,0.18,2.92,0.0477,single_pane,180.0,1,0.5,0.31,4.18,1,100.0,flued_stove,False,109674.0,SOURCED,2.4441,0.4091,41970350.5,51679.8,0.6842
SIM_001560,Kargil,2676.0,34.5539,76.1349,6.1,3.2,2.8,19.52,54.66,203.3,rammed_earth,0.32,eps,0.056,pu_sandwich_panel,0.07,none,0.0,dense_concrete,0.23,5.34,0.1025,double_pane,180.0,0,0.0,0.32,2.19,1,100.0,electric,False,136847.0,SOURCED,1.2142,0.8236,37469566.3,73045.7,0.967
SIM_001561,Leh,3500.0,34.1526,77.5771,8.5,4.4,2.5,37.4,93.5,323.6,stone_masonry,0.44,rockwool,0.038,pu_sandwich_panel,0.07,none,0.0,stone_floor,0.21,9.17,0.1422,single_pane,180.0,0,0.0,0.71,3.03,4,400.0,electric,False,249088.0,SOURCED,1.7284,0.5786,66082865.4,65764.1,0.8706
SIM_001562,Dras,3280.0,34.4293,75.7533,4.8,4.2,2.5,20.16,50.4,65.5,rammed_earth,0.47,rockwool,0.084,pu_sandwich_panel,0.09,none,0.0,dense_concrete,0.1,3.08,0.0684,single_pane,180.0,0,0.0,0.85,1.33,2,200.0,none,False,125917.0,SOURCED,1.4845,0.6736,40390066.2,67647.9,0.8956
SIM_001563,Siachen,5400.0,35.4212,77.1095,7.9,4.2,2.7,33.18,89.59,202.1,mud_brick,0.35,straw_bale,0.148,pu_sandwich_panel,0.08,none,0.0,stone_floor,0.11,5.01,0.0767,double_pane,180.0,1,0.5,0.82,1.39,13,1300.0,unflued_combustion,True,182739.0,SOURCED,1.4025,0.713,41322188.8,51194.2,0.6777
SIM_001564,Daulat Beg Oldie,5065.0,35.4057,77.9297,7.9,5.1,2.7,40.29,108.78,183.4,stone_masonry,0.35,rockwool,0.146,pu_sandwich_panel,0.06,none,0.0,dense_concrete,0.25,4.78,0.0681,triple_pane,180.0,0,0.0,0.2,2.3,1,100.0,unflued_combustion,True,337633.0,SOURCED,1.1026,0.9069,69925093.2,53552.3,0.709
SIM_001565,Galwan,4300.0,34.75,78.25,4.2,4.4,3.0,18.48,55.44,202.4,rammed_earth,0.24,straw_bale,0.094,pu_sandwich_panel,0.11,none,0.0,dense_concrete,0.13,3.58,0.0694,single_pane,180.0,0,0.0,0.49,1.82,7,700.0,flued_stove,False,96580.0,SOURCED,1.4466,0.6913,27321462.0,59268.2,0.7846
SIM_001566,Hanle,4500.0,32.7784,78.9642,5.5,3.8,2.5,20.9,52.25,185.5,stone_masonry,0.26,straw_bale,0.098,pu_sandwich_panel,0.14,none,0.0,dense_concrete,0.11,1.58,0.034,double_pane,180.0,0,0.0,0.83,0.83,6,600.0,unflued_combustion,True,136716.0,SOURCED,1.4073,0.7106,29908581.9,57728.3,0.7642
SIM_001567,Nyoma,4180.0,33.1958,78.6508,7.0,4.4,2.9,30.8,89.32,229.3,stone_masonry,0.45,eps,0.121,concrete,0.18,none,0.0,dense_concrete,0.21,3.03,0.0458,triple_pane,180.0,1,0.5,0.28,0.76,1,100.0,unflued_combustion,True,305439.0,SOURCED,1.8737,0.5337,85201583.8,60207.9,0.7971
SIM_001568,Chushul,4350.0,33.5936,78.6543,8.1,3.5,2.4,28.35,68.04,159.7,dense_concrete,0.25,eps,0.126,concrete,0.11,eps,0.04,dense_concrete,0.2,8.4,0.1509,single_pane,180.0,0,0.0,0.53,2.75,11,1100.0,none,False,236719.0,SOURCED,1.6256,0.6152,47701046.1,58880.1,0.7795
SIM_001569,Rezang La,5000.0,33.425,78.8472,6.8,5.0,3.2,34.0,108.8,200.6,mud_brick,0.27,eps,0.111,cgi_sheet,0.002,eps,0.068,stone_floor,0.13,3.47,0.0459,single_pane,180.0,1,0.5,0.69,2.55,7,700.0,flued_stove,False,178930.0,SOURCED,1.3103,0.7632,39188558.8,54019.9,0.7151
SIM_001570,Pangong,4250.0,33.7595,78.6674,5.8,4.0,2.6,23.2,60.32,175.9,pu_sandwich_panel,0.12,none,0.0,concrete,0.14,eps,0.042,dense_concrete,0.18,1.6,0.0314,single_pane,180.0,1,0.5,0.67,0.85,7,700.0,electric,False,168468.0,SOURCED,1.1715,0.8536,17488881.3,59658.3,0.7898
SIM_001571,Depsang,5330.0,35.3167,78.0167,9.4,4.8,2.6,45.12,117.31,166.8,rammed_earth,0.39,eps,0.072,pu_sandwich_panel,0.07,none,0.0,dense_concrete,0.16,7.6,0.1029,single_pane,180.0,0,0.0,0.68,4.16,16,1600.0,electric,False,221654.0,SOURCED,1.5748,0.635,63529097.1,51679.8,0.6842
SIM_001572,Kargil,2676.0,34.5539,76.1349,5.5,4.0,2.5,22.0,55.0,168.7,mud_brick,0.47,none,0.0,concrete,0.18,none,0.0,dense_concrete,0.11,2.75,0.0579,single_pane,180.0,0,0.0,0.42,3.92,4,400.0,flued_stove,False,124353.0,SOURCED,2.6989,0.3705,46192071.8,73045.7,0.967
SIM_001573,Leh,3500.0,34.1526,77.5771,7.9,3.2,3.0,25.28,75.84,208.3,dense_concrete,0.26,none,0.0,concrete,0.13,eps,0.124,stone_floor,0.1,5.95,0.0893,triple_pane,180.0,1,0.5,0.83,2.18,3,300.0,none,False,253603.0,SOURCED,2.7091,0.3691,49375493.0,65764.1,0.8706
SIM_001574,Dras,3280.0,34.4293,75.7533,7.9,3.1,3.0,24.49,73.47,177.9,pu_sandwich_panel,0.14,none,0.0,concrete,0.11,none,0.0,dense_concrete,0.2,8.55,0.1295,double_pane,180.0,1,0.5,0.87,0.64,8,800.0,unflued_combustion,True,244066.0,SOURCED,1.8339,0.5453,17977903.6,67647.9,0.8956
SIM_001575,Siachen,5400.0,35.4212,77.1095,9.6,4.1,3.2,39.36,125.95,201.1,pu_sandwich_panel,0.13,none,0.0,concrete,0.12,none,0.0,dense_concrete,0.23,10.12,0.1154,double_pane,180.0,0,0.0,0.69,1.96,4,400.0,none,False,321568.0,SOURCED,2.0299,0.4926,32335225.6,51194.2,0.6777
SIM_001576,Daulat Beg Oldie,5065.0,35.4057,77.9297,8.7,5.9,3.1,51.33,159.12,189.9,pu_sandwich_panel,0.09,none,0.0,concrete,0.18,eps,0.097,dense_concrete,0.14,11.98,0.1323,double_pane,180.0,1,0.5,0.44,2.51,19,1900.0,flued_stove,False,347581.0,SOURCED,1.3329,0.7502,38462361.7,53552.3,0.709
SIM_001577,Galwan,4300.0,34.75,78.25,7.1,4.1,2.6,29.11,75.69,170.8,mud_brick,0.22,rockwool,0.027,concrete,0.15,rockwool,0.104,dense_concrete,0.24,0.39,0.0067,triple_pane,180.0,1,0.5,0.76,3.92,4,400.0,unflued_combustion,True,170655.0,SOURCED,1.3233,0.7557,45395988.0,59268.2,0.7846
SIM_001578,Hanle,4500.0,32.7784,78.9642,8.5,4.6,2.6,39.1,101.66,177.5,pu_sandwich_panel,0.08,none,0.0,cgi_sheet,0.002,none,0.0,dense_concrete,0.16,4.13,0.0606,double_pane,180.0,0,0.0,0.69,3.24,1,100.0,electric,False,164642.0,SOURCED,2.7976,0.3574,15046336.7,57728.3,0.7642
SIM_001579,Nyoma,4180.0,33.1958,78.6508,9.2,3.5,2.8,32.2,90.16,273.6,dense_concrete,0.18,rockwool,0.057,cgi_sheet,0.002,eps,0.133,dense_concrete,0.15,8.06,0.1133,double_pane,180.0,0,0.0,0.28,1.36,1,100.0,none,False,235445.0,SOURCED,1.4229,0.7028,37823994.2,60207.9,0.7971
SIM_001580,Chushul,4350.0,33.5936,78.6543,5.7,3.7,2.9,21.09,61.16,162.2,dense_concrete,0.14,eps,0.117,concrete,0.2,rockwool,0.106,dense_concrete,0.17,0.21,0.0039,triple_pane,180.0,0,0.0,0.31,2.43,3,300.0,none,False,185326.0,SOURCED,1.0591,0.9442,35795858.9,58880.1,0.7795
SIM_001581,Rezang La,5000.0,33.425,78.8472,9.5,4.4,2.7,41.8,112.86,154.2,pu_sandwich_panel,0.05,none,0.0,concrete,0.17,none,0.0,stone_floor,0.17,6.09,0.0811,double_pane,180.0,0,0.0,0.57,4.31,7,700.0,unflued_combustion,True,187699.0,SOURCED,2.3198,0.4311,31718280.6,54019.9,0.7151
SIM_001582,Pangong,4250.0,33.7595,78.6674,5.3,3.7,2.7,19.61,52.95,127.9,dense_concrete,0.26,straw_bale,0.087,concrete,0.18,rockwool,0.113,stone_floor,0.14,0.51,0.0105,triple_pane,180.0,1,0.5,0.55,3.97,4,400.0,unflued_combustion,True,183188.0,SOURCED,1.3547,0.7382,43670105.6,59658.3,0.7898
SIM_001583,Depsang,5330.0,35.3167,78.0167,9.5,5.7,2.9,54.15,157.03,174.0,pu_sandwich_panel,0.06,none,0.0,cgi_sheet,0.002,none,0.0,dense_concrete,0.21,0.27,0.0031,single_pane,180.0,0,0.0,0.64,2.25,14,1400.0,flued_stove,False,198188.0,SOURCED,2.7468,0.3641,26963210.4,51679.8,0.6842
SIM_001584,Kargil,2676.0,34.5539,76.1349,4.5,4.9,3.2,22.05,70.56,180.1,mud_brick,0.25,rockwool,0.036,concrete,0.15,eps,0.103,stone_floor,0.15,5.07,0.0843,single_pane,180.0,0,0.0,0.38,2.26,6,600.0,flued_stove,False,131726.0,SOURCED,1.5759,0.6346,35467375.8,73045.7,0.967
SIM_001585,Leh,3500.0,34.1526,77.5771,8.2,3.5,2.7,28.7,77.49,161.4,rammed_earth,0.31,none,0.0,pu_sandwich_panel,0.1,none,0.0,dense_concrete,0.24,6.57,0.104,triple_pane,180.0,0,0.0,0.72,3.01,4,400.0,electric,False,197476.0,SOURCED,2.0293,0.4928,47659301.5,65764.1,0.8706
SIM_001586,Dras,3280.0,34.4293,75.7533,7.0,3.1,3.1,21.7,67.27,304.7,mud_brick,0.33,straw_bale,0.07,pu_sandwich_panel,0.15,none,0.0,stone_floor,0.14,2.03,0.0324,double_pane,180.0,1,0.5,0.36,2.37,2,200.0,flued_stove,False,159000.0,SOURCED,1.262,0.7924,37450424.0,67647.9,0.8956
SIM_001587,Siachen,5400.0,35.4212,77.1095,7.1,5.3,2.6,37.63,97.84,171.1,mud_brick,0.36,eps,0.075,pu_sandwich_panel,0.14,none,0.0,stone_floor,0.14,1.66,0.0257,triple_pane,180.0,1,0.5,0.6,0.82,10,1000.0,flued_stove,False,241147.0,SOURCED,1.348,0.7418,45553825.6,51194.2,0.6777
SIM_001588,Daulat Beg Oldie,5065.0,35.4057,77.9297,8.9,3.4,3.1,30.26,93.81,286.2,stone_masonry,0.45,none,0.0,concrete,0.19,none,0.0,dense_concrete,0.23,11.09,0.1454,double_pane,180.0,1,0.5,0.53,2.49,2,200.0,unflued_combustion,True,308204.0,SOURCED,2.8948,0.3454,88420220.5,53552.3,0.709
SIM_001589,Galwan,4300.0,34.75,78.25,8.1,4.1,2.7,33.21,89.67,340.2,mud_brick,0.22,rockwool,0.06,pu_sandwich_panel,0.08,none,0.0,dense_concrete,0.15,1.82,0.0276,single_pane,180.0,1,0.5,0.49,0.7,7,700.0,unflued_combustion,True,166031.0,SOURCED,1.3108,0.7629,32915338.4,59268.2,0.7846
SIM_001590,Hanle,4500.0,32.7784,78.9642,4.4,5.6,2.9,24.64,71.46,177.9,dense_concrete,0.26,rockwool,0.089,concrete,0.15,rockwool,0.097,stone_floor,0.11,4.54,0.0783,double_pane,180.0,1,0.5,0.76,3.47,7,700.0,flued_stove,False,246683.0,SOURCED,1.3392,0.7467,46572570.5,57728.3,0.7642
SIM_001591,Nyoma,4180.0,33.1958,78.6508,7.6,5.0,2.6,38.0,98.8,323.8,stone_masonry,0.23,none,0.0,concrete,0.13,eps,0.143,stone_floor,0.22,6.12,0.0934,triple_pane,180.0,0,0.0,0.61,2.34,13,1300.0,flued_stove,False,240932.0,SOURCED,2.6153,0.3824,56938925.6,60207.9,0.7971
SIM_001592,Chushul,4350.0,33.5936,78.6543,4.8,5.2,2.9,24.96,72.38,190.2,mud_brick,0.32,none,0.0,concrete,0.12,eps,0.059,dense_concrete,0.18,5.69,0.0981,triple_pane,180.0,0,0.0,0.62,2.69,8,800.0,unflued_combustion,True,166325.0,SOURCED,1.8629,0.5368,42372490.0,58880.1,0.7795
SIM_001593,Rezang La,5000.0,33.425,78.8472,8.3,5.7,2.8,47.31,132.47,173.8,stone_masonry,0.25,rockwool,0.038,pu_sandwich_panel,0.14,none,0.0,stone_floor,0.2,2.01,0.0256,triple_pane,180.0,0,0.0,0.77,2.89,13,1300.0,none,False,302821.0,SOURCED,1.4185,0.705,59190469.3,54019.9,0.7151
SIM_001594,Pangong,4250.0,33.7595,78.6674,5.3,5.8,2.8,30.74,86.07,162.1,pu_sandwich_panel,0.15,none,0.0,cgi_sheet,0.002,rockwool,0.097,dense_concrete,0.18,2.32,0.0373,double_pane,180.0,1,0.5,0.61,3.41,6,600.0,electric,False,235733.0,SOURCED,1.0998,0.9093,13647740.9,59658.3,0.7898
SIM_001595,Depsang,5330.0,35.3167,78.0167,7.2,5.8,3.1,41.76,129.46,173.1,dense_concrete,0.15,straw_bale,0.082,cgi_sheet,0.002,none,0.0,stone_floor,0.25,2.99,0.0371,triple_pane,180.0,1,0.5,0.58,0.25,16,1600.0,none,False,226206.0,SOURCED,2.7053,0.3696,50622236.8,51679.8,0.6842
SIM_001596,Kargil,2676.0,34.5539,76.1349,8.4,4.5,2.6,37.8,98.28,163.8,rammed_earth,0.34,rockwool,0.045,pu_sandwich_panel,0.14,none,0.0,dense_concrete,0.12,1.67,0.0249,single_pane,180.0,1,0.5,0.67,2.4,3,300.0,none,False,206326.0,SOURCED,1.4538,0.6879,50974265.5,73045.7,0.967
SIM_001597,Leh,3500.0,34.1526,77.5771,7.9,3.9,2.6,30.81,80.11,151.0,mud_brick,0.36,rockwool,0.128,cgi_sheet,0.002,none,0.0,stone_floor,0.13,1.23,0.02,single_pane,180.0,0,0.0,0.48,4.0,5,500.0,electric,False,163467.0,SOURCED,2.7181,0.3679,41505999.5,65764.1,0.8706
SIM_001598,Dras,3280.0,34.4293,75.7533,5.8,3.3,2.8,19.14,53.59,175.3,dense_concrete,0.15,none,0.0,concrete,0.13,rockwool,0.145,dense_concrete,0.21,5.09,0.0999,triple_pane,180.0,1,0.5,0.39,3.24,1,100.0,unflued_combustion,True,178956.0,SOURCED,2.8495,0.3509,30952764.8,67647.9,0.8956
SIM_001599,Siachen,5400.0,35.4212,77.1095,8.4,3.7,3.1,31.08,96.35,178.2,dense_concrete,0.22,rockwool,0.109,concrete,0.17,rockwool,0.117,dense_concrete,0.16,10.89,0.1452,double_pane,180.0,1,0.5,0.62,3.79,5,500.0,unflued_combustion,True,345955.0,SOURCED,1.1747,0.8513,56533586.5,51194.2,0.6777
SIM_001600,Daulat Beg Oldie,5065.0,35.4057,77.9297,6.4,5.2,2.5,33.28,83.2,164.1,stone_masonry,0.31,none,0.0,concrete,0.12,none,0.0,stone_floor,0.2,2.04,0.0352,single_pane,180.0,0,0.0,0.24,3.56,1,100.0,flued_stove,False,165172.0,SOURCED,3.6478,0.2741,58361321.4,53552.3,0.709
SIM_001601,Galwan,4300.0,34.75,78.25,9.2,3.6,2.5,33.12,82.8,349.7,rammed_earth,0.23,none,0.0,concrete,0.12,none,0.0,dense_concrete,0.23,4.32,0.0675,single_pane,180.0,0,0.0,0.67,3.65,6,600.0,none,False,138458.0,SOURCED,3.3931,0.2947,51434411.6,59268.2,0.7846
SIM_001602,Hanle,4500.0,32.7784,78.9642,7.5,3.4,2.8,25.5,71.4,188.9,mud_brick,0.27,eps,0.078,concrete,0.17,eps,0.071,stone_floor,0.24,7.89,0.1293,double_pane,180.0,0,0.0,0.31,1.6,3,300.0,none,False,194393.0,SOURCED,1.2723,0.786,44707154.3,57728.3,0.7642
SIM_001603,Nyoma,4180.0,33.1958,78.6508,7.8,3.0,2.8,23.4,65.52,191.8,dense_concrete,0.29,eps,0.078,pu_sandwich_panel,0.06,none,0.0,stone_floor,0.15,6.15,0.1017,double_pane,180.0,0,0.0,0.57,3.43,3,300.0,flued_stove,False,239375.0,SOURCED,1.3445,0.7438,43976289.6,60207.9,0.7971
SIM_001604,Chushul,4350.0,33.5936,78.6543,4.0,5.9,2.8,23.6,66.08,198.4,rammed_earth,0.37,straw_bale,0.119,concrete,0.12,eps,0.122,stone_floor,0.19,1.25,0.0225,single_pane,180.0,0,0.0,0.38,4.35,5,500.0,flued_stove,False,133513.0,SOURCED,1.2475,0.8016,53562002.7,58880.1,0.7795
SIM_001605,Rezang La,5000.0,33.425,78.8472,4.7,5.3,2.8,24.91,69.75,183.5,stone_masonry,0.2,straw_bale,0.058,cgi_sheet,0.002,none,0.0,stone_floor,0.21,0.16,0.0029,single_pane,180.0,0,0.0,0.23,3.19,3,300.0,unflued_combustion,True,102897.0,SOURCED,2.7333,0.3659,34508697.3,54019.9,0.7151
SIM_001606,Pangong,4250.0,33.7595,78.6674,4.2,5.3,3.0,22.26,66.78,71.9,rammed_earth,0.34,eps,0.134,pu_sandwich_panel,0.15,none,0.0,dense_concrete,0.1,4.5,0.0789,single_pane,180.0,1,0.5,0.56,4.1,6,600.0,flued_stove,False,176141.0,SOURCED,1.1954,0.8365,37736014.7,59658.3,0.7898
SIM_001607,Depsang,5330.0,35.3167,78.0167,7.3,4.3,2.8,31.39,87.89,103.3,rammed_earth,0.42,rockwool,0.088,cgi_sheet,0.002,none,0.0,stone_floor,0.11,7.2,0.1108,single_pane,180.0,1,0.5,0.28,0.7,2,200.0,flued_stove,False,153717.0,SOURCED,2.781,0.3596,51504395.7,51679.8,0.6842
SIM_001608,Kargil,2676.0,34.5539,76.1349,6.6,3.1,3.1,20.46,63.43,189.4,rammed_earth,0.45,rockwool,0.126,cgi_sheet,0.002,none,0.0,stone_floor,0.17,9.01,0.1498,double_pane,180.0,0,0.0,0.22,0.81,6,600.0,electric,False,170581.0,SOURCED,2.3658,0.4227,49281076.9,73045.7,0.967
SIM_001609,Leh,3500.0,34.1526,77.5771,9.0,4.4,3.1,39.6,122.76,208.0,rammed_earth,0.4,rockwool,0.102,concrete,0.17,rockwool,0.026,dense_concrete,0.17,0.9,0.0108,triple_pane,180.0,1,0.5,0.7,3.06,4,400.0,unflued_combustion,True,263028.0,SOURCED,1.3341,0.7496,90623701.7,65764.1,0.8706
SIM_001610,Dras,3280.0,34.4293,75.7533,9.8,4.6,2.5,45.08,112.7,185.1,dense_concrete,0.16,eps,0.085,pu_sandwich_panel,0.15,none,0.0,dense_concrete,0.15,6.59,0.0915,triple_pane,180.0,1,0.5,0.35,1.75,16,1600.0,flued_stove,False,353210.0,SOURCED,1.3254,0.7545,40298180.7,67647.9,0.8956
SIM_001611,Siachen,5400.0,35.4212,77.1095,4.0,3.2,2.7,12.8,34.56,19.6,dense_concrete,0.17,eps,0.127,pu_sandwich_panel,0.14,none,0.0,stone_floor,0.1,1.93,0.0496,single_pane,180.0,0,0.0,0.64,4.05,4,400.0,electric,False,126071.0,SOURCED,1.2648,0.7906,17455584.4,51194.2,0.6777
SIM_001612,Daulat Beg Oldie,5065.0,35.4057,77.9297,8.2,5.0,2.8,41.0,114.8,107.3,pu_sandwich_panel,0.1,none,0.0,cgi_sheet,0.002,eps,0.103,stone_floor,0.24,0.78,0.0106,double_pane,180.0,0,0.0,0.85,3.77,11,1100.0,none,False,229983.0,SOURCED,1.1202,0.8927,21856191.7,53552.3,0.709
SIM_001613,Galwan,4300.0,34.75,78.25,5.9,3.3,2.7,19.47,52.57,155.9,mud_brick,0.42,eps,0.104,concrete,0.18,none,0.0,stone_floor,0.13,2.55,0.0513,triple_pane,180.0,0,0.0,0.46,1.87,6,600.0,unflued_combustion,True,157316.0,SOURCED,1.9338,0.5171,43264895.3,59268.2,0.7846
SIM_001614,Hanle,4500.0,32.7784,78.9642,9.0,5.4,2.4,48.6,116.64,213.6,rammed_earth,0.42,eps,0.044,pu_sandwich_panel,0.14,none,0.0,stone_floor,0.23,6.59,0.0953,triple_pane,180.0,0,0.0,0.76,1.85,7,700.0,none,False,321795.0,SOURCED,1.3554,0.7378,71592836.5,57728.3,0.7642
SIM_001615,Nyoma,4180.0,33.1958,78.6508,5.0,4.6,2.9,23.0,66.7,182.4,pu_sandwich_panel,0.1,none,0.0,pu_sandwich_panel,0.14,none,0.0,dense_concrete,0.15,3.51,0.063,double_pane,180.0,0,0.0,0.65,1.73,5,500.0,none,False,182116.0,SOURCED,1.1372,0.8794,8460902.0,60207.9,0.7971
SIM_001616,Chushul,4350.0,33.5936,78.6543,4.2,4.8,2.6,20.16,52.42,173.2,mud_brick,0.49,straw_bale,0.087,cgi_sheet,0.002,eps,0.038,dense_concrete,0.25,1.17,0.025,triple_pane,180.0,0,0.0,0.39,2.64,8,800.0,unflued_combustion,True,140909.0,SOURCED,1.2097,0.8267,46045470.2,58880.1,0.7795
SIM_001617,Rezang La,5000.0,33.425,78.8472,7.4,5.0,2.9,37.0,107.3,124.9,dense_concrete,0.29,eps,0.129,pu_sandwich_panel,0.15,none,0.0,stone_floor,0.1,2.51,0.0349,double_pane,180.0,1,0.5,0.64,2.41,7,700.0,none,False,363318.0,SOURCED,1.3396,0.7465,54860274.6,54019.9,0.7151
SIM_001618,Pangong,4250.0,33.7595,78.6674,9.5,4.0,3.1,38.0,117.8,150.9,mud_brick,0.32,straw_bale,0.135,cgi_sheet,0.002,none,0.0,stone_floor,0.22,2.45,0.0293,single_pane,180.0,1,0.5,0.34,2.57,8,800.0,unflued_combustion,True,181734.0,SOURCED,2.4733,0.4043,59210858.6,59658.3,0.7898
SIM_001619,Depsang,5330.0,35.3167,78.0167,6.1,3.2,2.8,19.52,54.66,21.1,pu_sandwich_panel,0.15,none,0.0,cgi_sheet,0.002,none,0.0,dense_concrete,0.17,6.64,0.1275,double_pane,180.0,0,0.0,0.28,0.16,5,500.0,electric,False,172703.0,SOURCED,2.3435,0.4267,8197762.4,51679.8,0.6842
SIM_001620,Kargil,2676.0,34.5539,76.1349,8.6,3.4,2.8,29.24,81.87,166.0,mud_brick,0.43,eps,0.107,concrete,0.2,none,0.0,dense_concrete,0.15,9.21,0.1371,triple_pane,180.0,0,0.0,0.53,1.47,7,700.0,flued_stove,False,267536.0,SOURCED,1.9604,0.5101,61138747.2,73045.7,0.967
SIM_001621,Leh,3500.0,34.1526,77.5771,9.4,6.0,2.4,56.4,135.36,185.5,dense_concrete,0.21,rockwool,0.04,pu_sandwich_panel,0.13,none,0.0,stone_floor,0.12,9.02,0.122,triple_pane,180.0,1,0.5,0.8,3.32,3,300.0,none,False,387217.0,SOURCED,1.666,0.6002,46362398.8,65764.1,0.8706
SIM_001622,Dras,3280.0,34.4293,75.7533,9.9,4.3,2.9,42.57,123.45,24.1,dense_concrete,0.23,straw_bale,0.082,pu_sandwich_panel,0.11,none,0.0,stone_floor,0.24,8.68,0.1054,single_pane,180.0,0,0.0,0.89,3.11,11,1100.0,none,False,327789.0,SOURCED,1.5239,0.6562,62257031.7,67647.9,0.8956
SIM_001623,Siachen,5400.0,35.4212,77.1095,5.2,4.9,3.1,25.48,78.99,170.8,dense_concrete,0.21,straw_bale,0.073,concrete,0.12,eps,0.094,stone_floor,0.21,3.64,0.0581,triple_pane,180.0,1,0.5,0.4,4.11,1,100.0,unflued_combustion,True,225075.0,SOURCED,1.3145,0.7607,47880396.7,51194.2,0.6777
SIM_001624,Daulat Beg Oldie,5065.0,35.4057,77.9297,7.7,5.6,2.5,43.12,107.8,209.8,stone_masonry,0.28,straw_bale,0.069,concrete,0.15,rockwool,0.132,dense_concrete,0.16,4.55,0.0684,double_pane,180.0,1,0.5,0.33,3.91,9,900.0,unflued_combustion,True,264434.0,SOURCED,1.5065,0.6638,66866759.1,53552.3,0.709
SIM_001625,Galwan,4300.0,34.75,78.25,9.5,4.2,2.4,39.9,95.76,188.1,rammed_earth,0.37,eps,0.129,cgi_sheet,0.002,rockwool,0.071,dense_concrete,0.24,5.17,0.0786,single_pane,180.0,1,0.5,0.6,3.24,15,1500.0,flued_stove,False,233877.0,SOURCED,1.1873,0.8422,63139808.7,59268.2,0.7846
SIM_001626,Hanle,4500.0,32.7784,78.9642,6.6,5.1,2.5,33.66,84.15,209.8,dense_concrete,0.16,none,0.0,cgi_sheet,0.002,eps,0.142,stone_floor,0.2,1.82,0.0311,single_pane,180.0,0,0.0,0.63,1.31,10,1000.0,unflued_combustion,True,170011.0,SOURCED,2.8649,0.3491,35647708.3,57728.3,0.7642
SIM_001627,Nyoma,4180.0,33.1958,78.6508,9.5,4.5,3.2,42.75,136.8,101.7,stone_masonry,0.24,eps,0.036,cgi_sheet,0.002,none,0.0,dense_concrete,0.24,3.0,0.0335,single_pane,180.0,0,0.0,0.28,0.36,17,1700.0,none,False,223061.0,SOURCED,2.7316,0.3661,66037355.5,60207.9,0.7971
SIM_001628,Chushul,4350.0,33.5936,78.6543,4.2,4.5,2.9,18.9,54.81,118.7,dense_concrete,0.23,rockwool,0.036,concrete,0.15,none,0.0,stone_floor,0.15,4.43,0.0878,triple_pane,180.0,1,0.5,0.68,2.66,1,100.0,flued_stove,False,186104.0,SOURCED,2.1704,0.4607,37004495.7,58880.1,0.7795
SIM_001629,Rezang La,5000.0,33.425,78.8472,5.2,4.0,2.9,20.8,60.32,200.4,stone_masonry,0.25,none,0.0,cgi_sheet,0.002,eps,0.123,dense_concrete,0.24,6.4,0.1199,triple_pane,180.0,1,0.5,0.5,0.6,8,800.0,unflued_combustion,True,176616.0,SOURCED,2.5765,0.3881,35438087.5,54019.9,0.7151
SIM_001630,Pangong,4250.0,33.7595,78.6674,6.0,3.4,3.2,20.4,65.28,173.5,dense_concrete,0.24,eps,0.069,cgi_sheet,0.002,rockwool,0.067,stone_floor,0.12,2.09,0.0347,single_pane,180.0,0,0.0,0.87,2.68,1,100.0,electric,False,183322.0,SOURCED,1.372,0.7289,37656558.7,59658.3,0.7898
SIM_001631,Depsang,5330.0,35.3167,78.0167,9.6,4.2,3.0,40.32,120.96,327.2,rammed_earth,0.47,none,0.0,pu_sandwich_panel,0.06,none,0.0,dense_concrete,0.12,3.23,0.039,triple_pane,180.0,1,0.5,0.53,0.54,2,200.0,unflued_combustion,True,201304.0,SOURCED,2.0344,0.4915,78663185.4,51679.8,0.6842
SIM_001632,Kargil,2676.0,34.5539,76.1349,6.9,4.5,2.6,31.05,80.73,178.6,rammed_earth,0.34,none,0.0,concrete,0.16,none,0.0,dense_concrete,0.11,0.71,0.012,single_pane,180.0,0,0.0,0.21,1.45,12,1200.0,unflued_combustion,True,116687.0,SOURCED,3.2021,0.3123,55205347.6,73045.7,0.967
SIM_001633,Leh,3500.0,34.1526,77.5771,6.6,4.0,2.5,26.4,66.0,187.1,rammed_earth,0.43,none,0.0,cgi_sheet,0.002,eps,0.097,dense_concrete,0.2,4.09,0.0772,double_pane,180.0,0,0.0,0.67,2.19,3,300.0,none,False,136723.0,SOURCED,1.977,0.5058,50345399.3,65764.1,0.8706
SIM_001634,Dras,3280.0,34.4293,75.7533,4.8,4.6,2.7,22.08,59.62,163.5,mud_brick,0.32,eps,0.079,cgi_sheet,0.002,rockwool,0.104,stone_floor,0.15,0.32,0.0063,triple_pane,180.0,0,0.0,0.44,3.15,7,700.0,none,False,124616.0,SOURCED,1.2328,0.8112,31635682.6,67647.9,0.8956
SIM_001635,Siachen,5400.0,35.4212,77.1095,4.1,3.9,2.7,15.99,43.17,153.2,dense_concrete,0.25,rockwool,0.082,cgi_sheet,0.002,rockwool,0.124,stone_floor,0.24,2.49,0.0576,double_pane,180.0,1,0.5,0.43,1.41,6,600.0,none,False,173615.0,SOURCED,1.0532,0.9495,31926831.2,51194.2,0.6777
SIM_001636,Daulat Beg Oldie,5065.0,35.4057,77.9297,4.1,3.4,2.8,13.94,39.03,172.5,dense_concrete,0.15,eps,0.08,concrete,0.13,eps,0.041,dense_concrete,0.24,2.51,0.0598,double_pane,180.0,0,0.0,0.2,0.78,5,500.0,unflued_combustion,True,128299.0,SOURCED,1.1402,0.877,25645376.1,53552.3,0.709
SIM_001637,Galwan,4300.0,34.75,78.25,7.1,4.2,2.5,29.82,74.55,169.9,rammed_earth,0.25,eps,0.115,cgi_sheet,0.002,none,0.0,dense_concrete,0.16,7.06,0.125,double_pane,180.0,1,0.5,0.55,2.8,6,600.0,none,False,155222.0,SOURCED,2.6884,0.372,33702834.2,59268.2,0.7846
SIM_001638,Hanle,4500.0,32.7784,78.9642,8.7,5.4,3.2,46.98,150.34,181.9,dense_concrete,0.3,straw_bale,0.035,concrete,0.19,eps,0.115,stone_floor,0.24,3.74,0.0414,single_pane,180.0,0,0.0,0.78,0.49,14,1400.0,flued_stove,False,423006.0,SOURCED,1.6305,0.6133,105079066.2,57728.3,0.7642
SIM_001639,Nyoma,4180.0,33.1958,78.6508,7.4,5.0,2.9,37.0,107.3,183.5,pu_sandwich_panel,0.09,none,0.0,pu_sandwich_panel,0.15,none,0.0,dense_concrete,0.15,4.14,0.0576,triple_pane,180.0,1,0.5,0.83,4.01,12,1200.0,none,False,274322.0,SOURCED,1.1729,0.8526,13503363.7,60207.9,0.7971
SIM_001640,Chushul,4350.0,33.5936,78.6543,5.2,5.3,2.4,27.56,66.14,178.5,rammed_earth,0.23,straw_bale,0.044,concrete,0.19,rockwool,0.141,stone_floor,0.1,2.54,0.0504,single_pane,180.0,0,0.0,0.34,0.19,2,200.0,electric,False,121927.0,SOURCED,1.8515,0.5401,38339714.3,58880.1,0.7795
SIM_001641,Rezang La,5000.0,33.425,78.8472,4.1,5.9,2.6,24.19,62.89,61.1,pu_sandwich_panel,0.14,none,0.0,cgi_sheet,0.002,eps,0.025,dense_concrete,0.13,4.47,0.086,single_pane,180.0,0,0.0,0.34,0.48,3,300.0,electric,False,153670.0,SOURCED,1.6103,0.621,7852949.2,54019.9,0.7151
SIM_001642,Pangong,4250.0,33.7595,78.6674,4.2,3.6,2.8,15.12,42.34,63.0,stone_masonry,0.39,none,0.0,cgi_sheet,0.002,rockwool,0.078,stone_floor,0.15,1.89,0.0433,triple_pane,180.0,1,0.5,0.67,3.49,1,100.0,flued_stove,False,122437.0,SOURCED,2.5759,0.3882,37870843.6,59658.3,0.7898
SIM_001643,Depsang,5330.0,35.3167,78.0167,8.7,5.5,2.9,47.85,138.76,25.0,mud_brick,0.35,eps,0.124,pu_sandwich_panel,0.11,none,0.0,dense_concrete,0.21,2.46,0.0299,single_pane,180.0,1,0.5,0.41,4.34,16,1600.0,flued_stove,False,333206.0,SOURCED,1.1187,0.8939,65684124.7,51679.8,0.6842
SIM_001644,Kargil,2676.0,34.5539,76.1349,8.8,4.5,3.2,39.6,126.72,195.3,pu_sandwich_panel,0.06,none,0.0,pu_sandwich_panel,0.08,none,0.0,stone_floor,0.25,7.18,0.0844,double_pane,180.0,0,0.0,0.44,1.7,4,400.0,electric,False,231604.0,SOURCED,1.1857,0.8434,21599939.4,73045.7,0.967
SIM_001645,Leh,3500.0,34.1526,77.5771,8.2,4.0,3.0,32.8,98.4,165.5,mud_brick,0.2,straw_bale,0.132,concrete,0.11,eps,0.134,dense_concrete,0.19,1.66,0.0227,double_pane,180.0,1,0.5,0.61,0.87,1,100.0,unflued_combustion,True,179692.0,SOURCED,1.147,0.8718,46146466.6,65764.1,0.8706
SIM_001646,Dras,3280.0,34.4293,75.7533,7.3,4.6,2.7,33.58,90.67,62.2,stone_masonry,0.32,eps,0.03,pu_sandwich_panel,0.07,none,0.0,stone_floor,0.14,2.89,0.045,double_pane,180.0,1,0.5,0.79,3.1,7,700.0,none,False,194129.0,SOURCED,1.5957,0.6267,49858739.1,67647.9,0.8956
SIM_001647,Siachen,5400.0,35.4212,77.1095,8.8,3.1,2.5,27.28,68.2,200.2,dense_concrete,0.13,eps,0.14,pu_sandwich_panel,0.14,none,0.0,dense_concrete,0.2,7.72,0.1297,double_pane,180.0,0,0.0,0.55,3.34,3,300.0,none,False,246205.0,SOURCED,1.1862,0.843,28545069.8,51194.2,0.6777
SIM_001648,Daulat Beg Oldie,5065.0,35.4057,77.9297,7.1,3.6,2.8,25.56,71.57,117.4,pu_sandwich_panel,0.14,none,0.0,cgi_sheet,0.002,none,0.0,stone_floor,0.15,1.26,0.021,double_pane,180.0,0,0.0,0.28,4.33,10,1000.0,unflued_combustion,True,172818.0,SOURCED,2.413,0.4144,8849529.7,53552.3,0.709
SIM_001649,Galwan,4300.0,34.75,78.25,4.6,3.8,3.1,17.48,54.19,195.3,rammed_earth,0.28,rockwool,0.07,concrete,0.13,rockwool,0.077,dense_concrete,0.22,3.44,0.0661,single_pane,180.0,1,0.5,0.27,3.93,2,200.0,unflued_combustion,True,129602.0,SOURCED,1.076,0.9294,38820240.3,59268.2,0.7846
SIM_001650,Hanle,4500.0,32.7784,78.9642,7.1,5.0,2.5,35.5,88.75,29.8,dense_concrete,0.28,none,0.0,concrete,0.16,eps,0.105,dense_concrete,0.12,1.4,0.0231,single_pane,180.0,1,0.5,0.63,1.95,11,1100.0,electric,False,252512.0,SOURCED,2.5985,0.3848,61121027.6,57728.3,0.7642
SIM_001651,Nyoma,4180.0,33.1958,78.6508,9.7,4.7,2.4,45.59,109.42,189.1,rammed_earth,0.5,none,0.0,pu_sandwich_panel,0.1,none,0.0,dense_concrete,0.22,7.78,0.1126,single_pane,180.0,1,0.5,0.83,1.77,4,400.0,electric,False,264753.0,SOURCED,1.7705,0.5648,78617491.6,60207.9,0.7971
SIM_001652,Chushul,4350.0,33.5936,78.6543,9.8,4.5,2.9,44.1,127.89,185.3,rammed_earth,0.46,rockwool,0.073,cgi_sheet,0.002,rockwool,0.074,stone_floor,0.23,4.64,0.0559,single_pane,180.0,0,0.0,0.35,1.03,6,600.0,flued_stove,False,245387.0,SOURCED,1.3664,0.7319,87178728.0,58880.1,0.7795
SIM_001653,Rezang La,5000.0,33.425,78.8472,5.9,4.8,2.8,28.32,79.3,100.5,stone_masonry,0.24,none,0.0,cgi_sheet,0.002,eps,0.057,stone_floor,0.14,0.06,0.001,triple_pane,180.0,0,0.0,0.63,1.84,3,300.0,unflued_combustion,True,114063.0,SOURCED,2.9987,0.3335,37713412.5,54019.9,0.7151
SIM_001654,Pangong,4250.0,33.7595,78.6674,6.1,5.9,2.8,35.99,100.77,196.4,dense_concrete,0.14,none,0.0,pu_sandwich_panel,0.1,none,0.0,dense_concrete,0.21,6.67,0.0993,double_pane,180.0,1,0.5,0.43,3.17,7,700.0,unflued_combustion,True,238605.0,SOURCED,2.7468,0.3641,37155360.3,59658.3,0.7898
SIM_001655,Depsang,5330.0,35.3167,78.0167,9.2,4.2,2.8,38.64,108.19,206.1,dense_concrete,0.3,none,0.0,cgi_sheet,0.002,eps,0.146,dense_concrete,0.23,9.55,0.1273,triple_pane,180.0,1,0.5,0.87,4.33,13,1300.0,flued_stove,False,378618.0,SOURCED,2.2157,0.4513,66189837.9,51679.8,0.6842
SIM_001656,Kargil,2676.0,34.5539,76.1349,10.0,3.3,2.4,33.0,79.2,289.6,rammed_earth,0.34,eps,0.038,concrete,0.11,none,0.0,dense_concrete,0.21,8.68,0.136,triple_pane,180.0,1,0.5,0.74,3.76,12,1200.0,flued_stove,False,223409.0,SOURCED,2.3176,0.4315,58196253.4,73045.7,0.967
SIM_001657,Leh,3500.0,34.1526,77.5771,9.1,5.1,2.9,46.41,134.59,191.7,rammed_earth,0.49,rockwool,0.099,pu_sandwich_panel,0.08,none,0.0,stone_floor,0.19,11.6,0.1408,double_pane,180.0,0,0.0,0.65,4.43,17,1700.0,none,False,309163.0,SOURCED,1.3883,0.7203,81756487.1,65764.1,0.8706
SIM_001658,Dras,3280.0,34.4293,75.7533,7.9,3.9,2.7,30.81,83.19,178.7,rammed_earth,0.44,rockwool,0.076,pu_sandwich_panel,0.12,none,0.0,stone_floor,0.17,7.36,0.1155,triple_pane,180.0,1,0.5,0.45,0.14,9,900.0,none,False,254691.0,SOURCED,1.2382,0.8076,56221852.0,67647.9,0.8956
SIM_001659,Siachen,5400.0,35.4212,77.1095,4.8,5.4,2.5,25.92,64.8,150.8,rammed_earth,0.29,none,0.0,cgi_sheet,0.002,none,0.0,dense_concrete,0.19,3.89,0.0763,double_pane,180.0,1,0.5,0.37,0.37,5,500.0,flued_stove,False,105469.0,SOURCED,3.5707,0.2801,36156685.7,51194.2,0.6777
SIM_001660,Daulat Beg Oldie,5065.0,35.4057,77.9297,5.1,5.0,2.6,25.5,66.3,27.6,rammed_earth,0.45,eps,0.028,cgi_sheet,0.002,none,0.0,stone_floor,0.17,5.55,0.1057,triple_pane,180.0,0,0.0,0.57,3.55,3,300.0,flued_stove,False,137850.0,SOURCED,2.8479,0.3511,47541788.2,53552.3,0.709
SIM_001661,Galwan,4300.0,34.75,78.25,5.8,5.3,2.5,30.74,76.85,165.3,stone_masonry,0.4,straw_bale,0.041,cgi_sheet,0.002,eps,0.045,stone_floor,0.23,2.36,0.0425,double_pane,180.0,0,0.0,0.24,0.68,10,1000.0,flued_stove,False,182114.0,SOURCED,1.6571,0.6035,58646857.8,59268.2,0.7846
SIM_001662,Hanle,4500.0,32.7784,78.9642,9.6,3.4,2.4,32.64,78.34,161.0,dense_concrete,0.26,eps,0.029,concrete,0.11,eps,0.102,stone_floor,0.23,5.88,0.0942,triple_pane,180.0,1,0.5,0.56,3.11,3,300.0,electric,False,293924.0,SOURCED,1.4318,0.6984,58243739.2,57728.3,0.7642
SIM_001663,Nyoma,4180.0,33.1958,78.6508,8.8,4.9,3.1,43.12,133.67,239.5,dense_concrete,0.27,none,0.0,pu_sandwich_panel,0.07,none,0.0,dense_concrete,0.2,0.61,0.0072,single_pane,180.0,1,0.5,0.82,1.06,9,900.0,flued_stove,False,326596.0,SOURCED,2.4921,0.4013,72480238.2,60207.9,0.7971
SIM_001664,Chushul,4350.0,33.5936,78.6543,8.5,3.8,3.2,32.3,103.36,230.4,pu_sandwich_panel,0.15,none,0.0,pu_sandwich_panel,0.06,none,0.0,dense_concrete,0.13,2.04,0.0259,single_pane,180.0,1,0.5,0.84,3.1,12,1200.0,unflued_combustion,True,262010.0,SOURCED,1.1114,0.8998,10491310.4,58880.1,0.7795
SIM_001665,Rezang La,5000.0,33.425,78.8472,4.1,4.7,3.1,19.27,59.74,184.8,dense_concrete,0.23,eps,0.139,pu_sandwich_panel,0.09,none,0.0,dense_concrete,0.18,2.1,0.0385,single_pane,180.0,1,0.5,0.29,4.4,1,100.0,electric,False,216363.0,SOURCED,0.9871,1.0131,36124392.8,54019.9,0.7151
SIM_001666,Pangong,4250.0,33.7595,78.6674,5.4,4.0,2.8,21.6,60.48,348.0,mud_brick,0.29,none,0.0,cgi_sheet,0.002,eps,0.134,stone_floor,0.25,4.56,0.0866,triple_pane,180.0,0,0.0,0.24,1.85,1,100.0,none,False,141054.0,SOURCED,1.7928,0.5578,32645077.1,59658.3,0.7898
SIM_001667,Depsang,5330.0,35.3167,78.0167,7.5,4.5,2.9,33.75,97.88,185.8,stone_masonry,0.35,straw_bale,0.143,cgi_sheet,0.002,eps,0.04,dense_concrete,0.14,0.82,0.0118,double_pane,180.0,0,0.0,0.22,0.14,12,1200.0,none,False,190630.0,SOURCED,1.4143,0.7071,61713372.3,51679.8,0.6842
SIM_001668,Kargil,2676.0,34.5539,76.1349,7.7,3.4,2.8,26.18,73.3,150.2,mud_brick,0.25,eps,0.042,concrete,0.12,none,0.0,dense_concrete,0.21,5.62,0.0904,double_pane,180.0,1,0.5,0.26,1.2,4,400.0,electric,False,165176.0,SOURCED,2.1107,0.4738,41170934.4,73045.7,0.967
SIM_001669,Leh,3500.0,34.1526,77.5771,7.5,4.2,3.1,31.5,97.65,206.2,dense_concrete,0.27,eps,0.107,cgi_sheet,0.002,rockwool,0.048,dense_concrete,0.19,6.87,0.0947,single_pane,180.0,0,0.0,0.9,4.42,6,600.0,unflued_combustion,True,282549.0,SOURCED,1.4396,0.6946,55174780.9,65764.1,0.8706
SIM_001670,Dras,3280.0,34.4293,75.7533,7.5,3.6,3.2,27.0,86.4,301.6,rammed_earth,0.43,rockwool,0.147,cgi_sheet,0.002,rockwool,0.09,dense_concrete,0.24,5.42,0.0763,triple_pane,180.0,0,0.0,0.9,1.99,2,200.0,flued_stove,False,255911.0,SOURCED,0.9685,1.0325,66460729.0,67647.9,0.8956
SIM_001671,Siachen,5400.0,35.4212,77.1095,7.0,4.1,2.9,28.7,83.23,197.8,mud_brick,0.46,rockwool,0.148,concrete,0.12,none,0.0,dense_concrete,0.25,4.79,0.0744,double_pane,180.0,1,0.5,0.78,3.21,6,600.0,electric,False,267709.0,SOURCED,1.8916,0.5287,65843439.2,51194.2,0.6777
SIM_001672,Daulat Beg Oldie,5065.0,35.4057,77.9297,9.4,5.5,3.0,51.7,155.1,159.1,stone_masonry,0.49,eps,0.029,concrete,0.14,none,0.0,dense_concrete,0.2,5.35,0.0598,double_pane,180.0,0,0.0,0.58,0.23,20,2000.0,electric,False,376992.0,SOURCED,2.4707,0.4047,123653171.1,53552.3,0.709
SIM_001673,Galwan,4300.0,34.75,78.25,9.5,4.1,2.9,38.95,112.95,158.4,mud_brick,0.27,eps,0.109,concrete,0.17,eps,0.138,dense_concrete,0.13,11.36,0.144,double_pane,180.0,1,0.5,0.46,0.52,13,1300.0,unflued_combustion,True,297506.0,SOURCED,1.292,0.774,54682965.8,59268.2,0.7846
SIM_001674,Hanle,4500.0,32.7784,78.9642,5.0,5.5,2.7,27.5,74.25,82.1,mud_brick,0.29,straw_bale,0.056,cgi_sheet,0.002,none,0.0,dense_concrete,0.13,5.33,0.094,triple_pane,180.0,1,0.5,0.41,0.35,1,100.0,electric,False,138100.0,SOURCED,2.834,0.3529,31341399.6,57728.3,0.7642
SIM_001675,Nyoma,4180.0,33.1958,78.6508,9.4,3.3,2.5,31.02,77.55,170.8,pu_sandwich_panel,0.05,none,0.0,concrete,0.15,none,0.0,stone_floor,0.21,4.95,0.078,single_pane,180.0,1,0.5,0.27,0.78,1,100.0,flued_stove,False,148385.0,SOURCED,2.1302,0.4694,24770636.3,60207.9,0.7971
SIM_001676,Chushul,4350.0,33.5936,78.6543,8.4,5.6,2.6,47.04,122.3,203.9,pu_sandwich_panel,0.14,none,0.0,concrete,0.17,none,0.0,stone_floor,0.11,8.07,0.1109,single_pane,180.0,1,0.5,0.6,2.21,14,1400.0,none,False,274019.0,SOURCED,2.4442,0.4091,29991534.0,58880.1,0.7795
SIM_001677,Rezang La,5000.0,33.425,78.8472,6.8,3.1,3.1,21.08,65.35,183.0,stone_masonry,0.26,rockwool,0.144,pu_sandwich_panel,0.12,none,0.0,stone_floor,0.25,5.45,0.0888,triple_pane,180.0,1,0.5,0.79,4.39,2,200.0,flued_stove,False,253917.0,SOURCED,0.9053,1.1046,41028377.3,54019.9,0.7151
SIM_001678,Pangong,4250.0,33.7595,78.6674,7.1,4.8,3.0,34.08,102.24,168.3,rammed_earth,0.45,straw_bale,0.068,pu_sandwich_panel,0.14,none,0.0,stone_floor,0.13,0.13,0.0018,single_pane,180.0,1,0.5,0.78,2.65,1,100.0,electric,False,196448.0,SOURCED,1.4213,0.7036,68451218.0,59658.3,0.7898
SIM_001679,Depsang,5330.0,35.3167,78.0167,5.3,5.2,2.9,27.56,79.92,160.6,rammed_earth,0.33,none,0.0,cgi_sheet,0.002,eps,0.065,stone_floor,0.22,0.61,0.01,single_pane,180.0,1,0.5,0.37,3.52,10,1000.0,flued_stove,False,112797.0,SOURCED,2.1798,0.4588,49020582.8,51679.8,0.6842
SIM_001680,Kargil,2676.0,34.5539,76.1349,7.9,3.2,2.6,25.28,65.73,208.3,stone_masonry,0.39,eps,0.136,cgi_sheet,0.002,eps,0.064,stone_floor,0.21,3.35,0.058,single_pane,180.0,1,0.5,0.56,2.9,4,400.0,flued_stove,False,212370.0,SOURCED,1.1486,0.8706,54597671.7,73045.7,0.967
SIM_001681,Leh,3500.0,34.1526,77.5771,4.1,5.9,2.9,24.19,70.15,166.8,mud_brick,0.36,none,0.0,cgi_sheet,0.002,none,0.0,dense_concrete,0.2,2.57,0.0443,single_pane,180.0,1,0.5,0.23,0.99,3,300.0,none,False,122026.0,SOURCED,2.9746,0.3362,41222295.6,65764.1,0.8706
SIM_001682,Dras,3280.0,34.4293,75.7533,5.9,5.8,3.0,34.22,102.66,169.9,mud_brick,0.42,rockwool,0.135,cgi_sheet,0.002,eps,0.033,dense_concrete,0.2,5.13,0.0731,double_pane,180.0,1,0.5,0.27,0.42,11,1100.0,unflued_combustion,True,255456.0,SOURCED,1.2587,0.7945,57368332.5,67647.9,0.8956
SIM_001683,Siachen,5400.0,35.4212,77.1095,7.3,3.4,2.4,24.82,59.57,165.7,dense_concrete,0.27,rockwool,0.041,pu_sandwich_panel,0.07,none,0.0,stone_floor,0.22,4.55,0.0886,double_pane,180.0,1,0.5,0.66,2.32,6,600.0,flued_stove,False,220094.0,SOURCED,1.3401,0.7462,40887610.1,51194.2,0.6777
SIM_001684,Daulat Beg Oldie,5065.0,35.4057,77.9297,5.6,3.1,2.6,17.36,45.14,207.3,rammed_earth,0.34,straw_bale,0.077,cgi_sheet,0.002,none,0.0,stone_floor,0.21,3.64,0.0805,triple_pane,180.0,1,0.5,0.33,3.61,4,400.0,flued_stove,False,103044.0,SOURCED,2.4412,0.4096,34002484.6,53552.3,0.709
SIM_001685,Galwan,4300.0,34.75,78.25,7.3,5.2,2.8,37.96,106.29,6.6,stone_masonry,0.21,straw_bale,0.095,concrete,0.13,eps,0.041,stone_floor,0.21,6.06,0.0866,double_pane,180.0,0,0.0,0.23,2.07,1,100.0,electric,False,204749.0,SOURCED,1.5289,0.6541,56700325.3,59268.2,0.7846
SIM_001686,Hanle,4500.0,32.7784,78.9642,7.3,5.9,2.5,43.07,107.67,324.0,pu_sandwich_panel,0.08,none,0.0,concrete,0.15,eps,0.085,dense_concrete,0.14,4.59,0.0695,double_pane,180.0,1,0.5,0.71,1.07,2,200.0,electric,False,229973.0,SOURCED,1.3964,0.7161,29213640.7,57728.3,0.7642
SIM_001687,Nyoma,4180.0,33.1958,78.6508,5.1,3.3,2.9,16.83,48.81,39.2,dense_concrete,0.23,straw_bale,0.142,cgi_sheet,0.002,eps,0.047,stone_floor,0.15,1.35,0.0277,triple_pane,180.0,0,0.0,0.87,0.5,1,100.0,electric,False,143755.0,SOURCED,1.2488,0.8008,31947952.6,60207.9,0.7971
SIM_001688,Chushul,4350.0,33.5936,78.6543,7.3,5.7,3.1,41.61,128.99,176.3,pu_sandwich_panel,0.15,none,0.0,pu_sandwich_panel,0.08,none,0.0,stone_floor,0.17,3.52,0.0437,single_pane,180.0,0,0.0,0.3,4.09,5,500.0,flued_stove,False,300881.0,SOURCED,1.2643,0.791,15966546.6,58880.1,0.7795
SIM_001689,Rezang La,5000.0,33.425,78.8472,5.3,4.4,3.0,23.32,69.96,232.9,stone_masonry,0.45,none,0.0,pu_sandwich_panel,0.13,none,0.0,stone_floor,0.16,3.1,0.0533,triple_pane,180.0,0,0.0,0.7,2.43,3,300.0,unflued_combustion,True,216571.0,SOURCED,2.3741,0.4212,58135571.1,54019.9,0.7151
SIM_001690,Pangong,4250.0,33.7595,78.6674,8.1,4.1,2.5,33.21,83.02,74.2,pu_sandwich_panel,0.1,none,0.0,concrete,0.16,none,0.0,dense_concrete,0.13,3.07,0.0503,triple_pane,180.0,1,0.5,0.88,4.11,7,700.0,flued_stove,False,198538.0,SOURCED,2.1886,0.4569,22541377.9,59658.3,0.7898
SIM_001691,Depsang,5330.0,35.3167,78.0167,6.2,5.2,2.5,32.24,80.6,150.6,pu_sandwich_panel,0.11,none,0.0,cgi_sheet,0.002,rockwool,0.046,dense_concrete,0.24,1.23,0.0216,double_pane,180.0,0,0.0,0.34,3.4,2,200.0,electric,False,190403.0,SOURCED,1.1812,0.8466,18496651.8,51679.8,0.6842
SIM_001692,Kargil,2676.0,34.5539,76.1349,5.3,5.2,3.0,27.56,82.68,185.2,dense_concrete,0.26,rockwool,0.143,pu_sandwich_panel,0.1,none,0.0,stone_floor,0.17,3.19,0.0506,single_pane,180.0,0,0.0,0.85,2.78,1,100.0,flued_stove,False,282392.0,SOURCED,1.2468,0.8021,46301968.8,73045.7,0.967
SIM_001693,Leh,3500.0,34.1526,77.5771,6.0,3.2,3.1,19.2,59.52,178.2,dense_concrete,0.13,eps,0.113,cgi_sheet,0.002,none,0.0,stone_floor,0.11,6.45,0.1131,double_pane,180.0,1,0.5,0.6,2.27,3,300.0,none,False,150840.0,SOURCED,2.3208,0.4309,20010341.3,65764.1,0.8706
SIM_001694,Dras,3280.0,34.4293,75.7533,5.3,4.8,3.2,25.44,81.41,167.3,stone_masonry,0.5,none,0.0,cgi_sheet,0.002,eps,0.043,stone_floor,0.13,0.12,0.0019,single_pane,180.0,0,0.0,0.8,2.9,7,700.0,unflued_combustion,True,189712.0,SOURCED,2.5181,0.3971,72366012.0,67647.9,0.8956
SIM_001695,Siachen,5400.0,35.4212,77.1095,6.7,3.0,2.5,20.1,50.25,162.4,dense_concrete,0.3,eps,0.121,concrete,0.16,eps,0.061,dense_concrete,0.14,0.25,0.0052,triple_pane,180.0,1,0.5,0.87,2.37,7,700.0,electric,False,220733.0,SOURCED,1.1844,0.8443,47442978.7,51194.2,0.6777
SIM_001696,Daulat Beg Oldie,5065.0,35.4057,77.9297,6.5,4.1,3.1,26.65,82.61,181.1,mud_brick,0.26,none,0.0,pu_sandwich_panel,0.06,none,0.0,dense_concrete,0.23,1.8,0.0274,double_pane,180.0,0,0.0,0.3,1.59,5,500.0,none,False,141312.0,SOURCED,1.9085,0.524,39108580.2,53552.3,0.709
SIM_001697,Galwan,4300.0,34.75,78.25,9.5,4.3,2.9,40.85,118.47,195.5,rammed_earth,0.44,none,0.0,cgi_sheet,0.002,none,0.0,dense_concrete,0.23,0.27,0.0034,double_pane,180.0,1,0.5,0.8,1.14,12,1200.0,unflued_combustion,True,178714.0,SOURCED,3.27,0.3058,85186789.8,59268.2,0.7846
SIM_001698,Hanle,4500.0,32.7784,78.9642,7.0,6.0,2.6,42.0,109.2,173.1,rammed_earth,0.4,eps,0.113,concrete,0.16,none,0.0,stone_floor,0.19,4.29,0.0635,single_pane,180.0,0,0.0,0.68,0.29,2,200.0,none,False,222833.0,SOURCED,2.3871,0.4189,78330963.0,57728.3,0.7642
SIM_001699,Nyoma,4180.0,33.1958,78.6508,4.5,4.9,2.7,22.05,59.54,189.3,stone_masonry,0.41,none,0.0,pu_sandwich_panel,0.07,none,0.0,dense_concrete,0.11,3.27,0.0644,single_pane,180.0,0,0.0,0.24,4.24,2,200.0,unflued_combustion,True,144910.0,SOURCED,2.6749,0.3738,44966110.8,60207.9,0.7971
SIM_001700,Chushul,4350.0,33.5936,78.6543,9.9,5.5,2.5,54.45,136.12,171.8,rammed_earth,0.31,eps,0.134,cgi_sheet,0.002,eps,0.062,stone_floor,0.17,3.72,0.0483,double_pane,180.0,1,0.5,0.68,1.29,10,1000.0,none,False,238687.0,SOURCED,1.4345,0.6971,61536501.7,58880.1,0.7795
SIM_001701,Rezang La,5000.0,33.425,78.8472,5.3,4.3,2.5,22.79,56.97,168.5,pu_sandwich_panel,0.08,none,0.0,pu_sandwich_panel,0.13,none,0.0,stone_floor,0.23,4.52,0.0942,triple_pane,180.0,1,0.5,0.67,2.24,6,600.0,electric,False,183539.0,SOURCED,1.0705,0.9341,11540263.1,54019.9,0.7151
SIM_001702,Pangong,4250.0,33.7595,78.6674,5.6,3.6,3.1,20.16,62.5,143.3,mud_brick,0.27,none,0.0,cgi_sheet,0.002,rockwool,0.147,stone_floor,0.18,7.69,0.1348,triple_pane,180.0,1,0.5,0.78,2.72,6,600.0,unflued_combustion,True,164064.0,SOURCED,1.8691,0.535,27964704.5,59658.3,0.7898
SIM_001703,Depsang,5330.0,35.3167,78.0167,6.6,3.8,2.5,25.08,62.7,201.4,dense_concrete,0.12,eps,0.114,concrete,0.19,rockwool,0.064,dense_concrete,0.11,2.47,0.0475,triple_pane,180.0,1,0.5,0.87,1.05,9,900.0,electric,False,179323.0,SOURCED,1.349,0.7413,31280934.7,51679.8,0.6842
SIM_001704,Kargil,2676.0,34.5539,76.1349,9.4,5.8,2.4,54.52,130.85,172.9,dense_concrete,0.14,none,0.0,cgi_sheet,0.002,none,0.0,stone_floor,0.22,5.51,0.0755,single_pane,180.0,1,0.5,0.77,4.2,13,1300.0,electric,False,204517.0,SOURCED,4.3588,0.2294,47742410.6,73045.7,0.967
SIM_001705,Leh,3500.0,34.1526,77.5771,5.1,4.5,2.8,22.95,64.26,176.3,pu_sandwich_panel,0.07,none,0.0,concrete,0.19,rockwool,0.045,dense_concrete,0.14,3.39,0.0631,triple_pane,180.0,1,0.5,0.65,2.23,9,900.0,flued_stove,False,155145.0,SOURCED,1.2703,0.7872,17714366.5,65764.1,0.8706
SIM_001706,Dras,3280.0,34.4293,75.7533,9.5,3.1,2.6,29.45,76.57,176.6,pu_sandwich_panel,0.06,none,0.0,pu_sandwich_panel,0.15,none,0.0,stone_floor,0.22,10.37,0.1583,single_pane,180.0,1,0.5,0.58,3.14,9,900.0,electric,False,211075.0,SOURCED,1.1716,0.8535,14269474.7,67647.9,0.8956
SIM_001707,Siachen,5400.0,35.4212,77.1095,7.9,5.3,3.0,41.87,125.61,276.4,stone_masonry,0.33,rockwool,0.127,concrete,0.15,eps,0.03,stone_floor,0.15,2.1,0.0265,single_pane,180.0,0,0.0,0.58,0.47,16,1600.0,electric,False,294105.0,SOURCED,1.4974,0.6678,79608621.2,51194.2,0.6777
SIM_001708,Daulat Beg Oldie,5065.0,35.4057,77.9297,8.1,4.4,3.0,35.64,106.92,195.8,rammed_earth,0.38,none,0.0,cgi_sheet,0.002,rockwool,0.128,stone_floor,0.16,9.2,0.1227,single_pane,180.0,1,0.5,0.84,0.66,14,1400.0,electric,False,176838.0,SOURCED,2.0855,0.4795,57651789.2,53552.3,0.709
SIM_001709,Galwan,4300.0,34.75,78.25,6.9,5.5,3.1,37.95,117.65,113.4,rammed_earth,0.35,rockwool,0.08,cgi_sheet,0.002,none,0.0,stone_floor,0.13,8.91,0.1159,double_pane,180.0,0,0.0,0.53,3.78,7,700.0,none,False,179812.0,SOURCED,2.8552,0.3502,53900969.5,59268.2,0.7846
SIM_001710,Hanle,4500.0,32.7784,78.9642,5.4,4.8,3.1,25.92,80.35,178.0,pu_sandwich_panel,0.07,none,0.0,pu_sandwich_panel,0.14,none,0.0,stone_floor,0.15,1.94,0.0307,double_pane,180.0,0,0.0,0.71,0.97,2,200.0,flued_stove,False,165550.0,SOURCED,1.1766,0.8499,8767223.8,57728.3,0.7642
SIM_001711,Nyoma,4180.0,33.1958,78.6508,4.2,3.9,2.9,16.38,47.5,195.9,pu_sandwich_panel,0.08,none,0.0,cgi_sheet,0.002,eps,0.031,dense_concrete,0.18,3.59,0.0764,single_pane,180.0,0,0.0,0.49,3.05,3,300.0,none,False,96219.0,SOURCED,1.3732,0.7282,7154184.4,60207.9,0.7971
SIM_001712,Chushul,4350.0,33.5936,78.6543,8.9,5.6,2.5,49.84,124.6,170.5,mud_brick,0.23,straw_bale,0.054,cgi_sheet,0.002,eps,0.093,dense_concrete,0.1,6.8,0.0938,single_pane,180.0,0,0.0,0.77,0.92,18,1800.0,electric,False,151808.0,SOURCED,1.9158,0.522,35404761.0,58880.1,0.7795
SIM_001713,Rezang La,5000.0,33.425,78.8472,5.1,5.5,3.1,28.05,86.95,184.4,rammed_earth,0.42,eps,0.103,concrete,0.17,rockwool,0.093,stone_floor,0.14,2.22,0.0338,double_pane,180.0,0,0.0,0.85,2.78,10,1000.0,unflued_combustion,True,197009.0,SOURCED,1.2573,0.7954,67715019.4,54019.9,0.7151
SIM_001714,Pangong,4250.0,33.7595,78.6674,5.6,3.3,2.6,18.48,48.05,300.8,rammed_earth,0.26,none,0.0,concrete,0.2,eps,0.144,dense_concrete,0.23,6.3,0.1361,single_pane,180.0,0,0.0,0.76,3.77,5,500.0,flued_stove,False,118923.0,SOURCED,2.4931,0.4011,37118636.6,59658.3,0.7898
SIM_001715,Depsang,5330.0,35.3167,78.0167,6.6,4.3,2.5,28.38,70.95,173.2,mud_brick,0.49,eps,0.075,pu_sandwich_panel,0.11,none,0.0,stone_floor,0.16,4.38,0.0804,single_pane,180.0,0,0.0,0.55,4.22,9,900.0,electric,False,195565.0,SOURCED,1.4594,0.6852,46744334.7,51679.8,0.6842
SIM_001716,Kargil,2676.0,34.5539,76.1349,7.0,3.1,2.4,21.7,52.08,43.3,rammed_earth,0.47,straw_bale,0.076,concrete,0.16,eps,0.122,dense_concrete,0.12,2.92,0.0602,single_pane,180.0,0,0.0,0.83,3.49,5,500.0,flued_stove,False,128269.0,SOURCED,1.543,0.6481,53347419.9,73045.7,0.967
SIM_001717,Leh,3500.0,34.1526,77.5771,7.1,4.0,2.9,28.4,82.36,342.2,pu_sandwich_panel,0.13,none,0.0,cgi_sheet,0.002,rockwool,0.069,stone_floor,0.1,7.49,0.1163,triple_pane,180.0,0,0.0,0.59,2.52,4,400.0,flued_stove,False,215774.0,SOURCED,1.3539,0.7386,6812892.1,65764.1,0.8706
SIM_001718,Dras,3280.0,34.4293,75.7533,7.0,5.7,3.2,39.9,127.68,178.8,mud_brick,0.23,none,0.0,concrete,0.2,none,0.0,stone_floor,0.22,0.54,0.0066,single_pane,180.0,1,0.5,0.47,3.5,5,500.0,electric,False,186564.0,SOURCED,2.8125,0.3556,64903185.7,67647.9,0.8956
SIM_001719,Siachen,5400.0,35.4212,77.1095,6.3,4.0,2.9,25.2,73.08,161.2,stone_masonry,0.39,rockwool,0.127,cgi_sheet,0.002,eps,0.057,stone_floor,0.17,3.09,0.0517,double_pane,180.0,0,0.0,0.25,2.85,2,200.0,unflued_combustion,True,214565.0,SOURCED,1.2522,0.7986,54222828.3,51194.2,0.6777
SIM_001720,Daulat Beg Oldie,5065.0,35.4057,77.9297,5.1,4.8,3.0,24.48,73.44,160.2,stone_masonry,0.49,straw_bale,0.088,cgi_sheet,0.002,none,0.0,stone_floor,0.11,5.88,0.099,double_pane,180.0,1,0.5,0.38,1.96,2,200.0,unflued_combustion,True,192081.0,SOURCED,2.6953,0.371,59759561.3,53552.3,0.709
SIM_001721,Galwan,4300.0,34.75,78.25,8.4,4.1,2.7,34.44,92.99,311.1,pu_sandwich_panel,0.05,none,0.0,concrete,0.12,none,0.0,dense_concrete,0.23,7.77,0.1151,single_pane,180.0,0,0.0,0.8,0.98,13,1300.0,electric,False,164310.0,SOURCED,2.4154,0.414,27964769.3,59268.2,0.7846
SIM_001722,Hanle,4500.0,32.7784,78.9642,9.5,5.2,2.5,49.4,123.5,184.1,rammed_earth,0.36,none,0.0,pu_sandwich_panel,0.09,none,0.0,stone_floor,0.22,9.42,0.1282,triple_pane,180.0,0,0.0,0.38,0.19,17,1700.0,unflued_combustion,True,277449.0,SOURCED,1.9857,0.5036,64962171.1,57728.3,0.7642
SIM_001723,Nyoma,4180.0,33.1958,78.6508,4.9,4.3,2.8,21.07,59.0,160.9,mud_brick,0.35,eps,0.1,concrete,0.12,rockwool,0.092,stone_floor,0.17,0.1,0.0019,triple_pane,180.0,1,0.5,0.89,1.11,3,300.0,flued_stove,False,149416.0,SOURCED,1.1357,0.8805,40655756.1,60207.9,0.7971
SIM_001724,Chushul,4350.0,33.5936,78.6543,5.7,5.6,2.8,31.92,89.38,300.8,pu_sandwich_panel,0.15,none,0.0,concrete,0.11,eps,0.083,stone_floor,0.24,2.64,0.0417,single_pane,180.0,1,0.5,0.33,0.17,3,300.0,flued_stove,False,256025.0,SOURCED,1.0748,0.9304,25027079.2,58880.1,0.7795
SIM_001725,Rezang La,5000.0,33.425,78.8472,8.7,4.9,3.2,42.63,136.42,150.1,pu_sandwich_panel,0.13,none,0.0,pu_sandwich_panel,0.13,none,0.0,stone_floor,0.15,10.39,0.1194,triple_pane,180.0,1,0.5,0.26,3.93,1,100.0,electric,False,391258.0,SOURCED,1.1834,0.845,14554715.6,54019.9,0.7151
SIM_001726,Pangong,4250.0,33.7595,78.6674,6.1,3.4,2.4,20.74,49.78,201.9,stone_masonry,0.35,rockwool,0.08,concrete,0.15,rockwool,0.046,stone_floor,0.15,3.71,0.0814,double_pane,180.0,0,0.0,0.47,0.56,4,400.0,none,False,161724.0,SOURCED,1.4515,0.6889,43536855.3,59658.3,0.7898
SIM_001727,Depsang,5330.0,35.3167,78.0167,4.6,3.2,3.2,14.72,47.1,247.5,dense_concrete,0.26,rockwool,0.123,cgi_sheet,0.002,rockwool,0.03,dense_concrete,0.24,4.11,0.0823,single_pane,180.0,1,0.5,0.55,0.29,3,300.0,electric,False,196530.0,SOURCED,1.0362,0.9651,35907424.9,51679.8,0.6842
SIM_001728,Kargil,2676.0,34.5539,76.1349,5.8,4.2,2.6,24.36,63.34,209.7,rammed_earth,0.22,straw_bale,0.074,concrete,0.14,none,0.0,dense_concrete,0.15,2.1,0.0404,triple_pane,180.0,1,0.5,0.25,2.81,3,300.0,flued_stove,False,108756.0,SOURCED,2.2835,0.4379,36801208.0,73045.7,0.967
SIM_001729,Leh,3500.0,34.1526,77.5771,6.2,5.1,2.7,31.62,85.37,180.0,rammed_earth,0.25,eps,0.051,pu_sandwich_panel,0.07,none,0.0,dense_concrete,0.11,7.46,0.1223,single_pane,180.0,0,0.0,0.62,0.82,6,600.0,electric,False,130617.0,SOURCED,1.7692,0.5652,32396114.8,65764.1,0.8706
SIM_001730,Dras,3280.0,34.4293,75.7533,8.0,4.6,2.5,36.8,92.0,202.2,dense_concrete,0.16,none,0.0,concrete,0.13,none,0.0,stone_floor,0.16,0.94,0.0149,double_pane,180.0,1,0.5,0.88,3.08,5,500.0,unflued_combustion,True,171955.0,SOURCED,3.9263,0.2547,46436083.3,67647.9,0.8956
SIM_001731,Siachen,5400.0,35.4212,77.1095,6.1,3.1,2.5,18.91,47.27,133.8,mud_brick,0.48,rockwool,0.098,pu_sandwich_panel,0.08,none,0.0,dense_concrete,0.17,2.99,0.065,triple_pane,180.0,1,0.5,0.31,3.48,7,700.0,flued_stove,False,175836.0,SOURCED,1.0897,0.9177,38565295.7,51194.2,0.6777
SIM_001732,Daulat Beg Oldie,5065.0,35.4057,77.9297,8.4,5.8,3.0,48.72,146.16,240.7,stone_masonry,0.31,straw_bale,0.08,cgi_sheet,0.002,eps,0.128,stone_floor,0.13,0.59,0.0069,double_pane,180.0,0,0.0,0.54,0.38,4,400.0,flued_stove,False,233540.0,SOURCED,1.5382,0.6501,68364207.6,53552.3,0.709
SIM_001733,Galwan,4300.0,34.75,78.25,6.0,4.8,2.9,28.8,83.52,166.5,rammed_earth,0.37,eps,0.08,pu_sandwich_panel,0.12,none,0.0,stone_floor,0.25,2.32,0.037,triple_pane,180.0,1,0.5,0.63,4.38,2,200.0,flued_stove,False,213668.0,SOURCED,1.0693,0.9352,55901411.3,59268.2,0.7846
SIM_001734,Hanle,4500.0,32.7784,78.9642,5.9,4.7,2.4,27.73,66.55,81.7,stone_masonry,0.45,straw_bale,0.121,cgi_sheet,0.002,eps,0.061,stone_floor,0.1,2.93,0.0576,single_pane,180.0,0,0.0,0.83,1.3,9,900.0,electric,False,154516.0,SOURCED,1.7036,0.587,50859612.7,57728.3,0.7642
SIM_001735,Nyoma,4180.0,33.1958,78.6508,9.5,4.4,2.5,41.8,104.5,189.4,mud_brick,0.24,eps,0.116,cgi_sheet,0.002,rockwool,0.072,stone_floor,0.13,9.74,0.1401,single_pane,180.0,0,0.0,0.25,3.41,11,1100.0,flued_stove,False,179374.0,SOURCED,1.7668,0.566,33764161.1,60207.9,0.7971
SIM_001736,Chushul,4350.0,33.5936,78.6543,5.9,3.1,2.6,18.29,47.55,183.6,stone_masonry,0.46,rockwool,0.105,pu_sandwich_panel,0.06,none,0.0,dense_concrete,0.11,5.17,0.1105,single_pane,180.0,0,0.0,0.57,3.47,3,300.0,electric,False,167070.0,SOURCED,1.5365,0.6508,43508318.9,58880.1,0.7795
SIM_001737,Rezang La,5000.0,33.425,78.8472,7.1,4.0,3.0,28.4,85.2,204.4,stone_masonry,0.22,none,0.0,concrete,0.12,none,0.0,stone_floor,0.13,5.63,0.0845,triple_pane,180.0,1,0.5,0.66,4.44,3,300.0,flued_stove,False,166259.0,SOURCED,3.8115,0.2624,42786549.2,54019.9,0.7151
SIM_001738,Pangong,4250.0,33.7595,78.6674,8.5,5.2,2.9,44.2,128.18,166.3,pu_sandwich_panel,0.07,none,0.0,concrete,0.13,none,0.0,dense_concrete,0.17,2.72,0.0342,single_pane,180.0,1,0.5,0.63,4.08,9,900.0,none,False,205537.0,SOURCED,2.2357,0.4473,30900561.8,59658.3,0.7898
SIM_001739,Depsang,5330.0,35.3167,78.0167,7.0,4.1,2.4,28.7,68.88,184.3,stone_masonry,0.29,eps,0.06,pu_sandwich_panel,0.11,none,0.0,stone_floor,0.22,1.56,0.0293,double_pane,180.0,0,0.0,0.54,2.8,9,900.0,flued_stove,False,194485.0,SOURCED,1.2686,0.7883,43987595.6,51679.8,0.6842
SIM_001740,Kargil,2676.0,34.5539,76.1349,5.2,5.9,3.1,30.68,95.11,57.5,dense_concrete,0.12,rockwool,0.054,cgi_sheet,0.002,none,0.0,dense_concrete,0.24,1.42,0.0206,triple_pane,180.0,1,0.5,0.81,2.68,6,600.0,unflued_combustion,True,180828.0,SOURCED,2.4742,0.4042,36006671.4,73045.7,0.967
SIM_001741,Leh,3500.0,34.1526,77.5771,5.9,3.7,2.4,21.83,52.39,176.9,rammed_earth,0.37,straw_bale,0.1,cgi_sheet,0.002,rockwool,0.108,stone_floor,0.12,4.09,0.0888,single_pane,180.0,0,0.0,0.37,2.15,7,700.0,flued_stove,False,93849.0,SOURCED,1.6452,0.6078,34667756.6,65764.1,0.8706
SIM_001742,Dras,3280.0,34.4293,75.7533,5.9,4.4,2.8,25.96,72.69,153.4,stone_masonry,0.2,rockwool,0.038,cgi_sheet,0.002,rockwool,0.118,dense_concrete,0.12,0.0,0.0,single_pane,180.0,1,0.5,0.65,3.26,5,500.0,electric,False,124692.0,SOURCED,1.4825,0.6745,30893232.7,67647.9,0.8956
SIM_001743,Siachen,5400.0,35.4212,77.1095,9.4,3.3,2.8,31.02,86.86,200.4,dense_concrete,0.13,eps,0.042,cgi_sheet,0.002,none,0.0,dense_concrete,0.19,0.17,0.0024,triple_pane,180.0,0,0.0,0.51,1.24,6,600.0,flued_stove,False,159116.0,SOURCED,2.6028,0.3842,35165523.9,51194.2,0.6777
SIM_001744,Daulat Beg Oldie,5065.0,35.4057,77.9297,8.4,3.6,3.1,30.24,93.74,179.9,dense_concrete,0.27,eps,0.105,cgi_sheet,0.002,eps,0.076,dense_concrete,0.19,5.67,0.0762,double_pane,180.0,0,0.0,0.4,2.52,2,200.0,unflued_combustion,True,302494.0,SOURCED,1.1909,0.8397,56522460.6,53552.3,0.709
SIM_001745,Galwan,4300.0,34.75,78.25,4.4,5.0,2.5,22.0,55.0,154.7,mud_brick,0.33,straw_bale,0.09,concrete,0.14,eps,0.092,stone_floor,0.19,3.36,0.0715,single_pane,180.0,0,0.0,0.34,3.62,5,500.0,none,False,126028.0,SOURCED,1.4662,0.682,38402570.0,59268.2,0.7846
SIM_001746,Hanle,4500.0,32.7784,78.9642,5.6,4.1,2.8,22.96,64.29,30.7,pu_sandwich_panel,0.12,none,0.0,concrete,0.16,eps,0.095,dense_concrete,0.12,2.25,0.0414,single_pane,180.0,1,0.5,0.28,2.52,5,500.0,electric,False,174129.0,SOURCED,1.1767,0.8498,15261869.3,57728.3,0.7642
SIM_001747,Nyoma,4180.0,33.1958,78.6508,6.6,4.0,2.7,26.4,71.28,119.0,mud_brick,0.33,none,0.0,concrete,0.12,eps,0.062,stone_floor,0.17,7.41,0.1295,triple_pane,180.0,0,0.0,0.46,3.41,1,100.0,unflued_combustion,True,174086.0,SOURCED,1.9057,0.5247,41537861.2,60207.9,0.7971
SIM_001748,Chushul,4350.0,33.5936,78.6543,8.8,5.2,2.6,45.76,118.98,162.7,pu_sandwich_panel,0.11,none,0.0,pu_sandwich_panel,0.06,none,0.0,stone_floor,0.18,0.24,0.0033,triple_pane,180.0,1,0.5,0.7,3.8,14,1400.0,none,False,237077.0,SOURCED,1.2695,0.7877,18197126.9,58880.1,0.7795
SIM_001749,Rezang La,5000.0,33.425,78.8472,4.4,4.3,2.8,18.92,52.98,160.9,mud_brick,0.29,none,0.0,concrete,0.17,eps,0.099,stone_floor,0.23,5.52,0.1133,double_pane,180.0,1,0.5,0.63,2.97,3,300.0,unflued_combustion,True,140951.0,SOURCED,1.814,0.5513,35490390.6,54019.9,0.7151
SIM_001750,Pangong,4250.0,33.7595,78.6674,5.4,5.4,2.6,29.16,75.82,114.0,stone_masonry,0.32,none,0.0,concrete,0.18,rockwool,0.115,stone_floor,0.22,2.61,0.0465,triple_pane,180.0,1,0.5,0.41,2.56,11,1100.0,unflued_combustion,True,214369.0,SOURCED,2.4885,0.4018,60446103.0,59658.3,0.7898
SIM_001751,Depsang,5330.0,35.3167,78.0167,5.9,3.3,2.6,19.47,50.62,116.8,stone_masonry,0.36,rockwool,0.132,cgi_sheet,0.002,rockwool,0.032,dense_concrete,0.1,4.94,0.1033,double_pane,180.0,1,0.5,0.67,1.89,3,300.0,electric,False,167996.0,SOURCED,1.4057,0.7114,36047247.3,51679.8,0.6842
SIM_001752,Kargil,2676.0,34.5539,76.1349,9.2,5.0,2.8,46.0,128.8,269.4,dense_concrete,0.24,none,0.0,concrete,0.12,eps,0.141,dense_concrete,0.19,0.52,0.0065,double_pane,180.0,1,0.5,0.4,3.35,5,500.0,electric,False,326545.0,SOURCED,2.5338,0.3947,76758184.5,73045.7,0.967
SIM_001753,Leh,3500.0,34.1526,77.5771,6.2,4.5,2.5,27.9,69.75,140.5,mud_brick,0.25,none,0.0,pu_sandwich_panel,0.13,none,0.0,dense_concrete,0.24,0.99,0.0185,triple_pane,180.0,1,0.5,0.79,3.91,1,100.0,flued_stove,False,168869.0,SOURCED,1.8387,0.5439,35303681.2,65764.1,0.8706
SIM_001754,Dras,3280.0,34.4293,75.7533,4.7,3.3,3.0,15.51,46.53,208.8,rammed_earth,0.25,none,0.0,concrete,0.17,rockwool,0.037,stone_floor,0.22,5.31,0.1106,double_pane,180.0,0,0.0,0.47,4.23,3,300.0,none,False,97815.0,SOURCED,2.5075,0.3988,32590852.1,67647.9,0.8956
SIM_001755,Siachen,5400.0,35.4212,77.1095,6.4,3.2,2.4,20.48,49.15,187.6,mud_brick,0.3,eps,0.104,cgi_sheet,0.002,rockwool,0.121,dense_concrete,0.23,2.02,0.0438,single_pane,180.0,1,0.5,0.36,1.01,2,200.0,electric,False,141456.0,SOURCED,1.0382,0.9632,31055175.4,51194.2,0.6777
SIM_001756,Daulat Beg Oldie,5065.0,35.4057,77.9297,6.1,4.3,2.8,26.23,73.44,329.7,rammed_earth,0.47,straw_bale,0.081,concrete,0.13,none,0.0,stone_floor,0.18,1.22,0.0209,double_pane,180.0,0,0.0,0.55,0.23,9,900.0,none,False,138250.0,SOURCED,2.2146,0.4515,67081480.4,53552.3,0.709
SIM_001757,Galwan,4300.0,34.75,78.25,6.7,3.7,2.7,24.79,66.93,199.6,mud_brick,0.46,straw_bale,0.037,concrete,0.18,rockwool,0.078,stone_floor,0.12,3.0,0.0534,triple_pane,180.0,0,0.0,0.26,0.19,8,800.0,electric,False,173080.0,SOURCED,1.5431,0.648,53687289.0,59268.2,0.7846
SIM_001758,Hanle,4500.0,32.7784,78.9642,7.8,5.2,2.9,40.56,117.62,157.1,mud_brick,0.31,rockwool,0.111,pu_sandwich_panel,0.06,none,0.0,stone_floor,0.16,0.52,0.0069,triple_pane,180.0,0,0.0,0.3,2.5,4,400.0,unflued_combustion,True,224958.0,SOURCED,1.2748,0.7844,49078499.4,57728.3,0.7642
SIM_001759,Nyoma,4180.0,33.1958,78.6508,6.5,5.8,2.5,37.7,94.25,350.6,rammed_earth,0.29,eps,0.058,concrete,0.18,rockwool,0.12,dense_concrete,0.2,1.35,0.022,double_pane,180.0,0,0.0,0.74,3.69,2,200.0,electric,False,217722.0,SOURCED,1.3044,0.7666,64728111.0,60207.9,0.7971
SIM_001760,Chushul,4350.0,33.5936,78.6543,8.5,5.2,2.6,44.2,114.92,203.9,rammed_earth,0.31,rockwool,0.025,concrete,0.13,none,0.0,stone_floor,0.19,2.93,0.0411,triple_pane,180.0,0,0.0,0.37,4.24,8,800.0,unflued_combustion,True,189825.0,SOURCED,2.6016,0.3844,69337412.8,58880.1,0.7795
SIM_001761,Rezang La,5000.0,33.425,78.8472,4.7,4.4,2.7,20.68,55.84,82.4,rammed_earth,0.44,eps,0.116,pu_sandwich_panel,0.11,none,0.0,stone_floor,0.12,5.37,0.1093,single_pane,180.0,1,0.5,0.37,0.29,3,300.0,none,False,152495.0,SOURCED,1.2647,0.7907,40284465.4,54019.9,0.7151
SIM_001762,Pangong,4250.0,33.7595,78.6674,7.5,4.5,2.9,33.75,97.88,161.6,dense_concrete,0.13,none,0.0,concrete,0.12,eps,0.041,stone_floor,0.21,1.92,0.0276,single_pane,180.0,1,0.5,0.8,2.55,4,400.0,unflued_combustion,True,175307.0,SOURCED,3.1236,0.3201,44738375.6,59658.3,0.7898
SIM_001763,Depsang,5330.0,35.3167,78.0167,6.4,5.7,2.5,36.48,91.2,181.9,dense_concrete,0.14,rockwool,0.048,concrete,0.11,rockwool,0.119,stone_floor,0.2,1.22,0.0202,double_pane,180.0,0,0.0,0.55,3.17,14,1400.0,none,False,212513.0,SOURCED,1.4128,0.7078,44174069.8,51679.8,0.6842
SIM_001764,Kargil,2676.0,34.5539,76.1349,9.0,4.3,2.9,38.7,112.23,170.8,mud_brick,0.28,eps,0.068,concrete,0.12,rockwool,0.11,stone_floor,0.19,7.75,0.1005,single_pane,180.0,1,0.5,0.78,1.36,14,1400.0,unflued_combustion,True,238826.0,SOURCED,1.2916,0.7742,55818269.5,73045.7,0.967
SIM_001765,Leh,3500.0,34.1526,77.5771,9.9,3.2,2.5,31.68,79.2,150.8,rammed_earth,0.43,none,0.0,cgi_sheet,0.002,rockwool,0.108,stone_floor,0.19,0.0,0.0,single_pane,180.0,1,0.5,0.45,0.51,6,600.0,electric,False,144423.0,SOURCED,1.9983,0.5004,63932270.0,65764.1,0.8706
SIM_001766,Dras,3280.0,34.4293,75.7533,8.4,4.2,3.1,35.28,109.37,173.1,dense_concrete,0.27,none,0.0,concrete,0.1,rockwool,0.097,stone_floor,0.22,9.65,0.1235,triple_pane,180.0,1,0.5,0.82,0.72,6,600.0,flued_stove,False,356053.0,SOURCED,2.4064,0.4156,67364086.6,67647.9,0.8956
SIM_001767,Siachen,5400.0,35.4212,77.1095,9.6,5.8,2.9,55.68,161.47,198.6,rammed_earth,0.4,eps,0.059,concrete,0.14,eps,0.135,dense_concrete,0.14,5.09,0.057,double_pane,180.0,0,0.0,0.54,0.16,19,1900.0,flued_stove,False,305997.0,SOURCED,1.4593,0.6853,97050525.2,51194.2,0.6777
SIM_001768,Daulat Beg Oldie,5065.0,35.4057,77.9297,4.3,3.2,2.9,13.76,39.9,82.2,stone_masonry,0.48,eps,0.044,pu_sandwich_panel,0.13,none,0.0,stone_floor,0.24,0.91,0.0209,single_pane,180.0,0,0.0,0.21,0.52,1,100.0,flued_stove,False,163320.0,SOURCED,1.1637,0.8593,48425284.1,53552.3,0.709
SIM_001769,Galwan,4300.0,34.75,78.25,9.4,3.7,2.8,34.78,97.38,39.9,mud_brick,0.38,rockwool,0.043,concrete,0.13,rockwool,0.088,stone_floor,0.14,9.24,0.126,triple_pane,180.0,0,0.0,0.88,1.72,6,600.0,flued_stove,False,256870.0,SOURCED,1.4476,0.6908,57508573.0,59268.2,0.7846
SIM_001770,Hanle,4500.0,32.7784,78.9642,9.0,5.0,3.1,45.0,139.5,154.5,rammed_earth,0.4,none,0.0,cgi_sheet,0.002,rockwool,0.134,dense_concrete,0.1,4.06,0.0468,triple_pane,180.0,0,0.0,0.7,0.76,3,300.0,none,False,202166.0,SOURCED,2.1766,0.4594,70610033.6,57728.3,0.7642
SIM_001771,Nyoma,4180.0,33.1958,78.6508,7.4,4.4,2.6,32.56,84.66,166.3,rammed_earth,0.26,none,0.0,concrete,0.17,eps,0.109,dense_concrete,0.15,1.82,0.0297,single_pane,180.0,1,0.5,0.37,3.24,5,500.0,none,False,149768.0,SOURCED,2.3555,0.4245,52020910.0,60207.9,0.7971
SIM_001772,Chushul,4350.0,33.5936,78.6543,8.8,3.5,2.8,30.8,86.24,183.4,dense_concrete,0.23,none,0.0,pu_sandwich_panel,0.14,none,0.0,stone_floor,0.23,5.83,0.0846,triple_pane,180.0,0,0.0,0.81,2.75,4,400.0,flued_stove,False,292204.0,SOURCED,2.5332,0.3948,48715980.9,58880.1,0.7795
SIM_001773,Rezang La,5000.0,33.425,78.8472,4.7,3.2,2.4,15.04,36.1,196.0,dense_concrete,0.14,straw_bale,0.038,concrete,0.13,eps,0.136,dense_concrete,0.13,4.16,0.1097,single_pane,180.0,0,0.0,0.63,3.8,1,100.0,none,False,96077.0,SOURCED,1.9381,0.516,20216183.5,54019.9,0.7151
SIM_001774,Pangong,4250.0,33.7595,78.6674,8.4,5.9,2.5,49.56,123.9,135.5,stone_masonry,0.28,straw_bale,0.096,concrete,0.19,rockwool,0.148,stone_floor,0.15,8.71,0.1218,double_pane,180.0,0,0.0,0.75,1.52,8,800.0,flued_stove,False,307069.0,SOURCED,1.6187,0.6178,74486267.7,59658.3,0.7898
SIM_001775,Depsang,5330.0,35.3167,78.0167,9.8,3.1,2.9,30.38,88.1,201.8,dense_concrete,0.15,none,0.0,pu_sandwich_panel,0.1,none,0.0,dense_concrete,0.15,10.16,0.1358,double_pane,180.0,0,0.0,0.35,0.33,1,100.0,unflued_combustion,True,218203.0,SOURCED,3.0028,0.333,33019505.6,51679.8,0.6842
SIM_001776,Kargil,2676.0,34.5539,76.1349,4.8,4.0,3.0,19.2,57.6,179.0,mud_brick,0.42,rockwool,0.105,concrete,0.18,eps,0.088,dense_concrete,0.12,1.01,0.0191,triple_pane,180.0,0,0.0,0.29,0.77,5,500.0,unflued_combustion,True,172156.0,SOURCED,1.1418,0.8758,46123065.6,73045.7,0.967
SIM_001777,Leh,3500.0,34.1526,77.5771,9.2,4.3,3.0,39.56,118.68,188.0,stone_masonry,0.41,straw_bale,0.111,concrete,0.19,eps,0.083,stone_floor,0.13,5.08,0.0627,triple_pane,180.0,1,0.5,0.56,3.81,14,1400.0,unflued_combustion,True,319932.0,SOURCED,1.4219,0.7033,92855938.3,65764.1,0.8706
SIM_001778,Dras,3280.0,34.4293,75.7533,8.8,4.0,3.0,35.2,105.6,228.6,stone_masonry,0.3,none,0.0,cgi_sheet,0.002,rockwool,0.06,dense_concrete,0.21,7.75,0.1009,single_pane,180.0,0,0.0,0.68,0.37,1,100.0,flued_stove,False,201342.0,SOURCED,2.7926,0.3581,59206817.2,67647.9,0.8956
SIM_001779,Siachen,5400.0,35.4212,77.1095,6.8,5.6,3.1,38.08,118.05,46.2,mud_brick,0.28,straw_bale,0.145,pu_sandwich_panel,0.14,none,0.0,dense_concrete,0.21,9.4,0.1223,triple_pane,180.0,0,0.0,0.82,2.77,7,700.0,electric,False,302132.0,SOURCED,1.1541,0.8665,48974965.6,51194.2,0.6777
SIM_001780,Daulat Beg Oldie,5065.0,35.4057,77.9297,4.3,3.7,2.8,15.91,44.55,200.8,rammed_earth,0.21,none,0.0,cgi_sheet,0.002,eps,0.084,stone_floor,0.12,3.93,0.0877,triple_pane,180.0,1,0.5,0.51,3.66,3,300.0,flued_stove,False,81818.0,SOURCED,2.6104,0.3831,19703559.8,53552.3,0.709
SIM_001781,Galwan,4300.0,34.75,78.25,6.5,3.2,2.5,20.8,52.0,207.2,pu_sandwich_panel,0.11,none,0.0,pu_sandwich_panel,0.07,none,0.0,dense_concrete,0.22,7.06,0.1456,double_pane,180.0,1,0.5,0.58,1.06,4,400.0,none,False,179524.0,SOURCED,1.0436,0.9582,10902610.8,59268.2,0.7846
SIM_001782,Hanle,4500.0,32.7784,78.9642,9.0,5.1,2.6,45.9,119.34,206.7,dense_concrete,0.27,none,0.0,concrete,0.11,eps,0.088,dense_concrete,0.2,5.3,0.0723,triple_pane,180.0,0,0.0,0.26,1.58,3,300.0,flued_stove,False,342375.0,SOURCED,2.4021,0.4163,75200152.0,57728.3,0.7642
SIM_001783,Nyoma,4180.0,33.1958,78.6508,5.7,5.1,3.0,29.07,87.21,191.5,mud_brick,0.31,none,0.0,cgi_sheet,0.002,rockwool,0.042,stone_floor,0.12,1.09,0.0168,double_pane,180.0,0,0.0,0.35,3.72,10,1000.0,none,False,109843.0,SOURCED,2.1267,0.4702,37295763.5,60207.9,0.7971
SIM_001784,Chushul,4350.0,33.5936,78.6543,6.3,5.0,2.6,31.5,81.9,144.0,pu_sandwich_panel,0.06,none,0.0,pu_sandwich_panel,0.15,none,0.0,dense_concrete,0.17,6.39,0.1087,double_pane,180.0,0,0.0,0.73,1.92,10,1000.0,none,False,202044.0,SOURCED,1.3167,0.7595,12821222.2,58880.1,0.7795
SIM_001785,Rezang La,5000.0,33.425,78.8472,9.4,5.2,3.1,48.88,151.53,190.2,stone_masonry,0.2,none,0.0,pu_sandwich_panel,0.14,none,0.0,dense_concrete,0.14,11.86,0.131,triple_pane,180.0,0,0.0,0.8,3.42,19,1900.0,unflued_combustion,True,331702.0,SOURCED,2.7711,0.3609,47947197.2,54019.9,0.7151
SIM_001786,Pangong,4250.0,33.7595,78.6674,4.4,4.3,2.5,18.92,47.3,22.4,dense_concrete,0.12,eps,0.126,concrete,0.17,rockwool,0.102,dense_concrete,0.15,0.33,0.0076,double_pane,180.0,0,0.0,0.23,2.59,2,200.0,electric,False,142261.0,SOURCED,1.1491,0.8702,26145774.5,59658.3,0.7898
SIM_001787,Depsang,5330.0,35.3167,78.0167,8.7,6.0,2.7,52.2,140.94,193.6,pu_sandwich_panel,0.08,none,0.0,cgi_sheet,0.002,rockwool,0.081,stone_floor,0.22,0.44,0.0055,double_pane,180.0,1,0.5,0.56,4.04,3,300.0,electric,False,231850.0,SOURCED,1.2632,0.7916,25415414.0,51679.8,0.6842
SIM_001788,Kargil,2676.0,34.5539,76.1349,6.3,3.1,3.0,19.53,58.59,207.7,stone_masonry,0.42,none,0.0,cgi_sheet,0.002,eps,0.131,dense_concrete,0.18,1.24,0.022,double_pane,180.0,0,0.0,0.85,0.84,6,600.0,flued_stove,False,165694.0,SOURCED,2.4438,0.4092,55083221.7,73045.7,0.967
SIM_001789,Leh,3500.0,34.1526,77.5771,7.9,5.4,2.7,42.66,115.18,247.8,stone_masonry,0.2,straw_bale,0.037,pu_sandwich_panel,0.09,none,0.0,stone_floor,0.24,6.13,0.0854,single_pane,180.0,1,0.5,0.58,0.31,8,800.0,flued_stove,False,226577.0,SOURCED,1.5926,0.6279,49039840.3,65764.1,0.8706
SIM_001790,Dras,3280.0,34.4293,75.7533,4.6,4.4,3.1,20.24,62.74,155.2,mud_brick,0.29,eps,0.101,concrete,0.18,rockwool,0.113,dense_concrete,0.14,1.89,0.0339,triple_pane,180.0,1,0.5,0.79,3.37,2,200.0,flued_stove,False,168543.0,SOURCED,1.096,0.9124,38624214.7,67647.9,0.8956
SIM_001791,Siachen,5400.0,35.4212,77.1095,8.5,4.6,2.4,39.1,93.84,168.2,pu_sandwich_panel,0.07,none,0.0,pu_sandwich_panel,0.07,none,0.0,stone_floor,0.22,8.33,0.1325,triple_pane,180.0,0,0.0,0.28,1.81,15,1500.0,electric,False,230795.0,SOURCED,1.2875,0.7767,18710274.6,51194.2,0.6777
SIM_001792,Daulat Beg Oldie,5065.0,35.4057,77.9297,4.4,4.4,3.0,19.36,58.08,208.8,stone_masonry,0.45,rockwool,0.12,pu_sandwich_panel,0.09,none,0.0,stone_floor,0.25,3.86,0.0731,single_pane,180.0,1,0.5,0.72,3.92,2,200.0,flued_stove,False,223519.0,SOURCED,0.9849,1.0153,55059115.5,53552.3,0.709
SIM_001793,Galwan,4300.0,34.75,78.25,6.3,3.1,2.9,19.53,56.64,200.4,mud_brick,0.35,none,0.0,cgi_sheet,0.002,eps,0.085,stone_floor,0.25,7.81,0.1433,double_pane,180.0,0,0.0,0.4,1.44,6,600.0,electric,False,137528.0,SOURCED,1.8118,0.5519,35081671.7,59268.2,0.7846
SIM_001794,Hanle,4500.0,32.7784,78.9642,6.9,3.7,2.8,25.53,71.48,190.0,rammed_earth,0.22,straw_bale,0.03,cgi_sheet,0.002,rockwool,0.089,dense_concrete,0.16,0.52,0.0088,double_pane,180.0,1,0.5,0.65,0.13,9,900.0,electric,False,95058.0,SOURCED,1.6699,0.5988,33382876.0,57728.3,0.7642
SIM_001795,Nyoma,4180.0,33.1958,78.6508,6.8,5.7,2.5,38.76,96.9,191.5,rammed_earth,0.48,eps,0.099,pu_sandwich_panel,0.13,none,0.0,dense_concrete,0.19,2.83,0.0453,single_pane,180.0,1,0.5,0.51,0.13,9,900.0,flued_stove,False,262053.0,SOURCED,1.2081,0.8277,69059551.0,60207.9,0.7971
SIM_001796,Chushul,4350.0,33.5936,78.6543,9.8,5.6,3.0,54.88,164.64,179.7,dense_concrete,0.15,none,0.0,cgi_sheet,0.002,rockwool,0.077,stone_floor,0.13,8.3,0.0898,double_pane,180.0,0,0.0,0.45,0.85,10,1000.0,electric,False,241785.0,SOURCED,3.0206,0.3311,44885400.2,58880.1,0.7795
SIM_001797,Rezang La,5000.0,33.425,78.8472,4.4,5.0,2.9,22.0,63.8,159.6,pu_sandwich_panel,0.15,none,0.0,cgi_sheet,0.002,rockwool,0.048,dense_concrete,0.25,3.27,0.06,double_pane,180.0,0,0.0,0.38,1.3,6,600.0,unflued_combustion,True,199389.0,SOURCED,1.0435,0.9583,13333668.2,54019.9,0.7151
SIM_001798,Pangong,4250.0,33.7595,78.6674,9.4,4.3,3.0,40.42,121.26,210.2,pu_sandwich_panel,0.14,none,0.0,concrete,0.13,eps,0.125,stone_floor,0.16,8.64,0.1051,double_pane,180.0,0,0.0,0.4,4.43,9,900.0,electric,False,321887.0,SOURCED,1.2853,0.778,26678176.3,59658.3,0.7898
SIM_001799,Depsang,5330.0,35.3167,78.0167,9.3,3.3,2.4,30.69,73.66,160.0,pu_sandwich_panel,0.08,none,0.0,pu_sandwich_panel,0.08,none,0.0,dense_concrete,0.24,2.18,0.036,triple_pane,180.0,1,0.5,0.37,1.68,12,1200.0,none,False,199388.0,SOURCED,1.0431,0.9587,17390199.9,51679.8,0.6842
SIM_001800,Kargil,2676.0,34.5539,76.1349,8.3,4.5,3.2,37.35,119.52,325.6,pu_sandwich_panel,0.08,none,0.0,cgi_sheet,0.002,eps,0.13,dense_concrete,0.13,10.69,0.1305,double_pane,180.0,1,0.5,0.67,4.24,12,1200.0,unflued_combustion,True,236489.0,SOURCED,1.2521,0.7987,12052535.4,73045.7,0.967
SIM_001801,Leh,3500.0,34.1526,77.5771,9.8,4.8,3.1,47.04,145.82,187.6,rammed_earth,0.22,rockwool,0.114,pu_sandwich_panel,0.09,none,0.0,stone_floor,0.13,7.2,0.0795,double_pane,180.0,1,0.5,0.35,1.59,6,600.0,flued_stove,False,267980.0,SOURCED,1.3297,0.752,46737172.1,65764.1,0.8706
SIM_001802,Dras,3280.0,34.4293,75.7533,4.2,3.3,2.9,13.86,40.19,183.3,dense_concrete,0.27,eps,0.111,pu_sandwich_panel,0.14,none,0.0,stone_floor,0.22,2.95,0.0678,triple_pane,180.0,0,0.0,0.25,3.16,4,400.0,none,False,198997.0,SOURCED,0.9609,1.0407,31963475.2,67647.9,0.8956
SIM_001803,Siachen,5400.0,35.4212,77.1095,7.6,5.3,2.6,40.28,104.73,186.6,stone_masonry,0.21,eps,0.149,cgi_sheet,0.002,none,0.0,dense_concrete,0.12,3.97,0.0592,double_pane,180.0,0,0.0,0.55,3.38,4,400.0,unflued_combustion,True,188556.0,SOURCED,2.9255,0.3418,38537597.5,51194.2,0.6777
SIM_001804,Daulat Beg Oldie,5065.0,35.4057,77.9297,6.6,4.8,2.9,31.68,91.87,187.8,pu_sandwich_panel,0.09,none,0.0,cgi_sheet,0.002,rockwool,0.052,dense_concrete,0.11,2.47,0.0374,single_pane,180.0,0,0.0,0.65,2.14,4,400.0,unflued_combustion,True,147218.0,SOURCED,1.4439,0.6926,8704936.0,53552.3,0.709
SIM_001805,Galwan,4300.0,34.75,78.25,8.4,3.5,3.0,29.4,88.2,287.6,pu_sandwich_panel,0.15,none,0.0,concrete,0.17,rockwool,0.055,stone_floor,0.25,8.17,0.1144,double_pane,180.0,0,0.0,0.55,0.55,9,900.0,electric,False,291979.0,SOURCED,1.1485,0.8707,27780029.1,59268.2,0.7846
SIM_001806,Hanle,4500.0,32.7784,78.9642,9.2,5.8,2.6,53.36,138.74,200.9,rammed_earth,0.25,eps,0.062,pu_sandwich_panel,0.09,none,0.0,dense_concrete,0.25,3.74,0.0479,single_pane,180.0,0,0.0,0.27,4.39,15,1500.0,none,False,275514.0,SOURCED,1.3133,0.7614,64635635.9,57728.3,0.7642
SIM_001807,Nyoma,4180.0,33.1958,78.6508,10.0,3.1,3.1,31.0,96.1,77.6,pu_sandwich_panel,0.15,none,0.0,concrete,0.14,eps,0.112,stone_floor,0.11,10.03,0.1235,single_pane,180.0,0,0.0,0.62,3.46,5,500.0,electric,False,271939.0,SOURCED,1.5063,0.6639,18024746.8,60207.9,0.7971
SIM_001808,Chushul,4350.0,33.5936,78.6543,6.8,4.0,2.5,27.2,68.0,200.2,pu_sandwich_panel,0.07,none,0.0,pu_sandwich_panel,0.1,none,0.0,dense_concrete,0.24,4.27,0.0791,triple_pane,180.0,1,0.5,0.65,0.56,2,200.0,electric,False,195787.0,SOURCED,1.0559,0.9471,15414931.6,58880.1,0.7795
SIM_001809,Rezang La,5000.0,33.425,78.8472,4.6,4.7,2.6,21.62,56.21,189.6,rammed_earth,0.34,rockwool,0.103,pu_sandwich_panel,0.13,none,0.0,dense_concrete,0.2,4.93,0.1019,triple_pane,180.0,1,0.5,0.88,2.28,7,700.0,flued_stove,False,194685.0,SOURCED,1.0672,0.937,36902517.3,54019.9,0.7151
SIM_001810,Pangong,4250.0,33.7595,78.6674,6.0,3.1,2.4,18.6,44.64,193.0,rammed_earth,0.35,eps,0.059,cgi_sheet,0.002,eps,0.127,dense_concrete,0.24,3.92,0.0897,single_pane,180.0,1,0.5,0.9,2.05,7,700.0,electric,False,120146.0,SOURCED,1.1314,0.8839,35655490.6,59658.3,0.7898
SIM_001811,Depsang,5330.0,35.3167,78.0167,4.6,4.8,2.8,22.08,61.82,206.3,dense_concrete,0.19,eps,0.117,pu_sandwich_panel,0.08,none,0.0,stone_floor,0.18,4.7,0.0893,single_pane,180.0,1,0.5,0.68,2.06,6,600.0,none,False,189260.0,SOURCED,1.1618,0.8607,29733121.9,51679.8,0.6842
SIM_001812,Kargil,2676.0,34.5539,76.1349,7.3,5.3,3.1,38.69,119.94,174.9,mud_brick,0.43,eps,0.144,pu_sandwich_panel,0.14,none,0.0,dense_concrete,0.2,3.68,0.0471,triple_pane,180.0,0,0.0,0.76,3.65,9,900.0,unflued_combustion,True,351307.0,SOURCED,1.0554,0.9475,66478233.3,73045.7,0.967
SIM_001813,Leh,3500.0,34.1526,77.5771,9.8,4.7,2.9,46.06,133.57,152.8,rammed_earth,0.45,straw_bale,0.03,pu_sandwich_panel,0.09,none,0.0,dense_concrete,0.16,11.99,0.1426,single_pane,180.0,0,0.0,0.61,2.5,3,300.0,electric,False,238460.0,SOURCED,1.8812,0.5316,76136529.2,65764.1,0.8706
SIM_001814,Dras,3280.0,34.4293,75.7533,9.9,5.0,2.6,49.5,128.7,175.7,rammed_earth,0.44,eps,0.095,concrete,0.19,eps,0.088,stone_floor,0.2,6.58,0.0849,triple_pane,180.0,0,0.0,0.82,0.73,17,1700.0,none,False,334495.0,SOURCED,1.3321,0.7507,99325837.1,67647.9,0.8956
SIM_001815,Siachen,5400.0,35.4212,77.1095,5.2,5.4,3.0,28.08,84.24,89.3,stone_masonry,0.22,rockwool,0.116,concrete,0.13,none,0.0,dense_concrete,0.21,5.76,0.0906,single_pane,180.0,1,0.5,0.63,4.05,3,300.0,flued_stove,False,207069.0,SOURCED,1.9849,0.5038,47939659.2,51194.2,0.6777
SIM_001816,Daulat Beg Oldie,5065.0,35.4057,77.9297,6.4,4.6,2.6,29.44,76.54,187.2,dense_concrete,0.29,none,0.0,concrete,0.13,rockwool,0.101,stone_floor,0.15,6.3,0.1101,triple_pane,180.0,0,0.0,0.67,1.2,6,600.0,flued_stove,False,257534.0,SOURCED,2.5047,0.3992,52311286.5,53552.3,0.709
SIM_001817,Galwan,4300.0,34.75,78.25,7.8,3.6,3.2,28.08,89.86,336.3,mud_brick,0.26,eps,0.046,cgi_sheet,0.002,eps,0.145,stone_floor,0.23,8.41,0.1153,triple_pane,180.0,0,0.0,0.76,2.54,7,700.0,electric,False,212857.0,SOURCED,1.1983,0.8345,39359018.1,59268.2,0.7846
SIM_001818,Hanle,4500.0,32.7784,78.9642,8.8,4.0,3.0,35.2,105.6,184.5,rammed_earth,0.44,none,0.0,concrete,0.16,none,0.0,stone_floor,0.14,10.18,0.1326,single_pane,180.0,1,0.5,0.69,3.68,2,200.0,electric,False,186744.0,SOURCED,2.8805,0.3472,76269746.9,57728.3,0.7642
SIM_001819,Nyoma,4180.0,33.1958,78.6508,5.8,5.7,2.7,33.06,89.26,183.9,mud_brick,0.33,eps,0.147,concrete,0.16,rockwool,0.038,stone_floor,0.17,2.66,0.0428,triple_pane,180.0,1,0.5,0.37,2.84,8,800.0,none,False,230160.0,SOURCED,1.3361,0.7484,53881319.4,60207.9,0.7971
SIM_001820,Chushul,4350.0,33.5936,78.6543,8.2,5.4,2.5,44.28,110.7,358.1,stone_masonry,0.39,straw_bale,0.103,cgi_sheet,0.002,eps,0.062,stone_floor,0.21,2.09,0.0307,single_pane,180.0,0,0.0,0.69,3.07,13,1300.0,electric,False,232570.0,SOURCED,1.493,0.6698,73439573.6,58880.1,0.7795
SIM_001821,Rezang La,5000.0,33.425,78.8472,5.9,4.8,3.0,28.32,84.96,159.4,pu_sandwich_panel,0.08,none,0.0,pu_sandwich_panel,0.15,none,0.0,stone_floor,0.11,7.61,0.1185,double_pane,180.0,1,0.5,0.58,2.66,8,800.0,flued_stove,False,210492.0,SOURCED,1.2852,0.7781,7172273.5,54019.9,0.7151
SIM_001822,Pangong,4250.0,33.7595,78.6674,9.1,3.5,2.5,31.85,79.62,76.2,rammed_earth,0.46,eps,0.15,cgi_sheet,0.002,eps,0.078,stone_floor,0.13,7.33,0.1163,double_pane,180.0,1,0.5,0.8,0.65,7,700.0,flued_stove,False,209642.0,SOURCED,1.3483,0.7417,55574234.5,59658.3,0.7898
SIM_001823,Depsang,5330.0,35.3167,78.0167,5.4,4.7,2.6,25.38,65.99,196.6,rammed_earth,0.43,straw_bale,0.102,cgi_sheet,0.002,eps,0.085,stone_floor,0.19,1.87,0.0356,triple_pane,180.0,1,0.5,0.84,0.59,4,400.0,flued_stove,False,132690.0,SOURCED,1.2931,0.7733,50784125.7,51679.8,0.6842
SIM_001824,Kargil,2676.0,34.5539,76.1349,7.2,4.0,2.5,28.8,72.0,166.9,pu_sandwich_panel,0.1,none,0.0,concrete,0.18,eps,0.128,stone_floor,0.2,2.47,0.0441,triple_pane,180.0,1,0.5,0.36,1.33,3,300.0,none,False,212380.0,SOURCED,1.1352,0.8809,24661965.3,73045.7,0.967
SIM_001825,Leh,3500.0,34.1526,77.5771,5.1,5.7,2.5,29.07,72.67,175.0,stone_masonry,0.34,rockwool,0.111,pu_sandwich_panel,0.11,none,0.0,dense_concrete,0.24,5.64,0.1044,single_pane,180.0,0,0.0,0.39,1.52,2,200.0,unflued_combustion,True,239819.0,SOURCED,1.3181,0.7587,49653614.3,65764.1,0.8706
SIM_001826,Dras,3280.0,34.4293,75.7533,5.1,5.9,2.8,30.09,84.25,162.6,pu_sandwich_panel,0.08,none,0.0,cgi_sheet,0.002,eps,0.073,stone_floor,0.22,0.0,0.0,double_pane,180.0,1,0.5,0.69,0.14,4,400.0,unflued_combustion,True,149235.0,SOURCED,1.145,0.8734,14721066.7,67647.9,0.8956
SIM_001827,Siachen,5400.0,35.4212,77.1095,5.3,4.2,2.7,22.26,60.1,168.2,stone_masonry,0.46,eps,0.104,cgi_sheet,0.002,eps,0.05,stone_floor,0.12,5.32,0.1037,double_pane,180.0,1,0.5,0.75,2.58,8,800.0,unflued_combustion,True,192292.0,SOURCED,1.3852,0.7219,48730254.7,51194.2,0.6777
SIM_001828,Daulat Beg Oldie,5065.0,35.4057,77.9297,5.5,3.4,3.1,18.7,57.97,168.8,stone_masonry,0.4,rockwool,0.035,cgi_sheet,0.002,rockwool,0.096,stone_floor,0.17,1.37,0.0248,triple_pane,180.0,0,0.0,0.82,3.77,5,500.0,unflued_combustion,True,165407.0,SOURCED,1.3444,0.7438,50477407.2,53552.3,0.709
SIM_001829,Galwan,4300.0,34.75,78.25,6.1,3.1,2.5,18.91,47.27,316.9,stone_masonry,0.32,none,0.0,pu_sandwich_panel,0.12,none,0.0,dense_concrete,0.19,2.92,0.0635,triple_pane,180.0,0,0.0,0.36,2.22,6,600.0,flued_stove,False,154712.0,SOURCED,2.5315,0.395,36219793.3,59268.2,0.7846
SIM_001830,Hanle,4500.0,32.7784,78.9642,6.4,3.4,3.2,21.76,69.63,313.9,dense_concrete,0.18,eps,0.043,cgi_sheet,0.002,none,0.0,dense_concrete,0.2,7.61,0.1213,double_pane,180.0,1,0.5,0.82,0.29,4,400.0,electric,False,189828.0,SOURCED,2.3779,0.4205,33124500.8,57728.3,0.7642
SIM_001831,Nyoma,4180.0,33.1958,78.6508,4.6,4.6,2.9,21.16,61.36,77.4,stone_masonry,0.43,eps,0.121,cgi_sheet,0.002,rockwool,0.055,dense_concrete,0.14,1.79,0.0335,single_pane,180.0,1,0.5,0.24,2.21,5,500.0,electric,False,188231.0,SOURCED,1.2009,0.8327,51991446.6,60207.9,0.7971
SIM_001832,Chushul,4350.0,33.5936,78.6543,7.5,4.4,2.7,33.0,89.1,219.9,stone_masonry,0.29,straw_bale,0.145,pu_sandwich_panel,0.11,none,0.0,dense_concrete,0.14,7.31,0.1138,double_pane,180.0,1,0.5,0.58,2.79,5,500.0,flued_stove,False,234181.0,SOURCED,1.3163,0.7597,45829361.9,58880.1,0.7795
SIM_001833,Rezang La,5000.0,33.425,78.8472,6.2,3.8,3.2,23.56,75.39,132.0,mud_brick,0.26,eps,0.034,cgi_sheet,0.002,eps,0.064,dense_concrete,0.21,3.23,0.0505,triple_pane,180.0,0,0.0,0.77,3.73,8,800.0,unflued_combustion,True,145274.0,SOURCED,1.2736,0.7852,35372272.8,54019.9,0.7151
SIM_001834,Pangong,4250.0,33.7595,78.6674,5.8,4.3,2.6,24.94,64.84,189.3,stone_masonry,0.2,rockwool,0.072,cgi_sheet,0.002,none,0.0,stone_floor,0.17,4.99,0.095,double_pane,180.0,0,0.0,0.69,0.7,8,800.0,flued_stove,False,127700.0,SOURCED,2.7392,0.3651,28549872.2,59658.3,0.7898
SIM_001835,Depsang,5330.0,35.3167,78.0167,5.2,4.8,2.5,24.96,62.4,201.0,mud_brick,0.37,none,0.0,concrete,0.15,none,0.0,stone_floor,0.13,2.63,0.0526,single_pane,180.0,1,0.5,0.3,2.7,4,400.0,electric,False,118265.0,SOURCED,2.7935,0.358,41769547.7,51679.8,0.6842
SIM_001836,Kargil,2676.0,34.5539,76.1349,5.0,4.8,3.2,24.0,76.8,156.2,stone_masonry,0.45,none,0.0,pu_sandwich_panel,0.09,none,0.0,dense_concrete,0.12,5.93,0.0945,single_pane,180.0,0,0.0,0.79,0.83,5,500.0,unflued_combustion,True,193022.0,SOURCED,2.6386,0.379,58339486.2,73045.7,0.967
SIM_001837,Leh,3500.0,34.1526,77.5771,8.6,5.1,2.6,43.86,114.04,185.5,pu_sandwich_panel,0.08,none,0.0,concrete,0.11,eps,0.054,dense_concrete,0.19,0.78,0.0109,triple_pane,180.0,1,0.5,0.68,2.88,11,1100.0,unflued_combustion,True,221602.0,SOURCED,1.2879,0.7765,30761734.4,65764.1,0.8706
SIM_001838,Dras,3280.0,34.4293,75.7533,5.1,3.5,3.0,17.85,53.55,200.2,rammed_earth,0.41,eps,0.039,cgi_sheet,0.002,eps,0.123,dense_concrete,0.11,5.07,0.0983,double_pane,180.0,0,0.0,0.21,0.68,4,400.0,unflued_combustion,True,113949.0,SOURCED,1.4504,0.6895,39177405.4,67647.9,0.8956
SIM_001839,Siachen,5400.0,35.4212,77.1095,7.8,3.3,2.9,25.74,74.65,171.3,pu_sandwich_panel,0.08,none,0.0,cgi_sheet,0.002,rockwool,0.042,stone_floor,0.16,6.3,0.0979,double_pane,180.0,1,0.5,0.2,0.36,5,500.0,electric,False,156769.0,SOURCED,1.2694,0.7878,9298971.8,51194.2,0.6777
SIM_001840,Daulat Beg Oldie,5065.0,35.4057,77.9297,9.7,3.9,2.7,37.83,102.14,336.2,mud_brick,0.37,eps,0.127,cgi_sheet,0.002,rockwool,0.09,stone_floor,0.14,6.69,0.0911,double_pane,180.0,1,0.5,0.34,2.73,13,1300.0,flued_stove,False,243165.0,SOURCED,1.3212,0.7569,48991912.5,53552.3,0.709
SIM_001841,Galwan,4300.0,34.75,78.25,8.8,4.2,3.2,36.96,118.27,162.0,rammed_earth,0.23,rockwool,0.13,concrete,0.16,eps,0.031,stone_floor,0.24,5.87,0.0706,double_pane,180.0,0,0.0,0.5,3.14,7,700.0,electric,False,255881.0,SOURCED,1.2645,0.7908,65004197.4,59268.2,0.7846
SIM_001842,Hanle,4500.0,32.7784,78.9642,4.6,5.7,2.6,26.22,68.17,183.7,pu_sandwich_panel,0.05,none,0.0,concrete,0.19,eps,0.117,dense_concrete,0.1,3.79,0.0708,triple_pane,180.0,0,0.0,0.82,3.21,6,600.0,unflued_combustion,True,146577.0,SOURCED,1.4211,0.7037,17787826.9,57728.3,0.7642
SIM_001843,Nyoma,4180.0,33.1958,78.6508,6.8,4.9,2.9,33.32,96.63,230.8,mud_brick,0.48,eps,0.063,cgi_sheet,0.002,none,0.0,dense_concrete,0.19,1.34,0.0197,single_pane,180.0,0,0.0,0.76,4.29,10,1000.0,flued_stove,False,194824.0,SOURCED,2.6034,0.3841,62801102.1,60207.9,0.7971
SIM_001844,Chushul,4350.0,33.5936,78.6543,6.8,3.9,2.4,26.52,63.65,186.2,stone_masonry,0.45,none,0.0,cgi_sheet,0.002,eps,0.078,dense_concrete,0.22,0.25,0.0049,double_pane,180.0,1,0.5,0.74,0.34,9,900.0,unflued_combustion,True,180007.0,SOURCED,2.2832,0.438,60106954.1,58880.1,0.7795
SIM_001845,Rezang La,5000.0,33.425,78.8472,8.6,3.5,2.7,30.1,81.27,153.7,mud_brick,0.48,eps,0.092,concrete,0.1,rockwool,0.13,dense_concrete,0.12,0.58,0.0089,single_pane,180.0,1,0.5,0.2,1.59,2,200.0,none,False,220537.0,SOURCED,1.2372,0.8083,62158170.4,54019.9,0.7151
SIM_001846,Pangong,4250.0,33.7595,78.6674,9.9,4.0,2.4,39.6,95.04,173.2,pu_sandwich_panel,0.05,none,0.0,pu_sandwich_panel,0.12,none,0.0,dense_concrete,0.2,5.81,0.0871,single_pane,180.0,0,0.0,0.28,0.45,12,1200.0,electric,False,207583.0,SOURCED,1.4193,0.7046,18728096.6,59658.3,0.7898
SIM_001847,Depsang,5330.0,35.3167,78.0167,9.1,5.8,2.5,52.78,131.95,202.8,dense_concrete,0.17,straw_bale,0.062,pu_sandwich_panel,0.1,none,0.0,dense_concrete,0.19,6.17,0.0828,single_pane,180.0,1,0.5,0.42,0.71,13,1300.0,unflued_combustion,True,304785.0,SOURCED,1.4997,0.6668,51007003.9,51679.8,0.6842
SIM_001848,Kargil,2676.0,34.5539,76.1349,9.1,3.7,3.0,33.67,101.01,176.4,rammed_earth,0.48,eps,0.094,cgi_sheet,0.002,none,0.0,dense_concrete,0.11,0.22,0.0029,double_pane,180.0,1,0.5,0.49,2.83,12,1200.0,electric,False,174588.0,SOURCED,2.5542,0.3915,75285865.9,73045.7,0.967
SIM_001849,Leh,3500.0,34.1526,77.5771,9.1,5.6,3.2,50.96,163.07,177.9,mud_brick,0.37,straw_bale,0.064,concrete,0.16,rockwool,0.084,stone_floor,0.23,11.5,0.1222,single_pane,180.0,0,0.0,0.62,1.14,6,600.0,unflued_combustion,True,308464.0,SOURCED,1.619,0.6177,90731394.1,65764.1,0.8706
SIM_001850,Dras,3280.0,34.4293,75.7533,7.5,3.5,3.0,26.25,78.75,188.4,dense_concrete,0.24,eps,0.117,concrete,0.11,rockwool,0.029,dense_concrete,0.23,2.13,0.0323,triple_pane,180.0,1,0.5,0.27,2.81,7,700.0,flued_stove,False,278648.0,SOURCED,1.1313,0.8839,56146859.0,67647.9,0.8956
SIM_001851,Siachen,5400.0,35.4212,77.1095,7.7,4.6,2.9,35.42,102.72,209.2,mud_brick,0.41,straw_bale,0.109,cgi_sheet,0.002,none,0.0,stone_floor,0.23,7.43,0.1041,single_pane,180.0,0,0.0,0.87,4.32,6,600.0,unflued_combustion,True,179846.0,SOURCED,2.8347,0.3528,58225856.8,51194.2,0.6777
SIM_001852,Daulat Beg Oldie,5065.0,35.4057,77.9297,9.8,4.1,3.0,40.18,120.54,181.8,pu_sandwich_panel,0.15,none,0.0,cgi_sheet,0.002,none,0.0,dense_concrete,0.19,8.54,0.1024,double_pane,180.0,1,0.5,0.46,1.99,14,1400.0,electric,False,308849.0,SOURCED,2.4558,0.4072,18574236.3,53552.3,0.709
SIM_001853,Galwan,4300.0,34.75,78.25,4.1,3.8,3.1,15.58,48.3,178.7,pu_sandwich_panel,0.11,none,0.0,concrete,0.15,rockwool,0.134,stone_floor,0.17,2.8,0.0572,triple_pane,180.0,0,0.0,0.42,4.1,4,400.0,flued_stove,False,154379.0,SOURCED,0.9839,1.0164,11410105.8,59268.2,0.7846
SIM_001854,Hanle,4500.0,32.7784,78.9642,4.1,3.9,2.4,15.99,38.38,234.4,rammed_earth,0.31,eps,0.076,pu_sandwich_panel,0.09,none,0.0,dense_concrete,0.19,0.39,0.0102,double_pane,180.0,1,0.5,0.47,3.42,1,100.0,unflued_combustion,True,98471.0,SOURCED,1.1033,0.9064,28408381.2,57728.3,0.7642
SIM_001855,Nyoma,4180.0,33.1958,78.6508,9.9,3.3,2.7,32.67,88.21,48.8,pu_sandwich_panel,0.07,none,0.0,cgi_sheet,0.002,eps,0.144,stone_floor,0.17,1.37,0.0192,triple_pane,180.0,0,0.0,0.27,0.17,1,100.0,flued_stove,False,166580.0,SOURCED,1.178,0.8489,12556034.2,60207.9,0.7971
SIM_001856,Chushul,4350.0,33.5936,78.6543,8.3,5.8,2.6,48.14,125.16,175.1,mud_brick,0.22,none,0.0,pu_sandwich_panel,0.14,none,0.0,dense_concrete,0.13,3.14,0.0428,single_pane,180.0,0,0.0,0.3,4.31,17,1700.0,flued_stove,False,220480.0,SOURCED,2.2078,0.4529,37966970.5,58880.1,0.7795
SIM_001857,Rezang La,5000.0,33.425,78.8472,8.7,4.1,2.7,35.67,96.31,162.1,dense_concrete,0.21,none,0.0,concrete,0.14,none,0.0,stone_floor,0.15,2.52,0.0365,single_pane,180.0,1,0.5,0.87,2.82,8,800.0,unflued_combustion,True,208719.0,SOURCED,3.7139,0.2693,55092571.5,54019.9,0.7151
SIM_001858,Pangong,4250.0,33.7595,78.6674,5.9,5.5,2.8,32.45,90.86,155.2,stone_masonry,0.41,eps,0.092,cgi_sheet,0.002,rockwool,0.11,dense_concrete,0.15,2.99,0.0468,double_pane,180.0,0,0.0,0.26,2.75,3,300.0,none,False,240025.0,SOURCED,1.3032,0.7673,62146389.7,59658.3,0.7898
SIM_001859,Depsang,5330.0,35.3167,78.0167,9.7,4.9,2.8,47.53,133.08,191.7,pu_sandwich_panel,0.12,none,0.0,cgi_sheet,0.002,eps,0.079,stone_floor,0.17,7.19,0.0879,triple_pane,180.0,1,0.5,0.27,0.28,11,1100.0,flued_stove,False,302741.0,SOURCED,1.2887,0.776,18250154.5,51679.8,0.6842
SIM_001860,Kargil,2676.0,34.5539,76.1349,4.9,3.8,3.1,18.62,57.72,158.2,mud_brick,0.22,rockwool,0.081,concrete,0.18,eps,0.062,stone_floor,0.22,5.9,0.1094,double_pane,180.0,1,0.5,0.81,2.59,3,300.0,electric,False,158920.0,SOURCED,1.1151,0.8968,32477852.2,73045.7,0.967
SIM_001861,Leh,3500.0,34.1526,77.5771,8.9,4.0,2.5,35.6,89.0,206.9,mud_brick,0.45,none,0.0,pu_sandwich_panel,0.11,none,0.0,dense_concrete,0.2,8.08,0.1253,single_pane,180.0,0,0.0,0.73,0.52,14,1400.0,electric,False,224540.0,SOURCED,1.8574,0.5384,54655112.4,65764.1,0.8706
SIM_001862,Dras,3280.0,34.4293,75.7533,9.9,5.8,2.6,57.42,149.29,216.5,dense_concrete,0.17,eps,0.043,pu_sandwich_panel,0.15,none,0.0,stone_floor,0.16,10.4,0.1274,single_pane,180.0,0,0.0,0.53,0.13,16,1600.0,electric,False,353687.0,SOURCED,1.7754,0.5633,48101552.3,67647.9,0.8956
SIM_001863,Siachen,5400.0,35.4212,77.1095,5.0,4.0,2.7,20.0,54.0,159.0,rammed_earth,0.47,straw_bale,0.051,concrete,0.13,rockwool,0.076,dense_concrete,0.13,5.9,0.1214,single_pane,180.0,1,0.5,0.44,2.61,5,500.0,electric,False,126591.0,SOURCED,1.5013,0.6661,48613451.6,51194.2,0.6777
SIM_001864,Daulat Beg Oldie,5065.0,35.4057,77.9297,8.1,5.7,3.0,46.17,138.51,14.8,stone_masonry,0.25,none,0.0,concrete,0.16,none,0.0,stone_floor,0.2,4.34,0.0524,triple_pane,180.0,0,0.0,0.77,3.67,12,1200.0,none,False,247732.0,SOURCED,3.5989,0.2779,76255338.0,53552.3,0.709
SIM_001865,Galwan,4300.0,34.75,78.25,9.5,4.7,3.1,44.65,138.41,161.9,stone_masonry,0.37,straw_bale,0.138,cgi_sheet,0.002,none,0.0,stone_floor,0.22,8.87,0.1007,double_pane,180.0,0,0.0,0.45,1.09,2,200.0,electric,False,277610.0,SOURCED,2.7132,0.3686,82535088.2,59268.2,0.7846
SIM_001866,Hanle,4500.0,32.7784,78.9642,6.6,5.5,3.0,36.3,108.9,191.8,mud_brick,0.39,none,0.0,pu_sandwich_panel,0.12,none,0.0,stone_floor,0.24,6.66,0.0917,double_pane,180.0,0,0.0,0.49,1.35,7,700.0,electric,False,247347.0,SOURCED,1.697,0.5893,57312611.1,57728.3,0.7642
SIM_001867,Nyoma,4180.0,33.1958,78.6508,5.4,3.0,3.1,16.2,50.22,177.3,rammed_earth,0.32,eps,0.029,concrete,0.14,eps,0.109,dense_concrete,0.11,0.0,0.0,double_pane,180.0,1,0.5,0.51,0.27,2,200.0,unflued_combustion,True,92877.0,SOURCED,1.4034,0.7126,39467972.9,60207.9,0.7971
SIM_001868,Chushul,4350.0,33.5936,78.6543,9.6,3.9,2.7,37.44,101.09,196.8,stone_masonry,0.24,straw_bale,0.029,concrete,0.19,none,0.0,stone_floor,0.21,3.59,0.0492,single_pane,180.0,1,0.5,0.32,1.38,12,1200.0,flued_stove,False,206136.0,SOURCED,2.5431,0.3932,67080999.0,58880.1,0.7795
SIM_001869,Rezang La,5000.0,33.425,78.8472,5.5,3.5,2.7,19.25,51.98,204.6,rammed_earth,0.31,eps,0.069,cgi_sheet,0.002,eps,0.033,dense_concrete,0.17,1.65,0.034,double_pane,180.0,1,0.5,0.26,3.83,1,100.0,none,False,101842.0,SOURCED,1.3035,0.7672,34041967.4,54019.9,0.7151
SIM_001870,Pangong,4250.0,33.7595,78.6674,5.0,5.0,2.5,25.0,62.5,240.6,stone_masonry,0.25,straw_bale,0.066,concrete,0.19,none,0.0,stone_floor,0.13,4.13,0.0826,double_pane,180.0,1,0.5,0.48,2.37,8,800.0,unflued_combustion,True,143021.0,SOURCED,2.3834,0.4196,41598767.6,59658.3,0.7898
SIM_001871,Depsang,5330.0,35.3167,78.0167,9.0,3.2,3.0,28.8,86.4,180.7,dense_concrete,0.14,rockwool,0.039,concrete,0.2,rockwool,0.082,dense_concrete,0.18,8.37,0.1143,double_pane,180.0,0,0.0,0.39,0.86,1,100.0,flued_stove,False,238387.0,SOURCED,1.4646,0.6828,46303030.9,51679.8,0.6842
SIM_001872,Kargil,2676.0,34.5539,76.1349,7.3,4.3,3.1,31.39,97.31,172.2,dense_concrete,0.2,eps,0.093,cgi_sheet,0.002,none,0.0,dense_concrete,0.2,4.25,0.0591,single_pane,180.0,0,0.0,0.21,3.35,9,900.0,unflued_combustion,True,227892.0,SOURCED,2.554,0.3915,46117484.1,73045.7,0.967
SIM_001873,Leh,3500.0,34.1526,77.5771,7.9,3.2,2.8,25.28,70.78,200.4,rammed_earth,0.23,rockwool,0.118,cgi_sheet,0.002,none,0.0,dense_concrete,0.13,7.27,0.117,double_pane,180.0,1,0.5,0.67,1.96,4,400.0,electric,False,153970.0,SOURCED,2.453,0.4077,30795564.0,65764.1,0.8706
SIM_001874,Dras,3280.0,34.4293,75.7533,6.6,4.9,3.0,32.34,97.02,172.9,mud_brick,0.21,eps,0.124,cgi_sheet,0.002,eps,0.087,dense_concrete,0.2,1.8,0.0261,triple_pane,180.0,1,0.5,0.52,2.98,2,200.0,flued_stove,False,193654.0,SOURCED,1.0958,0.9126,36707558.7,67647.9,0.8956
SIM_001875,Siachen,5400.0,35.4212,77.1095,7.0,5.4,2.8,37.8,105.84,215.6,dense_concrete,0.15,straw_bale,0.098,cgi_sheet,0.002,rockwool,0.038,stone_floor,0.1,7.98,0.1149,triple_pane,180.0,1,0.5,0.63,0.96,10,1000.0,electric,False,208581.0,SOURCED,1.7086,0.5853,30841821.9,51194.2,0.6777
SIM_001876,Daulat Beg Oldie,5065.0,35.4057,77.9297,4.5,3.1,2.4,13.95,33.48,203.1,pu_sandwich_panel,0.12,none,0.0,pu_sandwich_panel,0.1,none,0.0,dense_concrete,0.19,4.4,0.1206,single_pane,180.0,0,0.0,0.74,2.19,3,300.0,electric,False,117131.0,SOURCED,1.3137,0.7612,6413702.0,53552.3,0.709
SIM_001877,Galwan,4300.0,34.75,78.25,4.1,4.3,2.8,17.63,49.36,153.4,rammed_earth,0.46,eps,0.059,concrete,0.14,eps,0.112,dense_concrete,0.2,2.92,0.0621,single_pane,180.0,0,0.0,0.87,2.41,1,100.0,none,False,132307.0,SOURCED,1.2792,0.7817,50517163.2,59268.2,0.7846
SIM_001878,Hanle,4500.0,32.7784,78.9642,4.2,3.6,2.4,15.12,36.29,170.2,stone_masonry,0.34,eps,0.134,pu_sandwich_panel,0.12,none,0.0,stone_floor,0.12,2.58,0.0689,triple_pane,180.0,0,0.0,0.23,1.4,1,100.0,electric,False,146054.0,SOURCED,1.2017,0.8322,28043009.5,57728.3,0.7642
SIM_001879,Nyoma,4180.0,33.1958,78.6508,5.0,3.5,2.5,17.5,43.75,196.5,pu_sandwich_panel,0.06,none,0.0,cgi_sheet,0.002,rockwool,0.126,dense_concrete,0.11,4.94,0.1162,double_pane,180.0,0,0.0,0.39,3.87,5,500.0,flued_stove,False,94236.0,SOURCED,1.3945,0.7171,4808693.1,60207.9,0.7971
SIM_001880,Chushul,4350.0,33.5936,78.6543,8.2,4.8,2.7,39.36,106.27,109.9,stone_masonry,0.41,rockwool,0.124,pu_sandwich_panel,0.11,none,0.0,stone_floor,0.15,8.2,0.1168,single_pane,180.0,0,0.0,0.23,3.69,12,1200.0,electric,False,304661.0,SOURCED,1.5633,0.6397,64428409.4,58880.1,0.7795
SIM_001881,Rezang La,5000.0,33.425,78.8472,9.5,4.1,2.4,38.95,93.48,194.5,mud_brick,0.48,rockwool,0.101,cgi_sheet,0.002,none,0.0,stone_floor,0.21,8.96,0.1373,double_pane,180.0,0,0.0,0.49,1.95,2,200.0,electric,False,235900.0,SOURCED,2.8777,0.3475,58411899.6,54019.9,0.7151
SIM_001882,Pangong,4250.0,33.7595,78.6674,8.5,3.4,2.9,28.9,83.81,207.5,mud_brick,0.33,eps,0.126,pu_sandwich_panel,0.1,none,0.0,stone_floor,0.24,8.63,0.125,single_pane,180.0,0,0.0,0.21,3.83,6,600.0,unflued_combustion,True,226588.0,SOURCED,1.3475,0.7421,45047018.1,59658.3,0.7898
SIM_001883,Depsang,5330.0,35.3167,78.0167,9.8,3.6,2.8,35.28,98.78,184.7,mud_brick,0.32,eps,0.095,concrete,0.14,none,0.0,dense_concrete,0.11,10.62,0.1415,single_pane,180.0,1,0.5,0.29,3.06,2,200.0,flued_stove,False,213407.0,SOURCED,2.2607,0.4423,51407261.2,51679.8,0.6842
SIM_001884,Kargil,2676.0,34.5539,76.1349,7.7,6.0,2.7,46.2,124.74,169.8,stone_masonry,0.49,eps,0.105,concrete,0.15,eps,0.094,dense_concrete,0.2,5.2,0.0703,double_pane,180.0,1,0.5,0.86,2.58,3,300.0,unflued_combustion,True,392923.0,SOURCED,1.2459,0.8026,105660628.5,73045.7,0.967
SIM_001885,Leh,3500.0,34.1526,77.5771,9.5,5.1,3.1,48.45,150.19,8.7,rammed_earth,0.24,rockwool,0.139,pu_sandwich_panel,0.1,none,0.0,dense_concrete,0.23,8.97,0.0991,double_pane,180.0,1,0.5,0.54,3.75,5,500.0,flued_stove,False,356690.0,SOURCED,1.0813,0.9248,61719431.6,65764.1,0.8706
SIM_001886,Dras,3280.0,34.4293,75.7533,4.9,3.8,2.6,18.62,48.41,63.6,dense_concrete,0.2,straw_bale,0.134,concrete,0.15,eps,0.106,dense_concrete,0.16,0.76,0.0168,single_pane,180.0,0,0.0,0.89,0.69,7,700.0,unflued_combustion,True,148128.0,SOURCED,1.2355,0.8094,35029656.1,67647.9,0.8956
SIM_001887,Siachen,5400.0,35.4212,77.1095,4.2,5.1,2.7,21.42,57.83,89.3,rammed_earth,0.33,none,0.0,concrete,0.18,eps,0.048,stone_floor,0.12,1.79,0.0356,triple_pane,180.0,1,0.5,0.64,2.43,1,100.0,none,False,108744.0,SOURCED,2.3656,0.4227,43172777.7,51194.2,0.6777
SIM_001888,Daulat Beg Oldie,5065.0,35.4057,77.9297,7.0,3.4,2.9,23.8,69.02,180.1,dense_concrete,0.16,rockwool,0.069,cgi_sheet,0.002,eps,0.04,stone_floor,0.2,7.09,0.1175,single_pane,180.0,0,0.0,0.85,4.12,7,700.0,none,False,161464.0,SOURCED,1.6091,0.6215,30112441.1,53552.3,0.709
SIM_001889,Galwan,4300.0,34.75,78.25,8.1,5.0,2.4,40.5,97.2,166.5,pu_sandwich_panel,0.05,none,0.0,concrete,0.17,eps,0.121,stone_floor,0.22,1.82,0.0289,triple_pane,180.0,1,0.5,0.24,2.78,9,900.0,unflued_combustion,True,212723.0,SOURCED,1.2856,0.7778,35188382.1,59268.2,0.7846
SIM_001890,Hanle,4500.0,32.7784,78.9642,8.5,4.6,2.9,39.1,113.39,153.9,pu_sandwich_panel,0.09,none,0.0,concrete,0.2,eps,0.085,stone_floor,0.19,4.31,0.0567,single_pane,180.0,0,0.0,0.53,0.57,4,400.0,none,False,246637.0,SOURCED,1.3355,0.7488,34337254.4,57728.3,0.7642
SIM_001891,Nyoma,4180.0,33.1958,78.6508,5.6,3.1,2.7,17.36,46.87,160.1,pu_sandwich_panel,0.13,none,0.0,pu_sandwich_panel,0.08,none,0.0,stone_floor,0.21,5.96,0.1269,double_pane,180.0,1,0.5,0.83,2.97,2,200.0,none,False,171358.0,SOURCED,1.0083,0.9918,8160845.2,60207.9,0.7971
SIM_001892,Chushul,4350.0,33.5936,78.6543,5.4,4.3,3.2,23.22,74.3,86.9,stone_masonry,0.4,eps,0.089,cgi_sheet,0.002,rockwool,0.082,stone_floor,0.22,1.69,0.0272,double_pane,180.0,0,0.0,0.84,2.07,1,100.0,electric,False,210714.0,SOURCED,1.1063,0.9039,60050811.5,58880.1,0.7795
SIM_001893,Rezang La,5000.0,33.425,78.8472,7.7,5.4,2.7,41.58,112.27,305.9,rammed_earth,0.27,none,0.0,pu_sandwich_panel,0.07,none,0.0,stone_floor,0.18,8.07,0.1141,single_pane,180.0,1,0.5,0.43,0.65,15,1500.0,unflued_combustion,True,173256.0,SOURCED,2.2593,0.4426,46605651.2,54019.9,0.7151
SIM_001894,Pangong,4250.0,33.7595,78.6674,5.7,5.7,3.0,32.49,97.47,193.4,dense_concrete,0.29,straw_bale,0.129,cgi_sheet,0.002,rockwool,0.048,dense_concrete,0.25,1.59,0.0232,single_pane,180.0,0,0.0,0.68,1.65,11,1100.0,none,False,276876.0,SOURCED,1.2464,0.8023,65334011.4,59658.3,0.7898
SIM_001895,Depsang,5330.0,35.3167,78.0167,4.1,4.0,2.7,16.4,44.28,200.3,stone_masonry,0.29,rockwool,0.048,cgi_sheet,0.002,rockwool,0.11,stone_floor,0.24,1.11,0.0254,single_pane,180.0,1,0.5,0.74,4.01,4,400.0,unflued_combustion,True,122477.0,SOURCED,1.1861,0.8431,33595694.3,51679.8,0.6842
SIM_001896,Kargil,2676.0,34.5539,76.1349,7.3,3.3,3.1,24.09,74.68,185.8,stone_masonry,0.38,none,0.0,pu_sandwich_panel,0.08,none,0.0,dense_concrete,0.17,2.88,0.0438,triple_pane,180.0,0,0.0,0.59,3.7,7,700.0,none,False,200981.0,SOURCED,2.4973,0.4004,57740157.3,73045.7,0.967
SIM_001897,Leh,3500.0,34.1526,77.5771,9.6,4.9,2.9,47.04,136.42,131.3,pu_sandwich_panel,0.13,none,0.0,pu_sandwich_panel,0.08,none,0.0,stone_floor,0.24,11.77,0.14,single_pane,180.0,0,0.0,0.56,2.56,17,1700.0,flued_stove,False,320950.0,SOURCED,1.4349,0.6969,24847061.7,65764.1,0.8706
SIM_001898,Dras,3280.0,34.4293,75.7533,6.3,4.9,3.2,30.87,98.78,74.2,pu_sandwich_panel,0.09,none,0.0,concrete,0.13,none,0.0,dense_concrete,0.16,2.83,0.0395,single_pane,180.0,1,0.5,0.65,0.28,10,1000.0,electric,False,183837.0,SOURCED,1.9952,0.5012,21026203.1,67647.9,0.8956
SIM_001899,Siachen,5400.0,35.4212,77.1095,4.3,5.7,3.0,24.51,73.53,202.0,rammed_earth,0.46,rockwool,0.086,pu_sandwich_panel,0.12,none,0.0,dense_concrete,0.18,5.69,0.0948,double_pane,180.0,1,0.5,0.46,4.02,1,100.0,flued_stove,False,213655.0,SOURCED,1.1062,0.904,55518931.2,51194.2,0.6777
SIM_001900,Daulat Beg Oldie,5065.0,35.4057,77.9297,6.6,5.3,2.9,34.98,101.44,110.0,dense_concrete,0.19,rockwool,0.045,pu_sandwich_panel,0.09,none,0.0,stone_floor,0.12,0.19,0.0028,double_pane,180.0,1,0.5,0.48,2.33,1,100.0,flued_stove,False,219797.0,SOURCED,1.4987,0.6672,39372071.5,53552.3,0.709
SIM_001901,Galwan,4300.0,34.75,78.25,8.3,4.5,2.8,37.35,104.58,162.9,pu_sandwich_panel,0.14,none,0.0,cgi_sheet,0.002,rockwool,0.104,dense_concrete,0.11,2.54,0.0354,triple_pane,180.0,0,0.0,0.89,4.31,13,1300.0,none,False,247219.0,SOURCED,1.2865,0.7773,10510369.5,59268.2,0.7846
SIM_001902,Hanle,4500.0,32.7784,78.9642,9.2,4.5,2.4,41.4,99.36,167.3,mud_brick,0.24,rockwool,0.085,pu_sandwich_panel,0.11,none,0.0,stone_floor,0.22,9.27,0.141,single_pane,180.0,0,0.0,0.58,4.46,12,1200.0,flued_stove,False,237808.0,SOURCED,1.549,0.6456,40161610.3,57728.3,0.7642
SIM_001903,Nyoma,4180.0,33.1958,78.6508,8.1,3.3,2.6,26.73,69.5,202.7,rammed_earth,0.49,none,0.0,cgi_sheet,0.002,none,0.0,dense_concrete,0.19,0.23,0.0039,single_pane,180.0,0,0.0,0.6,1.09,4,400.0,electric,False,121477.0,SOURCED,3.1891,0.3136,64018935.5,60207.9,0.7971
SIM_001904,Chushul,4350.0,33.5936,78.6543,6.1,4.2,3.2,25.62,81.98,185.2,dense_concrete,0.24,eps,0.139,concrete,0.14,rockwool,0.076,stone_floor,0.22,4.65,0.0705,double_pane,180.0,0,0.0,0.73,3.16,6,600.0,electric,False,283012.0,SOURCED,1.1212,0.8919,54488841.3,58880.1,0.7795
SIM_001905,Rezang La,5000.0,33.425,78.8472,4.3,3.4,2.7,14.62,39.47,75.2,pu_sandwich_panel,0.06,none,0.0,pu_sandwich_panel,0.13,none,0.0,dense_concrete,0.23,2.21,0.0532,single_pane,180.0,1,0.5,0.25,2.68,2,200.0,electric,False,106620.0,SOURCED,0.9762,1.0244,8001067.5,54019.9,0.7151
SIM_001906,Pangong,4250.0,33.7595,78.6674,8.1,5.9,3.0,47.79,143.37,358.1,stone_masonry,0.36,none,0.0,concrete,0.15,none,0.0,dense_concrete,0.16,6.16,0.0733,double_pane,180.0,0,0.0,0.51,0.81,2,200.0,unflued_combustion,True,279340.0,SOURCED,3.4539,0.2895,90681226.3,59658.3,0.7898
SIM_001907,Depsang,5330.0,35.3167,78.0167,5.7,4.7,2.7,26.79,72.33,185.6,mud_brick,0.38,none,0.0,concrete,0.15,none,0.0,dense_concrete,0.11,5.4,0.0962,single_pane,180.0,1,0.5,0.84,3.26,4,400.0,flued_stove,False,137875.0,SOURCED,2.7595,0.3624,44926199.8,51679.8,0.6842
SIM_001908,Kargil,2676.0,34.5539,76.1349,9.1,5.7,2.7,51.87,140.05,156.6,mud_brick,0.39,straw_bale,0.072,cgi_sheet,0.002,eps,0.081,stone_floor,0.17,2.51,0.0314,single_pane,180.0,0,0.0,0.62,3.95,20,2000.0,flued_stove,False,214828.0,SOURCED,1.5534,0.6437,65677245.7,73045.7,0.967
SIM_001909,Leh,3500.0,34.1526,77.5771,5.2,4.4,3.0,22.88,68.64,165.5,stone_masonry,0.3,eps,0.119,cgi_sheet,0.002,none,0.0,stone_floor,0.23,0.35,0.0061,double_pane,180.0,1,0.5,0.25,0.59,4,400.0,flued_stove,False,168943.0,SOURCED,2.2436,0.4457,46277229.7,65764.1,0.8706
SIM_001910,Dras,3280.0,34.4293,75.7533,6.5,5.3,2.6,34.45,89.57,145.5,stone_masonry,0.36,straw_bale,0.115,concrete,0.12,rockwool,0.063,stone_floor,0.22,4.42,0.072,triple_pane,180.0,0,0.0,0.21,1.86,8,800.0,unflued_combustion,True,241890.0,SOURCED,1.3527,0.7393,68402997.9,67647.9,0.8956
SIM_001911,Siachen,5400.0,35.4212,77.1095,7.9,4.7,2.9,37.13,107.68,171.7,dense_concrete,0.2,straw_bale,0.058,concrete,0.13,none,0.0,stone_floor,0.13,4.83,0.0661,single_pane,180.0,1,0.5,0.39,3.33,4,400.0,unflued_combustion,True,215476.0,SOURCED,2.5687,0.3893,53611156.8,51194.2,0.6777
SIM_001912,Daulat Beg Oldie,5065.0,35.4057,77.9297,7.6,3.4,2.8,25.84,72.35,128.7,mud_brick,0.41,straw_bale,0.039,pu_sandwich_panel,0.13,none,0.0,stone_floor,0.19,0.97,0.0157,triple_pane,180.0,0,0.0,0.77,1.59,1,100.0,flued_stove,False,182316.0,SOURCED,1.3338,0.7497,48328767.5,53552.3,0.709
SIM_001913,Galwan,4300.0,34.75,78.25,4.5,3.3,2.8,14.85,41.58,193.9,dense_concrete,0.26,straw_bale,0.041,cgi_sheet,0.002,none,0.0,stone_floor,0.17,3.77,0.0863,triple_pane,180.0,1,0.5,0.41,3.41,2,200.0,flued_stove,False,149449.0,SOURCED,2.6275,0.3806,29698716.4,59268.2,0.7846
SIM_001914,Hanle,4500.0,32.7784,78.9642,8.8,3.4,2.4,29.92,71.81,18.6,rammed_earth,0.44,none,0.0,cgi_sheet,0.002,eps,0.088,dense_concrete,0.16,7.81,0.1334,triple_pane,180.0,0,0.0,0.42,0.25,6,600.0,electric,False,176066.0,SOURCED,1.9818,0.5046,51575907.2,57728.3,0.7642
SIM_001915,Nyoma,4180.0,33.1958,78.6508,9.4,5.2,2.8,48.88,136.86,21.0,stone_masonry,0.38,rockwool,0.047,concrete,0.19,none,0.0,dense_concrete,0.12,9.94,0.1216,double_pane,180.0,0,0.0,0.72,2.5,19,1900.0,electric,False,316018.0,SOURCED,2.527,0.3957,90117042.1,60207.9,0.7971
SIM_001916,Chushul,4350.0,33.5936,78.6543,6.6,4.6,2.4,30.36,72.86,167.6,dense_concrete,0.22,straw_bale,0.067,pu_sandwich_panel,0.09,none,0.0,dense_concrete,0.11,1.04,0.0193,double_pane,180.0,1,0.5,0.9,2.6,3,300.0,electric,False,187246.0,SOURCED,1.5847,0.631,35266878.3,58880.1,0.7795
SIM_001917,Rezang La,5000.0,33.425,78.8472,9.5,5.0,2.5,47.5,118.75,261.0,mud_brick,0.43,rockwool,0.113,cgi_sheet,0.002,rockwool,0.026,stone_floor,0.17,6.69,0.0923,triple_pane,180.0,0,0.0,0.5,0.17,1,100.0,none,False,272189.0,SOURCED,1.6057,0.6228,60284295.7,54019.9,0.7151
SIM_001918,Pangong,4250.0,33.7595,78.6674,4.9,4.2,2.9,20.58,59.68,176.3,mud_brick,0.32,eps,0.063,cgi_sheet,0.002,rockwool,0.102,stone_floor,0.24,6.09,0.1154,single_pane,180.0,0,0.0,0.76,0.53,5,500.0,none,False,134743.0,SOURCED,1.4222,0.7031,33236301.2,59658.3,0.7898
SIM_001919,Depsang,5330.0,35.3167,78.0167,9.0,3.3,2.8,29.7,83.16,3.2,dense_concrete,0.27,rockwool,0.083,concrete,0.18,none,0.0,stone_floor,0.2,2.83,0.0411,single_pane,180.0,0,0.0,0.59,3.0,3,300.0,unflued_combustion,True,284503.0,SOURCED,2.037,0.4909,66213569.8,51679.8,0.6842
SIM_001920,Kargil,2676.0,34.5539,76.1349,6.1,3.2,3.0,19.52,58.56,195.0,pu_sandwich_panel,0.11,none,0.0,cgi_sheet,0.002,none,0.0,stone_floor,0.1,7.31,0.131,single_pane,180.0,1,0.5,0.73,1.44,6,600.0,none,False,132028.0,SOURCED,2.3676,0.4224,4649775.8,73045.7,0.967
SIM_001921,Leh,3500.0,34.1526,77.5771,8.6,3.4,2.8,29.24,81.87,166.9,stone_masonry,0.28,none,0.0,cgi_sheet,0.002,eps,0.092,stone_floor,0.23,0.57,0.0085,double_pane,180.0,1,0.5,0.66,0.62,10,1000.0,electric,False,164525.0,SOURCED,2.6948,0.3711,52287090.0,65764.1,0.8706
SIM_001922,Dras,3280.0,34.4293,75.7533,6.5,3.3,3.0,21.45,64.35,72.0,mud_brick,0.29,rockwool,0.079,cgi_sheet,0.002,none,0.0,stone_floor,0.17,2.75,0.0468,single_pane,180.0,0,0.0,0.62,2.19,2,200.0,electric,False,121316.0,SOURCED,2.4307,0.4114,32462614.3,67647.9,0.8956
SIM_001923,Siachen,5400.0,35.4212,77.1095,5.3,3.2,2.9,16.96,49.18,171.4,rammed_earth,0.3,rockwool,0.14,concrete,0.13,eps,0.115,dense_concrete,0.11,6.63,0.1345,double_pane,180.0,1,0.5,0.5,0.86,3,300.0,electric,False,157015.0,SOURCED,1.1557,0.8653,32746348.0,51194.2,0.6777
SIM_001924,Daulat Beg Oldie,5065.0,35.4057,77.9297,5.5,4.9,2.6,26.95,70.07,261.4,stone_masonry,0.46,none,0.0,concrete,0.11,rockwool,0.081,dense_concrete,0.2,4.78,0.0884,triple_pane,180.0,0,0.0,0.28,2.13,1,100.0,flued_stove,False,226633.0,SOURCED,2.2498,0.4445,65072139.2,53552.3,0.709
SIM_001925,Galwan,4300.0,34.75,78.25,10.0,4.7,2.5,47.0,117.5,101.9,dense_concrete,0.13,rockwool,0.147,concrete,0.11,none,0.0,dense_concrete,0.14,2.44,0.0332,single_pane,180.0,0,0.0,0.8,2.61,8,800.0,electric,False,255459.0,SOURCED,2.5136,0.3978,48785769.5,59268.2,0.7846
SIM_001926,Hanle,4500.0,32.7784,78.9642,5.0,3.6,2.6,18.0,46.8,198.6,pu_sandwich_panel,0.06,none,0.0,cgi_sheet,0.002,eps,0.078,stone_floor,0.17,2.15,0.0481,triple_pane,180.0,0,0.0,0.53,1.91,3,300.0,none,False,92432.0,SOURCED,1.2096,0.8267,6865404.3,57728.3,0.7642
SIM_001927,Nyoma,4180.0,33.1958,78.6508,7.7,5.9,2.5,45.43,113.58,203.5,pu_sandwich_panel,0.09,none,0.0,cgi_sheet,0.002,none,0.0,dense_concrete,0.24,5.5,0.0809,triple_pane,180.0,0,0.0,0.78,2.42,5,500.0,flued_stove,False,237322.0,SOURCED,2.7617,0.3621,25823519.0,60207.9,0.7971
SIM_001928,Chushul,4350.0,33.5936,78.6543,4.9,4.4,2.8,21.56,60.37,226.6,mud_brick,0.42,eps,0.046,pu_sandwich_panel,0.11,none,0.0,dense_concrete,0.16,2.88,0.0553,triple_pane,180.0,0,0.0,0.84,0.14,8,800.0,flued_stove,False,170386.0,SOURCED,1.2226,0.8179,39106736.8,58880.1,0.7795
SIM_001929,Rezang La,5000.0,33.425,78.8472,4.6,4.0,2.5,18.4,46.0,177.5,pu_sandwich_panel,0.06,none,0.0,pu_sandwich_panel,0.14,none,0.0,stone_floor,0.13,3.6,0.0837,single_pane,180.0,0,0.0,0.49,0.64,3,300.0,unflued_combustion,True,105079.0,SOURCED,1.4616,0.6842,5392701.0,54019.9,0.7151
SIM_001930,Pangong,4250.0,33.7595,78.6674,7.6,5.8,2.9,44.08,127.83,162.5,mud_brick,0.24,straw_bale,0.114,concrete,0.17,eps,0.061,stone_floor,0.19,4.22,0.0543,double_pane,180.0,1,0.5,0.79,2.47,7,700.0,electric,False,229955.0,SOURCED,1.3835,0.7228,63276637.6,59658.3,0.7898
SIM_001931,Depsang,5330.0,35.3167,78.0167,6.4,3.7,2.4,23.68,56.83,325.5,stone_masonry,0.33,eps,0.1,pu_sandwich_panel,0.13,none,0.0,dense_concrete,0.14,5.95,0.1227,single_pane,180.0,0,0.0,0.62,0.45,1,100.0,flued_stove,False,183162.0,SOURCED,1.5368,0.6507,36279640.6,51679.8,0.6842
SIM_001932,Kargil,2676.0,34.5539,76.1349,5.3,5.2,3.1,27.56,85.44,208.7,pu_sandwich_panel,0.08,none,0.0,concrete,0.12,none,0.0,dense_concrete,0.23,2.33,0.0358,double_pane,180.0,1,0.5,0.42,2.88,2,200.0,unflued_combustion,True,175369.0,SOURCED,1.8931,0.5282,22550040.7,73045.7,0.967
SIM_001933,Leh,3500.0,34.1526,77.5771,7.1,5.8,2.7,41.18,111.19,161.2,pu_sandwich_panel,0.13,none,0.0,concrete,0.15,none,0.0,dense_concrete,0.15,3.88,0.0557,triple_pane,180.0,1,0.5,0.75,2.05,15,1500.0,none,False,273171.0,SOURCED,2.2171,0.451,28990362.9,65764.1,0.8706
SIM_001934,Dras,3280.0,34.4293,75.7533,4.8,3.6,3.1,17.28,53.57,160.4,rammed_earth,0.42,none,0.0,pu_sandwich_panel,0.12,none,0.0,dense_concrete,0.22,4.9,0.0941,single_pane,180.0,1,0.5,0.53,1.16,3,300.0,electric,False,132964.0,SOURCED,1.873,0.5339,44576094.7,67647.9,0.8956
SIM_001935,Siachen,5400.0,35.4212,77.1095,8.8,4.9,3.1,43.12,133.67,6.2,dense_concrete,0.24,rockwool,0.043,pu_sandwich_panel,0.13,none,0.0,stone_floor,0.14,10.63,0.1251,single_pane,180.0,1,0.5,0.41,0.43,11,1100.0,flued_stove,False,353308.0,SOURCED,1.4883,0.6719,54381116.4,51194.2,0.6777
SIM_001936,Daulat Beg Oldie,5065.0,35.4057,77.9297,9.5,4.5,3.1,42.75,132.53,166.7,dense_concrete,0.29,none,0.0,concrete,0.2,eps,0.085,dense_concrete,0.22,10.87,0.1252,triple_pane,180.0,1,0.5,0.68,1.82,5,500.0,unflued_combustion,True,458162.0,SOURCED,2.3021,0.4344,92163415.0,53552.3,0.709
SIM_001937,Galwan,4300.0,34.75,78.25,9.8,4.1,2.9,40.18,116.52,335.9,stone_masonry,0.41,eps,0.064,pu_sandwich_panel,0.06,none,0.0,stone_floor,0.17,8.35,0.1036,single_pane,180.0,1,0.5,0.5,4.19,8,800.0,unflued_combustion,True,288312.0,SOURCED,1.3691,0.7304,74639288.7,59268.2,0.7846
SIM_001938,Hanle,4500.0,32.7784,78.9642,6.3,4.3,2.6,27.09,70.43,160.5,mud_brick,0.33,none,0.0,cgi_sheet,0.002,eps,0.052,stone_floor,0.11,3.55,0.0644,triple_pane,180.0,1,0.5,0.35,1.12,10,1000.0,unflued_combustion,True,123670.0,SOURCED,2.0629,0.4848,32097616.2,57728.3,0.7642
SIM_001939,Nyoma,4180.0,33.1958,78.6508,6.5,4.8,3.0,31.2,93.6,169.5,rammed_earth,0.34,rockwool,0.103,pu_sandwich_panel,0.08,none,0.0,stone_floor,0.22,0.7,0.0103,single_pane,180.0,1,0.5,0.59,1.46,12,1200.0,none,False,197907.0,SOURCED,1.0957,0.9127,56144617.8,60207.9,0.7971
SIM_001940,Chushul,4350.0,33.5936,78.6543,9.9,5.7,2.8,56.43,158.0,249.8,dense_concrete,0.25,none,0.0,concrete,0.11,eps,0.03,dense_concrete,0.22,8.5,0.0973,double_pane,180.0,1,0.5,0.7,1.9,2,200.0,flued_stove,False,388801.0,SOURCED,2.5372,0.3941,88357899.1,58880.1,0.7795
SIM_001941,Rezang La,5000.0,33.425,78.8472,9.3,3.7,2.6,34.41,89.47,216.5,stone_masonry,0.29,rockwool,0.058,concrete,0.14,eps,0.104,stone_floor,0.22,5.11,0.0756,triple_pane,180.0,1,0.5,0.23,4.03,11,1100.0,none,False,270319.0,SOURCED,1.2667,0.7895,64036538.5,54019.9,0.7151
SIM_001942,Pangong,4250.0,33.7595,78.6674,6.4,3.4,2.4,21.76,52.22,190.4,rammed_earth,0.34,none,0.0,pu_sandwich_panel,0.11,none,0.0,stone_floor,0.16,5.66,0.1203,single_pane,180.0,1,0.5,0.85,2.61,4,400.0,none,False,119446.0,SOURCED,2.138,0.4677,32898453.7,59658.3,0.7898
SIM_001943,Depsang,5330.0,35.3167,78.0167,9.5,3.7,2.9,35.15,101.93,46.8,dense_concrete,0.26,none,0.0,pu_sandwich_panel,0.11,none,0.0,dense_concrete,0.24,7.7,0.1006,triple_pane,180.0,0,0.0,0.88,0.65,7,700.0,none,False,349900.0,SOURCED,2.3748,0.4211,60867692.9,51679.8,0.6842
SIM_001944,Kargil,2676.0,34.5539,76.1349,8.3,3.8,3.2,31.54,100.93,179.1,pu_sandwich_panel,0.14,none,0.0,pu_sandwich_panel,0.06,none,0.0,dense_concrete,0.25,8.92,0.1152,double_pane,180.0,1,0.5,0.23,0.59,4,400.0,unflued_combustion,True,308236.0,SOURCED,0.9568,1.0452,18876758.2,73045.7,0.967
SIM_001945,Leh,3500.0,34.1526,77.5771,8.8,5.0,3.1,44.0,136.4,201.4,dense_concrete,0.29,eps,0.074,cgi_sheet,0.002,rockwool,0.1,dense_concrete,0.23,11.67,0.1364,single_pane,180.0,1,0.5,0.46,2.93,10,1000.0,flued_stove,False,393575.0,SOURCED,1.2176,0.8213,73378231.2,65764.1,0.8706
SIM_001946,Dras,3280.0,34.4293,75.7533,8.1,5.7,2.8,46.17,129.28,169.0,mud_brick,0.46,eps,0.028,cgi_sheet,0.002,rockwool,0.142,dense_concrete,0.18,8.17,0.1057,triple_pane,180.0,1,0.5,0.72,0.98,3,300.0,none,False,317097.0,SOURCED,1.3749,0.7273,67467262.9,67647.9,0.8956
SIM_001947,Siachen,5400.0,35.4212,77.1095,8.6,4.5,3.0,38.7,116.1,173.5,mud_brick,0.33,rockwool,0.139,concrete,0.15,rockwool,0.127,dense_concrete,0.13,6.53,0.0831,triple_pane,180.0,0,0.0,0.81,2.56,15,1500.0,flued_stove,False,316737.0,SOURCED,1.2513,0.7992,61183479.6,51194.2,0.6777
SIM_001948,Daulat Beg Oldie,5065.0,35.4057,77.9297,4.9,4.5,2.8,22.05,61.74,168.0,mud_brick,0.43,eps,0.125,cgi_sheet,0.002,none,0.0,stone_floor,0.12,2.61,0.0496,double_pane,180.0,0,0.0,0.87,3.73,3,300.0,flued_stove,False,143676.0,SOURCED,2.5352,0.3944,38234029.6,53552.3,0.709
SIM_001949,Galwan,4300.0,34.75,78.25,8.8,4.6,2.6,40.48,105.25,184.4,stone_masonry,0.35,straw_bale,0.038,cgi_sheet,0.002,rockwool,0.027,dense_concrete,0.13,8.12,0.1165,double_pane,180.0,1,0.5,0.47,4.4,14,1400.0,electric,False,216968.0,SOURCED,1.9367,0.5163,56433608.6,59268.2,0.7846
SIM_001950,Hanle,4500.0,32.7784,78.9642,7.4,4.3,2.9,31.82,92.28,314.5,pu_sandwich_panel,0.15,none,0.0,pu_sandwich_panel,0.1,none,0.0,stone_floor,0.15,6.65,0.098,double_pane,180.0,0,0.0,0.48,1.61,10,1000.0,flued_stove,False,264456.0,SOURCED,1.2576,0.7952,10905855.8,57728.3,0.7642
SIM_001951,Nyoma,4180.0,33.1958,78.6508,5.4,4.2,2.6,22.68,58.97,173.6,rammed_earth,0.45,none,0.0,concrete,0.17,rockwool,0.065,dense_concrete,0.25,1.83,0.0367,double_pane,180.0,1,0.5,0.55,3.3,7,700.0,none,False,152188.0,SOURCED,1.8559,0.5388,60968456.0,60207.9,0.7971
SIM_001952,Chushul,4350.0,33.5936,78.6543,9.8,3.3,3.1,32.34,100.25,189.4,stone_masonry,0.39,none,0.0,cgi_sheet,0.002,eps,0.141,dense_concrete,0.16,7.12,0.0877,triple_pane,180.0,1,0.5,0.54,1.8,9,900.0,flued_stove,False,280516.0,SOURCED,2.4077,0.4153,70641801.0,58880.1,0.7795
SIM_001953,Rezang La,5000.0,33.425,78.8472,8.6,3.9,2.7,33.54,90.56,247.9,dense_concrete,0.25,eps,0.112,cgi_sheet,0.002,none,0.0,dense_concrete,0.25,6.96,0.1031,double_pane,180.0,0,0.0,0.77,0.53,4,400.0,unflued_combustion,True,285344.0,SOURCED,2.545,0.3929,54649550.0,54019.9,0.7151
SIM_001954,Pangong,4250.0,33.7595,78.6674,4.4,5.7,2.4,25.08,60.19,24.8,rammed_earth,0.46,eps,0.046,cgi_sheet,0.002,none,0.0,stone_floor,0.24,2.95,0.0608,double_pane,180.0,0,0.0,0.78,2.67,7,700.0,flued_stove,False,126809.0,SOURCED,2.7198,0.3677,50798518.9,59658.3,0.7898
SIM_001955,Depsang,5330.0,35.3167,78.0167,6.4,4.9,2.7,31.36,84.67,184.0,dense_concrete,0.29,eps,0.079,pu_sandwich_panel,0.1,none,0.0,stone_floor,0.18,7.2,0.118,triple_pane,180.0,0,0.0,0.56,1.7,10,1000.0,none,False,307992.0,SOURCED,1.2948,0.7723,48275787.5,51679.8,0.6842
SIM_001956,Kargil,2676.0,34.5539,76.1349,9.6,5.6,2.5,53.76,134.4,168.0,pu_sandwich_panel,0.07,none,0.0,cgi_sheet,0.002,rockwool,0.037,dense_concrete,0.14,8.23,0.1083,double_pane,180.0,1,0.5,0.85,2.11,16,1600.0,electric,False,218083.0,SOURCED,1.5998,0.6251,18189751.4,73045.7,0.967
SIM_001957,Leh,3500.0,34.1526,77.5771,9.4,3.9,2.9,36.66,106.31,203.2,dense_concrete,0.16,none,0.0,pu_sandwich_panel,0.1,none,0.0,dense_concrete,0.21,4.53,0.0587,triple_pane,180.0,1,0.5,0.72,1.04,14,1400.0,flued_stove,False,269251.0,SOURCED,2.7671,0.3614,44725577.7,65764.1,0.8706
SIM_001958,Dras,3280.0,34.4293,75.7533,6.7,4.1,3.0,27.47,82.41,164.1,rammed_earth,0.5,straw_bale,0.101,pu_sandwich_panel,0.11,none,0.0,dense_concrete,0.21,3.12,0.0481,double_pane,180.0,1,0.5,0.31,1.44,1,100.0,flued_stove,False,203138.0,SOURCED,1.1257,0.8883,70256873.8,67647.9,0.8956
SIM_001959,Siachen,5400.0,35.4212,77.1095,4.9,4.3,2.6,21.07,54.78,135.6,stone_masonry,0.44,rockwool,0.104,cgi_sheet,0.002,rockwool,0.112,stone_floor,0.24,1.49,0.0311,triple_pane,180.0,1,0.5,0.55,3.53,7,700.0,electric,False,202425.0,SOURCED,1.062,0.9416,52344596.7,51194.2,0.6777
SIM_001960,Daulat Beg Oldie,5065.0,35.4057,77.9297,5.9,3.2,2.8,18.88,52.86,167.1,rammed_earth,0.36,straw_bale,0.106,cgi_sheet,0.002,none,0.0,stone_floor,0.16,7.25,0.1423,single_pane,180.0,0,0.0,0.9,0.82,1,100.0,none,False,87187.0,SOURCED,2.8183,0.3548,35839704.4,53552.3,0.709
SIM_001961,Galwan,4300.0,34.75,78.25,7.2,5.8,2.5,41.76,104.4,206.1,dense_concrete,0.22,straw_bale,0.121,pu_sandwich_panel,0.1,none,0.0,dense_concrete,0.1,0.34,0.0052,triple_pane,180.0,1,0.5,0.56,3.09,4,400.0,none,False,244826.0,SOURCED,1.5197,0.658,44188064.4,59268.2,0.7846
SIM_001962,Hanle,4500.0,32.7784,78.9642,7.7,4.2,2.9,32.34,93.79,193.2,dense_concrete,0.2,eps,0.041,pu_sandwich_panel,0.14,none,0.0,stone_floor,0.11,4.37,0.0633,triple_pane,180.0,0,0.0,0.47,0.46,8,800.0,electric,False,261182.0,SOURCED,1.5158,0.6597,37716826.4,57728.3,0.7642
SIM_001963,Nyoma,4180.0,33.1958,78.6508,9.5,5.8,2.9,55.1,159.79,181.2,rammed_earth,0.43,rockwool,0.056,pu_sandwich_panel,0.08,none,0.0,dense_concrete,0.16,3.2,0.0361,single_pane,180.0,1,0.5,0.76,0.97,19,1900.0,flued_stove,False,283442.0,SOURCED,1.3786,0.7254,87052750.1,60207.9,0.7971
SIM_001964,Chushul,4350.0,33.5936,78.6543,8.4,5.9,3.1,49.56,153.64,150.1,dense_concrete,0.15,straw_bale,0.058,pu_sandwich_panel,0.07,none,0.0,stone_floor,0.15,7.52,0.0848,single_pane,180.0,0,0.0,0.4,0.11,9,900.0,none,False,241051.0,SOURCED,1.7895,0.5588,45036992.7,58880.1,0.7795
SIM_001965,Rezang La,5000.0,33.425,78.8472,6.6,5.1,3.2,33.66,107.71,187.9,rammed_earth,0.29,straw_bale,0.071,cgi_sheet,0.002,eps,0.041,stone_floor,0.14,3.62,0.0483,double_pane,180.0,0,0.0,0.23,1.81,10,1000.0,flued_stove,False,125150.0,SOURCED,1.6009,0.6246,48591105.9,54019.9,0.7151
SIM_001966,Pangong,4250.0,33.7595,78.6674,8.7,3.6,3.0,31.32,93.96,152.4,rammed_earth,0.21,none,0.0,concrete,0.12,rockwool,0.059,dense_concrete,0.11,3.41,0.0462,triple_pane,180.0,1,0.5,0.58,2.46,1,100.0,unflued_combustion,True,137413.0,SOURCED,2.6609,0.3758,43324785.9,59658.3,0.7898
SIM_001967,Depsang,5330.0,35.3167,78.0167,4.8,3.9,2.8,18.72,52.42,192.7,mud_brick,0.44,none,0.0,concrete,0.1,rockwool,0.062,dense_concrete,0.19,1.14,0.0234,single_pane,180.0,1,0.5,0.35,3.48,5,500.0,electric,False,125244.0,SOURCED,1.6462,0.6075,43888136.6,51679.8,0.6842
SIM_001968,Kargil,2676.0,34.5539,76.1349,8.5,5.9,2.7,50.15,135.41,156.0,rammed_earth,0.3,rockwool,0.136,pu_sandwich_panel,0.14,none,0.0,dense_concrete,0.21,8.4,0.108,double_pane,180.0,1,0.5,0.84,1.56,11,1100.0,electric,False,372833.0,SOURCED,1.1708,0.8541,62581956.5,73045.7,0.967
SIM_001969,Leh,3500.0,34.1526,77.5771,8.5,4.9,3.0,41.65,124.95,202.2,dense_concrete,0.19,straw_bale,0.081,pu_sandwich_panel,0.12,none,0.0,dense_concrete,0.13,10.12,0.1259,triple_pane,180.0,0,0.0,0.31,1.62,7,700.0,unflued_combustion,True,328651.0,SOURCED,1.4763,0.6774,44682076.3,65764.1,0.8706
SIM_001970,Dras,3280.0,34.4293,75.7533,5.6,4.7,3.2,26.32,84.22,182.2,rammed_earth,0.42,none,0.0,cgi_sheet,0.002,none,0.0,stone_floor,0.23,0.78,0.0118,single_pane,180.0,1,0.5,0.57,3.54,6,600.0,flued_stove,False,120313.0,SOURCED,3.1801,0.3145,62382628.7,67647.9,0.8956
SIM_001971,Siachen,5400.0,35.4212,77.1095,7.2,4.6,3.0,33.12,99.36,102.7,stone_masonry,0.23,none,0.0,cgi_sheet,0.002,eps,0.116,stone_floor,0.23,9.04,0.1277,triple_pane,180.0,1,0.5,0.28,0.66,9,900.0,flued_stove,False,235165.0,SOURCED,2.6188,0.3819,45274422.9,51194.2,0.6777
SIM_001972,Daulat Beg Oldie,5065.0,35.4057,77.9297,6.4,4.3,2.9,27.52,79.81,207.6,mud_brick,0.4,straw_bale,0.078,concrete,0.16,none,0.0,stone_floor,0.24,1.81,0.0292,single_pane,180.0,1,0.5,0.6,3.9,5,500.0,flued_stove,False,174029.0,SOURCED,2.0153,0.4962,61203524.0,53552.3,0.709
SIM_001973,Galwan,4300.0,34.75,78.25,8.2,5.9,3.1,48.38,149.98,163.1,dense_concrete,0.25,rockwool,0.146,pu_sandwich_panel,0.1,none,0.0,stone_floor,0.2,6.09,0.0697,single_pane,180.0,1,0.5,0.74,1.44,11,1100.0,flued_stove,False,434192.0,SOURCED,1.1887,0.8413,68194209.4,59268.2,0.7846
SIM_001974,Hanle,4500.0,32.7784,78.9642,5.6,4.0,2.5,22.4,56.0,313.6,rammed_earth,0.42,straw_bale,0.083,cgi_sheet,0.002,rockwool,0.054,stone_floor,0.22,1.12,0.0233,double_pane,180.0,0,0.0,0.26,4.2,2,200.0,unflued_combustion,True,109210.0,SOURCED,1.3462,0.7428,46943219.4,57728.3,0.7642
SIM_001975,Nyoma,4180.0,33.1958,78.6508,4.8,4.4,3.2,21.12,67.58,179.7,mud_brick,0.32,eps,0.099,cgi_sheet,0.002,none,0.0,dense_concrete,0.13,0.57,0.0097,double_pane,180.0,1,0.5,0.27,3.3,4,400.0,none,False,127850.0,SOURCED,2.27,0.4405,34643372.0,60207.9,0.7971
SIM_001976,Chushul,4350.0,33.5936,78.6543,5.7,3.5,3.2,19.95,63.84,160.9,rammed_earth,0.28,eps,0.081,pu_sandwich_panel,0.12,none,0.0,stone_floor,0.21,8.04,0.1365,double_pane,180.0,1,0.5,0.52,1.99,5,500.0,flued_stove,False,177256.0,SOURCED,1.0722,0.9327,34854254.0,58880.1,0.7795
SIM_001977,Rezang La,5000.0,33.425,78.8472,7.5,5.2,2.6,39.0,101.4,195.1,stone_masonry,0.21,eps,0.071,pu_sandwich_panel,0.08,none,0.0,stone_floor,0.22,2.75,0.0416,double_pane,180.0,1,0.5,0.49,2.51,6,600.0,electric,False,220684.0,SOURCED,1.2725,0.7859,45431828.1,54019.9,0.7151
SIM_001978,Pangong,4250.0,33.7595,78.6674,4.8,3.1,2.6,14.88,38.69,290.8,dense_concrete,0.25,none,0.0,cgi_sheet,0.002,rockwool,0.093,dense_concrete,0.11,0.08,0.0019,single_pane,180.0,1,0.5,0.72,3.33,1,100.0,flued_stove,False,117728.0,SOURCED,2.8339,0.3529,27537565.9,59658.3,0.7898
SIM_001979,Depsang,5330.0,35.3167,78.0167,9.3,3.7,2.5,34.41,86.03,201.6,pu_sandwich_panel,0.08,none,0.0,concrete,0.13,eps,0.107,dense_concrete,0.15,4.99,0.0768,double_pane,180.0,1,0.5,0.66,2.98,10,1000.0,flued_stove,False,208287.0,SOURCED,1.2611,0.793,22616899.7,51679.8,0.6842
SIM_001980,Kargil,2676.0,34.5539,76.1349,6.5,5.0,3.1,32.5,100.75,178.1,stone_masonry,0.48,eps,0.119,cgi_sheet,0.002,eps,0.04,stone_floor,0.18,0.36,0.005,triple_pane,180.0,0,0.0,0.24,1.03,5,500.0,none,False,273593.0,SOURCED,1.2637,0.7913,81760708.3,73045.7,0.967
SIM_001981,Leh,3500.0,34.1526,77.5771,7.5,3.7,2.9,27.75,80.47,136.0,dense_concrete,0.28,none,0.0,concrete,0.16,eps,0.118,dense_concrete,0.17,1.9,0.0292,triple_pane,180.0,1,0.5,0.86,0.73,9,900.0,unflued_combustion,True,266123.0,SOURCED,2.5301,0.3952,61857910.8,65764.1,0.8706
SIM_001982,Dras,3280.0,34.4293,75.7533,4.9,4.6,2.9,22.54,65.37,159.5,dense_concrete,0.22,rockwool,0.049,concrete,0.1,eps,0.126,stone_floor,0.17,3.09,0.0561,single_pane,180.0,1,0.5,0.51,1.28,1,100.0,flued_stove,False,191999.0,SOURCED,1.319,0.7582,39904823.2,67647.9,0.8956
SIM_001983,Siachen,5400.0,35.4212,77.1095,8.1,3.1,2.9,25.11,72.82,176.5,pu_sandwich_panel,0.13,none,0.0,cgi_sheet,0.002,eps,0.112,stone_floor,0.17,9.82,0.1512,single_pane,180.0,1,0.5,0.38,3.83,6,600.0,none,False,206461.0,SOURCED,1.1368,0.8797,9808460.3,51194.2,0.6777
SIM_001984,Daulat Beg Oldie,5065.0,35.4057,77.9297,4.7,4.4,2.5,20.68,51.7,193.2,dense_concrete,0.27,straw_bale,0.138,pu_sandwich_panel,0.11,none,0.0,stone_floor,0.21,0.81,0.0178,double_pane,180.0,1,0.5,0.64,0.33,6,600.0,unflued_combustion,True,189781.0,SOURCED,1.1508,0.869,38366274.5,53552.3,0.709
SIM_001985,Galwan,4300.0,34.75,78.25,6.7,3.2,2.5,21.44,53.6,315.6,mud_brick,0.28,rockwool,0.08,pu_sandwich_panel,0.06,none,0.0,dense_concrete,0.11,3.24,0.0655,single_pane,180.0,0,0.0,0.63,4.19,6,600.0,none,False,116042.0,SOURCED,1.4726,0.6791,25065229.5,59268.2,0.7846
SIM_001986,Hanle,4500.0,32.7784,78.9642,6.9,5.4,2.8,37.26,104.33,157.8,stone_masonry,0.47,rockwool,0.131,cgi_sheet,0.002,eps,0.039,dense_concrete,0.15,2.71,0.0393,triple_pane,180.0,0,0.0,0.54,1.91,10,1000.0,flued_stove,False,293977.0,SOURCED,1.3802,0.7245,76311595.8,57728.3,0.7642
SIM_001987,Nyoma,4180.0,33.1958,78.6508,7.5,4.4,2.4,33.0,79.2,78.4,mud_brick,0.31,none,0.0,cgi_sheet,0.002,eps,0.113,dense_concrete,0.11,1.08,0.0189,double_pane,180.0,0,0.0,0.81,4.06,4,400.0,electric,False,123033.0,SOURCED,2.0412,0.4899,34779172.5,60207.9,0.7971
SIM_001988,Chushul,4350.0,33.5936,78.6543,5.2,3.4,2.8,17.68,49.5,154.7,rammed_earth,0.37,eps,0.127,concrete,0.11,eps,0.039,stone_floor,0.21,1.39,0.0289,double_pane,180.0,1,0.5,0.79,0.59,4,400.0,none,False,132588.0,SOURCED,1.1043,0.9056,43782366.4,58880.1,0.7795
SIM_001989,Rezang La,5000.0,33.425,78.8472,4.3,3.1,3.0,13.33,39.99,169.9,stone_masonry,0.38,none,0.0,pu_sandwich_panel,0.12,none,0.0,dense_concrete,0.19,5.26,0.1185,triple_pane,180.0,1,0.5,0.43,4.24,4,400.0,unflued_combustion,True,165280.0,SOURCED,2.3778,0.4206,35927900.3,54019.9,0.7151
SIM_001990,Pangong,4250.0,33.7595,78.6674,9.0,3.5,2.9,31.5,91.35,174.5,pu_sandwich_panel,0.12,none,0.0,concrete,0.16,none,0.0,dense_concrete,0.15,6.18,0.0852,double_pane,180.0,1,0.5,0.75,0.42,1,100.0,flued_stove,False,244519.0,SOURCED,1.9462,0.5138,22977678.2,59658.3,0.7898
SIM_001991,Depsang,5330.0,35.3167,78.0167,4.9,5.6,3.2,27.44,87.81,289.5,mud_brick,0.28,rockwool,0.056,concrete,0.15,eps,0.068,dense_concrete,0.2,5.15,0.0766,double_pane,180.0,0,0.0,0.69,1.25,8,800.0,none,False,192987.0,SOURCED,1.2707,0.787,48346490.6,51679.8,0.6842
SIM_001992,Kargil,2676.0,34.5539,76.1349,9.9,5.1,3.1,50.49,156.52,22.4,stone_masonry,0.46,rockwool,0.143,cgi_sheet,0.002,rockwool,0.068,stone_floor,0.21,2.36,0.0254,double_pane,180.0,1,0.5,0.56,1.27,11,1100.0,electric,False,416430.0,SOURCED,1.2063,0.829,107778295.2,73045.7,0.967
SIM_001993,Leh,3500.0,34.1526,77.5771,7.5,5.2,3.0,39.0,117.0,183.4,dense_concrete,0.15,eps,0.072,concrete,0.18,rockwool,0.03,dense_concrete,0.22,1.39,0.0182,single_pane,180.0,1,0.5,0.57,1.99,14,1400.0,electric,False,271884.0,SOURCED,1.3323,0.7506,62027517.2,65764.1,0.8706
SIM_001994,Dras,3280.0,34.4293,75.7533,4.0,5.2,2.9,20.8,60.32,206.6,mud_brick,0.38,eps,0.086,concrete,0.18,eps,0.128,stone_floor,0.14,4.88,0.0915,double_pane,180.0,1,0.5,0.23,2.51,6,600.0,flued_stove,False,179599.0,SOURCED,1.2064,0.8289,42652509.3,67647.9,0.8956
SIM_001995,Siachen,5400.0,35.4212,77.1095,8.6,4.4,2.5,37.84,94.6,359.4,mud_brick,0.48,eps,0.037,cgi_sheet,0.002,rockwool,0.146,stone_floor,0.21,3.59,0.0552,double_pane,180.0,1,0.5,0.31,3.86,8,800.0,electric,False,237102.0,SOURCED,1.3197,0.7577,61633452.4,51194.2,0.6777
SIM_001996,Daulat Beg Oldie,5065.0,35.4057,77.9297,7.4,3.9,2.7,28.86,77.92,205.1,dense_concrete,0.16,rockwool,0.14,concrete,0.2,eps,0.045,dense_concrete,0.24,7.13,0.1168,single_pane,180.0,1,0.5,0.29,4.09,9,900.0,flued_stove,False,266139.0,SOURCED,1.1608,0.8615,49443012.0,53552.3,0.709
SIM_001997,Galwan,4300.0,34.75,78.25,5.7,3.6,3.0,20.52,61.56,183.0,mud_brick,0.47,straw_bale,0.045,concrete,0.12,rockwool,0.068,dense_concrete,0.2,2.1,0.0376,double_pane,180.0,0,0.0,0.75,2.38,2,200.0,electric,False,158852.0,SOURCED,1.2958,0.7717,53443534.8,59268.2,0.7846
SIM_001998,Hanle,4500.0,32.7784,78.9642,4.7,5.1,3.2,23.97,76.7,19.5,mud_brick,0.43,eps,0.103,pu_sandwich_panel,0.07,none,0.0,dense_concrete,0.15,0.16,0.0026,double_pane,180.0,0,0.0,0.54,1.85,4,400.0,unflued_combustion,True,185728.0,SOURCED,1.085,0.9217,48891651.1,57728.3,0.7642
SIM_001999,Nyoma,4180.0,33.1958,78.6508,8.8,4.3,2.8,37.84,105.95,192.2,dense_concrete,0.16,rockwool,0.032,cgi_sheet,0.002,eps,0.087,stone_floor,0.2,10.4,0.1418,double_pane,180.0,0,0.0,0.38,2.11,5,500.0,flued_stove,False,232343.0,SOURCED,1.6218,0.6166,39815955.0,60207.9,0.7971
SIM_002000,Chushul,4350.0,33.5936,78.6543,6.6,4.4,2.7,29.04,78.41,174.6,dense_concrete,0.22,none,0.0,concrete,0.12,none,0.0,dense_concrete,0.18,2.87,0.0483,triple_pane,180.0,1,0.5,0.71,3.57,1,100.0,electric,False,206446.0,SOURCED,3.5894,0.2786,48703203.4,58880.1,0.7795
SIM_002001,Rezang La,5000.0,33.425,78.8472,7.2,5.2,3.0,37.44,112.32,195.7,mud_brick,0.24,none,0.0,pu_sandwich_panel,0.07,none,0.0,dense_concrete,0.22,0.56,0.0075,double_pane,180.0,0,0.0,0.66,2.72,4,400.0,unflued_combustion,True,174572.0,SOURCED,1.9494,0.513,45683644.8,54019.9,0.7151
SIM_002002,Pangong,4250.0,33.7595,78.6674,4.9,5.4,2.6,26.46,68.8,186.9,mud_brick,0.24,straw_bale,0.141,pu_sandwich_panel,0.08,none,0.0,stone_floor,0.24,4.59,0.0857,double_pane,180.0,0,0.0,0.49,1.14,6,600.0,electric,False,150537.0,SOURCED,1.2322,0.8116,32617079.9,59658.3,0.7898
SIM_002003,Depsang,5330.0,35.3167,78.0167,8.6,3.8,2.6,32.68,84.97,215.0,dense_concrete,0.15,none,0.0,pu_sandwich_panel,0.09,none,0.0,dense_concrete,0.12,1.22,0.0189,triple_pane,180.0,0,0.0,0.32,2.88,11,1100.0,none,False,174219.0,SOURCED,3.0377,0.3292,31067509.9,51679.8,0.6842
SIM_002004,Kargil,2676.0,34.5539,76.1349,4.6,5.6,2.9,25.76,74.7,171.7,dense_concrete,0.28,eps,0.034,concrete,0.11,eps,0.057,dense_concrete,0.25,4.14,0.07,single_pane,180.0,0,0.0,0.45,2.09,8,800.0,electric,False,241403.0,SOURCED,1.4973,0.6679,56951626.2,73045.7,0.967
SIM_002005,Leh,3500.0,34.1526,77.5771,7.2,4.0,2.9,28.8,83.52,184.1,dense_concrete,0.15,rockwool,0.133,pu_sandwich_panel,0.09,none,0.0,stone_floor,0.25,4.0,0.0616,triple_pane,180.0,1,0.5,0.2,1.15,1,100.0,unflued_combustion,True,268245.0,SOURCED,1.0158,0.9844,36876331.2,65764.1,0.8706
SIM_002006,Dras,3280.0,34.4293,75.7533,7.3,3.1,3.1,22.63,70.15,205.3,pu_sandwich_panel,0.15,none,0.0,pu_sandwich_panel,0.09,none,0.0,dense_concrete,0.14,8.41,0.1304,double_pane,180.0,0,0.0,0.28,0.53,9,900.0,electric,False,233377.0,SOURCED,1.1716,0.8535,7935043.4,67647.9,0.8956
SIM_002007,Siachen,5400.0,35.4212,77.1095,7.1,5.9,2.6,41.89,108.91,193.0,dense_concrete,0.16,none,0.0,cgi_sheet,0.002,none,0.0,stone_floor,0.15,1.48,0.0219,triple_pane,180.0,1,0.5,0.78,4.08,5,500.0,unflued_combustion,True,162288.0,SOURCED,4.4357,0.2254,38072453.6,51194.2,0.6777
SIM_002008,Daulat Beg Oldie,5065.0,35.4057,77.9297,6.7,4.6,2.9,30.82,89.38,179.6,stone_masonry,0.49,eps,0.037,pu_sandwich_panel,0.09,none,0.0,stone_floor,0.21,6.33,0.0966,triple_pane,180.0,0,0.0,0.86,2.41,1,100.0,none,False,289532.0,SOURCED,1.3534,0.7389,72539122.7,53552.3,0.709
SIM_002009,Galwan,4300.0,34.75,78.25,8.0,4.3,3.1,34.4,106.64,320.4,mud_brick,0.2,eps,0.044,pu_sandwich_panel,0.14,none,0.0,stone_floor,0.17,1.32,0.0173,single_pane,180.0,1,0.5,0.85,2.48,9,900.0,flued_stove,False,194845.0,SOURCED,1.3069,0.7652,35318242.1,59268.2,0.7846
SIM_002010,Hanle,4500.0,32.7784,78.9642,8.1,3.4,3.1,27.54,85.37,202.8,pu_sandwich_panel,0.09,none,0.0,pu_sandwich_panel,0.13,none,0.0,dense_concrete,0.12,7.82,0.1097,double_pane,180.0,0,0.0,0.67,2.65,6,600.0,electric,False,213335.0,SOURCED,1.2538,0.7976,8187042.6,57728.3,0.7642
SIM_002011,Nyoma,4180.0,33.1958,78.6508,6.9,4.7,2.9,32.43,94.05,196.1,stone_masonry,0.42,rockwool,0.063,cgi_sheet,0.002,none,0.0,dense_concrete,0.24,0.84,0.0125,double_pane,180.0,1,0.5,0.22,2.12,6,600.0,flued_stove,False,241964.0,SOURCED,2.4988,0.4002,74644377.1,60207.9,0.7971
SIM_002012,Chushul,4350.0,33.5936,78.6543,4.7,4.8,3.2,22.56,72.19,171.7,stone_masonry,0.43,none,0.0,pu_sandwich_panel,0.13,none,0.0,dense_concrete,0.22,1.96,0.0322,double_pane,180.0,1,0.5,0.61,0.89,6,600.0,none,False,222254.0,SOURCED,2.3,0.4348,62643369.9,58880.1,0.7795
SIM_002013,Rezang La,5000.0,33.425,78.8472,8.9,6.0,3.2,53.4,170.88,197.2,rammed_earth,0.28,straw_bale,0.1,pu_sandwich_panel,0.12,none,0.0,dense_concrete,0.16,7.11,0.0746,single_pane,180.0,0,0.0,0.6,0.16,1,100.0,electric,False,267523.0,SOURCED,1.5015,0.666,66358212.6,54019.9,0.7151
SIM_002014,Pangong,4250.0,33.7595,78.6674,8.3,4.6,2.5,38.18,95.45,157.0,rammed_earth,0.37,rockwool,0.114,cgi_sheet,0.002,none,0.0,dense_concrete,0.12,4.48,0.0695,double_pane,180.0,1,0.5,0.62,3.29,15,1500.0,unflued_combustion,True,177574.0,SOURCED,2.8902,0.346,51148534.6,59658.3,0.7898
SIM_002015,Depsang,5330.0,35.3167,78.0167,8.2,5.4,2.7,44.28,119.56,233.6,rammed_earth,0.24,none,0.0,pu_sandwich_panel,0.07,none,0.0,dense_concrete,0.2,2.08,0.0283,double_pane,180.0,1,0.5,0.67,0.49,11,1100.0,unflued_combustion,True,181897.0,SOURCED,2.2818,0.4383,51452102.5,51679.8,0.6842
SIM_002016,Kargil,2676.0,34.5539,76.1349,9.7,5.6,2.9,54.32,157.53,207.1,stone_masonry,0.49,eps,0.142,pu_sandwich_panel,0.08,none,0.0,dense_concrete,0.23,0.26,0.0029,double_pane,180.0,1,0.5,0.4,2.5,1,100.0,unflued_combustion,True,462755.0,SOURCED,1.1016,0.9078,116975556.2,73045.7,0.967
SIM_002017,Leh,3500.0,34.1526,77.5771,6.6,4.7,2.9,31.02,89.96,168.5,dense_concrete,0.16,none,0.0,pu_sandwich_panel,0.12,none,0.0,stone_floor,0.13,2.12,0.0323,triple_pane,180.0,1,0.5,0.45,3.97,9,900.0,unflued_combustion,True,198176.0,SOURCED,2.9968,0.3337,32195000.1,65764.1,0.8706
SIM_002018,Dras,3280.0,34.4293,75.7533,6.2,4.6,2.8,28.52,79.86,209.1,pu_sandwich_panel,0.14,none,0.0,cgi_sheet,0.002,none,0.0,stone_floor,0.14,5.47,0.0904,double_pane,180.0,1,0.5,0.72,2.94,4,400.0,unflued_combustion,True,193446.0,SOURCED,2.5707,0.389,9201409.4,67647.9,0.8956
SIM_002019,Siachen,5400.0,35.4212,77.1095,7.1,3.8,2.7,26.98,72.85,160.0,stone_masonry,0.49,eps,0.118,pu_sandwich_panel,0.07,none,0.0,stone_floor,0.25,0.6,0.0102,triple_pane,180.0,1,0.5,0.73,0.6,1,100.0,none,False,262673.0,SOURCED,1.0401,0.9614,72280675.9,51194.2,0.6777
SIM_002020,Daulat Beg Oldie,5065.0,35.4057,77.9297,7.4,5.7,2.7,42.18,113.89,351.9,dense_concrete,0.24,straw_bale,0.126,concrete,0.13,none,0.0,dense_concrete,0.2,7.48,0.1057,triple_pane,180.0,1,0.5,0.73,1.56,9,900.0,flued_stove,False,327525.0,SOURCED,2.3032,0.4342,68593494.0,53552.3,0.709
SIM_002021,Galwan,4300.0,34.75,78.25,9.1,3.7,2.8,33.67,94.28,162.1,stone_masonry,0.36,none,0.0,pu_sandwich_panel,0.08,none,0.0,dense_concrete,0.13,6.93,0.0967,double_pane,180.0,0,0.0,0.67,3.56,9,900.0,electric,False,222123.0,SOURCED,2.5962,0.3852,57285472.5,59268.2,0.7846
SIM_002022,Hanle,4500.0,32.7784,78.9642,4.2,3.5,3.1,14.7,45.57,172.8,mud_brick,0.45,rockwool,0.099,concrete,0.15,none,0.0,stone_floor,0.14,3.29,0.0689,single_pane,180.0,1,0.5,0.54,4.36,5,500.0,none,False,139345.0,SOURCED,1.7731,0.564,39580920.6,57728.3,0.7642
SIM_002023,Nyoma,4180.0,33.1958,78.6508,5.3,5.0,2.6,26.5,68.9,159.7,stone_masonry,0.32,rockwool,0.107,pu_sandwich_panel,0.14,none,0.0,dense_concrete,0.11,4.69,0.0876,single_pane,180.0,1,0.5,0.55,1.49,3,300.0,flued_stove,False,213376.0,SOURCED,1.321,0.757,38705303.6,60207.9,0.7971
SIM_002024,Chushul,4350.0,33.5936,78.6543,8.3,3.8,2.5,31.54,78.85,308.9,pu_sandwich_panel,0.09,none,0.0,pu_sandwich_panel,0.14,none,0.0,stone_floor,0.11,2.97,0.0491,single_pane,180.0,0,0.0,0.32,2.64,8,800.0,flued_stove,False,187186.0,SOURCED,1.4326,0.698,7971469.5,58880.1,0.7795
SIM_002025,Rezang La,5000.0,33.425,78.8472,4.8,5.6,2.9,26.88,77.95,199.1,stone_masonry,0.37,none,0.0,concrete,0.18,rockwool,0.089,dense_concrete,0.22,3.43,0.0569,single_pane,180.0,1,0.5,0.72,4.42,9,900.0,none,False,216571.0,SOURCED,2.406,0.4156,67317472.7,54019.9,0.7151
SIM_002026,Pangong,4250.0,33.7595,78.6674,8.6,4.5,3.2,38.7,123.84,151.0,pu_sandwich_panel,0.08,none,0.0,cgi_sheet,0.002,rockwool,0.081,stone_floor,0.2,4.19,0.05,single_pane,180.0,1,0.5,0.44,3.65,10,1000.0,unflued_combustion,True,206856.0,SOURCED,1.1727,0.8527,17318804.9,59658.3,0.7898
SIM_002027,Depsang,5330.0,35.3167,78.0167,9.9,5.3,2.8,52.47,146.92,192.1,rammed_earth,0.4,straw_bale,0.041,cgi_sheet,0.002,none,0.0,stone_floor,0.24,10.95,0.1286,double_pane,180.0,1,0.5,0.43,2.4,11,1100.0,flued_stove,False,247606.0,SOURCED,3.0055,0.3327,81258124.6,51679.8,0.6842
SIM_002028,Kargil,2676.0,34.5539,76.1349,9.5,5.8,3.2,55.1,176.32,150.7,pu_sandwich_panel,0.06,none,0.0,pu_sandwich_panel,0.13,none,0.0,dense_concrete,0.21,7.62,0.0778,triple_pane,180.0,1,0.5,0.26,1.58,22,2200.0,flued_stove,False,373242.0,SOURCED,1.153,0.8673,27489192.9,73045.7,0.967
SIM_002029,Leh,3500.0,34.1526,77.5771,9.8,5.8,2.8,56.84,159.15,188.3,mud_brick,0.38,eps,0.113,pu_sandwich_panel,0.08,none,0.0,dense_concrete,0.14,10.45,0.1196,triple_pane,180.0,0,0.0,0.39,4.1,13,1300.0,flued_stove,False,367161.0,SOURCED,1.3892,0.7198,62722352.5,65764.1,0.8706
SIM_002030,Dras,3280.0,34.4293,75.7533,7.9,4.6,2.7,36.34,98.12,318.2,dense_concrete,0.29,straw_bale,0.129,concrete,0.18,none,0.0,dense_concrete,0.23,2.37,0.0351,single_pane,180.0,0,0.0,0.76,1.01,13,1300.0,none,False,306061.0,SOURCED,2.1198,0.4717,79462190.1,67647.9,0.8956
SIM_002031,Siachen,5400.0,35.4212,77.1095,9.8,3.5,2.9,34.3,99.47,170.8,mud_brick,0.21,none,0.0,cgi_sheet,0.002,rockwool,0.043,stone_floor,0.14,6.2,0.0804,triple_pane,180.0,1,0.5,0.44,0.16,5,500.0,none,False,157390.0,SOURCED,2.2782,0.4389,32874818.1,51194.2,0.6777
SIM_002032,Daulat Beg Oldie,5065.0,35.4057,77.9297,5.2,5.9,2.5,30.68,76.7,188.2,mud_brick,0.33,straw_bale,0.082,pu_sandwich_panel,0.1,none,0.0,stone_floor,0.12,2.44,0.044,single_pane,180.0,1,0.5,0.83,0.74,5,500.0,unflued_combustion,True,149712.0,SOURCED,1.4878,0.6721,35105999.5,53552.3,0.709
SIM_002033,Galwan,4300.0,34.75,78.25,7.4,4.4,2.7,32.56,87.91,50.4,pu_sandwich_panel,0.13,none,0.0,cgi_sheet,0.002,eps,0.088,dense_concrete,0.24,4.17,0.0654,double_pane,180.0,0,0.0,0.31,3.62,8,800.0,none,False,236877.0,SOURCED,1.0978,0.9109,18820060.7,59268.2,0.7846
SIM_002034,Hanle,4500.0,32.7784,78.9642,7.8,5.0,3.0,39.0,117.0,186.6,pu_sandwich_panel,0.08,none,0.0,concrete,0.11,rockwool,0.148,dense_concrete,0.16,5.44,0.0708,single_pane,180.0,1,0.5,0.78,1.43,3,300.0,none,False,239440.0,SOURCED,1.2083,0.8276,24861282.6,57728.3,0.7642
SIM_002035,Nyoma,4180.0,33.1958,78.6508,8.8,5.9,2.5,51.92,129.8,281.7,mud_brick,0.31,eps,0.14,pu_sandwich_panel,0.09,none,0.0,stone_floor,0.22,0.86,0.0117,double_pane,180.0,0,0.0,0.31,1.04,14,1400.0,flued_stove,False,298966.0,SOURCED,1.2299,0.8131,58681715.3,60207.9,0.7971
SIM_002036,Chushul,4350.0,33.5936,78.6543,5.1,5.0,2.7,25.5,68.85,191.1,stone_masonry,0.45,none,0.0,pu_sandwich_panel,0.1,none,0.0,stone_floor,0.2,6.08,0.1115,triple_pane,180.0,1,0.5,0.45,1.1,4,400.0,none,False,236388.0,SOURCED,2.2239,0.4497,54997147.9,58880.1,0.7795
SIM_002037,Rezang La,5000.0,33.425,78.8472,6.7,3.0,3.1,20.1,62.31,151.2,rammed_earth,0.38,eps,0.044,pu_sandwich_panel,0.11,none,0.0,stone_floor,0.17,7.94,0.132,double_pane,180.0,0,0.0,0.39,1.65,5,500.0,unflued_combustion,True,157645.0,SOURCED,1.3681,0.7309,43214912.3,54019.9,0.7151
SIM_002038,Pangong,4250.0,33.7595,78.6674,7.5,5.8,3.1,43.5,134.85,316.6,stone_masonry,0.5,straw_bale,0.139,cgi_sheet,0.002,none,0.0,dense_concrete,0.19,7.39,0.0896,double_pane,180.0,1,0.5,0.41,2.88,2,200.0,none,False,320662.0,SOURCED,2.6679,0.3748,97178899.8,59658.3,0.7898
SIM_002039,Depsang,5330.0,35.3167,78.0167,4.0,3.0,2.6,12.0,31.2,211.7,stone_masonry,0.45,eps,0.044,pu_sandwich_panel,0.14,none,0.0,stone_floor,0.24,0.0,0.0,double_pane,180.0,1,0.5,0.47,3.69,3,300.0,unflued_combustion,True,135725.0,SOURCED,1.1114,0.8998,39313668.6,51679.8,0.6842
SIM_002040,Kargil,2676.0,34.5539,76.1349,8.5,4.6,3.0,39.1,117.3,50.5,stone_masonry,0.48,straw_bale,0.078,concrete,0.15,eps,0.136,dense_concrete,0.1,5.28,0.0672,single_pane,180.0,0,0.0,0.7,0.42,13,1300.0,none,False,296409.0,SOURCED,1.666,0.6002,94865265.9,73045.7,0.967
SIM_002041,Leh,3500.0,34.1526,77.5771,7.3,3.5,2.7,25.55,68.98,161.5,stone_masonry,0.4,straw_bale,0.083,concrete,0.14,none,0.0,dense_concrete,0.19,0.49,0.0084,single_pane,180.0,0,0.0,0.63,4.05,3,300.0,flued_stove,False,187224.0,SOURCED,2.1415,0.467,67037300.1,65764.1,0.8706
SIM_002042,Dras,3280.0,34.4293,75.7533,9.8,5.1,2.9,49.98,144.94,162.5,pu_sandwich_panel,0.11,none,0.0,cgi_sheet,0.002,none,0.0,stone_floor,0.11,9.56,0.1106,single_pane,180.0,1,0.5,0.5,2.7,6,600.0,none,False,224102.0,SOURCED,2.9316,0.3411,12660985.8,67647.9,0.8956
SIM_002043,Siachen,5400.0,35.4212,77.1095,5.4,5.6,3.1,30.24,93.74,307.3,mud_brick,0.45,none,0.0,concrete,0.15,eps,0.066,stone_floor,0.19,1.12,0.0164,double_pane,180.0,0,0.0,0.54,3.47,10,1000.0,none,False,191107.0,SOURCED,1.7061,0.5861,67934161.6,51194.2,0.6777
SIM_002044,Daulat Beg Oldie,5065.0,35.4057,77.9297,8.8,4.7,2.5,41.36,103.4,173.6,pu_sandwich_panel,0.07,none,0.0,cgi_sheet,0.002,none,0.0,stone_floor,0.11,9.23,0.1367,triple_pane,180.0,1,0.5,0.64,0.81,7,700.0,unflued_combustion,True,191590.0,SOURCED,3.0192,0.3312,10279694.3,53552.3,0.709
SIM_002045,Galwan,4300.0,34.75,78.25,6.9,3.6,2.6,24.84,64.58,298.3,mud_brick,0.35,eps,0.097,cgi_sheet,0.002,rockwool,0.113,stone_floor,0.15,6.42,0.1176,triple_pane,180.0,1,0.5,0.27,1.36,7,700.0,unflued_combustion,True,193300.0,SOURCED,1.2436,0.8041,33658473.4,59268.2,0.7846
SIM_002046,Hanle,4500.0,32.7784,78.9642,5.5,6.0,3.1,33.0,102.3,194.3,stone_masonry,0.21,none,0.0,concrete,0.12,rockwool,0.089,stone_floor,0.21,2.47,0.0346,double_pane,180.0,1,0.5,0.44,3.97,6,600.0,unflued_combustion,True,184444.0,SOURCED,2.8766,0.3476,53171110.9,57728.3,0.7642
SIM_002047,Nyoma,4180.0,33.1958,78.6508,8.3,4.4,3.1,36.52,113.21,199.2,dense_concrete,0.29,eps,0.027,cgi_sheet,0.002,rockwool,0.122,dense_concrete,0.12,5.55,0.0705,triple_pane,180.0,1,0.5,0.82,3.01,13,1300.0,electric,False,325820.0,SOURCED,1.5707,0.6367,59510208.0,60207.9,0.7971
SIM_002048,Chushul,4350.0,33.5936,78.6543,5.7,5.4,2.4,30.78,73.87,165.3,rammed_earth,0.37,none,0.0,concrete,0.19,none,0.0,dense_concrete,0.12,4.97,0.0933,double_pane,180.0,1,0.5,0.51,2.32,5,500.0,unflued_combustion,True,148792.0,SOURCED,3.0388,0.3291,54178470.0,58880.1,0.7795
SIM_002049,Rezang La,5000.0,33.425,78.8472,8.1,5.4,3.0,43.74,131.22,152.9,rammed_earth,0.21,eps,0.04,pu_sandwich_panel,0.15,none,0.0,dense_concrete,0.13,10.42,0.1286,triple_pane,180.0,1,0.5,0.34,2.49,6,600.0,unflued_combustion,True,302195.0,SOURCED,1.4554,0.6871,40318038.2,54019.9,0.7151
SIM_002050,Pangong,4250.0,33.7595,78.6674,9.3,3.7,2.7,34.41,92.91,7.3,stone_masonry,0.44,rockwool,0.146,cgi_sheet,0.002,eps,0.131,stone_floor,0.12,2.34,0.0333,single_pane,180.0,0,0.0,0.34,4.23,8,800.0,electric,False,281311.0,SOURCED,1.3564,0.7372,69857732.8,59658.3,0.7898
SIM_002051,Depsang,5330.0,35.3167,78.0167,5.4,5.9,3.0,31.86,95.58,150.6,rammed_earth,0.23,straw_bale,0.121,cgi_sheet,0.002,rockwool,0.028,dense_concrete,0.11,2.39,0.0353,triple_pane,180.0,1,0.5,0.66,2.27,11,1100.0,electric,False,115001.0,SOURCED,1.5612,0.6405,37047668.5,51679.8,0.6842
SIM_002052,Kargil,2676.0,34.5539,76.1349,7.4,5.4,2.8,39.96,111.89,159.5,dense_concrete,0.13,straw_bale,0.08,pu_sandwich_panel,0.09,none,0.0,dense_concrete,0.2,7.48,0.1044,triple_pane,180.0,1,0.5,0.62,1.33,13,1300.0,electric,False,276595.0,SOURCED,1.3404,0.746,38904464.9,73045.7,0.967
SIM_002053,Leh,3500.0,34.1526,77.5771,9.6,5.5,3.1,52.8,163.68,50.9,mud_brick,0.25,straw_bale,0.032,cgi_sheet,0.002,eps,0.079,dense_concrete,0.18,7.84,0.0837,triple_pane,180.0,1,0.5,0.4,3.62,12,1200.0,electric,False,264638.0,SOURCED,1.5699,0.637,55168995.8,65764.1,0.8706
SIM_002054,Dras,3280.0,34.4293,75.7533,5.6,5.9,3.0,33.04,99.12,178.8,mud_brick,0.29,eps,0.052,concrete,0.15,rockwool,0.034,dense_concrete,0.21,7.46,0.1081,triple_pane,180.0,0,0.0,0.41,3.71,3,300.0,unflued_combustion,True,237216.0,SOURCED,1.37,0.7299,54302141.8,67647.9,0.8956
SIM_002055,Siachen,5400.0,35.4212,77.1095,9.9,5.0,2.5,49.5,123.75,283.6,mud_brick,0.28,eps,0.035,concrete,0.18,eps,0.115,stone_floor,0.21,6.09,0.0817,triple_pane,180.0,0,0.0,0.74,3.19,7,700.0,none,False,298925.0,SOURCED,1.4423,0.6933,71605284.5,51194.2,0.6777
SIM_002056,Daulat Beg Oldie,5065.0,35.4057,77.9297,7.1,5.3,2.5,37.63,94.07,166.7,pu_sandwich_panel,0.12,none,0.0,concrete,0.19,rockwool,0.115,dense_concrete,0.14,5.6,0.0903,triple_pane,180.0,1,0.5,0.6,2.44,9,900.0,none,False,289231.0,SOURCED,1.2926,0.7736,29181689.0,53552.3,0.709
SIM_002057,Galwan,4300.0,34.75,78.25,8.6,4.0,2.5,34.4,86.0,86.9,pu_sandwich_panel,0.05,none,0.0,concrete,0.19,eps,0.139,dense_concrete,0.21,1.01,0.016,double_pane,180.0,0,0.0,0.59,4.38,9,900.0,electric,False,195544.0,SOURCED,1.1965,0.8358,32056742.9,59268.2,0.7846
SIM_002058,Hanle,4500.0,32.7784,78.9642,5.4,3.6,3.1,19.44,60.26,188.1,stone_masonry,0.38,straw_bale,0.041,concrete,0.17,eps,0.039,stone_floor,0.18,7.45,0.1335,double_pane,180.0,1,0.5,0.87,1.78,5,500.0,none,False,189402.0,SOURCED,1.5903,0.6288,52542135.1,57728.3,0.7642
SIM_002059,Nyoma,4180.0,33.1958,78.6508,6.3,5.2,2.6,32.76,85.18,163.2,rammed_earth,0.49,rockwool,0.103,cgi_sheet,0.002,none,0.0,stone_floor,0.25,6.03,0.1008,double_pane,180.0,0,0.0,0.37,1.86,9,900.0,none,False,197282.0,SOURCED,2.6893,0.3718,65365731.7,60207.9,0.7971
SIM_002060,Chushul,4350.0,33.5936,78.6543,6.3,3.4,3.0,21.42,64.26,200.4,dense_concrete,0.15,rockwool,0.081,pu_sandwich_panel,0.1,none,0.0,dense_concrete,0.12,8.18,0.1405,single_pane,180.0,0,0.0,0.31,0.93,5,500.0,electric,False,168101.0,SOURCED,1.6063,0.6225,23502473.5,58880.1,0.7795
SIM_002061,Rezang La,5000.0,33.425,78.8472,8.4,3.9,3.1,32.76,101.56,210.0,dense_concrete,0.29,none,0.0,pu_sandwich_panel,0.14,none,0.0,stone_floor,0.22,11.02,0.1445,double_pane,180.0,0,0.0,0.69,3.25,6,600.0,flued_stove,False,341439.0,SOURCED,2.452,0.4078,59160208.6,54019.9,0.7151
SIM_002062,Pangong,4250.0,33.7595,78.6674,5.7,5.2,2.5,29.64,74.1,180.0,dense_concrete,0.17,eps,0.033,cgi_sheet,0.002,eps,0.131,dense_concrete,0.12,3.93,0.0721,double_pane,180.0,0,0.0,0.86,2.07,2,200.0,none,False,164155.0,SOURCED,1.652,0.6053,28428577.9,59658.3,0.7898
SIM_002063,Depsang,5330.0,35.3167,78.0167,9.9,3.5,2.5,34.65,86.62,95.4,stone_masonry,0.3,rockwool,0.029,pu_sandwich_panel,0.1,none,0.0,stone_floor,0.15,7.76,0.1158,double_pane,180.0,1,0.5,0.64,0.62,7,700.0,none,False,236852.0,SOURCED,1.569,0.6373,47195909.7,51679.8,0.6842
SIM_002064,Kargil,2676.0,34.5539,76.1349,7.7,3.4,3.2,26.18,83.78,136.1,mud_brick,0.43,rockwool,0.043,cgi_sheet,0.002,rockwool,0.073,stone_floor,0.22,6.44,0.0907,single_pane,180.0,1,0.5,0.33,0.41,4,400.0,unflued_combustion,True,195164.0,SOURCED,1.2156,0.8226,54261549.7,73045.7,0.967
SIM_002065,Leh,3500.0,34.1526,77.5771,4.6,3.7,3.1,17.02,52.76,177.5,rammed_earth,0.27,none,0.0,cgi_sheet,0.002,eps,0.111,dense_concrete,0.15,3.67,0.0713,single_pane,180.0,1,0.5,0.61,2.86,4,400.0,flued_stove,False,82518.0,SOURCED,2.3545,0.4247,29337573.7,65764.1,0.8706
SIM_002066,Dras,3280.0,34.4293,75.7533,5.8,4.8,2.7,27.84,75.17,165.7,mud_brick,0.33,eps,0.052,pu_sandwich_panel,0.15,none,0.0,stone_floor,0.21,1.31,0.0229,triple_pane,180.0,1,0.5,0.84,1.3,6,600.0,flued_stove,False,200201.0,SOURCED,1.1948,0.837,40438424.9,67647.9,0.8956
SIM_002067,Siachen,5400.0,35.4212,77.1095,6.2,3.9,3.0,24.18,72.54,190.2,pu_sandwich_panel,0.09,none,0.0,cgi_sheet,0.002,rockwool,0.128,stone_floor,0.24,7.96,0.1314,double_pane,180.0,0,0.0,0.54,1.11,4,400.0,none,False,181502.0,SOURCED,1.1557,0.8653,12952366.1,51194.2,0.6777
SIM_002068,Daulat Beg Oldie,5065.0,35.4057,77.9297,4.2,4.7,2.4,19.74,47.38,98.7,stone_masonry,0.27,eps,0.105,concrete,0.13,none,0.0,stone_floor,0.15,0.69,0.0162,triple_pane,180.0,0,0.0,0.7,3.64,3,300.0,electric,False,126499.0,SOURCED,2.1423,0.4668,35260370.1,53552.3,0.709
SIM_002069,Galwan,4300.0,34.75,78.25,7.3,4.8,2.5,35.04,87.6,165.8,rammed_earth,0.3,eps,0.061,concrete,0.11,rockwool,0.076,dense_concrete,0.17,5.9,0.0975,double_pane,180.0,1,0.5,0.29,2.15,13,1300.0,flued_stove,False,194667.0,SOURCED,1.3849,0.7221,52342781.3,59268.2,0.7846
SIM_002070,Hanle,4500.0,32.7784,78.9642,8.6,5.6,2.5,48.16,120.4,200.8,pu_sandwich_panel,0.07,none,0.0,pu_sandwich_panel,0.08,none,0.0,stone_floor,0.11,6.48,0.0913,double_pane,180.0,0,0.0,0.38,3.85,19,1900.0,none,False,202909.0,SOURCED,1.5948,0.627,11818549.3,57728.3,0.7642
SIM_002071,Nyoma,4180.0,33.1958,78.6508,6.4,4.3,2.6,27.52,71.55,150.7,mud_brick,0.24,straw_bale,0.087,pu_sandwich_panel,0.14,none,0.0,dense_concrete,0.17,0.4,0.0072,single_pane,180.0,0,0.0,0.74,1.36,6,600.0,unflued_combustion,True,155018.0,SOURCED,1.2808,0.7808,31818327.3,60207.9,0.7971
SIM_002072,Chushul,4350.0,33.5936,78.6543,8.2,4.0,2.9,32.8,95.12,188.2,dense_concrete,0.24,rockwool,0.064,pu_sandwich_panel,0.12,none,0.0,dense_concrete,0.16,4.48,0.0633,single_pane,180.0,1,0.5,0.67,1.32,5,500.0,electric,False,295508.0,SOURCED,1.2594,0.794,49122925.5,58880.1,0.7795
SIM_002073,Rezang La,5000.0,33.425,78.8472,7.4,5.2,3.1,38.48,119.29,115.2,dense_concrete,0.25,none,0.0,cgi_sheet,0.002,eps,0.061,dense_concrete,0.24,3.2,0.041,double_pane,180.0,0,0.0,0.7,0.32,12,1200.0,none,False,282310.0,SOURCED,2.5496,0.3922,64775987.5,54019.9,0.7151
SIM_002074,Pangong,4250.0,33.7595,78.6674,5.7,5.5,2.6,31.35,81.51,158.6,mud_brick,0.35,eps,0.041,pu_sandwich_panel,0.07,none,0.0,stone_floor,0.16,3.38,0.058,triple_pane,180.0,1,0.5,0.83,2.67,10,1000.0,electric,False,178786.0,SOURCED,1.4083,0.7101,39650009.5,59658.3,0.7898
SIM_002075,Depsang,5330.0,35.3167,78.0167,8.5,3.0,2.5,25.5,63.75,2.3,rammed_earth,0.44,straw_bale,0.086,cgi_sheet,0.002,eps,0.148,dense_concrete,0.24,8.07,0.1403,triple_pane,180.0,1,0.5,0.67,4.0,6,600.0,flued_stove,False,214123.0,SOURCED,1.1445,0.8737,54433121.6,51679.8,0.6842
SIM_002076,Kargil,2676.0,34.5539,76.1349,7.4,4.3,2.7,31.82,85.91,345.2,dense_concrete,0.21,none,0.0,cgi_sheet,0.002,none,0.0,dense_concrete,0.24,4.07,0.0644,double_pane,180.0,0,0.0,0.39,2.3,10,1000.0,electric,False,200823.0,SOURCED,3.9896,0.2507,46436533.8,73045.7,0.967
SIM_002077,Leh,3500.0,34.1526,77.5771,9.2,4.5,2.7,41.4,111.78,203.1,dense_concrete,0.27,rockwool,0.032,concrete,0.18,rockwool,0.033,stone_floor,0.21,10.54,0.1425,double_pane,180.0,0,0.0,0.23,0.92,1,100.0,electric,False,339564.0,SOURCED,1.7268,0.5791,75245332.3,65764.1,0.8706
SIM_002078,Dras,3280.0,34.4293,75.7533,7.9,4.4,2.7,34.76,93.85,151.0,dense_concrete,0.18,rockwool,0.043,pu_sandwich_panel,0.13,none,0.0,dense_concrete,0.24,8.4,0.1265,single_pane,180.0,0,0.0,0.54,3.43,7,700.0,flued_stove,False,272576.0,SOURCED,1.5344,0.6517,43645915.7,67647.9,0.8956
SIM_002079,Siachen,5400.0,35.4212,77.1095,5.5,4.4,3.0,24.2,72.6,282.0,dense_concrete,0.21,eps,0.135,pu_sandwich_panel,0.1,none,0.0,dense_concrete,0.16,0.14,0.0024,double_pane,180.0,0,0.0,0.86,3.56,8,800.0,unflued_combustion,True,231588.0,SOURCED,1.0572,0.9459,37993153.0,51194.2,0.6777
SIM_002080,Daulat Beg Oldie,5065.0,35.4057,77.9297,5.1,5.8,2.7,29.58,79.87,155.4,stone_masonry,0.38,eps,0.142,concrete,0.14,rockwool,0.083,dense_concrete,0.19,0.75,0.0127,single_pane,180.0,1,0.5,0.74,2.21,2,200.0,unflued_combustion,True,254500.0,SOURCED,1.1328,0.8828,67412831.1,53552.3,0.709
SIM_002081,Galwan,4300.0,34.75,78.25,9.8,3.5,2.8,34.3,96.04,212.0,pu_sandwich_panel,0.09,none,0.0,pu_sandwich_panel,0.15,none,0.0,dense_concrete,0.2,9.25,0.1242,double_pane,180.0,1,0.5,0.23,2.17,13,1300.0,flued_stove,False,293596.0,SOURCED,1.0723,0.9326,16470611.1,59268.2,0.7846
SIM_002082,Hanle,4500.0,32.7784,78.9642,9.2,5.6,2.6,51.52,133.95,224.5,dense_concrete,0.16,rockwool,0.067,concrete,0.17,eps,0.145,dense_concrete,0.19,8.82,0.1146,double_pane,180.0,0,0.0,0.61,1.09,14,1400.0,electric,False,362130.0,SOURCED,1.4217,0.7034,68282503.0,57728.3,0.7642
SIM_002083,Nyoma,4180.0,33.1958,78.6508,4.8,4.5,3.2,21.6,69.12,161.0,rammed_earth,0.32,eps,0.034,concrete,0.18,none,0.0,stone_floor,0.21,1.03,0.0173,single_pane,180.0,1,0.5,0.46,2.18,8,800.0,flued_stove,False,123865.0,SOURCED,1.9813,0.5047,52396611.6,60207.9,0.7971
SIM_002084,Chushul,4350.0,33.5936,78.6543,5.0,5.4,2.9,27.0,78.3,182.2,dense_concrete,0.12,rockwool,0.053,cgi_sheet,0.002,rockwool,0.116,stone_floor,0.13,3.23,0.0535,single_pane,180.0,0,0.0,0.54,1.49,10,1000.0,none,False,142142.0,SOURCED,1.5451,0.6472,23727386.1,58880.1,0.7795
SIM_002085,Rezang La,5000.0,33.425,78.8472,5.1,5.5,2.6,28.05,72.93,203.4,rammed_earth,0.38,eps,0.126,concrete,0.15,none,0.0,stone_floor,0.24,1.51,0.0274,triple_pane,180.0,0,0.0,0.26,4.4,7,700.0,flued_stove,False,182773.0,SOURCED,2.0021,0.4995,60940826.2,54019.9,0.7151
SIM_002086,Pangong,4250.0,33.7595,78.6674,6.5,3.2,2.8,20.8,58.24,200.3,pu_sandwich_panel,0.06,none,0.0,concrete,0.14,rockwool,0.104,stone_floor,0.11,3.88,0.0714,triple_pane,180.0,0,0.0,0.3,2.16,3,300.0,unflued_combustion,True,131109.0,SOURCED,1.2899,0.7753,11862525.8,59658.3,0.7898
SIM_002087,Depsang,5330.0,35.3167,78.0167,7.6,4.7,3.0,35.72,107.16,157.0,rammed_earth,0.45,none,0.0,concrete,0.12,none,0.0,stone_floor,0.17,2.34,0.0317,single_pane,180.0,1,0.5,0.81,0.58,10,1000.0,unflued_combustion,True,163585.0,SOURCED,2.9475,0.3393,80718851.6,51679.8,0.6842
SIM_002088,Kargil,2676.0,34.5539,76.1349,4.2,3.7,3.2,15.54,49.73,175.5,stone_masonry,0.46,straw_bale,0.07,concrete,0.13,eps,0.068,stone_floor,0.16,3.13,0.0619,triple_pane,180.0,0,0.0,0.63,0.58,6,600.0,flued_stove,False,171166.0,SOURCED,1.3299,0.7519,54657438.0,73045.7,0.967
SIM_002089,Leh,3500.0,34.1526,77.5771,7.1,4.4,2.9,31.24,90.6,346.1,mud_brick,0.35,straw_bale,0.073,cgi_sheet,0.002,eps,0.139,dense_concrete,0.19,4.64,0.0696,double_pane,180.0,1,0.5,0.45,2.52,11,1100.0,flued_stove,False,190911.0,SOURCED,1.2592,0.7942,47508687.8,65764.1,0.8706
SIM_002090,Dras,3280.0,34.4293,75.7533,6.3,5.1,2.6,32.13,83.54,150.4,dense_concrete,0.27,rockwool,0.096,cgi_sheet,0.002,eps,0.134,stone_floor,0.16,3.38,0.057,double_pane,180.0,1,0.5,0.58,2.82,2,200.0,flued_stove,False,261890.0,SOURCED,1.3013,0.7685,46320939.5,67647.9,0.8956
SIM_002091,Siachen,5400.0,35.4212,77.1095,9.2,4.1,2.7,37.72,101.84,155.3,stone_masonry,0.3,none,0.0,pu_sandwich_panel,0.12,none,0.0,stone_floor,0.24,1.79,0.0249,double_pane,180.0,0,0.0,0.78,1.97,2,200.0,flued_stove,False,247545.0,SOURCED,2.5191,0.397,61914190.7,51194.2,0.6777
SIM_002092,Daulat Beg Oldie,5065.0,35.4057,77.9297,7.5,3.4,2.7,25.5,68.85,198.5,dense_concrete,0.28,eps,0.095,pu_sandwich_panel,0.09,none,0.0,dense_concrete,0.24,1.71,0.0291,triple_pane,180.0,1,0.5,0.64,3.98,7,700.0,flued_stove,False,279518.0,SOURCED,1.0116,0.9885,51248199.2,53552.3,0.709
SIM_002093,Galwan,4300.0,34.75,78.25,9.0,5.2,2.9,46.8,135.72,158.5,stone_masonry,0.27,none,0.0,pu_sandwich_panel,0.14,none,0.0,stone_floor,0.22,8.49,0.1031,double_pane,180.0,1,0.5,0.61,4.06,11,1100.0,electric,False,327260.0,SOURCED,2.4846,0.4025,62561851.8,59268.2,0.7846
SIM_002094,Hanle,4500.0,32.7784,78.9642,4.3,5.5,2.9,23.65,68.58,157.1,stone_masonry,0.22,none,0.0,concrete,0.18,rockwool,0.1,dense_concrete,0.15,4.62,0.0813,double_pane,180.0,0,0.0,0.23,2.21,1,100.0,none,False,153581.0,SOURCED,2.9477,0.3392,41258998.4,57728.3,0.7642
SIM_002095,Nyoma,4180.0,33.1958,78.6508,9.3,3.3,2.6,30.69,79.79,176.9,stone_masonry,0.35,none,0.0,concrete,0.17,none,0.0,dense_concrete,0.22,8.55,0.1305,triple_pane,180.0,1,0.5,0.67,1.61,2,200.0,electric,False,268380.0,SOURCED,3.1428,0.3182,67790880.9,60207.9,0.7971
SIM_002096,Chushul,4350.0,33.5936,78.6543,7.4,5.7,2.7,42.18,113.89,182.0,pu_sandwich_panel,0.06,none,0.0,concrete,0.12,rockwool,0.11,stone_floor,0.15,2.32,0.0328,single_pane,180.0,1,0.5,0.64,3.74,14,1400.0,unflued_combustion,True,192092.0,SOURCED,1.3842,0.7224,25592739.2,58880.1,0.7795
SIM_002097,Rezang La,5000.0,33.425,78.8472,4.5,4.0,2.7,18.0,48.6,202.5,pu_sandwich_panel,0.06,none,0.0,cgi_sheet,0.002,eps,0.139,dense_concrete,0.22,3.33,0.0725,single_pane,180.0,1,0.5,0.89,2.28,2,200.0,flued_stove,False,107596.0,SOURCED,1.0555,0.9474,9508318.9,54019.9,0.7151
SIM_002098,Pangong,4250.0,33.7595,78.6674,5.7,4.7,2.8,26.79,75.01,159.6,stone_masonry,0.37,eps,0.076,concrete,0.15,none,0.0,stone_floor,0.21,7.0,0.1202,double_pane,180.0,0,0.0,0.25,2.46,6,600.0,unflued_combustion,True,215088.0,SOURCED,2.1794,0.4588,59614366.4,59658.3,0.7898
SIM_002099,Depsang,5330.0,35.3167,78.0167,5.8,3.2,2.8,18.56,51.97,186.9,rammed_earth,0.42,eps,0.064,pu_sandwich_panel,0.13,none,0.0,stone_floor,0.19,0.1,0.002,double_pane,180.0,0,0.0,0.39,1.96,7,700.0,flued_stove,False,136596.0,SOURCED,1.1038,0.906,45803921.2,51679.8,0.6842
SIM_002100,Kargil,2676.0,34.5539,76.1349,4.8,5.3,2.8,25.44,71.23,176.7,pu_sandwich_panel,0.08,none,0.0,pu_sandwich_panel,0.07,none,0.0,dense_concrete,0.18,1.66,0.0293,double_pane,180.0,0,0.0,0.4,4.35,1,100.0,unflued_combustion,True,147353.0,SOURCED,1.1336,0.8821,10947063.7,73045.7,0.967
