simulation_id,location,altitude_m,dominant_heat_loss_component,secondary_heat_loss_component,wall_loss_kwh,roof_loss_kwh,floor_loss_kwh,glazing_loss_kwh,infiltration_loss_kwh,sky_loss_kwh,total_loss_kwh,wall_loss_pct,roof_loss_pct,floor_loss_pct,glazing_loss_pct,infiltration_loss_pct,sky_loss_pct,sum_loss_pct,recommended_intervention,intervention_reason,min_indoor_temperature_C,max_indoor_temperature_C,avg_indoor_temperature_C,comfort_hours,hours_below_18C
SIM_000001,Leh,3500.0,FLOOR,INFILTRATION,2.02,3.266,14.022,0.782,9.641,0.389,30.119,6.71,10.84,46.56,2.6,32.01,1.29,100.01,Install sub-base perimeter slab insulation,Ground conduction is primary heat drain.,-13.55,-5.61,-8.99,0,24
SIM_000002,Dras,3280.0,WALL,FLOOR,8.797,0.6,5.331,0.737,1.501,0.056,17.022,51.68,3.53,31.32,4.33,8.82,0.33,100.01,Add 75mm exterior insulation (EPS/rockwool),Wall conduction accounts for highest percentage of heat loss.,-27.16,-22.34,-24.46,0,24
SIM_000003,Siachen,5400.0,FLOOR,WALL,11.426,1.693,17.45,6.434,2.972,0.059,40.034,28.54,4.23,43.59,16.07,7.42,0.15,100.0,Install sub-base perimeter slab insulation,Ground conduction is primary heat drain.,-41.52,-37.41,-38.73,0,24
SIM_000004,Daulat Beg Oldie,5065.0,ROOF,FLOOR,2.932,24.701,16.492,2.367,8.63,4.12,59.242,4.95,41.7,27.84,3.99,14.57,6.95,100.0,Add 100mm exterior roof insulation,Roof conduction loss dominates envelope heat transfer.,-34.83,-27.6,-30.18,0,24
SIM_000005,Galwan,4300.0,FLOOR,INFILTRATION,2.441,3.417,8.791,2.568,3.564,0.355,21.136,11.55,16.16,41.59,12.15,16.86,1.68,99.99,Install sub-base perimeter slab insulation,Ground conduction is primary heat drain.,-26.06,-19.05,-21.25,0,24
SIM_000006,Hanle,4500.0,FLOOR,INFILTRATION,1.229,1.743,7.188,1.716,4.652,0.414,16.943,7.26,10.29,42.43,10.13,27.46,2.44,100.01,Install sub-base perimeter slab insulation,Ground conduction is primary heat drain.,-20.21,-12.24,-15.14,0,24
SIM_000007,Nyoma,4180.0,FLOOR,INFILTRATION,2.72,0.571,9.741,0.231,5.433,0.057,18.752,14.5,3.04,51.94,1.23,28.97,0.31,99.99,Install sub-base perimeter slab insulation,Ground conduction is primary heat drain.,-18.83,-11.84,-15.06,0,24
SIM_000008,Chushul,4350.0,FLOOR,WALL,3.544,0.562,6.403,0.487,0.382,0.043,11.421,31.03,4.92,56.06,4.27,3.34,0.38,100.0,Install sub-base perimeter slab insulation,Ground conduction is primary heat drain.,-37.47,-30.22,-32.9,0,24
SIM_000009,Rezang La,5000.0,FLOOR,WALL,3.977,1.943,17.047,3.93,2.87,0.055,29.822,13.34,6.52,57.16,13.18,9.62,0.18,100.0,Install sub-base perimeter slab insulation,Ground conduction is primary heat drain.,-26.45,-18.97,-21.89,0,24
SIM_000010,Pangong,4250.0,FLOOR,WALL,4.392,2.163,9.052,0.54,3.473,0.225,19.844,22.13,10.9,45.62,2.72,17.5,1.13,100.0,Install sub-base perimeter slab insulation,Ground conduction is primary heat drain.,-22.24,-17.81,-19.76,0,24
SIM_000011,Depsang,5330.0,FLOOR,INFILTRATION,3.999,1.401,10.059,1.212,5.877,0.26,22.806,17.53,6.14,44.11,5.31,25.77,1.14,100.0,Install sub-base perimeter slab insulation,Ground conduction is primary heat drain.,-44.7,-38.56,-41.41,0,24
SIM_000012,Kargil,2676.0,FLOOR,ROOF,1.886,8.339,9.359,0.7,2.839,0.59,23.712,7.96,35.17,39.47,2.95,11.97,2.49,100.01,Install sub-base perimeter slab insulation,Ground conduction is primary heat drain.,-16.74,-9.73,-12.21,0,24
SIM_000013,Leh,3500.0,FLOOR,WALL,4.815,1.611,14.601,3.426,0.329,0.076,24.858,19.37,6.48,58.74,13.78,1.32,0.3,99.99,Install sub-base perimeter slab insulation,Ground conduction is primary heat drain.,-14.64,-5.97,-8.84,0,24
SIM_000014,Dras,3280.0,FLOOR,INFILTRATION,1.822,1.141,4.352,0.035,3.178,0.128,10.655,17.1,10.71,40.84,0.33,29.83,1.2,100.01,Install sub-base perimeter slab insulation,Ground conduction is primary heat drain.,-23.08,-14.21,-18.16,0,24
SIM_000015,Siachen,5400.0,FLOOR,INFILTRATION,1.561,0.805,7.617,1.19,2.771,0.043,13.988,11.16,5.76,54.46,8.51,19.81,0.31,100.01,Install sub-base perimeter slab insulation,Ground conduction is primary heat drain.,-32.31,-29.31,-30.39,0,24
SIM_000016,Daulat Beg Oldie,5065.0,ROOF,FLOOR,1.866,14.419,9.439,0.128,3.33,2.163,31.345,5.95,46.0,30.11,0.41,10.62,6.9,99.99,Add 100mm exterior roof insulation,Roof conduction loss dominates envelope heat transfer.,-49.36,-38.43,-43.11,0,24
SIM_000017,Galwan,4300.0,FLOOR,INFILTRATION,4.658,3.714,33.387,1.873,6.276,0.288,50.196,9.28,7.4,66.51,3.73,12.5,0.57,99.99,Install sub-base perimeter slab insulation,Ground conduction is primary heat drain.,-19.15,-15.65,-16.96,0,24
SIM_000018,Hanle,4500.0,FLOOR,GLAZING,1.259,0.841,6.409,2.04,0.903,0.118,11.571,10.88,7.27,55.39,17.63,7.8,1.02,99.99,Install sub-base perimeter slab insulation,Ground conduction is primary heat drain.,-28.25,-21.04,-23.2,0,24
SIM_000019,Nyoma,4180.0,ROOF,FLOOR,1.755,16.302,12.436,2.698,7.566,2.579,43.335,4.05,37.62,28.7,6.22,17.46,5.95,100.0,Add 100mm exterior roof insulation,Roof conduction loss dominates envelope heat transfer.,-32.64,-22.58,-26.53,0,24
SIM_000020,Chushul,4350.0,FLOOR,WALL,15.226,1.358,18.046,1.134,12.383,0.136,48.284,31.53,2.81,37.37,2.35,25.65,0.28,99.99,Install sub-base perimeter slab insulation,Ground conduction is primary heat drain.,-24.5,-19.8,-21.86,0,24
SIM_000021,Rezang La,5000.0,FLOOR,WALL,4.24,1.803,5.554,0.475,3.948,0.228,16.249,26.1,11.1,34.18,2.92,24.3,1.4,100.0,Install sub-base perimeter slab insulation,Ground conduction is primary heat drain.,-30.15,-28.14,-29.14,0,24
SIM_000022,Pangong,4250.0,FLOOR,INFILTRATION,1.457,0.82,5.359,0.799,4.463,0.165,13.063,11.15,6.28,41.03,6.12,34.16,1.26,100.0,Install sub-base perimeter slab insulation,Ground conduction is primary heat drain.,-17.48,-12.34,-14.21,0,24
SIM_000023,Depsang,5330.0,WALL,FLOOR,9.665,1.9,7.44,0.83,2.56,0.008,22.404,43.14,8.48,33.21,3.7,11.42,0.04,99.99,Add 75mm exterior insulation (EPS/rockwool),Wall conduction accounts for highest percentage of heat loss.,-34.96,-30.54,-32.73,0,24
SIM_000024,Kargil,2676.0,FLOOR,INFILTRATION,3.146,0.952,10.883,0.614,9.813,0.151,25.559,12.31,3.73,42.58,2.4,38.39,0.59,100.0,Install sub-base perimeter slab insulation,Ground conduction is primary heat drain.,-26.68,-18.77,-22.27,0,24
SIM_000025,Leh,3500.0,FLOOR,INFILTRATION,2.146,1.048,8.257,1.746,2.524,0.348,16.068,13.35,6.52,51.39,10.87,15.71,2.16,100.0,Install sub-base perimeter slab insulation,Ground conduction is primary heat drain.,-13.37,-8.82,-10.4,0,24
SIM_000026,Dras,3280.0,FLOOR,INFILTRATION,3.094,1.64,11.468,0.104,6.043,0.212,22.56,13.71,7.27,50.83,0.46,26.79,0.94,100.0,Install sub-base perimeter slab insulation,Ground conduction is primary heat drain.,-28.94,-21.03,-24.56,0,24
SIM_000027,Siachen,5400.0,FLOOR,WALL,1.947,1.335,11.994,0.741,1.813,0.068,17.898,10.88,7.46,67.02,4.14,10.13,0.38,100.01,Install sub-base perimeter slab insulation,Ground conduction is primary heat drain.,-43.29,-37.86,-39.61,0,24
SIM_000028,Daulat Beg Oldie,5065.0,WALL,FLOOR,14.348,1.166,13.843,1.886,2.148,0.082,33.473,42.86,3.48,41.35,5.63,6.42,0.25,99.99,Add 75mm exterior insulation (EPS/rockwool),Wall conduction accounts for highest percentage of heat loss.,-32.18,-27.61,-29.78,0,24
SIM_000029,Galwan,4300.0,FLOOR,INFILTRATION,3.309,0.635,10.927,0.695,8.095,0.095,23.756,13.93,2.67,45.99,2.93,34.08,0.4,100.0,Install sub-base perimeter slab insulation,Ground conduction is primary heat drain.,-28.02,-19.14,-22.94,0,24
SIM_000030,Hanle,4500.0,FLOOR,WALL,3.896,2.241,9.539,0.58,3.686,0.396,20.339,19.15,11.02,46.9,2.85,18.12,1.95,99.99,Install sub-base perimeter slab insulation,Ground conduction is primary heat drain.,-19.0,-9.19,-13.77,0,24
SIM_000031,Nyoma,4180.0,FLOOR,INFILTRATION,2.064,0.995,8.039,1.695,2.502,0.072,15.366,13.43,6.48,52.32,11.03,16.28,0.47,100.01,Install sub-base perimeter slab insulation,Ground conduction is primary heat drain.,-20.49,-11.36,-14.99,0,24
SIM_000032,Chushul,4350.0,FLOOR,WALL,2.3,0.697,4.93,0.138,2.158,0.061,10.285,22.37,6.78,47.93,1.34,20.98,0.6,100.0,Install sub-base perimeter slab insulation,Ground conduction is primary heat drain.,-39.69,-30.82,-35.15,0,24
SIM_000033,Rezang La,5000.0,WALL,FLOOR,12.405,1.538,11.906,1.99,2.889,0.138,30.867,40.19,4.98,38.57,6.45,9.36,0.45,100.0,Add 75mm exterior insulation (EPS/rockwool),Wall conduction accounts for highest percentage of heat loss.,-24.8,-23.01,-23.71,0,24
SIM_000034,Pangong,4250.0,FLOOR,INFILTRATION,2.821,2.54,18.918,1.025,8.836,0.26,34.4,8.2,7.38,54.99,2.98,25.69,0.75,99.99,Install sub-base perimeter slab insulation,Ground conduction is primary heat drain.,-22.58,-17.35,-19.57,0,24
SIM_000035,Depsang,5330.0,FLOOR,GLAZING,0.952,0.898,6.075,3.428,0.718,0.06,12.13,7.85,7.4,50.08,28.26,5.92,0.49,100.0,Install sub-base perimeter slab insulation,Ground conduction is primary heat drain.,-45.1,-36.53,-40.69,0,24
SIM_000036,Kargil,2676.0,WALL,INFILTRATION,8.368,3.166,6.065,0.788,7.299,0.394,26.081,32.09,12.14,23.26,3.02,27.99,1.51,100.01,Add 75mm exterior insulation (EPS/rockwool),Wall conduction accounts for highest percentage of heat loss.,-15.86,-10.91,-13.23,0,24
SIM_000037,Leh,3500.0,ROOF,FLOOR,1.628,9.222,6.892,0.278,3.576,1.109,22.705,7.17,40.62,30.36,1.22,15.75,4.88,100.0,Add 100mm exterior roof insulation,Roof conduction loss dominates envelope heat transfer.,-17.21,-8.51,-12.04,0,24
SIM_000038,Dras,3280.0,ROOF,FLOOR,3.699,18.931,10.138,0.374,0.569,2.379,36.09,10.25,52.46,28.09,1.04,1.58,6.59,100.01,Add 100mm exterior roof insulation,Roof conduction loss dominates envelope heat transfer.,-22.53,-13.61,-17.26,0,24
SIM_000039,Siachen,5400.0,FLOOR,GLAZING,0.533,0.476,4.346,1.582,0.679,0.057,7.673,6.94,6.2,56.64,20.63,8.85,0.75,100.01,Install sub-base perimeter slab insulation,Ground conduction is primary heat drain.,-34.52,-28.09,-30.73,0,24
SIM_000040,Daulat Beg Oldie,5065.0,FLOOR,ROOF,2.398,3.926,24.86,0.472,1.946,0.32,33.921,7.07,11.57,73.29,1.39,5.74,0.94,100.0,Install sub-base perimeter slab insulation,Ground conduction is primary heat drain.,-40.59,-35.8,-38.15,0,24
SIM_000041,Galwan,4300.0,FLOOR,INFILTRATION,2.454,2.055,10.557,0.452,5.308,0.204,21.029,11.67,9.77,50.2,2.15,25.24,0.97,100.0,Install sub-base perimeter slab insulation,Ground conduction is primary heat drain.,-23.44,-18.88,-20.96,0,24
SIM_000042,Hanle,4500.0,FLOOR,INFILTRATION,2.34,1.54,10.005,0.828,6.531,0.153,21.398,10.94,7.2,46.76,3.87,30.52,0.71,100.0,Install sub-base perimeter slab insulation,Ground conduction is primary heat drain.,-28.42,-17.37,-21.47,0,24
SIM_000043,Nyoma,4180.0,FLOOR,INFILTRATION,0.727,1.27,4.586,0.115,2.146,0.013,8.857,8.2,14.34,51.78,1.29,24.23,0.15,99.99,Install sub-base perimeter slab insulation,Ground conduction is primary heat drain.,-31.61,-26.48,-29.1,0,24
SIM_000044,Chushul,4350.0,FLOOR,INFILTRATION,1.802,1.308,17.782,0.48,3.559,0.15,25.082,7.19,5.21,70.89,1.92,14.19,0.6,100.0,Install sub-base perimeter slab insulation,Ground conduction is primary heat drain.,-23.99,-17.18,-20.39,0,24
SIM_000045,Rezang La,5000.0,ROOF,FLOOR,1.155,7.767,5.617,0.462,2.796,2.873,20.67,5.59,37.58,27.17,2.24,13.53,13.9,100.01,Add 100mm exterior roof insulation,Roof conduction loss dominates envelope heat transfer.,-33.2,-25.18,-28.66,0,24
SIM_000046,Pangong,4250.0,FLOOR,INFILTRATION,2.61,1.706,7.231,0.976,4.84,0.172,17.535,14.89,9.73,41.24,5.56,27.6,0.98,100.0,Install sub-base perimeter slab insulation,Ground conduction is primary heat drain.,-20.22,-12.98,-15.92,0,24
SIM_000047,Depsang,5330.0,FLOOR,INFILTRATION,1.349,2.566,12.008,1.557,5.727,0.434,23.641,5.71,10.85,50.79,6.59,24.23,1.83,100.0,Install sub-base perimeter slab insulation,Ground conduction is primary heat drain.,-32.12,-27.39,-29.29,0,24
SIM_000048,Kargil,2676.0,FLOOR,INFILTRATION,1.781,1.667,12.818,0.954,1.989,0.144,19.353,9.2,8.61,66.23,4.93,10.28,0.74,99.99,Install sub-base perimeter slab insulation,Ground conduction is primary heat drain.,-23.4,-20.66,-21.81,0,24
SIM_000049,Leh,3500.0,FLOOR,INFILTRATION,0.743,1.161,3.265,0.165,2.755,0.53,8.62,8.62,13.47,37.88,1.91,31.96,6.15,99.99,Install sub-base perimeter slab insulation,Ground conduction is primary heat drain.,-13.43,-8.6,-11.0,0,24
SIM_000050,Dras,3280.0,FLOOR,INFILTRATION,2.628,2.732,16.293,0.332,8.476,0.151,30.612,8.58,8.93,53.23,1.08,27.69,0.49,100.0,Install sub-base perimeter slab insulation,Ground conduction is primary heat drain.,-28.2,-20.31,-24.29,0,24
SIM_000051,Siachen,5400.0,FLOOR,WALL,2.473,1.241,11.364,1.277,1.657,0.066,18.077,13.68,6.86,62.86,7.06,9.17,0.36,99.99,Install sub-base perimeter slab insulation,Ground conduction is primary heat drain.,-41.33,-37.45,-38.91,0,24
SIM_000052,Daulat Beg Oldie,5065.0,ROOF,FLOOR,3.416,8.143,7.615,2.02,2.546,1.298,25.038,13.64,32.52,30.41,8.07,10.17,5.19,100.0,Add 100mm exterior roof insulation,Roof conduction loss dominates envelope heat transfer.,-37.36,-26.67,-30.56,0,24
SIM_000053,Galwan,4300.0,FLOOR,WALL,0.858,0.646,3.209,0.142,0.191,0.072,5.118,16.76,12.63,62.7,2.78,3.72,1.41,100.0,Install sub-base perimeter slab insulation,Ground conduction is primary heat drain.,-29.71,-20.86,-24.54,0,24
SIM_000054,Hanle,4500.0,FLOOR,WALL,4.064,1.44,6.802,0.154,0.4,0.252,13.112,30.99,10.99,51.87,1.18,3.05,1.92,100.0,Install sub-base perimeter slab insulation,Ground conduction is primary heat drain.,-19.72,-14.28,-16.82,0,24
SIM_000055,Nyoma,4180.0,FLOOR,ROOF,0.379,4.669,7.041,0.42,1.33,0.028,13.866,2.74,33.67,50.77,3.03,9.59,0.2,100.0,Install sub-base perimeter slab insulation,Ground conduction is primary heat drain.,-24.88,-12.8,-18.12,0,24
SIM_000056,Chushul,4350.0,FLOOR,ROOF,1.632,3.755,7.063,0.422,2.722,2.913,18.507,8.82,20.29,38.16,2.28,14.71,15.74,100.0,Install sub-base perimeter slab insulation,Ground conduction is primary heat drain.,-39.96,-32.41,-35.83,0,24
SIM_000057,Rezang La,5000.0,FLOOR,WALL,7.241,2.104,7.863,0.156,1.113,0.055,18.533,39.07,11.35,42.43,0.84,6.01,0.3,100.0,Install sub-base perimeter slab insulation,Ground conduction is primary heat drain.,-25.08,-23.49,-24.36,0,24
SIM_000058,Pangong,4250.0,FLOOR,INFILTRATION,2.861,1.169,13.322,0.509,11.766,0.129,29.757,9.61,3.93,44.77,1.71,39.54,0.43,99.99,Install sub-base perimeter slab insulation,Ground conduction is primary heat drain.,-23.55,-17.34,-20.02,0,24
SIM_000059,Depsang,5330.0,FLOOR,INFILTRATION,5.732,2.114,16.114,0.441,12.582,0.27,37.254,15.39,5.68,43.25,1.18,33.77,0.72,99.99,Install sub-base perimeter slab insulation,Ground conduction is primary heat drain.,-43.26,-37.59,-40.23,0,24
SIM_000060,Kargil,2676.0,FLOOR,INFILTRATION,2.804,1.422,7.187,0.045,4.781,0.088,16.326,17.17,8.71,44.02,0.28,29.28,0.54,100.0,Install sub-base perimeter slab insulation,Ground conduction is primary heat drain.,-13.93,-8.72,-10.88,0,24
SIM_000061,Leh,3500.0,FLOOR,INFILTRATION,1.718,0.877,5.432,0.817,3.108,0.09,12.042,14.27,7.28,45.11,6.78,25.81,0.75,100.0,Install sub-base perimeter slab insulation,Ground conduction is primary heat drain.,-15.54,-9.14,-11.8,0,24
SIM_000062,Dras,3280.0,WALL,FLOOR,5.525,0.284,3.542,1.402,2.559,0.081,13.393,41.26,2.12,26.45,10.47,19.11,0.6,100.01,Add 75mm exterior insulation (EPS/rockwool),Wall conduction accounts for highest percentage of heat loss.,-21.08,-16.96,-18.6,0,24
SIM_000063,Siachen,5400.0,WALL,FLOOR,9.861,0.965,4.306,0.162,2.888,0.011,18.193,54.2,5.3,23.67,0.89,15.87,0.06,99.99,Add 75mm exterior insulation (EPS/rockwool),Wall conduction accounts for highest percentage of heat loss.,-33.18,-28.71,-30.89,0,24
SIM_000064,Daulat Beg Oldie,5065.0,FLOOR,INFILTRATION,2.139,4.996,17.094,0.205,13.292,0.613,38.338,5.58,13.03,44.59,0.53,34.67,1.6,100.0,Install sub-base perimeter slab insulation,Ground conduction is primary heat drain.,-47.84,-36.82,-42.02,0,24
SIM_000065,Galwan,4300.0,FLOOR,INFILTRATION,6.362,2.225,19.874,0.278,10.53,0.311,39.579,16.07,5.62,50.21,0.7,26.6,0.78,99.98,Install sub-base perimeter slab insulation,Ground conduction is primary heat drain.,-23.51,-15.27,-19.3,0,24
SIM_000066,Hanle,4500.0,FLOOR,INFILTRATION,4.895,2.138,18.825,0.229,11.453,0.16,37.7,12.98,5.67,49.94,0.61,30.38,0.42,100.0,Install sub-base perimeter slab insulation,Ground conduction is primary heat drain.,-24.41,-17.79,-21.21,0,24
SIM_000067,Nyoma,4180.0,FLOOR,INFILTRATION,1.98,2.791,15.664,1.079,11.359,0.245,33.117,5.98,8.43,47.3,3.26,34.3,0.74,100.01,Install sub-base perimeter slab insulation,Ground conduction is primary heat drain.,-28.59,-23.3,-25.29,0,24
SIM_000068,Chushul,4350.0,FLOOR,INFILTRATION,1.65,0.606,4.319,0.203,2.432,0.085,9.294,17.75,6.52,46.47,2.18,26.16,0.91,99.99,Install sub-base perimeter slab insulation,Ground conduction is primary heat drain.,-29.48,-20.52,-24.73,0,24
SIM_000069,Rezang La,5000.0,WALL,ROOF,8.627,7.563,4.321,0.916,1.437,0.308,23.173,37.23,32.64,18.65,3.95,6.2,1.33,100.0,Add 75mm exterior insulation (EPS/rockwool),Wall conduction accounts for highest percentage of heat loss.,-30.41,-25.96,-27.58,0,24
SIM_000070,Pangong,4250.0,FLOOR,INFILTRATION,2.536,1.311,16.175,0.738,7.107,0.116,27.983,9.06,4.68,57.8,2.64,25.4,0.41,99.99,Install sub-base perimeter slab insulation,Ground conduction is primary heat drain.,-14.83,-8.73,-11.41,0,24
SIM_000071,Depsang,5330.0,FLOOR,ROOF,3.638,13.018,15.933,1.595,0.919,2.954,38.057,9.56,34.21,41.87,4.19,2.42,7.76,100.01,Install sub-base perimeter slab insulation,Ground conduction is primary heat drain.,-33.82,-27.36,-30.49,0,24
SIM_000072,Kargil,2676.0,FLOOR,INFILTRATION,1.182,0.836,5.836,0.118,1.309,0.093,9.374,12.61,8.92,62.26,1.26,13.97,0.99,100.01,Install sub-base perimeter slab insulation,Ground conduction is primary heat drain.,-26.72,-19.88,-23.11,0,24
SIM_000073,Leh,3500.0,WALL,FLOOR,5.835,0.586,4.655,0.511,2.122,0.055,13.764,42.4,4.25,33.82,3.71,15.42,0.4,100.0,Add 75mm exterior insulation (EPS/rockwool),Wall conduction accounts for highest percentage of heat loss.,-11.31,-8.5,-9.86,0,24
SIM_000074,Dras,3280.0,ROOF,FLOOR,1.558,15.078,11.456,0.16,5.358,1.235,34.846,4.47,43.27,32.88,0.46,15.38,3.54,100.0,Add 100mm exterior roof insulation,Roof conduction loss dominates envelope heat transfer.,-32.73,-23.02,-27.17,0,24
SIM_000075,Siachen,5400.0,FLOOR,INFILTRATION,2.916,3.22,23.568,2.203,7.751,0.138,39.797,7.33,8.09,59.22,5.53,19.48,0.35,100.0,Install sub-base perimeter slab insulation,Ground conduction is primary heat drain.,-40.9,-37.0,-38.69,0,24
SIM_000076,Daulat Beg Oldie,5065.0,ROOF,FLOOR,2.067,6.719,5.651,0.873,1.922,0.962,18.193,11.36,36.93,31.06,4.8,10.56,5.29,100.0,Add 100mm exterior roof insulation,Roof conduction loss dominates envelope heat transfer.,-38.99,-28.03,-32.22,0,24
SIM_000077,Galwan,4300.0,FLOOR,WALL,1.569,1.004,6.905,0.943,1.218,0.077,11.716,13.39,8.57,58.93,8.05,10.39,0.66,99.99,Install sub-base perimeter slab insulation,Ground conduction is primary heat drain.,-26.98,-21.11,-23.24,0,24
SIM_000078,Hanle,4500.0,FLOOR,INFILTRATION,1.988,1.238,8.681,0.668,5.214,0.139,17.928,11.09,6.91,48.42,3.72,29.08,0.78,100.0,Install sub-base perimeter slab insulation,Ground conduction is primary heat drain.,-19.03,-10.06,-13.14,0,24
SIM_000079,Nyoma,4180.0,FLOOR,ROOF,0.354,2.163,5.927,0.386,1.424,0.007,10.262,3.45,21.08,57.76,3.76,13.88,0.07,100.0,Install sub-base perimeter slab insulation,Ground conduction is primary heat drain.,-23.66,-13.5,-18.34,0,24
SIM_000080,Chushul,4350.0,ROOF,WALL,10.454,11.161,7.634,2.704,4.998,0.673,37.623,27.79,29.66,20.29,7.19,13.28,1.79,100.0,Add 100mm exterior roof insulation,Roof conduction loss dominates envelope heat transfer.,-38.67,-31.9,-34.51,0,24
SIM_000081,Rezang La,5000.0,FLOOR,INFILTRATION,1.507,0.674,4.321,0.65,2.4,0.049,9.601,15.7,7.02,45.01,6.77,24.99,0.51,100.0,Install sub-base perimeter slab insulation,Ground conduction is primary heat drain.,-30.56,-22.72,-25.82,0,24
SIM_000082,Pangong,4250.0,ROOF,FLOOR,2.8,8.582,7.402,0.212,4.628,0.943,24.566,11.4,34.93,30.13,0.86,18.84,3.84,100.0,Add 100mm exterior roof insulation,Roof conduction loss dominates envelope heat transfer.,-27.96,-18.76,-22.58,0,24
SIM_000083,Depsang,5330.0,ROOF,FLOOR,1.974,16.718,11.972,0.509,1.448,1.873,34.495,5.72,48.47,34.71,1.48,4.2,5.43,100.01,Add 100mm exterior roof insulation,Roof conduction loss dominates envelope heat transfer.,-49.05,-39.79,-43.37,0,24
SIM_000084,Kargil,2676.0,FLOOR,WALL,2.05,1.46,8.341,0.509,1.312,0.095,13.768,14.89,10.61,60.58,3.7,9.53,0.69,100.0,Install sub-base perimeter slab insulation,Ground conduction is primary heat drain.,-14.87,-9.29,-11.19,0,24
SIM_000085,Leh,3500.0,FLOOR,WALL,1.621,0.717,3.286,0.027,1.287,0.007,6.945,23.33,10.32,47.31,0.39,18.54,0.1,99.99,Install sub-base perimeter slab insulation,Ground conduction is primary heat drain.,-15.5,-11.87,-13.52,0,24
SIM_000086,Dras,3280.0,FLOOR,INFILTRATION,2.933,1.655,11.238,1.162,4.822,0.263,22.073,13.29,7.5,50.91,5.26,21.84,1.19,99.99,Install sub-base perimeter slab insulation,Ground conduction is primary heat drain.,-18.7,-14.02,-15.57,0,24
SIM_000087,Siachen,5400.0,WALL,FLOOR,8.05,0.529,5.506,0.385,2.277,0.009,16.756,48.04,3.16,32.86,2.3,13.59,0.05,100.0,Add 75mm exterior insulation (EPS/rockwool),Wall conduction accounts for highest percentage of heat loss.,-32.92,-28.52,-30.68,0,24
SIM_000088,Daulat Beg Oldie,5065.0,WALL,FLOOR,18.27,2.063,16.282,3.077,2.611,0.145,42.447,43.04,4.86,38.36,7.25,6.15,0.34,100.0,Add 75mm exterior insulation (EPS/rockwool),Wall conduction accounts for highest percentage of heat loss.,-44.27,-38.28,-40.73,0,24
SIM_000089,Galwan,4300.0,WALL,FLOOR,9.288,1.05,4.949,0.587,1.821,0.049,17.745,52.35,5.92,27.89,3.31,10.26,0.28,100.01,Add 75mm exterior insulation (EPS/rockwool),Wall conduction accounts for highest percentage of heat loss.,-24.26,-19.11,-21.58,0,24
SIM_000090,Hanle,4500.0,FLOOR,INFILTRATION,1.607,1.05,6.524,0.41,5.155,0.047,14.793,10.87,7.1,44.1,2.77,34.85,0.32,100.01,Install sub-base perimeter slab insulation,Ground conduction is primary heat drain.,-28.76,-20.53,-24.3,0,24
SIM_000091,Nyoma,4180.0,WALL,FLOOR,9.732,2.157,5.764,0.901,2.646,0.185,21.385,45.51,10.09,26.95,4.21,12.37,0.86,99.99,Add 75mm exterior insulation (EPS/rockwool),Wall conduction accounts for highest percentage of heat loss.,-32.16,-25.39,-28.53,0,24
SIM_000092,Chushul,4350.0,FLOOR,INFILTRATION,1.65,0.654,10.01,0.535,3.695,0.076,16.621,9.93,3.93,60.23,3.22,22.23,0.46,100.0,Install sub-base perimeter slab insulation,Ground conduction is primary heat drain.,-24.75,-19.79,-21.32,0,24
SIM_000093,Rezang La,5000.0,FLOOR,WALL,3.769,0.819,7.531,0.755,0.739,0.068,13.68,27.55,5.98,55.05,5.52,5.4,0.5,100.0,Install sub-base perimeter slab insulation,Ground conduction is primary heat drain.,-28.64,-23.42,-25.1,0,24
SIM_000094,Pangong,4250.0,ROOF,FLOOR,1.602,10.239,7.723,1.77,3.571,1.837,26.742,5.99,38.29,28.88,6.62,13.35,6.87,100.0,Add 100mm exterior roof insulation,Roof conduction loss dominates envelope heat transfer.,-18.08,-11.22,-13.45,0,24
SIM_000095,Depsang,5330.0,FLOOR,INFILTRATION,1.154,0.765,7.478,1.559,4.544,0.021,15.519,7.44,4.93,48.19,10.04,29.28,0.13,100.01,Install sub-base perimeter slab insulation,Ground conduction is primary heat drain.,-35.88,-28.58,-31.63,0,24
SIM_000096,Kargil,2676.0,WALL,FLOOR,11.107,1.43,8.947,1.841,0.242,0.133,23.699,46.87,6.03,37.75,7.77,1.02,0.56,100.0,Add 75mm exterior insulation (EPS/rockwool),Wall conduction accounts for highest percentage of heat loss.,-22.76,-20.02,-20.97,0,24
SIM_000097,Leh,3500.0,FLOOR,INFILTRATION,0.8,2.66,6.429,0.068,2.954,0.481,13.393,5.98,19.86,48.0,0.51,22.05,3.59,99.99,Install sub-base perimeter slab insulation,Ground conduction is primary heat drain.,-11.1,-6.8,-8.95,0,24
SIM_000098,Dras,3280.0,FLOOR,INFILTRATION,2.849,1.074,10.706,1.08,5.854,0.458,22.021,12.94,4.88,48.62,4.9,26.58,2.08,100.0,Install sub-base perimeter slab insulation,Ground conduction is primary heat drain.,-31.11,-23.58,-26.56,0,24
SIM_000099,Siachen,5400.0,FLOOR,ROOF,1.586,5.484,6.341,0.036,1.978,1.511,16.935,9.37,32.38,37.44,0.21,11.68,8.92,100.0,Install sub-base perimeter slab insulation,Ground conduction is primary heat drain.,-44.37,-38.43,-41.0,0,24
SIM_000100,Daulat Beg Oldie,5065.0,FLOOR,INFILTRATION,2.393,2.312,10.253,0.729,6.647,0.254,22.587,10.59,10.24,45.39,3.23,29.43,1.12,100.0,Install sub-base perimeter slab insulation,Ground conduction is primary heat drain.,-32.79,-25.71,-28.59,0,24
SIM_000101,Galwan,4300.0,FLOOR,INFILTRATION,7.99,5.746,25.132,1.105,10.352,0.58,50.905,15.7,11.29,49.37,2.17,20.34,1.14,100.01,Install sub-base perimeter slab insulation,Ground conduction is primary heat drain.,-24.39,-18.89,-21.14,0,24
SIM_000102,Hanle,4500.0,WALL,FLOOR,7.907,1.47,5.443,1.229,2.9,0.058,19.006,41.6,7.73,28.64,6.47,15.26,0.3,100.0,Add 75mm exterior insulation (EPS/rockwool),Wall conduction accounts for highest percentage of heat loss.,-20.01,-14.26,-16.79,0,24
SIM_000103,Nyoma,4180.0,FLOOR,ROOF,2.023,9.512,9.533,2.876,6.285,2.508,32.738,6.18,29.06,29.12,8.79,19.2,7.66,100.01,Install sub-base perimeter slab insulation,Ground conduction is primary heat drain.,-20.19,-11.42,-15.63,0,24
SIM_000104,Chushul,4350.0,ROOF,FLOOR,2.382,14.133,11.597,1.221,4.672,2.207,36.213,6.58,39.03,32.03,3.37,12.9,6.09,100.0,Add 100mm exterior roof insulation,Roof conduction loss dominates envelope heat transfer.,-40.89,-30.14,-34.37,0,24
SIM_000105,Rezang La,5000.0,FLOOR,INFILTRATION,3.248,0.943,10.905,1.319,3.747,0.059,20.222,16.06,4.66,53.93,6.52,18.53,0.29,99.99,Install sub-base perimeter slab insulation,Ground conduction is primary heat drain.,-24.92,-19.33,-21.28,0,24
SIM_000106,Pangong,4250.0,WALL,FLOOR,4.239,0.291,3.919,0.173,0.199,0.147,8.967,47.28,3.24,43.7,1.93,2.21,1.64,100.0,Add 75mm exterior insulation (EPS/rockwool),Wall conduction accounts for highest percentage of heat loss.,-26.16,-21.53,-23.79,0,24
SIM_000107,Depsang,5330.0,WALL,FLOOR,12.845,1.396,9.894,0.064,0.92,0.105,25.224,50.93,5.53,39.22,0.25,3.65,0.42,100.0,Add 75mm exterior insulation (EPS/rockwool),Wall conduction accounts for highest percentage of heat loss.,-43.65,-40.61,-42.19,0,24
SIM_000108,Kargil,2676.0,FLOOR,INFILTRATION,1.879,0.518,7.638,0.018,2.169,0.028,12.25,15.34,4.23,62.35,0.15,17.71,0.23,100.01,Install sub-base perimeter slab insulation,Ground conduction is primary heat drain.,-14.07,-6.38,-10.15,0,24
SIM_000109,Leh,3500.0,FLOOR,INFILTRATION,1.198,0.357,4.658,0.63,3.067,0.215,10.126,11.84,3.53,46.0,6.22,30.29,2.12,100.0,Install sub-base perimeter slab insulation,Ground conduction is primary heat drain.,-16.28,-10.96,-13.1,0,24
SIM_000110,Dras,3280.0,FLOOR,INFILTRATION,3.809,3.308,14.638,1.172,4.153,0.377,27.456,13.87,12.05,53.31,4.27,15.12,1.37,99.99,Install sub-base perimeter slab insulation,Ground conduction is primary heat drain.,-23.41,-13.5,-17.49,0,24
SIM_000111,Siachen,5400.0,ROOF,WALL,15.177,16.074,10.698,0.149,0.506,0.614,43.218,35.12,37.19,24.75,0.34,1.17,1.42,99.99,Add 100mm exterior roof insulation,Roof conduction loss dominates envelope heat transfer.,-34.15,-27.33,-30.46,0,24
SIM_000112,Daulat Beg Oldie,5065.0,FLOOR,INFILTRATION,2.532,1.636,5.024,2.22,3.76,0.125,15.296,16.55,10.69,32.84,14.51,24.59,0.82,100.0,Install sub-base perimeter slab insulation,Ground conduction is primary heat drain.,-46.37,-39.79,-41.97,0,24
SIM_000113,Galwan,4300.0,FLOOR,WALL,3.468,0.783,7.75,2.746,1.75,0.051,16.548,20.96,4.73,46.83,16.59,10.57,0.31,99.99,Install sub-base perimeter slab insulation,Ground conduction is primary heat drain.,-24.13,-16.11,-19.03,0,24
SIM_000114,Hanle,4500.0,FLOOR,INFILTRATION,1.148,0.642,5.362,0.44,3.384,0.224,11.2,10.25,5.73,47.87,3.93,30.22,2.0,100.0,Install sub-base perimeter slab insulation,Ground conduction is primary heat drain.,-28.85,-20.01,-23.31,0,24
SIM_000115,Nyoma,4180.0,ROOF,FLOOR,3.988,12.494,10.187,0.849,2.021,1.115,30.653,13.01,40.76,33.23,2.77,6.59,3.64,100.0,Add 100mm exterior roof insulation,Roof conduction loss dominates envelope heat transfer.,-33.11,-24.65,-27.58,0,24
SIM_000116,Chushul,4350.0,FLOOR,INFILTRATION,2.349,2.099,8.031,0.763,7.453,0.193,20.889,11.25,10.05,38.45,3.65,35.68,0.92,100.0,Install sub-base perimeter slab insulation,Ground conduction is primary heat drain.,-26.97,-22.02,-24.29,0,24
SIM_000117,Rezang La,5000.0,FLOOR,ROOF,2.169,4.573,18.756,0.738,4.348,0.369,30.953,7.01,14.77,60.6,2.38,14.05,1.19,100.0,Install sub-base perimeter slab insulation,Ground conduction is primary heat drain.,-28.48,-23.0,-25.31,0,24
SIM_000118,Pangong,4250.0,FLOOR,INFILTRATION,4.976,0.91,13.251,0.442,9.095,0.08,28.754,17.31,3.16,46.09,1.54,31.63,0.28,100.01,Install sub-base perimeter slab insulation,Ground conduction is primary heat drain.,-15.19,-9.1,-11.91,0,24
SIM_000119,Depsang,5330.0,FLOOR,WALL,5.664,1.283,31.025,1.518,4.361,0.08,43.932,12.89,2.92,70.62,3.46,9.93,0.18,100.0,Install sub-base perimeter slab insulation,Ground conduction is primary heat drain.,-32.87,-23.87,-28.08,0,24
SIM_000120,Kargil,2676.0,WALL,FLOOR,9.369,3.133,3.726,0.246,2.275,0.246,18.993,49.33,16.49,19.62,1.29,11.98,1.29,100.0,Add 75mm exterior insulation (EPS/rockwool),Wall conduction accounts for highest percentage of heat loss.,-24.43,-21.45,-22.91,0,24
SIM_000121,Leh,3500.0,WALL,FLOOR,8.588,0.552,6.679,1.631,3.023,0.125,20.597,41.7,2.68,32.42,7.92,14.68,0.61,100.01,Add 75mm exterior insulation (EPS/rockwool),Wall conduction accounts for highest percentage of heat loss.,-10.23,-6.8,-8.15,0,24
SIM_000122,Dras,3280.0,ROOF,FLOOR,1.671,13.767,9.788,0.179,6.654,3.312,35.371,4.72,38.92,27.67,0.5,18.81,9.36,99.98,Add 100mm exterior roof insulation,Roof conduction loss dominates envelope heat transfer.,-29.41,-21.07,-24.91,0,24
SIM_000123,Siachen,5400.0,FLOOR,WALL,3.713,1.306,11.767,0.491,0.744,0.098,18.118,20.49,7.21,64.95,2.71,4.1,0.54,100.0,Install sub-base perimeter slab insulation,Ground conduction is primary heat drain.,-40.16,-36.63,-38.36,0,24
SIM_000124,Daulat Beg Oldie,5065.0,FLOOR,INFILTRATION,3.65,1.235,13.064,0.837,4.789,0.147,23.721,15.39,5.21,55.07,3.53,20.19,0.62,100.01,Install sub-base perimeter slab insulation,Ground conduction is primary heat drain.,-31.96,-26.31,-28.61,0,24
SIM_000125,Galwan,4300.0,FLOOR,INFILTRATION,1.87,1.487,18.056,4.873,7.747,0.142,34.174,5.47,4.35,52.84,14.26,22.67,0.41,100.0,Install sub-base perimeter slab insulation,Ground conduction is primary heat drain.,-25.51,-20.02,-21.88,0,24
SIM_000126,Hanle,4500.0,FLOOR,INFILTRATION,2.192,1.701,13.642,1.221,5.724,0.162,24.642,8.89,6.9,55.36,4.96,23.23,0.66,100.0,Install sub-base perimeter slab insulation,Ground conduction is primary heat drain.,-13.62,-8.78,-10.72,0,24
SIM_000127,Nyoma,4180.0,FLOOR,WALL,3.597,1.0,10.203,1.626,3.431,0.038,19.895,18.08,5.03,51.28,8.17,17.25,0.19,100.0,Install sub-base perimeter slab insulation,Ground conduction is primary heat drain.,-18.58,-12.02,-15.01,0,24
SIM_000128,Chushul,4350.0,ROOF,WALL,9.191,12.191,8.926,0.493,4.77,0.991,36.562,25.14,33.34,24.41,1.35,13.05,2.71,100.0,Add 100mm exterior roof insulation,Roof conduction loss dominates envelope heat transfer.,-41.08,-31.58,-35.49,0,24
SIM_000129,Rezang La,5000.0,ROOF,FLOOR,3.705,14.873,9.638,0.117,2.961,3.899,35.193,10.53,42.26,27.39,0.33,8.41,11.08,100.0,Add 100mm exterior roof insulation,Roof conduction loss dominates envelope heat transfer.,-29.27,-23.21,-26.1,0,24
SIM_000130,Pangong,4250.0,FLOOR,WALL,5.324,2.697,18.518,0.294,0.69,0.348,27.87,19.1,9.68,66.44,1.06,2.47,1.25,100.0,Install sub-base perimeter slab insulation,Ground conduction is primary heat drain.,-25.11,-17.09,-21.02,0,24
SIM_000131,Depsang,5330.0,FLOOR,ROOF,2.094,7.471,9.306,4.025,1.617,2.019,26.531,7.89,28.16,35.08,15.17,6.09,7.61,100.0,Install sub-base perimeter slab insulation,Ground conduction is primary heat drain.,-45.0,-40.09,-41.72,0,24
SIM_000132,Kargil,2676.0,ROOF,WALL,7.485,8.749,5.172,1.412,0.52,1.394,24.733,30.26,35.38,20.91,5.71,2.1,5.64,100.0,Add 100mm exterior roof insulation,Roof conduction loss dominates envelope heat transfer.,-14.1,-11.02,-12.06,0,24
SIM_000133,Leh,3500.0,FLOOR,INFILTRATION,2.075,0.912,6.015,0.007,3.871,0.071,12.95,16.02,7.04,46.45,0.05,29.89,0.54,99.99,Install sub-base perimeter slab insulation,Ground conduction is primary heat drain.,-16.05,-7.32,-11.65,0,24
SIM_000134,Dras,3280.0,ROOF,FLOOR,3.729,15.446,9.592,0.688,6.303,2.436,38.194,9.76,40.44,25.11,1.8,16.5,6.38,99.99,Add 100mm exterior roof insulation,Roof conduction loss dominates envelope heat transfer.,-23.59,-13.53,-17.6,0,24
SIM_000135,Siachen,5400.0,FLOOR,ROOF,1.915,6.862,7.007,0.513,4.55,2.385,23.232,8.24,29.54,30.16,2.21,19.59,10.27,100.01,Install sub-base perimeter slab insulation,Ground conduction is primary heat drain.,-34.69,-28.23,-31.38,0,24
SIM_000136,Daulat Beg Oldie,5065.0,FLOOR,INFILTRATION,4.591,1.679,11.595,0.511,6.337,0.149,24.862,18.47,6.75,46.64,2.06,25.49,0.6,100.01,Install sub-base perimeter slab insulation,Ground conduction is primary heat drain.,-44.47,-39.12,-41.34,0,24
SIM_000137,Galwan,4300.0,FLOOR,INFILTRATION,4.233,1.214,9.795,0.041,6.836,0.028,22.147,19.11,5.48,44.23,0.19,30.86,0.13,100.0,Install sub-base perimeter slab insulation,Ground conduction is primary heat drain.,-26.77,-19.61,-22.83,0,24
SIM_000138,Hanle,4500.0,FLOOR,INFILTRATION,2.833,1.351,13.786,0.617,2.901,0.152,21.639,13.09,6.24,63.71,2.85,13.4,0.7,99.99,Install sub-base perimeter slab insulation,Ground conduction is primary heat drain.,-26.37,-18.34,-21.74,0,24
SIM_000139,Nyoma,4180.0,FLOOR,INFILTRATION,3.013,1.819,24.963,0.37,15.654,0.217,46.036,6.55,3.95,54.22,0.8,34.0,0.47,99.99,Install sub-base perimeter slab insulation,Ground conduction is primary heat drain.,-27.85,-21.43,-24.52,0,24
SIM_000140,Chushul,4350.0,ROOF,FLOOR,2.471,9.242,6.401,0.515,3.397,1.48,23.506,10.51,39.32,27.23,2.19,14.45,6.3,100.0,Add 100mm exterior roof insulation,Roof conduction loss dominates envelope heat transfer.,-29.85,-19.18,-23.42,0,24
SIM_000141,Rezang La,5000.0,ROOF,FLOOR,2.084,10.17,8.188,0.511,0.915,1.476,23.343,8.93,43.57,35.08,2.19,3.92,6.32,100.01,Add 100mm exterior roof insulation,Roof conduction loss dominates envelope heat transfer.,-31.82,-23.6,-26.42,0,24
SIM_000142,Pangong,4250.0,FLOOR,INFILTRATION,2.271,0.931,13.103,1.402,2.914,0.057,20.678,10.98,4.5,63.37,6.78,14.09,0.28,100.0,Install sub-base perimeter slab insulation,Ground conduction is primary heat drain.,-11.44,-7.4,-8.61,0,24
SIM_000143,Depsang,5330.0,FLOOR,WALL,2.619,1.436,7.824,0.588,0.932,0.377,13.778,19.01,10.42,56.79,4.27,6.77,2.74,100.0,Install sub-base perimeter slab insulation,Ground conduction is primary heat drain.,-33.05,-28.7,-30.97,0,24
SIM_000144,Kargil,2676.0,FLOOR,ROOF,3.391,5.693,6.746,0.071,2.898,0.835,19.635,17.27,28.99,34.36,0.36,14.76,4.25,99.99,Install sub-base perimeter slab insulation,Ground conduction is primary heat drain.,-29.15,-19.7,-23.41,0,24
SIM_000145,Leh,3500.0,ROOF,FLOOR,0.755,4.209,2.931,0.07,1.535,0.222,9.721,7.77,43.29,30.15,0.72,15.79,2.28,100.0,Add 100mm exterior roof insulation,Roof conduction loss dominates envelope heat transfer.,-16.64,-8.65,-12.12,0,24
SIM_000146,Dras,3280.0,FLOOR,INFILTRATION,1.844,0.747,10.081,0.032,4.976,0.128,17.807,10.35,4.19,56.61,0.18,27.94,0.72,99.99,Install sub-base perimeter slab insulation,Ground conduction is primary heat drain.,-29.69,-19.52,-24.61,0,24
SIM_000147,Siachen,5400.0,FLOOR,WALL,12.755,2.204,16.612,1.292,1.018,0.119,34.0,37.52,6.48,48.86,3.8,2.99,0.35,100.0,Install sub-base perimeter slab insulation,Ground conduction is primary heat drain.,-42.44,-38.49,-39.98,0,24
SIM_000148,Daulat Beg Oldie,5065.0,FLOOR,INFILTRATION,3.907,1.472,15.453,1.868,8.447,0.12,31.268,12.5,4.71,49.42,5.97,27.02,0.38,100.0,Install sub-base perimeter slab insulation,Ground conduction is primary heat drain.,-33.18,-27.19,-29.56,0,24
SIM_000149,Galwan,4300.0,FLOOR,WALL,1.56,0.671,4.36,1.115,1.51,0.026,9.241,16.88,7.26,47.18,12.06,16.34,0.28,100.0,Install sub-base perimeter slab insulation,Ground conduction is primary heat drain.,-29.61,-21.1,-24.6,0,24
SIM_000150,Hanle,4500.0,ROOF,FLOOR,1.952,24.06,15.299,3.361,1.08,4.394,50.145,3.89,47.98,30.51,6.7,2.15,8.76,99.99,Add 100mm exterior roof insulation,Roof conduction loss dominates envelope heat transfer.,-17.48,-11.07,-14.01,0,24
SIM_000151,Nyoma,4180.0,FLOOR,INFILTRATION,2.538,2.172,24.994,1.899,8.304,0.187,40.093,6.33,5.42,62.34,4.74,20.71,0.47,100.01,Install sub-base perimeter slab insulation,Ground conduction is primary heat drain.,-17.58,-9.02,-12.9,0,24
SIM_000152,Chushul,4350.0,WALL,INFILTRATION,9.208,1.335,5.968,0.197,6.504,0.03,23.241,39.62,5.74,25.68,0.85,27.99,0.13,100.01,Add 75mm exterior insulation (EPS/rockwool),Wall conduction accounts for highest percentage of heat loss.,-35.47,-32.84,-34.14,0,24
SIM_000153,Rezang La,5000.0,FLOOR,INFILTRATION,1.042,2.008,3.14,0.076,2.59,0.308,9.163,11.37,21.91,34.26,0.83,28.26,3.36,99.99,Install sub-base perimeter slab insulation,Ground conduction is primary heat drain.,-29.94,-25.45,-27.64,0,24
SIM_000154,Pangong,4250.0,ROOF,FLOOR,2.082,8.773,6.848,0.77,1.632,0.892,20.997,9.92,41.78,32.62,3.67,7.77,4.25,100.01,Add 100mm exterior roof insulation,Roof conduction loss dominates envelope heat transfer.,-30.48,-20.27,-24.42,0,24
SIM_000155,Depsang,5330.0,FLOOR,INFILTRATION,4.818,1.225,5.197,0.675,5.065,0.15,17.132,28.12,7.15,30.34,3.94,29.57,0.88,100.0,Install sub-base perimeter slab insulation,Ground conduction is primary heat drain.,-45.37,-41.48,-43.15,0,24
SIM_000156,Kargil,2676.0,FLOOR,INFILTRATION,1.197,1.536,3.086,0.143,2.353,0.104,8.419,14.21,18.25,36.65,1.7,27.95,1.24,100.0,Install sub-base perimeter slab insulation,Ground conduction is primary heat drain.,-15.42,-10.38,-12.45,0,24
SIM_000157,Leh,3500.0,WALL,FLOOR,9.296,0.497,5.175,1.072,4.388,0.154,20.581,45.17,2.41,25.14,5.21,21.32,0.75,100.0,Add 75mm exterior insulation (EPS/rockwool),Wall conduction accounts for highest percentage of heat loss.,-14.21,-10.47,-12.34,0,24
SIM_000158,Dras,3280.0,ROOF,FLOOR,2.749,15.579,10.339,0.264,1.764,2.324,33.018,8.33,47.18,31.31,0.8,5.34,7.04,100.0,Add 100mm exterior roof insulation,Roof conduction loss dominates envelope heat transfer.,-24.42,-14.21,-18.23,0,24
SIM_000159,Siachen,5400.0,FLOOR,WALL,1.314,0.318,3.328,0.14,1.224,0.004,6.328,20.76,5.03,52.6,2.21,19.35,0.06,100.01,Install sub-base perimeter slab insulation,Ground conduction is primary heat drain.,-33.25,-29.66,-31.49,0,24
SIM_000160,Daulat Beg Oldie,5065.0,FLOOR,INFILTRATION,2.804,0.986,8.013,1.702,5.769,0.424,19.698,14.24,5.0,40.68,8.64,29.29,2.15,100.0,Install sub-base perimeter slab insulation,Ground conduction is primary heat drain.,-46.54,-39.67,-42.21,0,24
SIM_000161,Galwan,4300.0,ROOF,FLOOR,1.508,6.711,4.153,0.413,1.88,1.639,16.305,9.25,41.16,25.47,2.53,11.53,10.05,99.99,Add 100mm exterior roof insulation,Roof conduction loss dominates envelope heat transfer.,-24.71,-19.64,-22.01,0,24
SIM_000162,Hanle,4500.0,FLOOR,INFILTRATION,3.833,5.459,20.17,1.55,7.732,0.728,39.473,9.71,13.83,51.1,3.93,19.59,1.84,100.0,Install sub-base perimeter slab insulation,Ground conduction is primary heat drain.,-21.54,-17.46,-19.13,0,24
SIM_000163,Nyoma,4180.0,ROOF,FLOOR,0.919,11.14,7.761,0.889,2.891,1.987,25.587,3.59,43.54,30.33,3.47,11.3,7.77,100.0,Add 100mm exterior roof insulation,Roof conduction loss dominates envelope heat transfer.,-35.31,-22.2,-27.15,0,24
SIM_000164,Chushul,4350.0,FLOOR,WALL,7.212,0.904,8.77,1.618,1.092,0.042,19.638,36.72,4.6,44.66,8.24,5.56,0.21,99.99,Install sub-base perimeter slab insulation,Ground conduction is primary heat drain.,-24.98,-22.54,-23.4,0,24
SIM_000165,Rezang La,5000.0,FLOOR,INFILTRATION,2.079,1.409,11.151,0.559,2.588,0.1,17.885,11.62,7.88,62.34,3.13,14.47,0.56,100.0,Install sub-base perimeter slab insulation,Ground conduction is primary heat drain.,-31.94,-23.35,-26.39,0,24
SIM_000166,Pangong,4250.0,ROOF,FLOOR,2.249,12.928,9.022,1.718,1.522,1.701,29.139,7.72,44.37,30.96,5.89,5.22,5.84,100.0,Add 100mm exterior roof insulation,Roof conduction loss dominates envelope heat transfer.,-19.55,-11.15,-13.93,0,24
SIM_000167,Depsang,5330.0,WALL,FLOOR,11.881,0.525,7.666,2.195,5.579,0.016,27.863,42.64,1.88,27.51,7.88,20.02,0.06,99.99,Add 75mm exterior insulation (EPS/rockwool),Wall conduction accounts for highest percentage of heat loss.,-33.67,-28.56,-30.89,0,24
SIM_000168,Kargil,2676.0,ROOF,WALL,4.097,8.524,3.388,0.123,0.22,0.223,16.575,24.72,51.42,20.44,0.74,1.33,1.35,100.0,Add 100mm exterior roof insulation,Roof conduction loss dominates envelope heat transfer.,-27.76,-22.43,-24.66,0,24
SIM_000169,Leh,3500.0,WALL,FLOOR,19.771,1.449,13.552,1.763,4.643,0.223,41.4,47.76,3.5,32.73,4.26,11.21,0.54,100.0,Add 75mm exterior insulation (EPS/rockwool),Wall conduction accounts for highest percentage of heat loss.,-11.98,-5.64,-8.32,0,24
SIM_000170,Dras,3280.0,FLOOR,ROOF,1.42,9.159,9.427,0.402,1.517,0.593,22.519,6.31,40.67,41.86,1.79,6.74,2.63,100.0,Install sub-base perimeter slab insulation,Ground conduction is primary heat drain.,-32.76,-21.51,-26.11,0,24
SIM_000171,Siachen,5400.0,FLOOR,INFILTRATION,6.368,3.042,14.642,0.15,7.235,0.163,31.6,20.15,9.63,46.34,0.47,22.89,0.52,100.0,Install sub-base perimeter slab insulation,Ground conduction is primary heat drain.,-42.39,-37.15,-38.89,0,24
SIM_000172,Daulat Beg Oldie,5065.0,WALL,FLOOR,13.915,1.133,9.024,2.084,4.788,0.073,31.018,44.86,3.65,29.09,6.72,15.44,0.24,100.0,Add 75mm exterior insulation (EPS/rockwool),Wall conduction accounts for highest percentage of heat loss.,-32.82,-28.73,-30.37,0,24
SIM_000173,Galwan,4300.0,FLOOR,INFILTRATION,1.555,1.171,9.716,1.563,4.907,0.269,19.181,8.11,6.11,50.65,8.15,25.58,1.4,100.0,Install sub-base perimeter slab insulation,Ground conduction is primary heat drain.,-25.3,-21.09,-22.95,0,24
SIM_000174,Hanle,4500.0,FLOOR,INFILTRATION,1.234,2.428,9.332,1.16,3.681,0.258,18.092,6.82,13.42,51.58,6.41,20.34,1.42,99.99,Install sub-base perimeter slab insulation,Ground conduction is primary heat drain.,-20.8,-10.4,-14.23,0,24
SIM_000175,Nyoma,4180.0,FLOOR,ROOF,0.582,8.539,9.57,0.698,2.276,0.289,21.955,2.65,38.89,43.59,3.18,10.37,1.32,100.0,Install sub-base perimeter slab insulation,Ground conduction is primary heat drain.,-22.73,-12.45,-16.88,0,24
SIM_000176,Chushul,4350.0,FLOOR,INFILTRATION,3.926,1.291,11.679,5.046,10.141,0.191,32.275,12.17,4.0,36.19,15.63,31.42,0.59,100.0,Install sub-base perimeter slab insulation,Ground conduction is primary heat drain.,-37.7,-28.96,-32.26,0,24
SIM_000177,Rezang La,5000.0,FLOOR,INFILTRATION,1.771,1.13,13.205,0.051,8.137,0.175,24.469,7.24,4.62,53.97,0.21,33.25,0.72,100.01,Install sub-base perimeter slab insulation,Ground conduction is primary heat drain.,-25.87,-20.38,-23.09,0,24
SIM_000178,Pangong,4250.0,WALL,FLOOR,6.87,0.986,4.507,2.006,1.775,0.04,16.183,42.45,6.09,27.85,12.39,10.97,0.25,100.0,Add 75mm exterior insulation (EPS/rockwool),Wall conduction accounts for highest percentage of heat loss.,-23.85,-21.61,-22.55,0,24
SIM_000179,Depsang,5330.0,FLOOR,INFILTRATION,5.217,1.467,17.228,1.342,11.706,0.109,37.068,14.07,3.96,46.48,3.62,31.58,0.29,100.0,Install sub-base perimeter slab insulation,Ground conduction is primary heat drain.,-42.6,-37.65,-39.31,0,24
SIM_000180,Kargil,2676.0,FLOOR,WALL,3.848,2.777,12.447,1.367,3.739,0.207,24.384,15.78,11.39,51.04,5.61,15.33,0.85,100.0,Install sub-base perimeter slab insulation,Ground conduction is primary heat drain.,-13.4,-8.17,-10.12,0,24
SIM_000181,Leh,3500.0,WALL,FLOOR,10.824,1.966,4.993,0.337,4.92,0.223,23.263,46.53,8.45,21.46,1.45,21.15,0.96,100.0,Add 75mm exterior insulation (EPS/rockwool),Wall conduction accounts for highest percentage of heat loss.,-14.41,-10.1,-12.22,0,24
SIM_000182,Dras,3280.0,FLOOR,INFILTRATION,7.099,1.592,11.624,0.318,8.12,0.123,28.876,24.58,5.51,40.26,1.1,28.12,0.43,100.0,Install sub-base perimeter slab insulation,Ground conduction is primary heat drain.,-19.54,-13.47,-16.45,0,24
SIM_000183,Siachen,5400.0,WALL,FLOOR,22.183,1.718,17.921,1.216,1.701,0.215,44.953,49.35,3.82,39.86,2.7,3.78,0.48,99.99,Add 75mm exterior insulation (EPS/rockwool),Wall conduction accounts for highest percentage of heat loss.,-29.43,-27.11,-28.4,0,24
SIM_000184,Daulat Beg Oldie,5065.0,FLOOR,INFILTRATION,2.216,3.845,20.772,0.298,6.719,0.233,34.083,6.5,11.28,60.94,0.88,19.71,0.68,99.99,Install sub-base perimeter slab insulation,Ground conduction is primary heat drain.,-43.02,-37.07,-39.94,0,24
SIM_000185,Galwan,4300.0,FLOOR,ROOF,1.619,8.604,9.064,0.434,0.16,0.207,20.087,8.06,42.83,45.13,2.16,0.8,1.03,100.01,Install sub-base perimeter slab insulation,Ground conduction is primary heat drain.,-29.05,-19.3,-23.25,0,24
SIM_000186,Hanle,4500.0,FLOOR,INFILTRATION,5.079,5.799,21.628,2.781,13.669,0.595,49.551,10.25,11.7,43.65,5.61,27.59,1.2,100.0,Install sub-base perimeter slab insulation,Ground conduction is primary heat drain.,-25.51,-17.23,-20.2,0,24
SIM_000187,Nyoma,4180.0,WALL,FLOOR,7.833,3.649,6.409,0.929,2.16,0.998,21.979,35.64,16.6,29.16,4.23,9.83,4.54,100.0,Add 75mm exterior insulation (EPS/rockwool),Wall conduction accounts for highest percentage of heat loss.,-32.31,-27.09,-29.53,0,24
SIM_000188,Chushul,4350.0,FLOOR,INFILTRATION,3.724,2.9,23.65,1.11,19.128,0.319,50.831,7.33,5.7,46.53,2.18,37.63,0.63,100.0,Install sub-base perimeter slab insulation,Ground conduction is primary heat drain.,-24.3,-17.32,-19.99,0,24
SIM_000189,Rezang La,5000.0,FLOOR,INFILTRATION,3.922,1.507,17.061,0.274,11.769,0.118,34.651,11.32,4.35,49.24,0.79,33.96,0.34,100.0,Install sub-base perimeter slab insulation,Ground conduction is primary heat drain.,-26.6,-22.57,-24.57,0,24
SIM_000190,Pangong,4250.0,ROOF,WALL,5.962,10.523,4.885,0.263,0.413,0.713,22.759,26.2,46.24,21.46,1.16,1.81,3.13,100.0,Add 100mm exterior roof insulation,Roof conduction loss dominates envelope heat transfer.,-16.71,-12.71,-14.06,0,24
SIM_000191,Depsang,5330.0,FLOOR,WALL,5.405,0.362,6.075,0.934,3.999,0.003,16.777,32.22,2.16,36.21,5.57,23.83,0.02,100.01,Install sub-base perimeter slab insulation,Ground conduction is primary heat drain.,-31.07,-28.96,-29.76,0,24
SIM_000192,Kargil,2676.0,FLOOR,INFILTRATION,0.82,1.087,5.55,1.105,1.916,0.121,10.599,7.74,10.25,52.37,10.42,18.08,1.15,100.01,Install sub-base perimeter slab insulation,Ground conduction is primary heat drain.,-26.1,-22.11,-23.37,0,24
SIM_000193,Leh,3500.0,FLOOR,INFILTRATION,3.8,0.972,11.072,0.621,6.063,0.1,22.628,16.79,4.3,48.93,2.74,26.79,0.44,99.99,Install sub-base perimeter slab insulation,Ground conduction is primary heat drain.,-12.01,-5.34,-8.47,0,24
SIM_000194,Dras,3280.0,ROOF,FLOOR,2.874,17.737,12.709,1.81,1.808,1.907,38.844,7.4,45.66,32.72,4.66,4.65,4.91,100.0,Add 100mm exterior roof insulation,Roof conduction loss dominates envelope heat transfer.,-30.22,-21.41,-24.62,0,24
SIM_000195,Siachen,5400.0,FLOOR,ROOF,2.472,6.037,6.318,0.518,0.334,0.662,16.34,15.13,36.94,38.66,3.17,2.04,4.05,99.99,Install sub-base perimeter slab insulation,Ground conduction is primary heat drain.,-43.84,-38.82,-40.79,0,24
SIM_000196,Daulat Beg Oldie,5065.0,FLOOR,INFILTRATION,1.639,2.303,8.49,1.028,4.95,0.182,18.592,8.81,12.39,45.66,5.53,26.63,0.98,100.0,Install sub-base perimeter slab insulation,Ground conduction is primary heat drain.,-36.02,-28.94,-31.68,0,24
SIM_000197,Galwan,4300.0,ROOF,FLOOR,1.979,6.917,4.23,0.383,2.801,1.728,18.038,10.97,38.35,23.45,2.12,15.53,9.58,100.0,Add 100mm exterior roof insulation,Roof conduction loss dominates envelope heat transfer.,-28.36,-21.19,-24.07,0,24
SIM_000198,Hanle,4500.0,FLOOR,GLAZING,2.471,1.545,18.992,4.297,3.945,0.091,31.341,7.88,4.93,60.6,13.71,12.59,0.29,100.0,Install sub-base perimeter slab insulation,Ground conduction is primary heat drain.,-19.97,-7.22,-12.31,0,24
SIM_000199,Nyoma,4180.0,FLOOR,ROOF,2.416,4.978,5.065,0.3,1.007,0.053,13.819,17.49,36.02,36.65,2.17,7.29,0.38,100.0,Install sub-base perimeter slab insulation,Ground conduction is primary heat drain.,-23.41,-12.47,-17.42,0,24
SIM_000200,Chushul,4350.0,FLOOR,ROOF,2.1,2.662,4.078,0.549,1.218,0.221,10.828,19.4,24.58,37.66,5.07,11.25,2.04,100.0,Install sub-base perimeter slab insulation,Ground conduction is primary heat drain.,-40.83,-32.78,-36.04,0,24
SIM_000201,Rezang La,5000.0,FLOOR,INFILTRATION,0.853,1.026,5.227,1.281,2.424,0.128,10.938,7.79,9.38,47.79,11.71,22.16,1.17,100.0,Install sub-base perimeter slab insulation,Ground conduction is primary heat drain.,-30.39,-22.95,-25.7,0,24
SIM_000202,Pangong,4250.0,FLOOR,WALL,5.971,2.979,16.973,4.295,1.378,0.168,31.765,18.8,9.38,53.43,13.52,4.34,0.53,100.0,Install sub-base perimeter slab insulation,Ground conduction is primary heat drain.,-23.17,-18.74,-20.29,0,24
SIM_000203,Depsang,5330.0,FLOOR,INFILTRATION,1.048,0.983,8.426,0.524,2.533,0.086,13.6,7.7,7.23,61.95,3.86,18.63,0.63,100.0,Install sub-base perimeter slab insulation,Ground conduction is primary heat drain.,-43.99,-38.76,-41.33,0,24
SIM_000204,Kargil,2676.0,ROOF,FLOOR,1.677,8.829,7.362,0.1,4.54,1.353,23.861,7.03,37.0,30.85,0.42,19.03,5.67,100.0,Add 100mm exterior roof insulation,Roof conduction loss dominates envelope heat transfer.,-13.08,-8.34,-10.54,0,24
SIM_000205,Leh,3500.0,FLOOR,INFILTRATION,1.833,2.632,11.912,2.546,6.525,0.117,25.565,7.17,10.29,46.59,9.96,25.52,0.46,99.99,Install sub-base perimeter slab insulation,Ground conduction is primary heat drain.,-17.2,-6.09,-10.81,0,24
SIM_000206,Dras,3280.0,ROOF,FLOOR,4.661,17.751,12.021,3.099,0.198,1.644,39.373,11.84,45.08,30.53,7.87,0.5,4.18,100.0,Add 100mm exterior roof insulation,Roof conduction loss dominates envelope heat transfer.,-23.74,-15.68,-18.45,0,24
SIM_000207,Siachen,5400.0,FLOOR,INFILTRATION,1.944,1.45,11.068,1.841,5.35,0.097,21.75,8.94,6.66,50.89,8.46,24.6,0.45,100.0,Install sub-base perimeter slab insulation,Ground conduction is primary heat drain.,-33.02,-28.4,-30.29,0,24
SIM_000208,Daulat Beg Oldie,5065.0,ROOF,FLOOR,4.368,23.623,17.131,0.226,6.267,4.116,55.731,7.84,42.39,30.74,0.4,11.25,7.39,100.01,Add 100mm exterior roof insulation,Roof conduction loss dominates envelope heat transfer.,-48.39,-38.18,-42.26,0,24
SIM_000209,Galwan,4300.0,FLOOR,INFILTRATION,1.851,1.2,7.664,1.027,6.067,0.565,18.374,10.07,6.53,41.71,5.59,33.02,3.08,100.0,Install sub-base perimeter slab insulation,Ground conduction is primary heat drain.,-24.82,-19.54,-21.75,0,24
SIM_000210,Hanle,4500.0,FLOOR,INFILTRATION,1.152,1.257,5.997,1.003,2.777,0.115,12.301,9.37,10.22,48.75,8.15,22.58,0.93,100.0,Install sub-base perimeter slab insulation,Ground conduction is primary heat drain.,-27.28,-17.94,-22.15,0,24
SIM_000211,Nyoma,4180.0,FLOOR,WALL,4.762,0.666,9.215,1.065,3.821,0.084,19.612,24.28,3.4,46.99,5.43,19.48,0.43,100.01,Install sub-base perimeter slab insulation,Ground conduction is primary heat drain.,-31.17,-22.45,-26.23,0,24
SIM_000212,Chushul,4350.0,ROOF,FLOOR,1.516,5.986,5.007,0.467,4.847,2.399,20.22,7.5,29.6,24.76,2.31,23.97,11.86,100.0,Add 100mm exterior roof insulation,Roof conduction loss dominates envelope heat transfer.,-26.54,-22.13,-24.13,0,24
SIM_000213,Rezang La,5000.0,FLOOR,WALL,6.428,1.391,6.879,1.776,4.228,0.21,20.912,30.74,6.65,32.89,8.49,20.22,1.0,99.99,Install sub-base perimeter slab insulation,Ground conduction is primary heat drain.,-32.62,-26.0,-28.9,0,24
SIM_000214,Pangong,4250.0,FLOOR,INFILTRATION,6.119,1.839,13.674,0.541,8.416,0.123,30.71,19.92,5.99,44.52,1.76,27.41,0.4,100.0,Install sub-base perimeter slab insulation,Ground conduction is primary heat drain.,-17.8,-10.29,-13.46,0,24
SIM_000215,Depsang,5330.0,ROOF,INFILTRATION,1.452,2.842,2.75,0.542,2.766,1.189,11.541,12.58,24.63,23.83,4.69,23.97,10.3,100.0,Add 100mm exterior roof insulation,Roof conduction loss dominates envelope heat transfer.,-35.53,-29.71,-32.56,0,24
SIM_000216,Kargil,2676.0,FLOOR,INFILTRATION,4.172,1.193,14.622,1.294,5.061,0.021,26.364,15.83,4.52,55.46,4.91,19.2,0.08,100.0,Install sub-base perimeter slab insulation,Ground conduction is primary heat drain.,-24.02,-16.3,-19.25,0,24
SIM_000217,Leh,3500.0,FLOOR,WALL,2.8,2.045,7.44,0.396,0.819,0.181,13.681,20.47,14.95,54.38,2.9,5.99,1.32,100.01,Install sub-base perimeter slab insulation,Ground conduction is primary heat drain.,-11.25,-7.07,-8.78,0,24
SIM_000218,Dras,3280.0,WALL,FLOOR,2.678,0.693,2.163,0.365,1.789,0.024,7.711,34.72,8.98,28.06,4.73,23.2,0.31,100.0,Add 75mm exterior insulation (EPS/rockwool),Wall conduction accounts for highest percentage of heat loss.,-28.14,-25.57,-26.47,0,24
SIM_000219,Siachen,5400.0,WALL,FLOOR,11.78,0.46,7.542,0.765,3.878,0.135,24.56,47.96,1.87,30.71,3.12,15.79,0.55,100.0,Add 75mm exterior insulation (EPS/rockwool),Wall conduction accounts for highest percentage of heat loss.,-43.16,-39.0,-40.76,0,24
SIM_000220,Daulat Beg Oldie,5065.0,FLOOR,INFILTRATION,2.379,0.83,9.829,0.666,5.946,0.08,19.73,12.06,4.21,49.82,3.38,30.14,0.41,100.02,Install sub-base perimeter slab insulation,Ground conduction is primary heat drain.,-33.51,-27.11,-29.96,0,24
SIM_000221,Galwan,4300.0,ROOF,FLOOR,1.328,8.464,8.182,0.866,3.721,0.679,23.24,5.71,36.42,35.21,3.72,16.01,2.92,99.99,Add 100mm exterior roof insulation,Roof conduction loss dominates envelope heat transfer.,-30.32,-21.18,-24.94,0,24
SIM_000222,Hanle,4500.0,FLOOR,INFILTRATION,1.076,0.513,5.418,0.419,3.365,0.058,10.849,9.92,4.73,49.94,3.86,31.01,0.54,100.0,Install sub-base perimeter slab insulation,Ground conduction is primary heat drain.,-20.66,-10.07,-14.59,0,24
SIM_000223,Nyoma,4180.0,WALL,FLOOR,8.148,6.473,7.183,2.408,2.169,1.459,27.84,29.27,23.25,25.8,8.65,7.79,5.24,100.0,Add 75mm exterior insulation (EPS/rockwool),Wall conduction accounts for highest percentage of heat loss.,-19.11,-13.73,-16.32,0,24
SIM_000224,Chushul,4350.0,FLOOR,GLAZING,3.788,1.65,13.794,5.965,5.474,0.133,30.804,12.3,5.36,44.78,19.36,17.77,0.43,100.0,Install sub-base perimeter slab insulation,Ground conduction is primary heat drain.,-35.37,-28.36,-30.88,0,24
SIM_000225,Rezang La,5000.0,WALL,ROOF,8.425,5.729,4.654,1.396,0.646,0.239,21.089,39.95,27.17,22.07,6.62,3.06,1.13,100.0,Add 75mm exterior insulation (EPS/rockwool),Wall conduction accounts for highest percentage of heat loss.,-30.87,-22.58,-25.9,0,24
SIM_000226,Pangong,4250.0,FLOOR,INFILTRATION,0.874,1.479,7.51,0.703,6.58,0.164,17.309,5.05,8.54,43.39,4.06,38.01,0.95,100.0,Install sub-base perimeter slab insulation,Ground conduction is primary heat drain.,-27.31,-20.96,-23.89,0,24
SIM_000227,Depsang,5330.0,FLOOR,WALL,1.854,0.48,5.261,1.105,1.491,0.125,10.315,17.97,4.65,51.0,10.71,14.46,1.21,100.0,Install sub-base perimeter slab insulation,Ground conduction is primary heat drain.,-46.08,-40.43,-42.32,0,24
SIM_000228,Kargil,2676.0,FLOOR,WALL,11.671,1.213,14.269,1.326,11.242,0.107,39.827,29.3,3.05,35.83,3.33,28.23,0.27,100.01,Install sub-base perimeter slab insulation,Ground conduction is primary heat drain.,-13.32,-8.57,-10.47,0,24
SIM_000229,Leh,3500.0,FLOOR,WALL,8.002,1.812,10.858,1.432,5.001,0.366,27.472,29.13,6.6,39.53,5.21,18.21,1.33,100.01,Install sub-base perimeter slab insulation,Ground conduction is primary heat drain.,-12.69,-10.1,-11.19,0,24
SIM_000230,Dras,3280.0,FLOOR,GLAZING,1.351,1.673,8.53,1.924,1.154,0.102,14.734,9.17,11.35,57.9,13.06,7.83,0.69,100.0,Install sub-base perimeter slab insulation,Ground conduction is primary heat drain.,-21.32,-13.48,-16.1,0,24
SIM_000231,Siachen,5400.0,ROOF,FLOOR,3.27,10.222,8.329,0.473,5.657,2.175,30.125,10.85,33.93,27.65,1.57,18.78,7.22,100.0,Add 100mm exterior roof insulation,Roof conduction loss dominates envelope heat transfer.,-33.36,-28.41,-30.75,0,24
SIM_000232,Daulat Beg Oldie,5065.0,FLOOR,INFILTRATION,1.784,1.016,6.243,0.722,1.847,0.15,11.762,15.17,8.64,53.08,6.14,15.7,1.27,100.0,Install sub-base perimeter slab insulation,Ground conduction is primary heat drain.,-48.79,-40.87,-43.7,0,24
SIM_000233,Galwan,4300.0,ROOF,FLOOR,4.685,28.471,17.692,1.263,6.079,4.404,62.594,7.48,45.49,28.27,2.02,9.71,7.04,100.01,Add 100mm exterior roof insulation,Roof conduction loss dominates envelope heat transfer.,-26.52,-17.4,-20.98,0,24
SIM_000234,Hanle,4500.0,FLOOR,INFILTRATION,1.975,2.011,8.903,0.861,2.08,0.173,16.002,12.34,12.57,55.63,5.38,13.0,1.08,100.0,Install sub-base perimeter slab insulation,Ground conduction is primary heat drain.,-26.12,-19.42,-22.41,0,24
SIM_000235,Nyoma,4180.0,FLOOR,WALL,1.881,0.587,7.399,1.631,1.188,0.069,12.755,14.75,4.6,58.01,12.79,9.31,0.54,100.0,Install sub-base perimeter slab insulation,Ground conduction is primary heat drain.,-33.14,-23.3,-26.65,0,24
SIM_000236,Chushul,4350.0,FLOOR,GLAZING,1.499,2.322,11.185,4.707,4.551,0.153,24.416,6.14,9.51,45.81,19.28,18.64,0.63,100.01,Install sub-base perimeter slab insulation,Ground conduction is primary heat drain.,-28.39,-18.46,-22.42,0,24
SIM_000237,Rezang La,5000.0,FLOOR,INFILTRATION,1.302,0.74,10.233,1.836,2.545,0.064,16.719,7.79,4.42,61.2,10.98,15.22,0.38,99.99,Install sub-base perimeter slab insulation,Ground conduction is primary heat drain.,-30.37,-25.74,-27.23,0,24
SIM_000238,Pangong,4250.0,FLOOR,INFILTRATION,1.973,1.253,18.748,2.588,4.305,0.03,28.896,6.83,4.34,64.88,8.96,14.9,0.1,100.01,Install sub-base perimeter slab insulation,Ground conduction is primary heat drain.,-15.17,-5.54,-8.73,0,24
SIM_000239,Depsang,5330.0,WALL,FLOOR,6.93,0.247,4.161,2.738,1.154,0.17,15.401,45.0,1.61,27.02,17.78,7.49,1.1,100.0,Add 75mm exterior insulation (EPS/rockwool),Wall conduction accounts for highest percentage of heat loss.,-34.44,-30.47,-32.48,0,24
SIM_000240,Kargil,2676.0,FLOOR,INFILTRATION,7.503,1.078,10.671,0.905,9.037,0.117,29.311,25.6,3.68,36.41,3.09,30.83,0.4,100.01,Install sub-base perimeter slab insulation,Ground conduction is primary heat drain.,-22.67,-20.02,-21.0,0,24
SIM_000241,Leh,3500.0,FLOOR,INFILTRATION,3.081,1.757,22.401,1.993,5.871,0.062,35.164,8.76,5.0,63.7,5.67,16.7,0.18,100.01,Install sub-base perimeter slab insulation,Ground conduction is primary heat drain.,-12.11,-2.6,-6.06,0,24
SIM_000242,Dras,3280.0,FLOOR,INFILTRATION,1.03,0.486,7.583,0.53,4.285,0.12,14.034,7.34,3.46,54.03,3.78,30.53,0.85,99.99,Install sub-base perimeter slab insulation,Ground conduction is primary heat drain.,-31.69,-22.94,-26.3,0,24
SIM_000243,Siachen,5400.0,ROOF,FLOOR,0.814,8.776,7.132,0.29,2.777,1.041,20.831,3.91,42.13,34.24,1.39,13.33,5.0,100.0,Add 100mm exterior roof insulation,Roof conduction loss dominates envelope heat transfer.,-47.13,-40.05,-42.54,0,24
SIM_000244,Daulat Beg Oldie,5065.0,FLOOR,INFILTRATION,3.593,0.6,6.597,0.507,5.208,0.092,16.597,21.65,3.62,39.75,3.05,31.38,0.56,100.01,Install sub-base perimeter slab insulation,Ground conduction is primary heat drain.,-34.12,-27.34,-30.53,0,24
SIM_000245,Galwan,4300.0,WALL,FLOOR,6.602,0.574,5.82,2.919,4.525,0.011,20.45,32.28,2.81,28.46,14.27,22.13,0.06,100.01,Add 75mm exterior insulation (EPS/rockwool),Wall conduction accounts for highest percentage of heat loss.,-26.45,-23.3,-24.42,0,24
SIM_000246,Hanle,4500.0,FLOOR,INFILTRATION,2.697,2.063,5.439,0.485,4.674,0.19,15.548,17.35,13.27,34.98,3.12,30.06,1.22,100.0,Install sub-base perimeter slab insulation,Ground conduction is primary heat drain.,-21.7,-11.49,-15.89,0,24
SIM_000247,Nyoma,4180.0,WALL,FLOOR,12.639,1.314,9.396,0.472,8.817,0.012,32.651,38.71,4.03,28.78,1.45,27.0,0.04,100.01,Add 75mm exterior insulation (EPS/rockwool),Wall conduction accounts for highest percentage of heat loss.,-19.67,-14.56,-17.1,0,24
SIM_000248,Chushul,4350.0,FLOOR,ROOF,1.992,8.562,9.939,0.205,4.43,2.088,27.215,7.32,31.46,36.52,0.75,16.28,7.67,100.0,Install sub-base perimeter slab insulation,Ground conduction is primary heat drain.,-37.87,-30.31,-33.94,0,24
SIM_000249,Rezang La,5000.0,FLOOR,ROOF,2.129,7.567,9.062,0.232,6.428,2.826,28.244,7.54,26.79,32.08,0.82,22.76,10.0,99.99,Install sub-base perimeter slab insulation,Ground conduction is primary heat drain.,-29.21,-22.42,-25.52,0,24
SIM_000250,Pangong,4250.0,ROOF,FLOOR,1.204,10.335,6.335,0.182,1.073,1.468,20.598,5.85,50.18,30.76,0.89,5.21,7.13,100.02,Add 100mm exterior roof insulation,Roof conduction loss dominates envelope heat transfer.,-27.31,-18.34,-22.08,0,24
SIM_000251,Depsang,5330.0,FLOOR,WALL,0.634,0.546,3.365,0.17,0.601,0.028,5.345,11.87,10.22,62.96,3.18,11.24,0.53,100.0,Install sub-base perimeter slab insulation,Ground conduction is primary heat drain.,-46.87,-40.86,-43.76,0,24
SIM_000252,Kargil,2676.0,FLOOR,INFILTRATION,1.441,0.496,6.701,0.341,5.148,0.099,14.226,10.13,3.49,47.1,2.4,36.19,0.69,100.0,Install sub-base perimeter slab insulation,Ground conduction is primary heat drain.,-13.18,-8.05,-10.28,0,24
SIM_000253,Leh,3500.0,ROOF,WALL,9.599,9.952,6.486,0.598,0.516,0.118,27.269,35.2,36.49,23.79,2.19,1.89,0.43,99.99,Add 100mm exterior roof insulation,Roof conduction loss dominates envelope heat transfer.,-15.86,-10.66,-12.77,0,24
SIM_000254,Dras,3280.0,FLOOR,INFILTRATION,1.061,0.52,3.61,0.286,1.785,0.25,7.511,14.13,6.92,48.06,3.8,23.76,3.33,100.0,Install sub-base perimeter slab insulation,Ground conduction is primary heat drain.,-22.28,-16.33,-19.27,0,24
SIM_000255,Siachen,5400.0,ROOF,FLOOR,0.91,6.766,6.704,1.565,1.313,2.274,19.532,4.66,34.64,34.32,8.01,6.72,11.64,99.99,Add 100mm exterior roof insulation,Roof conduction loss dominates envelope heat transfer.,-33.61,-29.0,-31.14,0,24
SIM_000256,Daulat Beg Oldie,5065.0,FLOOR,INFILTRATION,0.94,0.314,4.626,0.094,4.369,0.197,10.541,8.92,2.98,43.89,0.89,41.45,1.87,100.0,Install sub-base perimeter slab insulation,Ground conduction is primary heat drain.,-47.81,-40.29,-43.95,0,24
SIM_000257,Galwan,4300.0,FLOOR,WALL,1.919,1.822,10.519,0.02,0.676,0.128,15.085,12.72,12.08,69.73,0.13,4.48,0.85,99.99,Install sub-base perimeter slab insulation,Ground conduction is primary heat drain.,-23.58,-16.95,-20.25,0,24
SIM_000258,Hanle,4500.0,WALL,FLOOR,12.155,1.376,10.585,1.038,1.478,0.141,26.774,45.4,5.14,39.54,3.88,5.52,0.53,100.01,Add 75mm exterior insulation (EPS/rockwool),Wall conduction accounts for highest percentage of heat loss.,-24.1,-18.66,-21.02,0,24
SIM_000259,Nyoma,4180.0,FLOOR,INFILTRATION,1.471,1.12,6.752,0.625,3.502,0.463,13.933,10.56,8.04,48.46,4.49,25.13,3.32,100.0,Install sub-base perimeter slab insulation,Ground conduction is primary heat drain.,-31.35,-23.68,-27.14,0,24
SIM_000260,Chushul,4350.0,FLOOR,INFILTRATION,1.825,2.158,7.364,0.361,3.696,0.179,15.582,11.71,13.85,47.26,2.32,23.72,1.15,100.01,Install sub-base perimeter slab insulation,Ground conduction is primary heat drain.,-28.63,-20.76,-23.96,0,24
SIM_000261,Rezang La,5000.0,WALL,FLOOR,6.837,0.721,3.448,0.141,2.592,0.046,13.785,49.6,5.23,25.01,1.02,18.81,0.34,100.01,Add 75mm exterior insulation (EPS/rockwool),Wall conduction accounts for highest percentage of heat loss.,-30.15,-25.43,-27.75,0,24
SIM_000262,Pangong,4250.0,FLOOR,INFILTRATION,1.923,1.682,13.549,0.012,4.888,0.199,22.254,8.64,7.56,60.89,0.05,21.97,0.89,100.0,Install sub-base perimeter slab insulation,Ground conduction is primary heat drain.,-14.54,-9.89,-12.13,0,24
SIM_000263,Depsang,5330.0,ROOF,WALL,8.807,9.737,5.533,0.579,2.747,0.107,27.51,32.01,35.39,20.11,2.1,9.99,0.39,99.99,Add 100mm exterior roof insulation,Roof conduction loss dominates envelope heat transfer.,-33.93,-29.64,-31.48,0,24
SIM_000264,Kargil,2676.0,WALL,ROOF,14.016,13.65,10.661,0.662,0.711,0.933,40.633,34.49,33.59,26.24,1.63,1.75,2.3,100.0,Add 75mm exterior insulation (EPS/rockwool),Wall conduction accounts for highest percentage of heat loss.,-26.89,-19.75,-22.5,0,24
SIM_000265,Leh,3500.0,FLOOR,INFILTRATION,1.254,0.339,3.542,0.474,1.629,0.03,7.27,17.26,4.67,48.73,6.52,22.41,0.42,100.01,Install sub-base perimeter slab insulation,Ground conduction is primary heat drain.,-15.35,-7.79,-10.82,0,24
SIM_000266,Dras,3280.0,FLOOR,INFILTRATION,4.823,1.613,12.983,1.472,8.629,0.207,29.726,16.22,5.43,43.68,4.95,29.03,0.7,100.01,Install sub-base perimeter slab insulation,Ground conduction is primary heat drain.,-30.41,-20.49,-24.42,0,24
SIM_000267,Siachen,5400.0,ROOF,FLOOR,1.504,6.56,4.864,0.563,1.377,0.789,15.657,9.6,41.9,31.07,3.6,8.8,5.04,100.01,Add 100mm exterior roof insulation,Roof conduction loss dominates envelope heat transfer.,-47.46,-40.55,-42.81,0,24
SIM_000268,Daulat Beg Oldie,5065.0,WALL,ROOF,7.541,7.164,7.122,0.644,2.383,1.576,26.429,28.53,27.11,26.95,2.44,9.02,5.96,100.01,Add 75mm exterior insulation (EPS/rockwool),Wall conduction accounts for highest percentage of heat loss.,-34.53,-29.5,-31.58,0,24
SIM_000269,Galwan,4300.0,WALL,FLOOR,3.562,0.302,2.621,0.318,2.378,0.011,9.193,38.75,3.29,28.52,3.46,25.86,0.12,100.0,Add 75mm exterior insulation (EPS/rockwool),Wall conduction accounts for highest percentage of heat loss.,-27.24,-22.64,-24.63,0,24
SIM_000270,Hanle,4500.0,FLOOR,INFILTRATION,1.456,1.25,8.04,0.218,2.054,0.091,13.109,11.1,9.54,61.33,1.67,15.67,0.69,100.0,Install sub-base perimeter slab insulation,Ground conduction is primary heat drain.,-18.2,-8.22,-12.86,0,24
SIM_000271,Nyoma,4180.0,FLOOR,INFILTRATION,2.849,0.605,5.499,0.99,4.502,0.008,14.452,19.71,4.19,38.05,6.85,31.15,0.05,100.0,Install sub-base perimeter slab insulation,Ground conduction is primary heat drain.,-21.81,-13.78,-17.27,0,24
SIM_000272,Chushul,4350.0,FLOOR,INFILTRATION,6.534,0.829,10.044,1.071,7.432,0.145,26.055,25.08,3.18,38.55,4.11,28.52,0.56,100.0,Install sub-base perimeter slab insulation,Ground conduction is primary heat drain.,-36.31,-30.42,-33.02,0,24
SIM_000273,Rezang La,5000.0,FLOOR,WALL,6.725,1.526,7.261,0.469,2.361,0.098,18.44,36.47,8.28,39.38,2.54,12.8,0.53,100.0,Install sub-base perimeter slab insulation,Ground conduction is primary heat drain.,-25.84,-23.38,-24.45,0,24
SIM_000274,Pangong,4250.0,FLOOR,INFILTRATION,2.508,0.814,8.0,0.441,6.403,0.067,18.233,13.75,4.46,43.88,2.42,35.12,0.37,100.0,Install sub-base perimeter slab insulation,Ground conduction is primary heat drain.,-23.76,-18.73,-20.62,0,24
SIM_000275,Depsang,5330.0,FLOOR,INFILTRATION,1.45,1.301,10.798,2.01,4.245,0.29,20.094,7.22,6.48,53.74,10.0,21.13,1.44,100.01,Install sub-base perimeter slab insulation,Ground conduction is primary heat drain.,-45.29,-40.31,-41.9,0,24
SIM_000276,Kargil,2676.0,FLOOR,ROOF,3.059,5.816,21.564,1.177,2.664,0.239,34.519,8.86,16.85,62.47,3.41,7.72,0.69,100.0,Install sub-base perimeter slab insulation,Ground conduction is primary heat drain.,-9.95,-4.83,-6.49,0,24
SIM_000277,Leh,3500.0,FLOOR,GLAZING,1.149,0.994,10.028,2.078,1.973,0.121,16.343,7.03,6.08,61.36,12.71,12.07,0.74,99.99,Install sub-base perimeter slab insulation,Ground conduction is primary heat drain.,-13.84,-9.45,-11.03,0,24
SIM_000278,Dras,3280.0,FLOOR,INFILTRATION,1.664,1.324,8.142,0.472,4.306,0.139,16.045,10.37,8.25,50.74,2.94,26.84,0.86,100.0,Install sub-base perimeter slab insulation,Ground conduction is primary heat drain.,-20.69,-12.77,-15.99,0,24
SIM_000279,Siachen,5400.0,FLOOR,WALL,3.517,0.981,15.036,1.726,2.771,0.046,24.076,14.61,4.07,62.45,7.17,11.51,0.19,100.0,Install sub-base perimeter slab insulation,Ground conduction is primary heat drain.,-30.59,-26.65,-28.44,0,24
SIM_000280,Daulat Beg Oldie,5065.0,FLOOR,INFILTRATION,2.091,1.087,22.707,1.527,2.693,0.037,30.142,6.94,3.61,75.33,5.07,8.93,0.12,100.0,Install sub-base perimeter slab insulation,Ground conduction is primary heat drain.,-41.78,-33.26,-36.23,0,24
SIM_000281,Galwan,4300.0,FLOOR,WALL,5.577,2.329,18.681,2.522,5.485,0.238,34.832,16.01,6.69,53.63,7.24,15.75,0.68,100.0,Install sub-base perimeter slab insulation,Ground conduction is primary heat drain.,-22.63,-15.22,-18.23,0,24
SIM_000282,Hanle,4500.0,WALL,FLOOR,7.126,0.836,4.508,0.036,3.035,0.1,15.643,45.56,5.35,28.82,0.23,19.41,0.64,100.01,Add 75mm exterior insulation (EPS/rockwool),Wall conduction accounts for highest percentage of heat loss.,-25.49,-21.51,-23.59,0,24
SIM_000283,Nyoma,4180.0,FLOOR,WALL,9.154,7.214,9.97,4.676,3.719,2.595,37.327,24.52,19.33,26.71,12.53,9.96,6.95,100.0,Install sub-base perimeter slab insulation,Ground conduction is primary heat drain.,-30.55,-25.71,-27.85,0,24
SIM_000284,Chushul,4350.0,FLOOR,INFILTRATION,2.805,1.11,7.598,0.939,4.509,0.082,17.043,16.46,6.51,44.58,5.51,26.46,0.48,100.0,Install sub-base perimeter slab insulation,Ground conduction is primary heat drain.,-24.86,-19.88,-21.42,0,24
SIM_000285,Rezang La,5000.0,WALL,INFILTRATION,4.204,0.146,2.446,0.034,2.911,0.065,9.805,42.87,1.49,24.94,0.35,29.69,0.66,100.0,Add 75mm exterior insulation (EPS/rockwool),Wall conduction accounts for highest percentage of heat loss.,-30.37,-27.28,-28.8,0,24
SIM_000286,Pangong,4250.0,FLOOR,INFILTRATION,3.438,0.944,16.393,2.351,11.048,0.092,34.266,10.03,2.76,47.84,6.86,32.24,0.27,100.0,Install sub-base perimeter slab insulation,Ground conduction is primary heat drain.,-17.6,-8.84,-12.28,0,24
SIM_000287,Depsang,5330.0,FLOOR,INFILTRATION,3.923,1.059,12.789,0.948,4.225,0.076,23.02,17.04,4.6,55.56,4.12,18.36,0.33,100.01,Install sub-base perimeter slab insulation,Ground conduction is primary heat drain.,-28.93,-26.12,-27.39,0,24
SIM_000288,Kargil,2676.0,INFILTRATION,WALL,6.005,0.324,5.228,0.328,7.084,0.106,19.075,31.48,1.7,27.41,1.72,37.14,0.56,100.01,Perimeter weatherstripping and door draft seals,High air exchange rate is flushing interior thermal energy.,-25.07,-22.46,-23.68,0,24
SIM_000289,Leh,3500.0,WALL,FLOOR,8.314,0.552,7.808,0.329,4.963,0.167,22.133,37.56,2.5,35.28,1.49,22.42,0.75,100.0,Add 75mm exterior insulation (EPS/rockwool),Wall conduction accounts for highest percentage of heat loss.,-10.62,-7.37,-9.01,0,24
SIM_000290,Dras,3280.0,FLOOR,INFILTRATION,1.493,0.446,4.281,0.134,3.492,0.018,9.863,15.13,4.52,43.4,1.36,35.4,0.18,99.99,Install sub-base perimeter slab insulation,Ground conduction is primary heat drain.,-29.33,-24.04,-26.62,0,24
SIM_000291,Siachen,5400.0,FLOOR,ROOF,6.623,6.731,9.823,1.021,3.564,1.116,28.879,22.93,23.31,34.02,3.54,12.34,3.86,100.0,Install sub-base perimeter slab insulation,Ground conduction is primary heat drain.,-44.28,-40.78,-42.11,0,24
SIM_000292,Daulat Beg Oldie,5065.0,FLOOR,INFILTRATION,1.538,0.782,4.985,0.309,2.47,0.108,10.191,15.09,7.67,48.91,3.03,24.23,1.06,99.99,Install sub-base perimeter slab insulation,Ground conduction is primary heat drain.,-38.18,-28.24,-32.29,0,24
SIM_000293,Galwan,4300.0,FLOOR,INFILTRATION,2.694,0.84,14.482,1.857,5.992,0.156,26.022,10.35,3.23,55.66,7.13,23.03,0.6,100.0,Install sub-base perimeter slab insulation,Ground conduction is primary heat drain.,-26.66,-19.05,-21.97,0,24
SIM_000294,Hanle,4500.0,ROOF,FLOOR,1.456,3.53,2.939,0.667,2.002,1.188,11.783,12.36,29.96,24.95,5.66,16.99,10.08,100.0,Add 100mm exterior roof insulation,Roof conduction loss dominates envelope heat transfer.,-20.05,-11.91,-15.7,0,24
SIM_000295,Nyoma,4180.0,WALL,INFILTRATION,8.216,0.769,5.473,0.477,7.712,0.168,22.815,36.01,3.37,23.99,2.09,33.8,0.74,100.0,Add 75mm exterior insulation (EPS/rockwool),Wall conduction accounts for highest percentage of heat loss.,-19.26,-15.36,-17.32,0,24
SIM_000296,Chushul,4350.0,FLOOR,WALL,9.186,1.158,12.333,1.426,2.909,0.086,27.097,33.9,4.28,45.51,5.26,10.73,0.32,100.0,Install sub-base perimeter slab insulation,Ground conduction is primary heat drain.,-34.92,-30.85,-32.32,0,24
SIM_000297,Rezang La,5000.0,FLOOR,ROOF,1.614,2.407,11.511,1.0,1.444,0.158,18.134,8.9,13.27,63.48,5.52,7.96,0.87,100.0,Install sub-base perimeter slab insulation,Ground conduction is primary heat drain.,-28.42,-23.25,-24.86,0,24
SIM_000298,Pangong,4250.0,FLOOR,INFILTRATION,1.787,2.634,11.701,3.706,8.022,0.141,27.991,6.38,9.41,41.8,13.24,28.66,0.5,99.99,Install sub-base perimeter slab insulation,Ground conduction is primary heat drain.,-23.32,-17.64,-19.58,0,24
SIM_000299,Depsang,5330.0,FLOOR,INFILTRATION,1.638,0.824,4.201,0.45,2.737,0.063,9.913,16.52,8.31,42.38,4.54,27.62,0.64,100.01,Install sub-base perimeter slab insulation,Ground conduction is primary heat drain.,-46.21,-38.66,-41.79,0,24
SIM_000300,Kargil,2676.0,FLOOR,GLAZING,1.27,1.954,9.949,5.146,4.384,0.227,22.93,5.54,8.52,43.39,22.44,19.12,0.99,100.0,Install sub-base perimeter slab insulation,Ground conduction is primary heat drain.,-13.99,-6.17,-9.72,0,24
SIM_000301,Leh,3500.0,ROOF,FLOOR,4.375,6.278,5.935,0.215,0.882,0.15,17.834,24.53,35.2,33.28,1.21,4.94,0.84,100.0,Add 100mm exterior roof insulation,Roof conduction loss dominates envelope heat transfer.,-17.99,-9.06,-12.76,0,24
SIM_000302,Dras,3280.0,FLOOR,INFILTRATION,2.164,1.088,5.222,1.131,4.044,0.082,13.731,15.76,7.92,38.03,8.23,29.45,0.6,99.99,Install sub-base perimeter slab insulation,Ground conduction is primary heat drain.,-19.7,-13.66,-15.65,0,24
SIM_000303,Siachen,5400.0,FLOOR,INFILTRATION,2.114,1.319,7.963,0.774,4.63,0.16,16.959,12.46,7.77,46.95,4.56,27.3,0.95,99.99,Install sub-base perimeter slab insulation,Ground conduction is primary heat drain.,-31.15,-25.93,-28.1,0,24
SIM_000304,Daulat Beg Oldie,5065.0,WALL,FLOOR,10.322,1.021,6.192,0.193,0.522,0.035,18.285,56.45,5.58,33.86,1.06,2.86,0.19,100.0,Add 75mm exterior insulation (EPS/rockwool),Wall conduction accounts for highest percentage of heat loss.,-44.33,-40.08,-42.19,0,24
SIM_000305,Galwan,4300.0,FLOOR,WALL,5.134,3.851,25.266,2.993,1.659,0.226,39.129,13.12,9.84,64.57,7.65,4.24,0.58,100.0,Install sub-base perimeter slab insulation,Ground conduction is primary heat drain.,-21.2,-16.43,-17.83,0,24
SIM_000306,Hanle,4500.0,WALL,FLOOR,18.282,1.995,11.527,1.903,1.683,0.188,35.578,51.39,5.61,32.4,5.35,4.73,0.53,100.01,Add 75mm exterior insulation (EPS/rockwool),Wall conduction accounts for highest percentage of heat loss.,-26.35,-19.55,-22.43,0,24
SIM_000307,Nyoma,4180.0,ROOF,FLOOR,2.115,17.06,15.415,1.503,3.911,4.192,44.195,4.79,38.6,34.88,3.4,8.85,9.49,100.01,Add 100mm exterior roof insulation,Roof conduction loss dominates envelope heat transfer.,-30.24,-22.95,-26.36,0,24
SIM_000308,Chushul,4350.0,FLOOR,WALL,2.109,0.77,6.135,1.249,0.896,0.12,11.279,18.7,6.83,54.4,11.07,7.95,1.06,100.01,Install sub-base perimeter slab insulation,Ground conduction is primary heat drain.,-28.59,-19.42,-22.94,0,24
SIM_000309,Rezang La,5000.0,FLOOR,WALL,8.05,1.206,8.368,4.318,2.005,0.192,24.14,33.35,5.0,34.67,17.89,8.31,0.8,100.02,Install sub-base perimeter slab insulation,Ground conduction is primary heat drain.,-28.81,-24.69,-26.54,0,24
SIM_000310,Pangong,4250.0,FLOOR,INFILTRATION,2.97,1.835,11.652,0.141,4.008,0.101,20.707,14.34,8.86,56.27,0.68,19.36,0.49,100.0,Install sub-base perimeter slab insulation,Ground conduction is primary heat drain.,-14.33,-9.89,-12.16,0,24
SIM_000311,Depsang,5330.0,FLOOR,INFILTRATION,2.349,1.095,14.442,1.207,4.808,0.087,23.989,9.79,4.57,60.2,5.03,20.04,0.36,99.99,Install sub-base perimeter slab insulation,Ground conduction is primary heat drain.,-32.98,-23.67,-27.78,0,24
SIM_000312,Kargil,2676.0,FLOOR,INFILTRATION,1.841,1.293,5.931,1.297,2.516,0.1,12.979,14.18,9.97,45.7,10.0,19.39,0.77,100.01,Install sub-base perimeter slab insulation,Ground conduction is primary heat drain.,-25.13,-20.37,-21.93,0,24
SIM_000313,Leh,3500.0,ROOF,FLOOR,2.321,9.004,7.446,0.11,0.089,0.711,19.68,11.79,45.75,37.83,0.56,0.45,3.61,99.99,Add 100mm exterior roof insulation,Roof conduction loss dominates envelope heat transfer.,-18.19,-8.19,-12.09,0,24
SIM_000314,Dras,3280.0,FLOOR,WALL,1.823,0.503,4.895,0.679,0.583,0.164,8.647,21.08,5.82,56.61,7.85,6.75,1.9,100.01,Install sub-base perimeter slab insulation,Ground conduction is primary heat drain.,-31.58,-22.47,-25.51,0,24
SIM_000315,Siachen,5400.0,FLOOR,WALL,2.422,1.454,16.473,0.971,2.193,0.124,23.637,10.25,6.15,69.69,4.11,9.28,0.53,100.01,Install sub-base perimeter slab insulation,Ground conduction is primary heat drain.,-41.73,-39.38,-40.1,0,24
SIM_000316,Daulat Beg Oldie,5065.0,FLOOR,INFILTRATION,3.266,3.083,10.968,0.445,5.988,0.31,24.06,13.58,12.81,45.59,1.85,24.89,1.29,100.01,Install sub-base perimeter slab insulation,Ground conduction is primary heat drain.,-37.54,-28.3,-32.25,0,24
SIM_000317,Galwan,4300.0,FLOOR,INFILTRATION,0.922,0.661,5.077,0.096,3.447,0.03,10.234,9.01,6.46,49.61,0.94,33.68,0.29,99.99,Install sub-base perimeter slab insulation,Ground conduction is primary heat drain.,-27.19,-21.32,-23.99,0,24
SIM_000318,Hanle,4500.0,FLOOR,INFILTRATION,1.686,0.485,6.527,0.263,3.729,0.208,12.898,13.08,3.76,50.61,2.04,28.91,1.61,100.01,Install sub-base perimeter slab insulation,Ground conduction is primary heat drain.,-22.01,-12.09,-16.17,0,24
SIM_000319,Nyoma,4180.0,FLOOR,INFILTRATION,1.379,0.841,6.044,0.109,4.633,0.032,13.039,10.57,6.45,46.36,0.84,35.54,0.25,100.01,Install sub-base perimeter slab insulation,Ground conduction is primary heat drain.,-21.63,-10.53,-16.03,0,24
SIM_000320,Chushul,4350.0,FLOOR,INFILTRATION,1.982,1.85,7.413,1.408,3.912,0.369,16.933,11.71,10.92,43.78,8.31,23.1,2.18,100.0,Install sub-base perimeter slab insulation,Ground conduction is primary heat drain.,-37.81,-30.28,-33.02,0,24
SIM_000321,Rezang La,5000.0,WALL,FLOOR,12.44,0.875,7.492,0.504,3.056,0.022,24.39,51.0,3.59,30.72,2.07,12.53,0.09,100.0,Add 75mm exterior insulation (EPS/rockwool),Wall conduction accounts for highest percentage of heat loss.,-26.68,-23.11,-24.91,0,24
SIM_000322,Pangong,4250.0,FLOOR,WALL,2.462,2.114,21.424,2.177,0.98,0.147,29.304,8.4,7.21,73.11,7.43,3.34,0.5,99.99,Install sub-base perimeter slab insulation,Ground conduction is primary heat drain.,-23.99,-15.76,-18.66,0,24
SIM_000323,Depsang,5330.0,FLOOR,INFILTRATION,6.379,2.812,16.887,1.893,8.995,0.401,37.368,17.07,7.53,45.19,5.06,24.07,1.07,99.99,Install sub-base perimeter slab insulation,Ground conduction is primary heat drain.,-43.58,-37.88,-40.26,0,24
SIM_000324,Kargil,2676.0,INFILTRATION,FLOOR,2.933,2.382,10.031,1.111,10.311,0.12,26.888,10.91,8.86,37.31,4.13,38.35,0.45,100.01,Perimeter weatherstripping and door draft seals,High air exchange rate is flushing interior thermal energy.,-12.98,-7.15,-9.46,0,24
SIM_000325,Leh,3500.0,ROOF,WALL,8.971,13.064,6.391,0.608,1.503,0.38,30.917,29.02,42.26,20.67,1.96,4.86,1.23,100.0,Add 100mm exterior roof insulation,Roof conduction loss dominates envelope heat transfer.,-17.07,-11.56,-13.66,0,24
SIM_000326,Dras,3280.0,FLOOR,INFILTRATION,0.599,2.32,3.335,0.084,2.929,0.299,9.566,6.26,24.26,34.86,0.87,30.62,3.13,100.0,Install sub-base perimeter slab insulation,Ground conduction is primary heat drain.,-24.08,-15.51,-19.77,0,24
SIM_000327,Siachen,5400.0,FLOOR,WALL,3.828,0.581,6.034,0.55,0.367,0.031,11.391,33.61,5.1,52.97,4.83,3.22,0.27,100.0,Install sub-base perimeter slab insulation,Ground conduction is primary heat drain.,-31.46,-27.59,-29.44,0,24
SIM_000328,Daulat Beg Oldie,5065.0,FLOOR,INFILTRATION,1.427,1.851,10.104,1.029,5.712,0.171,20.294,7.03,9.12,49.79,5.07,28.14,0.84,99.99,Install sub-base perimeter slab insulation,Ground conduction is primary heat drain.,-46.24,-39.26,-41.82,0,24
SIM_000329,Galwan,4300.0,FLOOR,WALL,10.254,1.232,15.218,1.95,3.719,0.161,32.534,31.52,3.79,46.78,5.99,11.43,0.49,100.0,Install sub-base perimeter slab insulation,Ground conduction is primary heat drain.,-20.74,-18.23,-19.4,0,24
SIM_000330,Hanle,4500.0,FLOOR,WALL,2.429,1.497,10.743,0.05,0.63,0.064,15.413,15.76,9.71,69.7,0.32,4.09,0.42,100.0,Install sub-base perimeter slab insulation,Ground conduction is primary heat drain.,-25.85,-16.53,-20.95,0,24
SIM_000331,Nyoma,4180.0,ROOF,FLOOR,1.87,8.558,5.271,0.144,4.61,2.542,22.994,8.13,37.22,22.92,0.62,20.05,11.05,99.99,Add 100mm exterior roof insulation,Roof conduction loss dominates envelope heat transfer.,-31.94,-24.48,-28.01,0,24
SIM_000332,Chushul,4350.0,WALL,FLOOR,5.31,0.244,3.691,0.191,1.632,0.048,11.116,47.77,2.2,33.2,1.71,14.68,0.43,99.99,Add 75mm exterior insulation (EPS/rockwool),Wall conduction accounts for highest percentage of heat loss.,-25.51,-23.13,-24.39,0,24
SIM_000333,Rezang La,5000.0,FLOOR,INFILTRATION,2.252,1.82,18.09,3.331,12.062,0.115,37.671,5.98,4.83,48.02,8.84,32.02,0.31,100.0,Install sub-base perimeter slab insulation,Ground conduction is primary heat drain.,-28.86,-20.98,-23.79,0,24
SIM_000334,Pangong,4250.0,FLOOR,WALL,3.975,1.047,13.849,0.645,2.708,0.131,22.356,17.78,4.68,61.95,2.89,12.12,0.58,100.0,Install sub-base perimeter slab insulation,Ground conduction is primary heat drain.,-14.35,-9.89,-11.91,0,24
SIM_000335,Depsang,5330.0,FLOOR,INFILTRATION,2.632,0.291,5.168,0.152,4.151,0.166,12.561,20.95,2.32,41.14,1.21,33.05,1.32,99.99,Install sub-base perimeter slab insulation,Ground conduction is primary heat drain.,-35.06,-29.41,-32.23,0,24
SIM_000336,Kargil,2676.0,ROOF,WALL,10.599,11.256,7.091,0.757,4.826,2.171,36.7,28.88,30.67,19.32,2.06,13.15,5.92,100.0,Add 100mm exterior roof insulation,Roof conduction loss dominates envelope heat transfer.,-25.17,-20.56,-22.39,0,24
SIM_000337,Leh,3500.0,WALL,FLOOR,9.756,0.777,4.661,0.116,0.641,0.033,15.983,61.04,4.86,29.16,0.73,4.01,0.2,100.0,Add 75mm exterior insulation (EPS/rockwool),Wall conduction accounts for highest percentage of heat loss.,-11.99,-8.27,-10.11,0,24
SIM_000338,Dras,3280.0,ROOF,FLOOR,2.651,13.494,8.565,0.43,2.334,1.802,29.277,9.06,46.09,29.26,1.47,7.97,6.15,100.0,Add 100mm exterior roof insulation,Roof conduction loss dominates envelope heat transfer.,-33.08,-21.49,-26.32,0,24
SIM_000339,Siachen,5400.0,FLOOR,INFILTRATION,2.516,1.026,13.829,1.6,2.804,0.034,21.81,11.53,4.71,63.41,7.34,12.86,0.15,100.0,Install sub-base perimeter slab insulation,Ground conduction is primary heat drain.,-42.19,-33.75,-36.69,0,24
SIM_000340,Daulat Beg Oldie,5065.0,FLOOR,WALL,8.176,0.284,9.417,1.075,2.591,0.143,21.686,37.7,1.31,43.42,4.96,11.95,0.66,100.0,Install sub-base perimeter slab insulation,Ground conduction is primary heat drain.,-34.95,-30.36,-32.29,0,24
SIM_000341,Galwan,4300.0,FLOOR,INFILTRATION,2.679,3.098,9.104,2.266,5.192,0.31,22.649,11.83,13.68,40.19,10.01,22.93,1.37,100.01,Install sub-base perimeter slab insulation,Ground conduction is primary heat drain.,-27.02,-21.97,-23.8,0,24
SIM_000342,Hanle,4500.0,FLOOR,INFILTRATION,3.582,4.647,18.105,1.918,8.629,0.363,37.245,9.62,12.48,48.61,5.15,23.17,0.97,100.0,Install sub-base perimeter slab insulation,Ground conduction is primary heat drain.,-19.76,-9.03,-13.95,0,24
SIM_000343,Nyoma,4180.0,ROOF,FLOOR,2.919,11.318,9.486,0.08,6.037,0.352,30.192,9.67,37.49,31.42,0.27,19.99,1.17,100.01,Add 100mm exterior roof insulation,Roof conduction loss dominates envelope heat transfer.,-21.38,-12.09,-16.46,0,24
SIM_000344,Chushul,4350.0,FLOOR,INFILTRATION,1.932,0.836,9.942,0.889,3.553,0.144,17.296,11.17,4.83,57.48,5.14,20.54,0.83,99.99,Install sub-base perimeter slab insulation,Ground conduction is primary heat drain.,-37.65,-30.09,-33.52,0,24
SIM_000345,Rezang La,5000.0,INFILTRATION,WALL,5.128,0.197,2.979,0.018,6.418,0.0,14.74,34.79,1.34,20.21,0.12,43.54,0.0,100.0,Perimeter weatherstripping and door draft seals,High air exchange rate is flushing interior thermal energy.,-30.21,-25.34,-27.71,0,24
SIM_000346,Pangong,4250.0,ROOF,FLOOR,1.339,15.813,12.017,1.384,5.516,2.27,38.34,3.49,41.25,31.34,3.61,14.39,5.92,100.0,Add 100mm exterior roof insulation,Roof conduction loss dominates envelope heat transfer.,-28.46,-19.84,-23.0,0,24
SIM_000347,Depsang,5330.0,FLOOR,INFILTRATION,2.581,1.524,21.9,1.688,12.567,0.075,40.336,6.4,3.78,54.29,4.18,31.16,0.19,100.0,Install sub-base perimeter slab insulation,Ground conduction is primary heat drain.,-41.95,-35.74,-37.74,0,24
SIM_000348,Kargil,2676.0,FLOOR,WALL,3.007,2.144,8.253,0.718,1.825,0.113,16.059,18.72,13.35,51.39,4.47,11.36,0.7,99.99,Install sub-base perimeter slab insulation,Ground conduction is primary heat drain.,-15.72,-7.16,-10.82,0,24
SIM_000349,Leh,3500.0,WALL,FLOOR,14.927,0.447,7.364,0.527,5.745,0.137,29.147,51.21,1.53,25.27,1.81,19.71,0.47,100.0,Add 75mm exterior insulation (EPS/rockwool),Wall conduction accounts for highest percentage of heat loss.,-13.51,-9.17,-11.29,0,24
SIM_000350,Dras,3280.0,FLOOR,INFILTRATION,1.773,0.443,6.121,0.34,3.004,0.168,11.848,14.96,3.74,51.66,2.87,25.36,1.41,100.0,Install sub-base perimeter slab insulation,Ground conduction is primary heat drain.,-20.54,-15.92,-18.14,0,24
SIM_000351,Siachen,5400.0,FLOOR,INFILTRATION,1.234,0.636,6.359,1.823,2.083,0.16,12.294,10.03,5.17,51.72,14.82,16.95,1.3,99.99,Install sub-base perimeter slab insulation,Ground conduction is primary heat drain.,-32.94,-29.03,-30.49,0,24
SIM_000352,Daulat Beg Oldie,5065.0,FLOOR,INFILTRATION,2.333,0.774,6.667,0.387,5.243,0.32,15.724,14.83,4.92,42.4,2.46,33.35,2.04,100.0,Install sub-base perimeter slab insulation,Ground conduction is primary heat drain.,-47.95,-38.75,-42.88,0,24
SIM_000353,Galwan,4300.0,ROOF,FLOOR,2.646,19.564,14.346,1.54,0.491,2.232,40.82,6.48,47.93,35.15,3.77,1.2,5.47,100.0,Add 100mm exterior roof insulation,Roof conduction loss dominates envelope heat transfer.,-24.28,-16.58,-19.02,0,24
SIM_000354,Hanle,4500.0,ROOF,FLOOR,0.748,7.786,6.352,0.891,2.343,0.852,18.972,3.94,41.04,33.48,4.7,12.35,4.49,100.0,Add 100mm exterior roof insulation,Roof conduction loss dominates envelope heat transfer.,-31.68,-20.11,-24.88,0,24
SIM_000355,Nyoma,4180.0,WALL,FLOOR,9.56,2.256,6.852,3.451,0.621,0.228,22.967,41.62,9.82,29.83,15.03,2.71,0.99,100.0,Add 75mm exterior insulation (EPS/rockwool),Wall conduction accounts for highest percentage of heat loss.,-31.44,-25.43,-27.96,0,24
SIM_000356,Chushul,4350.0,FLOOR,ROOF,2.471,3.212,15.819,1.946,1.558,0.297,25.303,9.77,12.69,62.52,7.69,6.16,1.17,100.0,Install sub-base perimeter slab insulation,Ground conduction is primary heat drain.,-24.22,-18.36,-20.5,0,24
SIM_000357,Rezang La,5000.0,FLOOR,INFILTRATION,1.747,1.254,18.569,1.502,9.415,0.081,32.568,5.36,3.85,57.02,4.61,28.91,0.25,100.0,Install sub-base perimeter slab insulation,Ground conduction is primary heat drain.,-29.45,-21.7,-24.65,0,24
SIM_000358,Pangong,4250.0,FLOOR,WALL,8.241,1.568,17.097,1.535,0.499,0.048,28.989,28.43,5.41,58.98,5.3,1.72,0.17,100.01,Install sub-base perimeter slab insulation,Ground conduction is primary heat drain.,-12.47,-8.45,-9.85,0,24
SIM_000359,Depsang,5330.0,ROOF,FLOOR,1.223,18.15,13.881,0.533,0.754,1.842,36.382,3.36,49.89,38.15,1.46,2.07,5.06,99.99,Add 100mm exterior roof insulation,Roof conduction loss dominates envelope heat transfer.,-35.35,-26.03,-30.12,0,24
SIM_000360,Kargil,2676.0,FLOOR,INFILTRATION,1.482,0.762,8.569,2.292,6.769,0.221,20.095,7.37,3.79,42.64,11.41,33.68,1.1,99.99,Install sub-base perimeter slab insulation,Ground conduction is primary heat drain.,-25.91,-19.88,-22.15,0,24
SIM_000361,Leh,3500.0,FLOOR,INFILTRATION,1.871,1.064,11.188,0.046,5.556,0.086,19.811,9.44,5.37,56.47,0.23,28.05,0.43,99.99,Install sub-base perimeter slab insulation,Ground conduction is primary heat drain.,-8.56,-3.15,-5.84,0,24
SIM_000362,Dras,3280.0,ROOF,WALL,7.661,10.184,5.922,0.159,3.345,0.366,27.638,27.72,36.85,21.43,0.58,12.1,1.32,100.0,Add 100mm exterior roof insulation,Roof conduction loss dominates envelope heat transfer.,-30.6,-23.3,-26.44,0,24
SIM_000363,Siachen,5400.0,FLOOR,INFILTRATION,4.39,1.478,18.687,0.909,8.38,0.153,33.995,12.91,4.35,54.97,2.67,24.65,0.45,100.0,Install sub-base perimeter slab insulation,Ground conduction is primary heat drain.,-41.2,-37.68,-39.06,0,24
SIM_000364,Daulat Beg Oldie,5065.0,FLOOR,INFILTRATION,3.847,1.376,9.026,0.946,5.883,0.141,21.218,18.13,6.48,42.54,4.46,27.73,0.66,100.0,Install sub-base perimeter slab insulation,Ground conduction is primary heat drain.,-32.71,-26.84,-29.06,0,24
SIM_000365,Galwan,4300.0,FLOOR,GLAZING,2.986,1.422,13.925,3.136,0.304,0.171,21.944,13.61,6.48,63.46,14.29,1.39,0.78,100.01,Install sub-base perimeter slab insulation,Ground conduction is primary heat drain.,-28.49,-19.67,-23.24,0,24
SIM_000366,Hanle,4500.0,FLOOR,INFILTRATION,4.019,2.358,19.401,3.473,11.473,0.377,41.102,9.78,5.74,47.2,8.45,27.91,0.92,100.0,Install sub-base perimeter slab insulation,Ground conduction is primary heat drain.,-18.53,-10.55,-13.58,0,24
SIM_000367,Nyoma,4180.0,ROOF,FLOOR,0.978,10.385,9.502,1.436,5.921,3.142,31.363,3.12,33.11,30.29,4.58,18.88,10.02,100.0,Add 100mm exterior roof insulation,Roof conduction loss dominates envelope heat transfer.,-19.96,-12.13,-15.87,0,24
SIM_000368,Chushul,4350.0,FLOOR,INFILTRATION,1.545,1.544,10.675,1.257,2.052,0.108,17.181,8.99,8.99,62.13,7.32,11.94,0.63,100.0,Install sub-base perimeter slab insulation,Ground conduction is primary heat drain.,-36.89,-30.15,-32.94,0,24
SIM_000369,Rezang La,5000.0,FLOOR,INFILTRATION,1.643,2.33,17.388,1.169,5.821,0.096,28.447,5.77,8.19,61.12,4.11,20.46,0.34,99.99,Install sub-base perimeter slab insulation,Ground conduction is primary heat drain.,-29.05,-20.55,-24.0,0,24
SIM_000370,Pangong,4250.0,FLOOR,INFILTRATION,3.754,0.895,8.99,0.321,7.779,0.164,21.904,17.14,4.09,41.04,1.47,35.51,0.75,100.0,Install sub-base perimeter slab insulation,Ground conduction is primary heat drain.,-23.45,-19.04,-21.03,0,24
SIM_000371,Depsang,5330.0,WALL,ROOF,6.4,5.224,4.994,0.087,2.094,1.681,20.48,31.25,25.51,24.39,0.42,10.23,8.21,100.01,Add 75mm exterior insulation (EPS/rockwool),Wall conduction accounts for highest percentage of heat loss.,-45.0,-41.53,-43.26,0,24
SIM_000372,Kargil,2676.0,ROOF,FLOOR,1.925,22.952,13.6,1.469,4.699,3.719,48.364,3.98,47.46,28.12,3.04,9.72,7.69,100.01,Add 100mm exterior roof insulation,Roof conduction loss dominates envelope heat transfer.,-16.19,-8.15,-11.27,0,24
SIM_000373,Leh,3500.0,WALL,FLOOR,22.251,2.35,21.058,1.34,1.64,0.122,48.762,45.63,4.82,43.19,2.75,3.36,0.25,100.0,Add 75mm exterior insulation (EPS/rockwool),Wall conduction accounts for highest percentage of heat loss.,-10.69,-7.11,-8.81,0,24
SIM_000374,Dras,3280.0,FLOOR,INFILTRATION,2.106,1.715,17.686,0.504,8.097,0.175,30.283,6.95,5.66,58.4,1.67,26.74,0.58,100.0,Install sub-base perimeter slab insulation,Ground conduction is primary heat drain.,-17.84,-12.38,-14.85,0,24
SIM_000375,Siachen,5400.0,FLOOR,WALL,2.321,1.004,8.008,0.309,0.956,0.124,12.722,18.24,7.89,62.95,2.43,7.51,0.98,100.0,Install sub-base perimeter slab insulation,Ground conduction is primary heat drain.,-31.9,-26.29,-29.08,0,24
SIM_000376,Daulat Beg Oldie,5065.0,FLOOR,INFILTRATION,2.275,1.157,12.815,0.0,7.76,0.147,24.154,9.42,4.79,53.06,0.0,32.13,0.61,100.01,Install sub-base perimeter slab insulation,Ground conduction is primary heat drain.,-41.8,-36.39,-39.05,0,24
SIM_000377,Galwan,4300.0,WALL,FLOOR,7.974,2.483,5.784,0.182,5.504,0.227,22.154,35.99,11.21,26.11,0.82,24.84,1.02,99.99,Add 75mm exterior insulation (EPS/rockwool),Wall conduction accounts for highest percentage of heat loss.,-25.05,-19.6,-22.37,0,24
SIM_000378,Hanle,4500.0,ROOF,FLOOR,1.817,8.158,5.47,1.267,2.099,1.624,20.435,8.89,39.92,26.77,6.2,10.27,7.95,100.0,Add 100mm exterior roof insulation,Roof conduction loss dominates envelope heat transfer.,-26.85,-20.17,-22.72,0,24
SIM_000379,Nyoma,4180.0,FLOOR,INFILTRATION,1.76,0.733,5.797,0.605,3.219,0.11,12.223,14.4,5.99,47.43,4.95,26.33,0.9,100.0,Install sub-base perimeter slab insulation,Ground conduction is primary heat drain.,-30.94,-25.5,-27.39,0,24
SIM_000380,Chushul,4350.0,ROOF,FLOOR,1.65,15.551,12.507,0.38,2.691,1.579,34.358,4.8,45.26,36.4,1.11,7.83,4.59,99.99,Add 100mm exterior roof insulation,Roof conduction loss dominates envelope heat transfer.,-27.74,-19.16,-22.53,0,24
SIM_000381,Rezang La,5000.0,FLOOR,INFILTRATION,2.291,1.782,9.865,0.289,7.577,0.214,22.017,10.41,8.09,44.8,1.31,34.41,0.97,99.99,Install sub-base perimeter slab insulation,Ground conduction is primary heat drain.,-29.55,-22.79,-25.53,0,24
SIM_000382,Pangong,4250.0,WALL,FLOOR,10.817,0.95,6.712,0.616,2.957,0.164,22.216,48.69,4.28,30.21,2.77,13.31,0.74,100.0,Add 75mm exterior insulation (EPS/rockwool),Wall conduction accounts for highest percentage of heat loss.,-15.83,-13.19,-14.26,0,24
SIM_000383,Depsang,5330.0,FLOOR,INFILTRATION,3.363,1.09,13.316,0.512,4.616,0.052,22.95,14.65,4.75,58.02,2.23,20.11,0.23,99.99,Install sub-base perimeter slab insulation,Ground conduction is primary heat drain.,-30.14,-25.09,-27.59,0,24
SIM_000384,Kargil,2676.0,ROOF,WALL,4.393,4.968,3.095,0.97,1.768,0.359,15.553,28.25,31.94,19.9,6.23,11.37,2.31,100.0,Add 100mm exterior roof insulation,Roof conduction loss dominates envelope heat transfer.,-27.17,-22.28,-23.88,0,24
SIM_000385,Leh,3500.0,FLOOR,INFILTRATION,1.553,1.065,5.464,0.508,3.077,0.121,11.787,13.17,9.04,46.36,4.31,26.1,1.02,100.0,Install sub-base perimeter slab insulation,Ground conduction is primary heat drain.,-12.43,-8.44,-10.29,0,24
SIM_000386,Dras,3280.0,FLOOR,INFILTRATION,0.969,0.628,5.72,0.12,2.165,0.081,9.683,10.0,6.48,59.07,1.24,22.36,0.84,99.99,Install sub-base perimeter slab insulation,Ground conduction is primary heat drain.,-32.19,-20.67,-25.95,0,24
SIM_000387,Siachen,5400.0,WALL,FLOOR,5.839,5.151,5.697,0.334,1.818,1.193,20.033,29.15,25.71,28.44,1.67,9.08,5.95,100.0,Add 75mm exterior insulation (EPS/rockwool),Wall conduction accounts for highest percentage of heat loss.,-43.75,-40.54,-41.88,0,24
SIM_000388,Daulat Beg Oldie,5065.0,FLOOR,INFILTRATION,0.524,0.923,3.847,0.095,1.555,0.133,7.077,7.41,13.04,54.36,1.35,21.98,1.88,100.02,Install sub-base perimeter slab insulation,Ground conduction is primary heat drain.,-33.94,-30.63,-32.34,0,24
SIM_000389,Galwan,4300.0,FLOOR,INFILTRATION,1.653,2.126,9.165,1.289,6.314,0.169,20.716,7.98,10.26,44.24,6.22,30.48,0.82,100.0,Install sub-base perimeter slab insulation,Ground conduction is primary heat drain.,-29.24,-19.81,-23.62,0,24
SIM_000390,Hanle,4500.0,FLOOR,INFILTRATION,2.745,3.008,26.462,5.357,9.893,0.185,47.65,5.76,6.31,55.53,11.24,20.76,0.39,99.99,Install sub-base perimeter slab insulation,Ground conduction is primary heat drain.,-16.11,-8.37,-10.92,0,24
SIM_000391,Nyoma,4180.0,WALL,FLOOR,10.408,0.347,7.474,3.935,0.359,0.015,22.538,46.18,1.54,33.16,17.46,1.59,0.07,100.0,Add 75mm exterior insulation (EPS/rockwool),Wall conduction accounts for highest percentage of heat loss.,-19.5,-15.6,-17.28,0,24
SIM_000392,Chushul,4350.0,FLOOR,ROOF,2.494,7.901,8.503,0.128,2.093,1.635,22.754,10.96,34.72,37.37,0.56,9.2,7.19,100.0,Install sub-base perimeter slab insulation,Ground conduction is primary heat drain.,-36.69,-30.76,-33.6,0,24
SIM_000393,Rezang La,5000.0,FLOOR,INFILTRATION,0.837,0.619,3.875,0.038,2.885,0.022,8.277,10.12,7.48,46.82,0.45,34.86,0.27,100.0,Install sub-base perimeter slab insulation,Ground conduction is primary heat drain.,-30.04,-21.76,-25.83,0,24
SIM_000394,Pangong,4250.0,WALL,FLOOR,14.282,2.145,9.821,0.699,9.143,0.159,36.249,39.4,5.92,27.09,1.93,25.22,0.44,100.0,Add 75mm exterior insulation (EPS/rockwool),Wall conduction accounts for highest percentage of heat loss.,-24.24,-19.78,-21.85,0,24
SIM_000395,Depsang,5330.0,FLOOR,INFILTRATION,3.255,1.76,8.252,0.626,5.299,0.133,19.324,16.84,9.11,42.7,3.24,27.42,0.69,100.0,Install sub-base perimeter slab insulation,Ground conduction is primary heat drain.,-46.71,-39.93,-42.43,0,24
SIM_000396,Kargil,2676.0,ROOF,FLOOR,0.683,5.674,4.57,0.994,2.684,1.607,16.212,4.22,35.0,28.19,6.13,16.56,9.91,100.01,Add 100mm exterior roof insulation,Roof conduction loss dominates envelope heat transfer.,-16.62,-9.26,-12.33,0,24
SIM_000397,Leh,3500.0,FLOOR,WALL,5.77,0.688,8.077,0.388,1.384,0.061,16.368,35.25,4.2,49.35,2.37,8.46,0.37,100.0,Install sub-base perimeter slab insulation,Ground conduction is primary heat drain.,-16.25,-10.15,-12.74,0,24
SIM_000398,Dras,3280.0,FLOOR,INFILTRATION,2.499,0.404,4.976,0.263,2.904,0.202,11.248,22.22,3.6,44.24,2.33,25.82,1.8,100.01,Install sub-base perimeter slab insulation,Ground conduction is primary heat drain.,-23.65,-16.28,-19.29,0,24
SIM_000399,Siachen,5400.0,FLOOR,ROOF,0.949,4.308,4.502,0.121,0.435,0.066,10.382,9.14,41.5,43.36,1.17,4.19,0.64,100.0,Install sub-base perimeter slab insulation,Ground conduction is primary heat drain.,-36.28,-29.05,-32.1,0,24
SIM_000400,Daulat Beg Oldie,5065.0,FLOOR,WALL,5.296,2.511,17.779,2.291,1.254,0.083,29.215,18.13,8.59,60.86,7.84,4.29,0.29,100.0,Install sub-base perimeter slab insulation,Ground conduction is primary heat drain.,-40.51,-34.21,-36.65,0,24
SIM_000401,Galwan,4300.0,FLOOR,WALL,3.614,1.552,13.177,1.863,1.797,0.116,22.119,16.34,7.02,59.57,8.42,8.13,0.52,100.0,Install sub-base perimeter slab insulation,Ground conduction is primary heat drain.,-24.59,-15.56,-18.62,0,24
SIM_000402,Hanle,4500.0,FLOOR,INFILTRATION,1.308,2.793,9.529,0.531,4.136,0.333,18.63,7.02,14.99,51.15,2.85,22.2,1.79,100.0,Install sub-base perimeter slab insulation,Ground conduction is primary heat drain.,-32.68,-19.48,-24.89,0,24
SIM_000403,Nyoma,4180.0,WALL,ROOF,11.42,10.352,5.315,0.31,3.779,0.464,31.641,36.09,32.72,16.8,0.98,11.94,1.47,100.0,Add 75mm exterior insulation (EPS/rockwool),Wall conduction accounts for highest percentage of heat loss.,-31.28,-25.5,-27.92,0,24
SIM_000404,Chushul,4350.0,ROOF,FLOOR,0.951,11.214,7.928,0.403,1.918,1.982,24.396,3.9,45.97,32.5,1.65,7.86,8.13,100.01,Add 100mm exterior roof insulation,Roof conduction loss dominates envelope heat transfer.,-31.61,-20.95,-24.99,0,24
SIM_000405,Rezang La,5000.0,FLOOR,INFILTRATION,1.776,0.889,10.455,0.136,2.179,0.074,15.508,11.45,5.73,67.42,0.87,14.05,0.48,100.0,Install sub-base perimeter slab insulation,Ground conduction is primary heat drain.,-27.63,-21.7,-24.36,0,24
SIM_000406,Pangong,4250.0,FLOOR,INFILTRATION,2.897,1.474,21.699,0.887,9.759,0.208,36.924,7.85,3.99,58.76,2.4,26.43,0.56,99.99,Install sub-base perimeter slab insulation,Ground conduction is primary heat drain.,-15.3,-9.62,-11.92,0,24
SIM_000407,Depsang,5330.0,FLOOR,WALL,9.111,1.664,23.448,3.286,1.972,0.107,39.588,23.01,4.2,59.23,8.3,4.98,0.27,99.99,Install sub-base perimeter slab insulation,Ground conduction is primary heat drain.,-30.18,-25.64,-27.75,0,24
SIM_000408,Kargil,2676.0,WALL,FLOOR,7.611,0.386,4.84,0.144,3.906,0.014,16.902,45.03,2.28,28.64,0.85,23.11,0.08,99.99,Add 75mm exterior insulation (EPS/rockwool),Wall conduction accounts for highest percentage of heat loss.,-25.91,-20.32,-23.06,0,24
SIM_000409,Leh,3500.0,FLOOR,WALL,4.435,1.831,19.902,1.18,1.023,0.129,28.5,15.56,6.42,69.83,4.14,3.59,0.45,99.99,Install sub-base perimeter slab insulation,Ground conduction is primary heat drain.,-8.42,-2.86,-5.18,0,24
SIM_000410,Dras,3280.0,FLOOR,GLAZING,2.003,0.747,6.398,2.805,0.477,0.066,12.495,16.03,5.97,51.21,22.45,3.82,0.52,100.0,Install sub-base perimeter slab insulation,Ground conduction is primary heat drain.,-28.73,-23.16,-25.05,0,24
SIM_000411,Siachen,5400.0,FLOOR,WALL,6.566,0.816,7.481,0.746,2.808,0.044,18.461,35.57,4.42,40.52,4.04,15.21,0.24,100.0,Install sub-base perimeter slab insulation,Ground conduction is primary heat drain.,-43.87,-40.03,-41.44,0,24
SIM_000412,Daulat Beg Oldie,5065.0,WALL,FLOOR,12.367,2.225,8.438,0.81,0.673,0.071,24.584,50.3,9.05,34.32,3.3,2.74,0.29,100.0,Add 75mm exterior insulation (EPS/rockwool),Wall conduction accounts for highest percentage of heat loss.,-34.53,-29.22,-31.59,0,24
SIM_000413,Galwan,4300.0,FLOOR,ROOF,1.491,9.291,11.27,0.498,5.016,1.863,29.43,5.07,31.57,38.29,1.69,17.04,6.33,99.99,Install sub-base perimeter slab insulation,Ground conduction is primary heat drain.,-25.58,-19.62,-22.37,0,24
SIM_000414,Hanle,4500.0,ROOF,WALL,6.85,7.55,3.122,0.052,0.543,0.186,18.304,37.43,41.25,17.06,0.29,2.97,1.02,100.02,Add 100mm exterior roof insulation,Roof conduction loss dominates envelope heat transfer.,-19.88,-13.13,-16.27,0,24
SIM_000415,Nyoma,4180.0,ROOF,WALL,17.808,31.404,17.658,1.887,1.275,0.662,70.695,25.19,44.42,24.98,2.67,1.8,0.94,100.0,Add 100mm exterior roof insulation,Roof conduction loss dominates envelope heat transfer.,-19.42,-12.72,-15.72,0,24
SIM_000416,Chushul,4350.0,FLOOR,INFILTRATION,2.431,3.246,19.415,3.164,15.695,0.144,44.096,5.51,7.36,44.03,7.18,35.59,0.33,100.0,Install sub-base perimeter slab insulation,Ground conduction is primary heat drain.,-37.42,-28.04,-31.27,0,24
SIM_000417,Rezang La,5000.0,WALL,FLOOR,9.991,1.08,7.162,1.789,5.305,0.027,25.355,39.41,4.26,28.25,7.05,20.92,0.11,100.0,Add 75mm exterior insulation (EPS/rockwool),Wall conduction accounts for highest percentage of heat loss.,-29.7,-24.08,-26.72,0,24
SIM_000418,Pangong,4250.0,FLOOR,WALL,4.03,0.827,13.019,0.636,2.402,0.106,21.021,19.17,3.94,61.94,3.03,11.43,0.5,100.01,Install sub-base perimeter slab insulation,Ground conduction is primary heat drain.,-21.94,-17.41,-19.64,0,24
SIM_000419,Depsang,5330.0,FLOOR,WALL,2.358,0.267,4.4,0.039,2.019,0.11,9.194,25.65,2.91,47.86,0.42,21.96,1.2,100.0,Install sub-base perimeter slab insulation,Ground conduction is primary heat drain.,-46.76,-39.44,-43.07,0,24
SIM_000420,Kargil,2676.0,WALL,ROOF,5.661,4.134,4.039,0.228,0.568,0.668,15.297,37.01,27.02,26.4,1.49,3.72,4.37,100.01,Add 75mm exterior insulation (EPS/rockwool),Wall conduction accounts for highest percentage of heat loss.,-14.86,-11.48,-12.97,0,24
SIM_000421,Leh,3500.0,FLOOR,ROOF,2.403,6.789,9.805,1.579,2.172,1.39,24.138,9.95,28.13,40.62,6.54,9.0,5.76,100.0,Install sub-base perimeter slab insulation,Ground conduction is primary heat drain.,-14.04,-8.1,-10.26,0,24
SIM_000422,Dras,3280.0,FLOOR,INFILTRATION,0.324,1.084,2.622,0.104,1.741,0.136,6.011,5.39,18.03,43.61,1.74,28.97,2.26,100.0,Install sub-base perimeter slab insulation,Ground conduction is primary heat drain.,-20.87,-17.52,-19.17,0,24
SIM_000423,Siachen,5400.0,FLOOR,INFILTRATION,1.97,0.771,9.378,0.545,2.507,0.022,15.193,12.96,5.08,61.73,3.59,16.5,0.15,100.01,Install sub-base perimeter slab insulation,Ground conduction is primary heat drain.,-31.6,-27.45,-29.54,0,24
SIM_000424,Daulat Beg Oldie,5065.0,ROOF,FLOOR,3.0,23.988,18.049,0.863,2.789,3.371,52.059,5.76,46.08,34.67,1.66,5.36,6.48,100.01,Add 100mm exterior roof insulation,Roof conduction loss dominates envelope heat transfer.,-48.47,-36.5,-40.98,0,24
SIM_000425,Galwan,4300.0,FLOOR,INFILTRATION,4.593,2.448,15.603,1.907,6.114,0.216,30.88,14.87,7.93,50.53,6.17,19.8,0.7,100.0,Install sub-base perimeter slab insulation,Ground conduction is primary heat drain.,-23.0,-15.31,-18.17,0,24
SIM_000426,Hanle,4500.0,FLOOR,WALL,3.656,1.104,10.555,2.344,1.581,0.28,19.521,18.73,5.66,54.07,12.01,8.1,1.43,100.0,Install sub-base perimeter slab insulation,Ground conduction is primary heat drain.,-26.27,-20.45,-22.5,0,24
SIM_000427,Nyoma,4180.0,FLOOR,WALL,1.842,1.793,19.08,0.034,1.704,0.212,24.665,7.47,7.27,77.36,0.14,6.91,0.86,100.01,Install sub-base perimeter slab insulation,Ground conduction is primary heat drain.,-29.45,-21.9,-25.79,0,24
SIM_000428,Chushul,4350.0,FLOOR,INFILTRATION,2.241,0.95,13.136,0.817,10.769,0.116,28.029,8.0,3.39,46.86,2.91,38.42,0.41,99.99,Install sub-base perimeter slab insulation,Ground conduction is primary heat drain.,-27.11,-19.88,-22.38,0,24
SIM_000429,Rezang La,5000.0,FLOOR,INFILTRATION,2.403,1.2,12.112,1.502,8.056,0.145,25.418,9.45,4.72,47.65,5.91,31.7,0.57,100.0,Install sub-base perimeter slab insulation,Ground conduction is primary heat drain.,-29.38,-24.18,-25.83,0,24
SIM_000430,Pangong,4250.0,FLOOR,WALL,4.441,1.574,17.741,3.628,0.908,0.07,28.362,15.66,5.55,62.55,12.79,3.2,0.25,100.0,Install sub-base perimeter slab insulation,Ground conduction is primary heat drain.,-11.38,-8.22,-9.2,0,24
SIM_000431,Depsang,5330.0,FLOOR,INFILTRATION,1.079,0.217,4.75,1.442,2.023,0.022,9.532,11.32,2.28,49.83,15.13,21.22,0.23,100.01,Install sub-base perimeter slab insulation,Ground conduction is primary heat drain.,-37.8,-29.02,-32.44,0,24
SIM_000432,Kargil,2676.0,FLOOR,INFILTRATION,1.522,0.267,3.804,0.351,2.497,0.04,8.48,17.94,3.15,44.86,4.13,29.45,0.47,100.0,Install sub-base perimeter slab insulation,Ground conduction is primary heat drain.,-27.65,-21.71,-23.85,0,24
SIM_000433,Leh,3500.0,FLOOR,WALL,1.993,0.625,5.687,0.376,1.179,0.049,9.91,20.11,6.31,57.38,3.8,11.9,0.5,100.0,Install sub-base perimeter slab insulation,Ground conduction is primary heat drain.,-13.24,-7.54,-9.9,0,24
SIM_000434,Dras,3280.0,ROOF,INFILTRATION,1.403,3.047,2.126,0.106,2.178,1.628,10.488,13.38,29.06,20.27,1.01,20.77,15.52,100.01,Add 100mm exterior roof insulation,Roof conduction loss dominates envelope heat transfer.,-31.91,-22.93,-27.09,0,24
SIM_000435,Siachen,5400.0,FLOOR,GLAZING,3.561,2.629,24.718,5.767,5.35,0.113,42.139,8.45,6.24,58.66,13.69,12.7,0.27,100.01,Install sub-base perimeter slab insulation,Ground conduction is primary heat drain.,-39.52,-32.8,-35.91,0,24
SIM_000436,Daulat Beg Oldie,5065.0,FLOOR,INFILTRATION,1.201,0.694,10.06,1.112,4.43,0.243,17.74,6.77,3.91,56.71,6.27,24.97,1.37,100.0,Install sub-base perimeter slab insulation,Ground conduction is primary heat drain.,-37.24,-28.89,-31.81,0,24
SIM_000437,Galwan,4300.0,FLOOR,WALL,2.267,0.357,6.146,0.402,1.313,0.107,10.592,21.4,3.37,58.02,3.8,12.4,1.01,100.0,Install sub-base perimeter slab insulation,Ground conduction is primary heat drain.,-27.72,-21.61,-23.54,0,24
SIM_000438,Hanle,4500.0,FLOOR,INFILTRATION,4.707,1.303,8.046,0.211,4.745,0.387,19.399,24.26,6.72,41.48,1.09,24.46,2.0,100.01,Install sub-base perimeter slab insulation,Ground conduction is primary heat drain.,-17.23,-11.37,-14.29,0,24
SIM_000439,Nyoma,4180.0,WALL,FLOOR,4.41,1.241,3.059,0.494,2.545,0.011,11.76,37.5,10.56,26.01,4.2,21.64,0.09,100.0,Add 75mm exterior insulation (EPS/rockwool),Wall conduction accounts for highest percentage of heat loss.,-19.1,-16.95,-18.08,0,24
SIM_000440,Chushul,4350.0,ROOF,FLOOR,1.608,8.332,8.048,1.149,6.718,2.282,28.137,5.71,29.61,28.6,4.08,23.88,8.11,99.99,Add 100mm exterior roof insulation,Roof conduction loss dominates envelope heat transfer.,-37.61,-32.22,-34.14,0,24
SIM_000441,Rezang La,5000.0,FLOOR,INFILTRATION,2.147,1.56,13.621,0.016,4.722,0.181,22.247,9.65,7.01,61.23,0.07,21.22,0.81,99.99,Install sub-base perimeter slab insulation,Ground conduction is primary heat drain.,-25.49,-21.19,-23.25,0,24
SIM_000442,Pangong,4250.0,FLOOR,INFILTRATION,1.63,1.19,15.014,0.199,4.513,0.058,22.604,7.21,5.27,66.42,0.88,19.96,0.26,100.0,Install sub-base perimeter slab insulation,Ground conduction is primary heat drain.,-23.56,-14.9,-19.11,0,24
SIM_000443,Depsang,5330.0,FLOOR,INFILTRATION,3.282,1.385,17.39,1.001,12.506,0.205,35.769,9.17,3.87,48.62,2.8,34.96,0.57,99.99,Install sub-base perimeter slab insulation,Ground conduction is primary heat drain.,-42.8,-37.74,-39.69,0,24
SIM_000444,Kargil,2676.0,FLOOR,INFILTRATION,2.211,4.565,17.23,1.117,12.577,0.388,38.089,5.81,11.99,45.24,2.93,33.02,1.02,100.01,Install sub-base perimeter slab insulation,Ground conduction is primary heat drain.,-11.91,-5.96,-7.99,0,24
SIM_000445,Leh,3500.0,FLOOR,INFILTRATION,3.465,2.434,13.924,2.413,8.309,0.529,31.073,11.15,7.83,44.81,7.76,26.74,1.7,99.99,Install sub-base perimeter slab insulation,Ground conduction is primary heat drain.,-13.48,-8.55,-10.39,0,24
SIM_000446,Dras,3280.0,WALL,FLOOR,5.749,0.751,5.725,0.148,3.342,0.212,15.927,36.09,4.72,35.95,0.93,20.98,1.33,100.0,Add 75mm exterior insulation (EPS/rockwool),Wall conduction accounts for highest percentage of heat loss.,-20.29,-16.13,-18.17,0,24
SIM_000447,Siachen,5400.0,FLOOR,GLAZING,1.322,1.67,9.593,2.823,0.132,0.303,15.842,8.35,10.54,60.55,17.82,0.83,1.91,100.0,Install sub-base perimeter slab insulation,Ground conduction is primary heat drain.,-33.58,-27.1,-30.01,0,24
SIM_000448,Daulat Beg Oldie,5065.0,FLOOR,INFILTRATION,4.118,1.435,15.746,0.249,7.94,0.261,29.749,13.84,4.83,52.93,0.84,26.69,0.88,100.01,Install sub-base perimeter slab insulation,Ground conduction is primary heat drain.,-46.26,-36.78,-41.29,0,24
SIM_000449,Galwan,4300.0,FLOOR,INFILTRATION,0.705,0.33,4.044,0.8,2.002,0.052,7.933,8.88,4.16,50.97,10.09,25.24,0.65,99.99,Install sub-base perimeter slab insulation,Ground conduction is primary heat drain.,-26.79,-18.88,-21.67,0,24
SIM_000450,Hanle,4500.0,ROOF,FLOOR,1.171,8.626,8.489,0.345,3.595,0.837,23.063,5.08,37.4,36.81,1.5,15.59,3.63,100.01,Add 100mm exterior roof insulation,Roof conduction loss dominates envelope heat transfer.,-31.23,-18.7,-23.97,0,24
SIM_000451,Nyoma,4180.0,FLOOR,WALL,0.971,0.398,4.208,0.21,0.355,0.015,6.157,15.77,6.47,68.35,3.4,5.77,0.24,100.0,Install sub-base perimeter slab insulation,Ground conduction is primary heat drain.,-30.39,-24.26,-27.39,0,24
SIM_000452,Chushul,4350.0,FLOOR,GLAZING,1.723,0.613,6.98,2.591,1.125,0.047,13.08,13.17,4.69,53.37,19.81,8.6,0.36,100.0,Install sub-base perimeter slab insulation,Ground conduction is primary heat drain.,-26.69,-18.61,-21.92,0,24
SIM_000453,Rezang La,5000.0,FLOOR,INFILTRATION,3.452,3.548,15.241,1.524,4.553,0.356,28.674,12.04,12.37,53.15,5.31,15.88,1.24,99.99,Install sub-base perimeter slab insulation,Ground conduction is primary heat drain.,-27.47,-22.95,-24.86,0,24
SIM_000454,Pangong,4250.0,FLOOR,WALL,4.331,0.636,6.809,2.777,1.752,0.147,16.452,26.32,3.87,41.39,16.88,10.65,0.89,100.0,Install sub-base perimeter slab insulation,Ground conduction is primary heat drain.,-16.66,-13.07,-14.39,0,24
SIM_000455,Depsang,5330.0,FLOOR,GLAZING,0.78,0.524,5.391,1.432,1.1,0.009,9.237,8.45,5.68,58.36,15.5,11.91,0.1,100.0,Install sub-base perimeter slab insulation,Ground conduction is primary heat drain.,-34.43,-30.55,-32.02,0,24
SIM_000456,Kargil,2676.0,FLOOR,INFILTRATION,1.368,0.946,5.016,0.562,3.153,0.129,11.175,12.24,8.47,44.89,5.03,28.21,1.16,100.0,Install sub-base perimeter slab insulation,Ground conduction is primary heat drain.,-26.32,-19.93,-22.53,0,24
SIM_000457,Leh,3500.0,ROOF,FLOOR,2.111,22.126,19.204,1.233,5.591,3.382,53.649,3.94,41.24,35.8,2.3,10.42,6.3,100.0,Add 100mm exterior roof insulation,Roof conduction loss dominates envelope heat transfer.,-14.07,-4.11,-7.72,0,24
SIM_000458,Dras,3280.0,FLOOR,WALL,2.669,0.865,10.28,0.305,1.164,0.071,15.353,17.38,5.64,66.96,1.98,7.58,0.46,100.0,Install sub-base perimeter slab insulation,Ground conduction is primary heat drain.,-23.7,-18.45,-20.81,0,24
SIM_000459,Siachen,5400.0,WALL,FLOOR,2.774,1.804,2.506,0.168,0.741,0.186,8.179,33.91,22.05,30.64,2.06,9.06,2.27,99.99,Add 75mm exterior insulation (EPS/rockwool),Wall conduction accounts for highest percentage of heat loss.,-45.0,-41.92,-43.48,0,24
SIM_000460,Daulat Beg Oldie,5065.0,FLOOR,INFILTRATION,3.307,1.578,15.281,4.736,9.674,0.199,34.775,9.51,4.54,43.94,13.62,27.82,0.57,100.0,Install sub-base perimeter slab insulation,Ground conduction is primary heat drain.,-35.91,-27.56,-30.74,0,24
SIM_000461,Galwan,4300.0,FLOOR,WALL,2.13,1.037,14.02,0.231,0.716,0.132,18.266,11.66,5.68,76.75,1.26,3.92,0.72,99.99,Install sub-base perimeter slab insulation,Ground conduction is primary heat drain.,-25.7,-18.09,-21.88,0,24
SIM_000462,Hanle,4500.0,ROOF,FLOOR,1.519,13.67,11.981,0.566,2.985,1.645,32.366,4.69,42.24,37.02,1.75,9.22,5.08,100.0,Add 100mm exterior roof insulation,Roof conduction loss dominates envelope heat transfer.,-21.89,-9.65,-14.6,0,24
SIM_000463,Nyoma,4180.0,FLOOR,INFILTRATION,3.997,0.98,12.51,0.136,7.4,0.115,25.138,15.9,3.9,49.77,0.54,29.44,0.46,100.01,Install sub-base perimeter slab insulation,Ground conduction is primary heat drain.,-17.1,-12.4,-14.74,0,24
SIM_000464,Chushul,4350.0,FLOOR,INFILTRATION,1.139,1.072,5.906,1.497,3.109,0.216,12.939,8.8,8.28,45.65,11.57,24.03,1.67,100.0,Install sub-base perimeter slab insulation,Ground conduction is primary heat drain.,-39.29,-31.86,-34.23,0,24
SIM_000465,Rezang La,5000.0,FLOOR,WALL,8.739,1.134,11.89,0.731,7.587,0.064,30.145,28.99,3.76,39.44,2.42,25.17,0.21,99.99,Install sub-base perimeter slab insulation,Ground conduction is primary heat drain.,-26.99,-20.79,-23.52,0,24
SIM_000466,Pangong,4250.0,FLOOR,INFILTRATION,10.187,1.04,16.724,0.535,11.914,0.106,40.507,25.15,2.57,41.29,1.32,29.41,0.26,100.0,Install sub-base perimeter slab insulation,Ground conduction is primary heat drain.,-21.85,-18.61,-20.22,0,24
SIM_000467,Depsang,5330.0,FLOOR,INFILTRATION,2.002,1.045,7.114,0.316,2.888,0.307,13.673,14.64,7.64,52.03,2.31,21.12,2.25,99.99,Install sub-base perimeter slab insulation,Ground conduction is primary heat drain.,-45.23,-40.77,-42.69,0,24
SIM_000468,Kargil,2676.0,FLOOR,INFILTRATION,3.798,1.823,15.811,0.234,5.097,0.073,26.836,14.15,6.79,58.92,0.87,18.99,0.27,99.99,Install sub-base perimeter slab insulation,Ground conduction is primary heat drain.,-9.85,-6.64,-8.28,0,24
SIM_000469,Leh,3500.0,FLOOR,INFILTRATION,2.788,0.753,4.67,0.37,4.269,0.081,12.929,21.56,5.82,36.12,2.86,33.02,0.62,100.0,Install sub-base perimeter slab insulation,Ground conduction is primary heat drain.,-16.36,-10.29,-12.99,0,24
SIM_000470,Dras,3280.0,FLOOR,ROOF,4.473,6.343,8.279,0.449,5.389,2.604,27.535,16.24,23.03,30.07,1.63,19.57,9.46,100.0,Install sub-base perimeter slab insulation,Ground conduction is primary heat drain.,-20.85,-14.95,-17.18,0,24
SIM_000471,Siachen,5400.0,FLOOR,INFILTRATION,1.099,1.059,6.068,1.517,3.983,0.07,13.796,7.96,7.68,43.98,11.0,28.87,0.51,100.0,Install sub-base perimeter slab insulation,Ground conduction is primary heat drain.,-33.65,-27.41,-29.74,0,24
SIM_000472,Daulat Beg Oldie,5065.0,FLOOR,INFILTRATION,1.201,0.969,9.502,1.404,3.734,0.167,16.977,7.07,5.71,55.97,8.27,22.0,0.98,100.0,Install sub-base perimeter slab insulation,Ground conduction is primary heat drain.,-44.2,-36.58,-40.0,0,24
SIM_000473,Galwan,4300.0,ROOF,FLOOR,4.179,14.391,11.504,1.485,4.731,1.75,38.041,10.99,37.83,30.24,3.9,12.44,4.6,100.0,Add 100mm exterior roof insulation,Roof conduction loss dominates envelope heat transfer.,-25.34,-17.29,-20.1,0,24
SIM_000474,Hanle,4500.0,FLOOR,WALL,1.724,0.574,3.614,0.331,0.492,0.042,6.777,25.43,8.48,53.33,4.88,7.26,0.62,100.0,Install sub-base perimeter slab insulation,Ground conduction is primary heat drain.,-27.18,-22.06,-24.65,0,24
SIM_000475,Nyoma,4180.0,FLOOR,INFILTRATION,2.677,2.412,13.084,0.796,3.693,0.151,22.813,11.74,10.57,57.35,3.49,16.19,0.66,100.0,Install sub-base perimeter slab insulation,Ground conduction is primary heat drain.,-32.04,-22.53,-26.15,0,24
SIM_000476,Chushul,4350.0,FLOOR,INFILTRATION,2.633,1.074,8.539,0.071,6.979,0.095,19.391,13.58,5.54,44.04,0.37,35.99,0.49,100.01,Install sub-base perimeter slab insulation,Ground conduction is primary heat drain.,-25.99,-19.2,-22.06,0,24
SIM_000477,Rezang La,5000.0,FLOOR,WALL,3.296,0.857,3.568,0.139,1.09,0.02,8.969,36.75,9.55,39.78,1.55,12.15,0.22,100.0,Install sub-base perimeter slab insulation,Ground conduction is primary heat drain.,-29.77,-27.95,-28.93,0,24
SIM_000478,Pangong,4250.0,ROOF,FLOOR,3.198,9.832,7.114,0.394,3.401,1.191,25.13,12.72,39.12,28.31,1.57,13.53,4.74,99.99,Add 100mm exterior roof insulation,Roof conduction loss dominates envelope heat transfer.,-19.04,-11.1,-14.09,0,24
SIM_000479,Depsang,5330.0,ROOF,FLOOR,2.551,8.87,7.05,0.503,0.592,0.344,19.91,12.81,44.55,35.41,2.52,2.97,1.73,99.99,Add 100mm exterior roof insulation,Roof conduction loss dominates envelope heat transfer.,-35.79,-27.99,-31.25,0,24
SIM_000480,Kargil,2676.0,FLOOR,ROOF,1.735,5.417,5.847,0.11,1.997,0.742,15.848,10.95,34.18,36.89,0.69,12.6,4.68,99.99,Install sub-base perimeter slab insulation,Ground conduction is primary heat drain.,-30.05,-20.78,-24.4,0,24
SIM_000481,Leh,3500.0,FLOOR,INFILTRATION,1.15,2.563,7.527,0.091,4.75,0.189,16.269,7.07,15.75,46.27,0.56,29.19,1.16,100.0,Install sub-base perimeter slab insulation,Ground conduction is primary heat drain.,-13.4,-5.64,-9.41,0,24
SIM_000482,Dras,3280.0,FLOOR,INFILTRATION,1.417,1.27,9.377,1.305,5.398,0.567,19.336,7.33,6.57,48.49,6.75,27.92,2.93,99.99,Install sub-base perimeter slab insulation,Ground conduction is primary heat drain.,-29.36,-23.31,-25.79,0,24
SIM_000483,Siachen,5400.0,FLOOR,INFILTRATION,1.734,1.799,12.063,2.439,6.195,0.065,24.295,7.14,7.41,49.65,10.04,25.5,0.27,100.01,Install sub-base perimeter slab insulation,Ground conduction is primary heat drain.,-41.16,-35.7,-37.4,0,24
SIM_000484,Daulat Beg Oldie,5065.0,ROOF,FLOOR,1.876,19.603,11.891,2.007,1.15,2.793,39.32,4.77,49.86,30.24,5.1,2.92,7.1,99.99,Add 100mm exterior roof insulation,Roof conduction loss dominates envelope heat transfer.,-37.8,-26.47,-30.65,0,24
SIM_000485,Galwan,4300.0,FLOOR,INFILTRATION,0.996,1.245,4.139,0.312,1.702,0.112,8.506,11.71,14.64,48.66,3.67,20.0,1.32,100.0,Install sub-base perimeter slab insulation,Ground conduction is primary heat drain.,-30.6,-20.97,-24.35,0,24
SIM_000486,Hanle,4500.0,FLOOR,INFILTRATION,3.472,0.834,11.5,1.117,4.654,0.118,21.695,16.0,3.84,53.01,5.15,21.45,0.55,100.0,Install sub-base perimeter slab insulation,Ground conduction is primary heat drain.,-19.45,-9.61,-13.6,0,24
SIM_000487,Nyoma,4180.0,FLOOR,INFILTRATION,3.016,0.962,10.805,2.845,4.384,0.159,22.171,13.61,4.34,48.73,12.83,19.78,0.72,100.01,Install sub-base perimeter slab insulation,Ground conduction is primary heat drain.,-18.59,-10.42,-14.27,0,24
SIM_000488,Chushul,4350.0,FLOOR,WALL,2.603,1.379,21.481,2.153,1.258,0.066,28.94,8.99,4.77,74.22,7.44,4.35,0.23,100.0,Install sub-base perimeter slab insulation,Ground conduction is primary heat drain.,-31.47,-26.38,-28.55,0,24
SIM_000489,Rezang La,5000.0,FLOOR,INFILTRATION,2.48,1.925,8.094,0.454,3.748,0.102,16.803,14.76,11.46,48.17,2.7,22.3,0.61,100.0,Install sub-base perimeter slab insulation,Ground conduction is primary heat drain.,-28.09,-21.98,-24.01,0,24
SIM_000490,Pangong,4250.0,FLOOR,INFILTRATION,3.351,1.994,22.231,0.781,14.471,0.15,42.978,7.8,4.64,51.73,1.82,33.67,0.35,100.01,Install sub-base perimeter slab insulation,Ground conduction is primary heat drain.,-24.81,-16.72,-20.21,0,24
SIM_000491,Depsang,5330.0,FLOOR,INFILTRATION,1.151,0.699,4.914,1.35,2.114,0.085,10.314,11.16,6.78,47.65,13.09,20.49,0.83,100.0,Install sub-base perimeter slab insulation,Ground conduction is primary heat drain.,-45.09,-41.4,-42.58,0,24
SIM_000492,Kargil,2676.0,FLOOR,WALL,3.651,1.853,12.749,0.672,1.786,0.238,20.95,17.43,8.84,60.86,3.21,8.53,1.14,100.01,Install sub-base perimeter slab insulation,Ground conduction is primary heat drain.,-14.01,-8.14,-9.97,0,24
SIM_000493,Leh,3500.0,ROOF,FLOOR,2.132,9.776,6.02,2.024,3.016,1.644,24.612,8.66,39.72,24.46,8.22,12.25,6.68,99.99,Add 100mm exterior roof insulation,Roof conduction loss dominates envelope heat transfer.,-17.57,-7.53,-11.38,0,24
SIM_000494,Dras,3280.0,FLOOR,INFILTRATION,0.877,0.729,7.899,0.316,6.722,0.121,16.663,5.26,4.37,47.41,1.89,40.34,0.72,99.99,Install sub-base perimeter slab insulation,Ground conduction is primary heat drain.,-20.84,-14.55,-17.48,0,24
SIM_000495,Siachen,5400.0,FLOOR,WALL,3.756,1.34,17.434,1.056,1.294,0.053,24.932,15.06,5.37,69.93,4.23,5.19,0.21,99.99,Install sub-base perimeter slab insulation,Ground conduction is primary heat drain.,-26.46,-23.57,-25.07,0,24
SIM_000496,Daulat Beg Oldie,5065.0,FLOOR,INFILTRATION,1.139,0.496,5.159,0.282,1.35,0.051,8.478,13.44,5.85,60.86,3.32,15.93,0.6,100.0,Install sub-base perimeter slab insulation,Ground conduction is primary heat drain.,-46.45,-39.98,-42.54,0,24
SIM_000497,Galwan,4300.0,ROOF,FLOOR,1.31,12.206,12.162,0.721,2.355,3.0,31.753,4.12,38.44,38.3,2.27,7.42,9.45,100.0,Add 100mm exterior roof insulation,Roof conduction loss dominates envelope heat transfer.,-24.81,-18.03,-21.25,0,24
SIM_000498,Hanle,4500.0,ROOF,FLOOR,1.374,8.174,7.65,1.493,3.838,1.921,24.451,5.62,33.43,31.29,6.1,15.7,7.86,100.0,Add 100mm exterior roof insulation,Roof conduction loss dominates envelope heat transfer.,-27.7,-17.78,-21.83,0,24
SIM_000499,Nyoma,4180.0,ROOF,FLOOR,5.56,10.395,7.438,1.135,2.725,2.242,29.496,18.85,35.24,25.22,3.85,9.24,7.6,100.0,Add 100mm exterior roof insulation,Roof conduction loss dominates envelope heat transfer.,-33.26,-26.08,-29.17,0,24
SIM_000500,Chushul,4350.0,FLOOR,GLAZING,3.086,0.845,11.055,3.407,3.163,0.121,21.677,14.23,3.9,51.0,15.72,14.59,0.56,100.0,Install sub-base perimeter slab insulation,Ground conduction is primary heat drain.,-31.15,-17.84,-23.08,0,24
SIM_000501,Rezang La,5000.0,FLOOR,WALL,4.057,1.56,20.154,2.169,0.497,0.084,28.52,14.22,5.47,70.67,7.6,1.74,0.29,99.99,Install sub-base perimeter slab insulation,Ground conduction is primary heat drain.,-26.08,-21.38,-23.27,0,24
SIM_000502,Pangong,4250.0,WALL,FLOOR,15.1,1.904,14.25,0.616,5.049,0.146,37.066,40.74,5.14,38.45,1.66,13.62,0.39,100.0,Add 75mm exterior insulation (EPS/rockwool),Wall conduction accounts for highest percentage of heat loss.,-15.51,-10.65,-13.12,0,24
SIM_000503,Depsang,5330.0,FLOOR,INFILTRATION,2.182,4.721,20.779,0.959,12.79,0.391,41.821,5.22,11.29,49.68,2.29,30.58,0.94,100.0,Install sub-base perimeter slab insulation,Ground conduction is primary heat drain.,-31.38,-25.71,-28.44,0,24
SIM_000504,Kargil,2676.0,FLOOR,ROOF,2.361,6.22,6.814,0.571,6.203,2.528,24.698,9.56,25.18,27.59,2.31,25.12,10.24,100.0,Install sub-base perimeter slab insulation,Ground conduction is primary heat drain.,-26.88,-21.32,-23.43,0,24
SIM_000505,Leh,3500.0,WALL,INFILTRATION,7.061,0.932,3.863,0.07,5.152,0.106,17.185,41.09,5.42,22.48,0.41,29.98,0.62,100.0,Add 75mm exterior insulation (EPS/rockwool),Wall conduction accounts for highest percentage of heat loss.,-12.19,-8.42,-10.29,0,24
SIM_000506,Dras,3280.0,FLOOR,WALL,3.181,0.723,13.619,0.567,2.241,0.122,20.454,15.55,3.54,66.59,2.77,10.95,0.6,100.0,Install sub-base perimeter slab insulation,Ground conduction is primary heat drain.,-29.1,-19.62,-23.91,0,24
SIM_000507,Siachen,5400.0,FLOOR,GLAZING,2.843,1.537,8.147,3.956,1.067,0.064,17.613,16.14,8.72,46.25,22.46,6.06,0.36,99.99,Install sub-base perimeter slab insulation,Ground conduction is primary heat drain.,-43.78,-36.54,-39.73,0,24
SIM_000508,Daulat Beg Oldie,5065.0,ROOF,FLOOR,3.001,24.31,13.21,0.059,6.262,3.431,50.272,5.97,48.36,26.28,0.12,12.46,6.82,100.01,Add 100mm exterior roof insulation,Roof conduction loss dominates envelope heat transfer.,-36.38,-28.03,-31.54,0,24
SIM_000509,Galwan,4300.0,FLOOR,INFILTRATION,4.786,2.019,12.578,2.927,5.215,0.107,27.632,17.32,7.31,45.52,10.59,18.87,0.39,100.0,Install sub-base perimeter slab insulation,Ground conduction is primary heat drain.,-27.95,-18.82,-22.06,0,24
SIM_000510,Hanle,4500.0,WALL,ROOF,12.71,11.414,5.784,0.515,4.237,0.644,35.304,36.0,32.33,16.38,1.46,12.0,1.82,99.99,Add 75mm exterior insulation (EPS/rockwool),Wall conduction accounts for highest percentage of heat loss.,-22.75,-11.43,-16.33,0,24
SIM_000511,Nyoma,4180.0,WALL,FLOOR,8.454,0.149,5.992,0.618,4.869,0.002,20.083,42.1,0.74,29.84,3.08,24.24,0.01,100.01,Add 75mm exterior insulation (EPS/rockwool),Wall conduction accounts for highest percentage of heat loss.,-20.83,-15.23,-18.02,0,24
SIM_000512,Chushul,4350.0,ROOF,FLOOR,1.159,7.588,5.983,1.572,5.556,1.933,23.791,4.87,31.89,25.15,6.61,23.35,8.13,100.0,Add 100mm exterior roof insulation,Roof conduction loss dominates envelope heat transfer.,-39.53,-32.16,-34.9,0,24
SIM_000513,Rezang La,5000.0,ROOF,WALL,8.464,11.386,5.592,0.007,2.679,0.481,28.609,29.58,39.8,19.55,0.02,9.36,1.68,99.99,Add 100mm exterior roof insulation,Roof conduction loss dominates envelope heat transfer.,-29.85,-23.81,-26.49,0,24
SIM_000514,Pangong,4250.0,FLOOR,INFILTRATION,1.337,0.82,8.765,0.396,6.594,0.392,18.305,7.31,4.48,47.88,2.16,36.02,2.14,99.99,Install sub-base perimeter slab insulation,Ground conduction is primary heat drain.,-26.77,-20.0,-22.92,0,24
SIM_000515,Depsang,5330.0,FLOOR,WALL,2.298,0.735,5.096,0.445,2.017,0.113,10.704,21.47,6.87,47.61,4.16,18.84,1.05,100.0,Install sub-base perimeter slab insulation,Ground conduction is primary heat drain.,-48.63,-40.11,-43.37,0,24
SIM_000516,Kargil,2676.0,INFILTRATION,FLOOR,0.642,0.552,2.322,0.088,2.365,0.071,6.04,10.64,9.14,38.45,1.45,39.15,1.18,100.01,Perimeter weatherstripping and door draft seals,High air exchange rate is flushing interior thermal energy.,-15.87,-10.84,-13.16,0,24
SIM_000517,Leh,3500.0,FLOOR,GLAZING,1.989,1.53,7.504,1.99,1.51,0.119,14.642,13.58,10.45,51.25,13.59,10.31,0.81,99.99,Install sub-base perimeter slab insulation,Ground conduction is primary heat drain.,-14.59,-7.67,-10.26,0,24
SIM_000518,Dras,3280.0,FLOOR,INFILTRATION,1.185,2.293,4.703,0.273,3.112,0.279,11.845,10.01,19.35,39.71,2.31,26.27,2.35,100.0,Install sub-base perimeter slab insulation,Ground conduction is primary heat drain.,-23.02,-16.26,-19.19,0,24
SIM_000519,Siachen,5400.0,ROOF,FLOOR,1.302,10.183,8.814,0.719,3.136,1.882,26.036,5.0,39.11,33.85,2.76,12.04,7.23,99.99,Add 100mm exterior roof insulation,Roof conduction loss dominates envelope heat transfer.,-33.2,-26.52,-29.56,0,24
SIM_000520,Daulat Beg Oldie,5065.0,FLOOR,GLAZING,2.165,3.02,16.843,3.745,0.4,0.137,26.31,8.23,11.48,64.02,14.23,1.52,0.52,100.0,Install sub-base perimeter slab insulation,Ground conduction is primary heat drain.,-43.04,-35.05,-38.72,0,24
SIM_000521,Galwan,4300.0,WALL,FLOOR,8.811,3.805,4.576,1.839,3.854,1.175,24.059,36.62,15.81,19.02,7.64,16.02,4.89,100.0,Add 75mm exterior insulation (EPS/rockwool),Wall conduction accounts for highest percentage of heat loss.,-23.75,-20.94,-22.25,0,24
SIM_000522,Hanle,4500.0,FLOOR,INFILTRATION,3.521,2.495,18.77,0.877,11.056,0.177,36.897,9.54,6.76,50.87,2.38,29.97,0.48,100.0,Install sub-base perimeter slab insulation,Ground conduction is primary heat drain.,-24.44,-16.92,-20.07,0,24
SIM_000523,Nyoma,4180.0,FLOOR,INFILTRATION,4.043,0.841,13.888,0.994,5.593,0.066,25.424,15.9,3.31,54.62,3.91,22.0,0.26,100.0,Install sub-base perimeter slab insulation,Ground conduction is primary heat drain.,-29.85,-20.3,-23.96,0,24
SIM_000524,Chushul,4350.0,FLOOR,INFILTRATION,1.066,1.267,7.594,0.593,3.638,0.145,14.303,7.45,8.86,53.09,4.15,25.43,1.01,99.99,Install sub-base perimeter slab insulation,Ground conduction is primary heat drain.,-29.29,-18.54,-23.09,0,24
SIM_000525,Rezang La,5000.0,FLOOR,WALL,1.523,0.837,6.973,0.124,1.405,0.157,11.02,13.82,7.6,63.28,1.13,12.75,1.43,100.01,Install sub-base perimeter slab insulation,Ground conduction is primary heat drain.,-27.71,-25.34,-26.64,0,24
SIM_000526,Pangong,4250.0,FLOOR,GLAZING,3.815,1.192,18.101,7.404,5.459,0.122,36.091,10.57,3.3,50.15,20.51,15.12,0.34,99.99,Install sub-base perimeter slab insulation,Ground conduction is primary heat drain.,-18.34,-9.11,-12.37,0,24
SIM_000527,Depsang,5330.0,FLOOR,WALL,2.479,0.955,15.398,0.842,0.915,0.059,20.65,12.01,4.63,74.57,4.08,4.43,0.29,100.01,Install sub-base perimeter slab insulation,Ground conduction is primary heat drain.,-28.74,-25.22,-26.82,0,24
SIM_000528,Kargil,2676.0,FLOOR,WALL,2.626,0.735,7.136,0.598,0.328,0.026,11.449,22.94,6.42,62.33,5.22,2.87,0.23,100.01,Install sub-base perimeter slab insulation,Ground conduction is primary heat drain.,-19.62,-17.61,-18.29,0,24
SIM_000529,Leh,3500.0,FLOOR,INFILTRATION,4.176,1.956,14.865,3.854,10.549,0.133,35.534,11.75,5.51,41.83,10.85,29.69,0.37,100.0,Install sub-base perimeter slab insulation,Ground conduction is primary heat drain.,-14.49,-5.07,-8.97,0,24
SIM_000530,Dras,3280.0,FLOOR,INFILTRATION,1.94,1.814,14.666,2.0,4.342,0.119,24.88,7.8,7.29,58.95,8.04,17.45,0.48,100.01,Install sub-base perimeter slab insulation,Ground conduction is primary heat drain.,-26.66,-17.15,-20.46,0,24
SIM_000531,Siachen,5400.0,WALL,FLOOR,6.701,4.813,6.171,2.67,4.497,1.222,26.073,25.7,18.46,23.67,10.24,17.25,4.69,100.01,Add 75mm exterior insulation (EPS/rockwool),Wall conduction accounts for highest percentage of heat loss.,-43.81,-40.05,-41.43,0,24
SIM_000532,Daulat Beg Oldie,5065.0,FLOOR,INFILTRATION,3.19,4.179,24.776,1.224,8.219,0.188,41.775,7.64,10.0,59.31,2.93,19.67,0.45,100.0,Install sub-base perimeter slab insulation,Ground conduction is primary heat drain.,-29.36,-25.12,-26.72,0,24
SIM_000533,Galwan,4300.0,ROOF,WALL,10.715,10.979,7.763,3.31,5.187,2.248,40.202,26.65,27.31,19.31,8.23,12.9,5.59,99.99,Add 100mm exterior roof insulation,Roof conduction loss dominates envelope heat transfer.,-26.34,-21.48,-23.64,0,24
SIM_000534,Hanle,4500.0,ROOF,FLOOR,1.528,6.261,6.094,0.555,2.267,0.523,17.227,8.87,36.34,35.37,3.22,13.16,3.04,100.0,Add 100mm exterior roof insulation,Roof conduction loss dominates envelope heat transfer.,-23.05,-11.7,-16.31,0,24
SIM_000535,Nyoma,4180.0,FLOOR,INFILTRATION,1.184,1.198,8.689,0.653,7.209,0.689,19.623,6.04,6.11,44.28,3.33,36.74,3.51,100.01,Install sub-base perimeter slab insulation,Ground conduction is primary heat drain.,-22.38,-12.4,-17.18,0,24
SIM_000536,Chushul,4350.0,FLOOR,ROOF,2.416,10.055,11.713,1.267,4.396,0.49,30.337,7.96,33.14,38.61,4.18,14.49,1.62,100.0,Install sub-base perimeter slab insulation,Ground conduction is primary heat drain.,-41.19,-32.78,-36.09,0,24
SIM_000537,Rezang La,5000.0,FLOOR,INFILTRATION,3.424,1.438,11.645,0.801,3.987,0.139,21.434,15.97,6.71,54.33,3.74,18.6,0.65,100.0,Install sub-base perimeter slab insulation,Ground conduction is primary heat drain.,-28.03,-20.7,-23.73,0,24
SIM_000538,Pangong,4250.0,FLOOR,WALL,5.653,3.778,18.508,1.194,5.075,0.269,34.476,16.4,10.96,53.68,3.46,14.72,0.78,100.0,Install sub-base perimeter slab insulation,Ground conduction is primary heat drain.,-23.46,-15.91,-18.89,0,24
SIM_000539,Depsang,5330.0,FLOOR,ROOF,1.552,17.722,17.914,0.404,2.736,2.44,42.768,3.63,41.44,41.89,0.95,6.4,5.7,100.01,Install sub-base perimeter slab insulation,Ground conduction is primary heat drain.,-49.08,-37.61,-42.31,0,24
SIM_000540,Kargil,2676.0,FLOOR,ROOF,0.951,7.058,8.062,0.024,5.629,3.101,24.824,3.83,28.43,32.48,0.1,22.67,12.49,100.0,Install sub-base perimeter slab insulation,Ground conduction is primary heat drain.,-14.84,-10.13,-12.38,0,24
SIM_000541,Leh,3500.0,ROOF,FLOOR,4.489,23.189,17.266,0.714,11.202,4.572,61.432,7.31,37.75,28.11,1.16,18.23,7.44,100.0,Add 100mm exterior roof insulation,Roof conduction loss dominates envelope heat transfer.,-14.62,-7.57,-10.82,0,24
SIM_000542,Dras,3280.0,FLOOR,INFILTRATION,1.623,1.223,9.45,0.864,7.267,0.165,20.592,7.88,5.94,45.89,4.2,35.29,0.8,100.0,Install sub-base perimeter slab insulation,Ground conduction is primary heat drain.,-22.18,-13.51,-16.93,0,24
SIM_000543,Siachen,5400.0,FLOOR,INFILTRATION,2.835,0.667,8.175,0.345,5.974,0.05,18.047,15.71,3.7,45.3,1.91,33.11,0.28,100.01,Install sub-base perimeter slab insulation,Ground conduction is primary heat drain.,-32.75,-27.46,-30.05,0,24
SIM_000544,Daulat Beg Oldie,5065.0,FLOOR,INFILTRATION,3.868,0.651,11.247,0.614,4.219,0.106,20.704,18.68,3.14,54.32,2.96,20.38,0.51,99.99,Install sub-base perimeter slab insulation,Ground conduction is primary heat drain.,-45.09,-38.45,-41.58,0,24
SIM_000545,Galwan,4300.0,FLOOR,INFILTRATION,2.901,1.178,8.803,0.238,5.538,0.195,18.854,15.39,6.25,46.69,1.26,29.37,1.03,99.99,Install sub-base perimeter slab insulation,Ground conduction is primary heat drain.,-22.85,-16.79,-19.57,0,24
SIM_000546,Hanle,4500.0,FLOOR,INFILTRATION,1.861,3.425,12.185,0.405,8.022,0.426,26.324,7.07,13.01,46.29,1.54,30.47,1.62,100.0,Install sub-base perimeter slab insulation,Ground conduction is primary heat drain.,-27.17,-16.38,-21.56,0,24
SIM_000547,Nyoma,4180.0,FLOOR,INFILTRATION,1.948,1.786,19.5,0.957,7.413,0.163,31.766,6.13,5.62,61.39,3.01,23.34,0.51,100.0,Install sub-base perimeter slab insulation,Ground conduction is primary heat drain.,-30.67,-18.68,-24.14,0,24
SIM_000548,Chushul,4350.0,FLOOR,INFILTRATION,1.757,0.892,8.269,0.681,5.199,0.162,16.961,10.36,5.26,48.75,4.02,30.65,0.96,100.0,Install sub-base perimeter slab insulation,Ground conduction is primary heat drain.,-30.12,-19.19,-23.73,0,24
SIM_000549,Rezang La,5000.0,FLOOR,INFILTRATION,1.558,2.905,16.148,2.056,7.043,0.113,29.823,5.22,9.74,54.15,6.89,23.62,0.38,100.0,Install sub-base perimeter slab insulation,Ground conduction is primary heat drain.,-29.26,-21.42,-24.73,0,24
SIM_000550,Pangong,4250.0,WALL,FLOOR,12.462,1.473,10.368,0.201,0.253,0.245,25.002,49.84,5.89,41.47,0.8,1.01,0.98,99.99,Add 75mm exterior insulation (EPS/rockwool),Wall conduction accounts for highest percentage of heat loss.,-14.82,-11.88,-13.35,0,24
SIM_000551,Depsang,5330.0,ROOF,FLOOR,2.562,7.167,7.051,0.577,1.572,1.811,20.739,12.35,34.56,34.0,2.78,7.58,8.73,100.0,Add 100mm exterior roof insulation,Roof conduction loss dominates envelope heat transfer.,-32.94,-28.62,-30.8,0,24
SIM_000552,Kargil,2676.0,FLOOR,INFILTRATION,2.707,1.506,15.322,0.011,2.823,0.082,22.451,12.06,6.71,68.25,0.05,12.57,0.37,100.01,Install sub-base perimeter slab insulation,Ground conduction is primary heat drain.,-24.14,-17.38,-20.8,0,24
SIM_000553,Leh,3500.0,FLOOR,INFILTRATION,1.64,1.231,11.54,0.495,1.825,0.119,16.85,9.73,7.31,68.49,2.94,10.83,0.71,100.01,Install sub-base perimeter slab insulation,Ground conduction is primary heat drain.,-13.02,-4.39,-8.44,0,24
SIM_000554,Dras,3280.0,FLOOR,INFILTRATION,2.124,0.76,5.18,0.31,3.395,0.039,11.806,17.99,6.43,43.87,2.62,28.75,0.33,99.99,Install sub-base perimeter slab insulation,Ground conduction is primary heat drain.,-30.53,-21.72,-25.72,0,24
SIM_000555,Siachen,5400.0,FLOOR,INFILTRATION,4.176,0.792,6.335,0.425,4.67,0.036,16.434,25.41,4.82,38.55,2.59,28.42,0.22,100.01,Install sub-base perimeter slab insulation,Ground conduction is primary heat drain.,-43.0,-40.78,-41.5,0,24
SIM_000556,Daulat Beg Oldie,5065.0,WALL,FLOOR,18.032,1.411,14.295,2.418,6.388,0.278,42.822,42.11,3.3,33.38,5.65,14.92,0.65,100.01,Add 75mm exterior insulation (EPS/rockwool),Wall conduction accounts for highest percentage of heat loss.,-31.81,-29.07,-30.28,0,24
SIM_000557,Galwan,4300.0,FLOOR,GLAZING,0.799,0.938,7.199,1.818,0.601,0.132,11.487,6.96,8.17,62.67,15.82,5.23,1.14,99.99,Install sub-base perimeter slab insulation,Ground conduction is primary heat drain.,-25.34,-21.53,-23.02,0,24
SIM_000558,Hanle,4500.0,FLOOR,INFILTRATION,2.521,1.304,4.647,0.829,2.724,0.111,12.136,20.77,10.74,38.29,6.83,22.45,0.91,99.99,Install sub-base perimeter slab insulation,Ground conduction is primary heat drain.,-20.12,-11.2,-14.71,0,24
SIM_000559,Nyoma,4180.0,FLOOR,INFILTRATION,1.545,0.27,3.504,0.395,3.176,0.133,9.024,17.12,2.99,38.83,4.38,35.2,1.48,100.0,Install sub-base perimeter slab insulation,Ground conduction is primary heat drain.,-19.43,-15.24,-17.17,0,24
SIM_000560,Chushul,4350.0,WALL,FLOOR,5.924,0.92,5.499,2.434,3.244,0.056,18.076,32.77,5.09,30.42,13.46,17.94,0.31,99.99,Add 75mm exterior insulation (EPS/rockwool),Wall conduction accounts for highest percentage of heat loss.,-37.31,-34.05,-35.21,0,24
SIM_000561,Rezang La,5000.0,FLOOR,WALL,2.702,1.909,12.388,0.219,0.739,0.091,18.048,14.97,10.58,68.64,1.21,4.1,0.51,100.01,Install sub-base perimeter slab insulation,Ground conduction is primary heat drain.,-24.17,-20.81,-22.58,0,24
SIM_000562,Pangong,4250.0,FLOOR,WALL,4.341,0.689,11.732,1.063,3.633,0.087,21.545,20.15,3.2,54.46,4.93,16.86,0.41,100.01,Install sub-base perimeter slab insulation,Ground conduction is primary heat drain.,-23.35,-17.65,-19.9,0,24
SIM_000563,Depsang,5330.0,ROOF,FLOOR,1.009,6.482,4.431,0.247,1.744,1.057,14.971,6.74,43.3,29.6,1.65,11.65,7.06,100.0,Add 100mm exterior roof insulation,Roof conduction loss dominates envelope heat transfer.,-49.33,-38.74,-43.15,0,24
SIM_000564,Kargil,2676.0,FLOOR,INFILTRATION,2.245,3.185,17.364,2.512,5.58,0.144,31.03,7.23,10.26,55.96,8.09,17.98,0.47,99.99,Install sub-base perimeter slab insulation,Ground conduction is primary heat drain.,-11.69,-7.26,-8.96,0,24
SIM_000565,Leh,3500.0,FLOOR,INFILTRATION,1.018,0.606,5.707,0.298,4.847,0.193,12.668,8.03,4.78,45.05,2.35,38.26,1.53,100.0,Install sub-base perimeter slab insulation,Ground conduction is primary heat drain.,-17.69,-8.26,-12.77,0,24
SIM_000566,Dras,3280.0,ROOF,FLOOR,1.536,5.862,4.999,0.357,1.999,1.486,16.238,9.46,36.1,30.78,2.2,12.31,9.15,100.0,Add 100mm exterior roof insulation,Roof conduction loss dominates envelope heat transfer.,-21.59,-13.16,-16.89,0,24
SIM_000567,Siachen,5400.0,ROOF,FLOOR,2.675,5.832,4.437,0.135,0.753,0.005,13.837,19.33,42.15,32.07,0.98,5.44,0.04,100.01,Add 100mm exterior roof insulation,Roof conduction loss dominates envelope heat transfer.,-34.99,-29.29,-31.84,0,24
SIM_000568,Daulat Beg Oldie,5065.0,ROOF,WALL,8.169,8.809,8.0,1.772,1.58,1.975,30.306,26.96,29.07,26.4,5.85,5.22,6.52,100.02,Add 100mm exterior roof insulation,Roof conduction loss dominates envelope heat transfer.,-46.1,-40.77,-42.86,0,24
SIM_000569,Galwan,4300.0,ROOF,FLOOR,2.13,12.28,8.841,0.402,2.411,1.051,27.114,7.86,45.29,32.61,1.48,8.89,3.87,100.0,Add 100mm exterior roof insulation,Roof conduction loss dominates envelope heat transfer.,-29.92,-19.5,-23.85,0,24
SIM_000570,Hanle,4500.0,ROOF,FLOOR,4.601,14.972,13.212,0.676,8.69,3.707,45.858,10.03,32.65,28.81,1.47,18.95,8.08,99.99,Add 100mm exterior roof insulation,Roof conduction loss dominates envelope heat transfer.,-26.67,-18.48,-22.19,0,24
SIM_000571,Nyoma,4180.0,FLOOR,WALL,2.783,1.916,13.093,0.69,2.387,0.078,20.946,13.29,9.15,62.51,3.29,11.39,0.37,100.0,Install sub-base perimeter slab insulation,Ground conduction is primary heat drain.,-32.83,-20.31,-25.33,0,24
SIM_000572,Chushul,4350.0,WALL,FLOOR,5.925,0.38,3.034,0.343,0.351,0.127,10.159,58.32,3.74,29.87,3.38,3.45,1.25,100.01,Add 75mm exterior insulation (EPS/rockwool),Wall conduction accounts for highest percentage of heat loss.,-27.19,-21.75,-24.29,0,24
SIM_000573,Rezang La,5000.0,FLOOR,INFILTRATION,1.257,1.007,9.555,2.486,2.859,0.1,17.264,7.28,5.83,55.35,14.4,16.56,0.58,100.0,Install sub-base perimeter slab insulation,Ground conduction is primary heat drain.,-32.46,-24.88,-27.53,0,24
SIM_000574,Pangong,4250.0,FLOOR,INFILTRATION,4.804,0.857,8.851,0.888,7.172,0.118,22.691,21.17,3.78,39.01,3.91,31.61,0.52,100.0,Install sub-base perimeter slab insulation,Ground conduction is primary heat drain.,-16.47,-9.93,-12.78,0,24
SIM_000575,Depsang,5330.0,WALL,FLOOR,7.318,1.109,5.521,0.638,1.864,0.273,16.723,43.76,6.63,33.01,3.81,11.15,1.63,99.99,Add 75mm exterior insulation (EPS/rockwool),Wall conduction accounts for highest percentage of heat loss.,-32.42,-29.03,-30.79,0,24
SIM_000576,Kargil,2676.0,FLOOR,INFILTRATION,3.124,2.76,32.134,2.674,8.451,0.116,49.26,6.34,5.6,65.23,5.43,17.16,0.24,100.0,Install sub-base perimeter slab insulation,Ground conduction is primary heat drain.,-23.86,-15.05,-18.63,0,24
SIM_000577,Leh,3500.0,FLOOR,INFILTRATION,1.431,0.558,7.533,0.298,3.84,0.09,13.749,10.41,4.06,54.79,2.17,27.93,0.66,100.02,Install sub-base perimeter slab insulation,Ground conduction is primary heat drain.,-14.8,-5.85,-9.95,0,24
SIM_000578,Dras,3280.0,FLOOR,INFILTRATION,1.736,1.512,10.572,1.085,7.822,0.103,22.83,7.6,6.62,46.31,4.75,34.26,0.45,99.99,Install sub-base perimeter slab insulation,Ground conduction is primary heat drain.,-29.36,-18.55,-22.7,0,24
SIM_000579,Siachen,5400.0,ROOF,FLOOR,2.116,19.172,14.421,1.128,0.907,1.971,39.713,5.33,48.28,36.31,2.84,2.28,4.96,100.0,Add 100mm exterior roof insulation,Roof conduction loss dominates envelope heat transfer.,-42.25,-37.72,-39.13,0,24
SIM_000580,Daulat Beg Oldie,5065.0,FLOOR,WALL,5.102,1.042,5.644,0.451,3.446,0.315,16.0,31.89,6.51,35.28,2.82,21.54,1.97,100.01,Install sub-base perimeter slab insulation,Ground conduction is primary heat drain.,-33.13,-31.38,-32.16,0,24
SIM_000581,Galwan,4300.0,FLOOR,WALL,2.392,0.414,4.832,0.392,2.083,0.048,10.162,23.54,4.08,47.55,3.86,20.5,0.47,100.0,Install sub-base perimeter slab insulation,Ground conduction is primary heat drain.,-24.24,-20.85,-21.94,0,24
SIM_000582,Hanle,4500.0,FLOOR,INFILTRATION,2.412,0.836,17.372,1.866,8.738,0.07,31.294,7.71,2.67,55.51,5.96,27.92,0.22,99.99,Install sub-base perimeter slab insulation,Ground conduction is primary heat drain.,-18.95,-6.81,-11.42,0,24
SIM_000583,Nyoma,4180.0,FLOOR,WALL,3.629,1.179,17.846,1.664,0.965,0.249,25.532,14.21,4.62,69.9,6.52,3.78,0.98,100.01,Install sub-base perimeter slab insulation,Ground conduction is primary heat drain.,-16.88,-11.96,-14.41,0,24
SIM_000584,Chushul,4350.0,WALL,INFILTRATION,15.534,1.081,7.815,1.411,8.04,0.104,33.985,45.71,3.18,23.0,4.15,23.66,0.31,100.01,Add 75mm exterior insulation (EPS/rockwool),Wall conduction accounts for highest percentage of heat loss.,-37.42,-30.99,-33.62,0,24
SIM_000585,Rezang La,5000.0,FLOOR,ROOF,2.14,8.283,9.245,0.494,3.512,0.728,24.402,8.77,33.94,37.89,2.02,14.39,2.98,99.99,Install sub-base perimeter slab insulation,Ground conduction is primary heat drain.,-31.86,-23.49,-26.59,0,24
SIM_000586,Pangong,4250.0,FLOOR,INFILTRATION,5.982,2.463,19.24,1.593,14.332,0.307,43.917,13.62,5.61,43.81,3.63,32.63,0.7,100.0,Install sub-base perimeter slab insulation,Ground conduction is primary heat drain.,-23.25,-18.46,-20.35,0,24
SIM_000587,Depsang,5330.0,FLOOR,INFILTRATION,2.754,1.252,21.347,1.12,5.197,0.084,31.754,8.67,3.94,67.23,3.53,16.37,0.26,100.0,Install sub-base perimeter slab insulation,Ground conduction is primary heat drain.,-44.62,-35.23,-38.97,0,24
SIM_000588,Kargil,2676.0,ROOF,FLOOR,2.69,9.189,7.88,0.516,2.357,1.468,24.101,11.16,38.13,32.7,2.14,9.78,6.09,100.0,Add 100mm exterior roof insulation,Roof conduction loss dominates envelope heat transfer.,-16.49,-8.64,-11.46,0,24
SIM_000589,Leh,3500.0,WALL,FLOOR,7.327,0.524,5.736,0.611,2.836,0.038,17.072,42.92,3.07,33.6,3.58,16.61,0.22,100.0,Add 75mm exterior insulation (EPS/rockwool),Wall conduction accounts for highest percentage of heat loss.,-14.49,-10.3,-12.08,0,24
SIM_000590,Dras,3280.0,FLOOR,ROOF,2.459,3.45,7.212,0.831,1.952,2.753,18.657,13.18,18.49,38.65,4.45,10.46,14.76,99.99,Install sub-base perimeter slab insulation,Ground conduction is primary heat drain.,-22.74,-15.03,-18.29,0,24
SIM_000591,Siachen,5400.0,FLOOR,WALL,6.086,1.54,16.811,0.594,5.578,0.094,30.703,19.82,5.02,54.76,1.94,18.17,0.31,100.02,Install sub-base perimeter slab insulation,Ground conduction is primary heat drain.,-31.26,-24.89,-27.9,0,24
SIM_000592,Daulat Beg Oldie,5065.0,FLOOR,WALL,4.219,1.999,14.063,1.343,1.869,0.151,23.646,17.84,8.46,59.48,5.68,7.9,0.64,100.0,Install sub-base perimeter slab insulation,Ground conduction is primary heat drain.,-40.7,-37.34,-38.44,0,24
SIM_000593,Galwan,4300.0,FLOOR,INFILTRATION,4.807,1.342,16.825,0.092,7.161,0.113,30.34,15.84,4.42,55.45,0.3,23.6,0.37,99.98,Install sub-base perimeter slab insulation,Ground conduction is primary heat drain.,-23.02,-15.3,-19.2,0,24
SIM_000594,Hanle,4500.0,ROOF,WALL,11.021,13.694,6.619,0.08,3.079,0.301,34.795,31.68,39.36,19.02,0.23,8.85,0.87,100.01,Add 100mm exterior roof insulation,Roof conduction loss dominates envelope heat transfer.,-28.84,-20.77,-24.52,0,24
SIM_000595,Nyoma,4180.0,ROOF,WALL,11.675,13.231,8.949,2.336,2.056,0.876,39.123,29.84,33.82,22.87,5.97,5.26,2.24,100.0,Add 100mm exterior roof insulation,Roof conduction loss dominates envelope heat transfer.,-32.02,-24.74,-27.37,0,24
SIM_000596,Chushul,4350.0,FLOOR,INFILTRATION,0.938,0.94,2.744,0.031,2.671,0.135,7.458,12.57,12.6,36.79,0.41,35.81,1.81,99.99,Install sub-base perimeter slab insulation,Ground conduction is primary heat drain.,-29.53,-21.58,-25.48,0,24
SIM_000597,Rezang La,5000.0,FLOOR,INFILTRATION,3.783,4.089,15.054,0.188,13.054,0.628,36.797,10.28,11.11,40.91,0.51,35.48,1.71,100.0,Install sub-base perimeter slab insulation,Ground conduction is primary heat drain.,-29.15,-24.02,-26.53,0,24
SIM_000598,Pangong,4250.0,FLOOR,INFILTRATION,2.392,1.288,7.334,0.252,2.701,0.193,14.16,16.89,9.1,51.79,1.78,19.07,1.37,100.0,Install sub-base perimeter slab insulation,Ground conduction is primary heat drain.,-22.09,-11.03,-15.99,0,24
SIM_000599,Depsang,5330.0,FLOOR,INFILTRATION,3.957,1.478,15.915,0.989,13.207,0.253,35.799,11.05,4.13,44.46,2.76,36.89,0.71,100.0,Install sub-base perimeter slab insulation,Ground conduction is primary heat drain.,-32.9,-27.41,-29.94,0,24
SIM_000600,Kargil,2676.0,FLOOR,INFILTRATION,2.359,2.731,9.203,0.418,6.941,0.344,21.996,10.72,12.42,41.84,1.9,31.56,1.56,100.0,Install sub-base perimeter slab insulation,Ground conduction is primary heat drain.,-26.93,-19.98,-23.06,0,24
SIM_000601,Leh,3500.0,FLOOR,INFILTRATION,2.073,1.939,16.907,4.766,12.236,0.284,38.206,5.43,5.08,44.25,12.47,32.03,0.74,100.0,Install sub-base perimeter slab insulation,Ground conduction is primary heat drain.,-14.08,-4.61,-8.44,0,24
SIM_000602,Dras,3280.0,FLOOR,INFILTRATION,2.336,0.927,6.112,0.273,3.715,0.028,13.391,17.44,6.92,45.64,2.04,27.74,0.21,99.99,Install sub-base perimeter slab insulation,Ground conduction is primary heat drain.,-29.77,-22.77,-25.95,0,24
SIM_000603,Siachen,5400.0,FLOOR,WALL,3.519,0.864,9.369,2.778,3.056,0.087,19.672,17.89,4.39,47.63,14.12,15.54,0.44,100.01,Install sub-base perimeter slab insulation,Ground conduction is primary heat drain.,-43.36,-37.46,-39.51,0,24
SIM_000604,Daulat Beg Oldie,5065.0,FLOOR,WALL,8.149,0.765,8.449,1.634,1.776,0.158,20.93,38.93,3.66,40.37,7.81,8.48,0.75,100.0,Install sub-base perimeter slab insulation,Ground conduction is primary heat drain.,-32.99,-28.93,-30.72,0,24
SIM_000605,Galwan,4300.0,FLOOR,INFILTRATION,1.071,0.464,4.704,1.958,1.989,0.041,10.227,10.47,4.54,45.99,19.15,19.45,0.4,100.0,Install sub-base perimeter slab insulation,Ground conduction is primary heat drain.,-28.34,-20.03,-22.97,0,24
SIM_000606,Hanle,4500.0,FLOOR,INFILTRATION,2.422,1.617,18.515,2.71,10.871,0.219,36.355,6.66,4.45,50.93,7.46,29.9,0.6,100.0,Install sub-base perimeter slab insulation,Ground conduction is primary heat drain.,-17.97,-8.16,-12.58,0,24
SIM_000607,Nyoma,4180.0,ROOF,FLOOR,1.31,9.46,8.326,0.475,0.469,0.154,20.194,6.49,46.85,41.23,2.35,2.32,0.76,100.0,Add 100mm exterior roof insulation,Roof conduction loss dominates envelope heat transfer.,-21.94,-13.71,-17.17,0,24
SIM_000608,Chushul,4350.0,ROOF,FLOOR,1.613,11.81,9.474,0.513,3.687,1.498,28.595,5.64,41.3,33.13,1.8,12.89,5.24,100.0,Add 100mm exterior roof insulation,Roof conduction loss dominates envelope heat transfer.,-41.27,-30.36,-35.06,0,24
SIM_000609,Rezang La,5000.0,FLOOR,WALL,14.583,1.397,19.549,1.987,1.73,0.1,39.346,37.06,3.55,49.68,5.05,4.4,0.25,99.99,Install sub-base perimeter slab insulation,Ground conduction is primary heat drain.,-23.87,-20.9,-22.48,0,24
SIM_000610,Pangong,4250.0,ROOF,FLOOR,1.067,5.929,5.564,0.331,1.196,0.306,14.392,7.41,41.2,38.66,2.3,8.31,2.12,100.0,Add 100mm exterior roof insulation,Roof conduction loss dominates envelope heat transfer.,-28.13,-20.37,-23.37,0,24
SIM_000611,Depsang,5330.0,FLOOR,INFILTRATION,2.272,0.424,6.663,0.682,2.875,0.286,13.202,17.21,3.21,50.47,5.17,21.77,2.17,100.0,Install sub-base perimeter slab insulation,Ground conduction is primary heat drain.,-47.08,-41.53,-43.87,0,24
SIM_000612,Kargil,2676.0,ROOF,WALL,9.851,11.007,6.185,0.019,4.653,0.394,32.108,30.68,34.28,19.26,0.06,14.49,1.23,100.0,Add 100mm exterior roof insulation,Roof conduction loss dominates envelope heat transfer.,-16.71,-10.06,-13.0,0,24
SIM_000613,Leh,3500.0,WALL,FLOOR,12.101,1.349,9.359,1.329,4.785,0.139,29.061,41.64,4.64,32.2,4.57,16.46,0.48,99.99,Add 75mm exterior insulation (EPS/rockwool),Wall conduction accounts for highest percentage of heat loss.,-13.81,-9.98,-11.59,0,24
SIM_000614,Dras,3280.0,FLOOR,WALL,5.252,3.185,30.025,3.83,1.012,0.206,43.511,12.07,7.32,69.01,8.8,2.33,0.47,100.0,Install sub-base perimeter slab insulation,Ground conduction is primary heat drain.,-14.26,-10.23,-11.84,0,24
SIM_000615,Siachen,5400.0,FLOOR,INFILTRATION,0.909,0.393,6.552,1.338,2.28,0.049,11.521,7.89,3.41,56.88,11.61,19.79,0.43,100.01,Install sub-base perimeter slab insulation,Ground conduction is primary heat drain.,-34.02,-26.72,-30.1,0,24
SIM_000616,Daulat Beg Oldie,5065.0,ROOF,FLOOR,2.574,12.637,9.642,0.701,7.012,3.487,36.053,7.14,35.05,26.74,1.94,19.45,9.67,99.99,Add 100mm exterior roof insulation,Roof conduction loss dominates envelope heat transfer.,-45.74,-39.48,-42.31,0,24
SIM_000617,Galwan,4300.0,FLOOR,WALL,1.986,0.419,7.741,0.338,1.196,0.068,11.748,16.91,3.57,65.89,2.88,10.18,0.58,100.01,Install sub-base perimeter slab insulation,Ground conduction is primary heat drain.,-24.59,-18.32,-21.33,0,24
SIM_000618,Hanle,4500.0,ROOF,FLOOR,1.87,10.905,10.35,0.947,5.912,3.371,33.355,5.61,32.69,31.03,2.84,17.72,10.11,100.0,Add 100mm exterior roof insulation,Roof conduction loss dominates envelope heat transfer.,-27.59,-19.27,-23.12,0,24
SIM_000619,Nyoma,4180.0,FLOOR,INFILTRATION,1.619,1.277,14.544,0.364,4.328,0.178,22.308,7.26,5.72,65.19,1.63,19.4,0.8,100.0,Install sub-base perimeter slab insulation,Ground conduction is primary heat drain.,-32.79,-22.82,-27.64,0,24
SIM_000620,Chushul,4350.0,ROOF,FLOOR,1.304,9.988,6.39,0.994,0.218,1.956,20.85,6.25,47.9,30.65,4.77,1.05,9.38,100.0,Add 100mm exterior roof insulation,Roof conduction loss dominates envelope heat transfer.,-25.19,-21.25,-23.02,0,24
SIM_000621,Rezang La,5000.0,ROOF,FLOOR,2.153,15.026,10.55,0.844,0.18,2.025,30.777,7.0,48.82,34.28,2.74,0.58,6.58,100.0,Add 100mm exterior roof insulation,Roof conduction loss dominates envelope heat transfer.,-32.75,-23.62,-26.7,0,24
SIM_000622,Pangong,4250.0,ROOF,WALL,10.699,13.473,5.193,0.192,3.169,0.795,33.521,31.92,40.19,15.49,0.57,9.45,2.37,99.99,Add 100mm exterior roof insulation,Roof conduction loss dominates envelope heat transfer.,-18.1,-13.08,-15.22,0,24
SIM_000623,Depsang,5330.0,FLOOR,INFILTRATION,1.101,0.824,5.34,0.523,1.47,0.051,9.309,11.83,8.85,57.36,5.62,15.79,0.55,100.0,Install sub-base perimeter slab insulation,Ground conduction is primary heat drain.,-34.55,-28.54,-31.24,0,24
SIM_000624,Kargil,2676.0,FLOOR,WALL,3.363,0.831,4.905,0.031,1.732,0.098,10.96,30.69,7.58,44.76,0.28,15.8,0.89,100.0,Install sub-base perimeter slab insulation,Ground conduction is primary heat drain.,-25.92,-22.32,-23.68,0,24
SIM_000625,Leh,3500.0,FLOOR,INFILTRATION,2.593,2.418,22.556,2.417,3.472,0.101,33.558,7.73,7.2,67.22,7.2,10.35,0.3,100.0,Install sub-base perimeter slab insulation,Ground conduction is primary heat drain.,-7.99,-4.13,-5.29,0,24
SIM_000626,Dras,3280.0,FLOOR,INFILTRATION,1.295,0.869,10.164,0.201,4.175,0.237,16.942,7.65,5.13,60.0,1.19,24.64,1.4,100.01,Install sub-base perimeter slab insulation,Ground conduction is primary heat drain.,-26.95,-22.81,-24.92,0,24
SIM_000627,Siachen,5400.0,FLOOR,WALL,3.187,0.694,5.562,1.812,0.474,0.067,11.797,27.02,5.88,47.15,15.36,4.02,0.57,100.0,Install sub-base perimeter slab insulation,Ground conduction is primary heat drain.,-44.6,-38.45,-40.42,0,24
SIM_000628,Daulat Beg Oldie,5065.0,FLOOR,INFILTRATION,3.231,0.909,14.089,0.479,5.565,0.111,24.383,13.25,3.73,57.78,1.96,22.82,0.45,99.99,Install sub-base perimeter slab insulation,Ground conduction is primary heat drain.,-34.5,-24.81,-29.41,0,24
SIM_000629,Galwan,4300.0,FLOOR,WALL,2.772,1.153,5.093,0.887,2.139,0.097,12.141,22.83,9.5,41.95,7.3,17.62,0.79,99.99,Install sub-base perimeter slab insulation,Ground conduction is primary heat drain.,-30.19,-20.96,-24.64,0,24
SIM_000630,Hanle,4500.0,FLOOR,WALL,2.515,0.679,8.365,1.626,0.202,0.22,13.607,18.48,4.99,61.48,11.95,1.48,1.62,100.0,Install sub-base perimeter slab insulation,Ground conduction is primary heat drain.,-19.42,-12.64,-15.22,0,24
SIM_000631,Nyoma,4180.0,WALL,FLOOR,7.644,0.274,5.305,0.11,3.684,0.112,17.13,44.63,1.6,30.97,0.64,21.51,0.66,100.01,Add 75mm exterior insulation (EPS/rockwool),Wall conduction accounts for highest percentage of heat loss.,-19.26,-15.58,-17.42,0,24
SIM_000632,Chushul,4350.0,FLOOR,ROOF,1.159,2.531,11.412,0.542,0.276,0.212,16.131,7.18,15.69,70.74,3.36,1.71,1.31,99.99,Install sub-base perimeter slab insulation,Ground conduction is primary heat drain.,-39.41,-30.14,-34.41,0,24
SIM_000633,Rezang La,5000.0,FLOOR,INFILTRATION,2.344,2.642,20.371,2.913,9.667,0.191,38.129,6.15,6.93,53.43,7.64,25.35,0.5,100.0,Install sub-base perimeter slab insulation,Ground conduction is primary heat drain.,-26.9,-18.96,-22.03,0,24
SIM_000634,Pangong,4250.0,ROOF,FLOOR,1.903,22.552,15.321,0.015,5.476,3.668,48.935,3.89,46.09,31.31,0.03,11.19,7.49,100.0,Add 100mm exterior roof insulation,Roof conduction loss dominates envelope heat transfer.,-29.3,-17.38,-22.64,0,24
SIM_000635,Depsang,5330.0,FLOOR,WALL,8.484,3.785,15.393,0.681,4.419,0.195,32.956,25.74,11.49,46.71,2.07,13.41,0.59,100.01,Install sub-base perimeter slab insulation,Ground conduction is primary heat drain.,-41.56,-38.67,-39.83,0,24
SIM_000636,Kargil,2676.0,FLOOR,ROOF,2.279,5.071,7.19,0.304,2.526,1.305,18.675,12.21,27.15,38.5,1.63,13.52,6.99,100.0,Install sub-base perimeter slab insulation,Ground conduction is primary heat drain.,-15.46,-8.28,-11.32,0,24
SIM_000637,Leh,3500.0,FLOOR,WALL,5.004,1.784,16.622,4.138,2.084,0.127,29.759,16.81,6.0,55.85,13.91,7.0,0.43,100.0,Install sub-base perimeter slab insulation,Ground conduction is primary heat drain.,-10.13,-4.75,-6.99,0,24
SIM_000638,Dras,3280.0,ROOF,FLOOR,1.279,14.691,11.722,0.622,4.7,1.823,34.838,3.67,42.17,33.65,1.78,13.49,5.23,99.99,Add 100mm exterior roof insulation,Roof conduction loss dominates envelope heat transfer.,-25.53,-14.43,-19.02,0,24
SIM_000639,Siachen,5400.0,FLOOR,WALL,5.489,1.188,10.204,0.915,4.508,0.198,22.501,24.39,5.28,45.35,4.07,20.03,0.88,100.0,Install sub-base perimeter slab insulation,Ground conduction is primary heat drain.,-32.26,-26.98,-29.39,0,24
SIM_000640,Daulat Beg Oldie,5065.0,FLOOR,INFILTRATION,2.724,0.29,4.543,0.299,3.888,0.157,11.901,22.89,2.44,38.18,2.51,32.67,1.32,100.01,Install sub-base perimeter slab insulation,Ground conduction is primary heat drain.,-47.69,-40.1,-43.59,0,24
SIM_000641,Galwan,4300.0,FLOOR,INFILTRATION,2.55,1.101,16.458,1.601,11.914,0.22,33.843,7.54,3.25,48.63,4.73,35.2,0.65,100.0,Install sub-base perimeter slab insulation,Ground conduction is primary heat drain.,-24.64,-17.7,-20.07,0,24
SIM_000642,Hanle,4500.0,FLOOR,INFILTRATION,3.072,3.8,24.53,2.293,13.322,0.245,47.261,6.5,8.04,51.9,4.85,28.19,0.52,100.0,Install sub-base perimeter slab insulation,Ground conduction is primary heat drain.,-25.07,-16.19,-19.7,0,24
SIM_000643,Nyoma,4180.0,WALL,FLOOR,6.57,2.819,3.468,2.574,0.773,1.437,17.641,37.25,15.98,19.66,14.59,4.38,8.15,100.01,Add 75mm exterior insulation (EPS/rockwool),Wall conduction accounts for highest percentage of heat loss.,-30.87,-25.76,-27.99,0,24
SIM_000644,Chushul,4350.0,FLOOR,WALL,2.104,1.168,13.048,1.498,2.013,0.087,19.917,10.56,5.87,65.51,7.52,10.11,0.43,100.0,Install sub-base perimeter slab insulation,Ground conduction is primary heat drain.,-25.42,-19.63,-21.62,0,24
SIM_000645,Rezang La,5000.0,FLOOR,INFILTRATION,2.509,1.753,9.703,0.103,3.07,0.144,17.282,14.52,10.14,56.15,0.6,17.76,0.83,100.0,Install sub-base perimeter slab insulation,Ground conduction is primary heat drain.,-27.7,-22.01,-24.88,0,24
SIM_000646,Pangong,4250.0,FLOOR,INFILTRATION,2.17,1.189,16.196,2.648,6.132,0.083,28.418,7.64,4.18,56.99,9.32,21.58,0.29,100.0,Install sub-base perimeter slab insulation,Ground conduction is primary heat drain.,-15.79,-7.81,-10.49,0,24
SIM_000647,Depsang,5330.0,WALL,FLOOR,17.797,1.175,10.83,0.897,1.611,0.345,32.655,54.5,3.6,33.16,2.75,4.93,1.06,100.0,Add 75mm exterior insulation (EPS/rockwool),Wall conduction accounts for highest percentage of heat loss.,-34.53,-27.92,-31.16,0,24
SIM_000648,Kargil,2676.0,ROOF,FLOOR,0.982,10.32,5.678,0.439,0.784,1.863,20.067,4.9,51.43,28.3,2.19,3.91,9.29,100.02,Add 100mm exterior roof insulation,Roof conduction loss dominates envelope heat transfer.,-29.41,-20.8,-24.08,0,24
SIM_000649,Leh,3500.0,FLOOR,WALL,11.764,1.315,15.393,3.809,2.163,0.128,34.573,34.03,3.8,44.52,11.02,6.26,0.37,100.0,Install sub-base perimeter slab insulation,Ground conduction is primary heat drain.,-9.57,-6.61,-7.43,0,24
SIM_000650,Dras,3280.0,FLOOR,INFILTRATION,2.463,1.657,8.715,2.037,3.623,0.202,18.697,13.17,8.86,46.61,10.89,19.38,1.08,99.99,Install sub-base perimeter slab insulation,Ground conduction is primary heat drain.,-28.79,-19.22,-23.31,0,24
SIM_000651,Siachen,5400.0,FLOOR,INFILTRATION,1.372,0.475,6.425,1.036,2.164,0.094,11.566,11.86,4.11,55.55,8.96,18.71,0.81,100.0,Install sub-base perimeter slab insulation,Ground conduction is primary heat drain.,-46.88,-40.43,-42.8,0,24
SIM_000652,Daulat Beg Oldie,5065.0,ROOF,FLOOR,4.048,8.096,6.154,0.467,0.735,0.577,20.077,20.16,40.33,30.65,2.33,3.66,2.87,100.0,Add 100mm exterior roof insulation,Roof conduction loss dominates envelope heat transfer.,-38.02,-30.5,-32.97,0,24
SIM_000653,Galwan,4300.0,FLOOR,ROOF,1.652,9.736,11.491,0.495,6.066,2.134,31.575,5.23,30.84,36.39,1.57,19.21,6.76,100.0,Install sub-base perimeter slab insulation,Ground conduction is primary heat drain.,-26.92,-19.67,-22.93,0,24
SIM_000654,Hanle,4500.0,ROOF,FLOOR,0.605,6.121,3.712,0.602,1.028,3.196,15.264,3.96,40.1,24.32,3.94,6.73,20.94,99.99,Add 100mm exterior roof insulation,Roof conduction loss dominates envelope heat transfer.,-22.43,-13.56,-17.6,0,24
SIM_000655,Nyoma,4180.0,ROOF,FLOOR,2.747,11.391,8.185,0.976,1.108,0.653,25.06,10.96,45.46,32.66,3.9,4.42,2.61,100.01,Add 100mm exterior roof insulation,Roof conduction loss dominates envelope heat transfer.,-22.74,-11.32,-16.44,0,24
SIM_000656,Chushul,4350.0,WALL,ROOF,13.53,12.528,8.292,2.944,2.506,0.777,40.577,33.34,30.88,20.43,7.26,6.18,1.91,100.0,Add 75mm exterior insulation (EPS/rockwool),Wall conduction accounts for highest percentage of heat loss.,-37.35,-32.03,-33.66,0,24
SIM_000657,Rezang La,5000.0,FLOOR,WALL,4.595,2.621,19.333,0.605,3.61,0.212,30.976,14.83,8.46,62.41,1.95,11.65,0.68,99.98,Install sub-base perimeter slab insulation,Ground conduction is primary heat drain.,-27.6,-19.43,-22.95,0,24
SIM_000658,Pangong,4250.0,ROOF,FLOOR,2.275,9.588,6.791,0.046,6.112,2.625,27.437,8.29,34.95,24.75,0.17,22.28,9.57,100.01,Add 100mm exterior roof insulation,Roof conduction loss dominates envelope heat transfer.,-26.13,-20.1,-23.01,0,24
SIM_000659,Depsang,5330.0,ROOF,FLOOR,5.36,16.374,14.056,1.311,3.205,2.935,43.24,12.4,37.87,32.51,3.03,7.41,6.79,100.01,Add 100mm exterior roof insulation,Roof conduction loss dominates envelope heat transfer.,-44.87,-38.66,-40.77,0,24
SIM_000660,Kargil,2676.0,FLOOR,INFILTRATION,1.19,1.165,10.199,2.006,4.852,0.228,19.64,6.06,5.93,51.93,10.21,24.7,1.16,99.99,Install sub-base perimeter slab insulation,Ground conduction is primary heat drain.,-15.48,-8.89,-11.59,0,24
SIM_000661,Leh,3500.0,ROOF,FLOOR,1.764,13.618,11.924,0.611,2.389,1.354,31.661,5.57,43.01,37.66,1.93,7.55,4.28,100.0,Add 100mm exterior roof insulation,Roof conduction loss dominates envelope heat transfer.,-16.36,-6.77,-10.83,0,24
SIM_000662,Dras,3280.0,ROOF,WALL,7.383,8.925,6.264,1.628,2.192,0.677,27.07,27.27,32.97,23.14,6.02,8.1,2.5,100.0,Add 100mm exterior roof insulation,Roof conduction loss dominates envelope heat transfer.,-23.29,-15.65,-18.36,0,24
SIM_000663,Siachen,5400.0,ROOF,FLOOR,2.844,13.202,10.963,1.011,6.569,1.252,35.841,7.94,36.84,30.59,2.82,18.33,3.49,100.01,Add 100mm exterior roof insulation,Roof conduction loss dominates envelope heat transfer.,-34.51,-26.1,-29.85,0,24
SIM_000664,Daulat Beg Oldie,5065.0,WALL,FLOOR,5.653,1.033,5.548,1.595,5.287,0.118,19.233,29.39,5.37,28.85,8.3,27.49,0.61,100.01,Add 75mm exterior insulation (EPS/rockwool),Wall conduction accounts for highest percentage of heat loss.,-45.68,-41.7,-43.41,0,24
SIM_000665,Galwan,4300.0,FLOOR,INFILTRATION,0.956,1.873,6.613,0.399,2.768,0.175,12.784,7.48,14.65,51.72,3.12,21.66,1.37,100.0,Install sub-base perimeter slab insulation,Ground conduction is primary heat drain.,-28.4,-19.36,-22.95,0,24
SIM_000666,Hanle,4500.0,ROOF,SKY_RADIATION,0.728,4.376,2.433,0.029,2.194,2.438,12.198,5.97,35.87,19.95,0.23,17.99,19.99,100.0,Add 100mm exterior roof insulation,Roof conduction loss dominates envelope heat transfer.,-31.06,-20.61,-25.64,0,24
SIM_000667,Nyoma,4180.0,FLOOR,INFILTRATION,1.487,1.266,11.447,1.011,10.305,0.115,25.631,5.8,4.94,44.66,3.94,40.21,0.45,100.0,Install sub-base perimeter slab insulation,Ground conduction is primary heat drain.,-30.15,-23.43,-25.87,0,24
SIM_000668,Chushul,4350.0,ROOF,FLOOR,1.123,18.291,12.884,0.08,1.489,0.953,34.821,3.23,52.53,37.0,0.23,4.28,2.74,100.01,Add 100mm exterior roof insulation,Roof conduction loss dominates envelope heat transfer.,-30.38,-21.37,-25.15,0,24
SIM_000669,Rezang La,5000.0,ROOF,FLOOR,2.23,7.895,6.712,0.075,3.186,0.489,20.586,10.83,38.35,32.6,0.36,15.48,2.38,100.0,Add 100mm exterior roof insulation,Roof conduction loss dominates envelope heat transfer.,-32.71,-24.9,-28.21,0,24
SIM_000670,Pangong,4250.0,WALL,INFILTRATION,9.857,0.423,6.703,0.707,7.847,0.172,25.708,38.34,1.65,26.07,2.75,30.52,0.67,100.0,Add 75mm exterior insulation (EPS/rockwool),Wall conduction accounts for highest percentage of heat loss.,-17.14,-13.65,-15.35,0,24
SIM_000671,Depsang,5330.0,INFILTRATION,FLOOR,0.56,0.251,2.966,0.091,3.23,0.183,7.281,7.7,3.45,40.74,1.24,44.36,2.51,100.0,Perimeter weatherstripping and door draft seals,High air exchange rate is flushing interior thermal energy.,-36.94,-29.98,-33.46,0,24
SIM_000672,Kargil,2676.0,FLOOR,INFILTRATION,1.509,1.245,12.232,0.528,2.677,0.029,18.219,8.28,6.83,67.14,2.9,14.69,0.16,100.0,Install sub-base perimeter slab insulation,Ground conduction is primary heat drain.,-23.71,-15.86,-19.46,0,24
SIM_000673,Leh,3500.0,WALL,FLOOR,7.613,1.469,4.858,0.139,2.213,0.039,16.332,46.62,9.0,29.74,0.85,13.55,0.24,100.0,Add 75mm exterior insulation (EPS/rockwool),Wall conduction accounts for highest percentage of heat loss.,-12.16,-7.34,-9.72,0,24
SIM_000674,Dras,3280.0,FLOOR,INFILTRATION,3.359,1.091,10.041,2.317,4.54,0.176,21.524,15.61,5.07,46.65,10.76,21.09,0.82,100.0,Install sub-base perimeter slab insulation,Ground conduction is primary heat drain.,-29.7,-24.0,-25.87,0,24
SIM_000675,Siachen,5400.0,FLOOR,INFILTRATION,1.516,0.591,2.433,0.509,1.912,0.059,7.019,21.59,8.42,34.67,7.24,27.23,0.84,99.99,Install sub-base perimeter slab insulation,Ground conduction is primary heat drain.,-44.92,-41.33,-42.77,0,24
SIM_000676,Daulat Beg Oldie,5065.0,FLOOR,INFILTRATION,1.109,0.932,6.505,1.829,3.07,0.143,13.587,8.16,6.86,47.88,13.46,22.59,1.05,100.0,Install sub-base perimeter slab insulation,Ground conduction is primary heat drain.,-37.53,-26.93,-31.09,0,24
SIM_000677,Galwan,4300.0,FLOOR,INFILTRATION,2.141,0.181,4.799,1.437,2.649,0.041,11.247,19.04,1.61,42.67,12.78,23.55,0.36,100.01,Install sub-base perimeter slab insulation,Ground conduction is primary heat drain.,-28.48,-20.58,-23.18,0,24
SIM_000678,Hanle,4500.0,FLOOR,INFILTRATION,2.107,1.143,8.96,1.13,4.719,0.08,18.14,11.62,6.3,49.4,6.23,26.02,0.44,100.01,Install sub-base perimeter slab insulation,Ground conduction is primary heat drain.,-19.97,-14.48,-16.39,0,24
SIM_000679,Nyoma,4180.0,FLOOR,INFILTRATION,4.319,1.96,15.793,0.399,7.682,0.075,30.228,14.29,6.49,52.25,1.32,25.41,0.25,100.01,Install sub-base perimeter slab insulation,Ground conduction is primary heat drain.,-16.81,-10.54,-13.62,0,24
SIM_000680,Chushul,4350.0,INFILTRATION,FLOOR,1.695,0.162,6.779,0.45,7.283,0.117,16.487,10.28,0.98,41.12,2.73,44.17,0.71,99.99,Perimeter weatherstripping and door draft seals,High air exchange rate is flushing interior thermal energy.,-39.44,-33.61,-36.26,0,24
SIM_000681,Rezang La,5000.0,FLOOR,ROOF,5.134,13.577,13.947,0.904,3.177,2.373,39.114,13.13,34.71,35.66,2.31,8.12,6.07,100.0,Install sub-base perimeter slab insulation,Ground conduction is primary heat drain.,-26.97,-22.06,-23.6,0,24
SIM_000682,Pangong,4250.0,FLOOR,INFILTRATION,1.437,0.605,3.957,0.592,2.13,0.031,8.753,16.42,6.91,45.2,6.76,24.34,0.36,99.99,Install sub-base perimeter slab insulation,Ground conduction is primary heat drain.,-26.52,-21.81,-23.68,0,24
SIM_000683,Depsang,5330.0,ROOF,WALL,3.15,5.448,2.969,0.541,1.251,0.652,14.012,22.48,38.88,21.19,3.86,8.93,4.66,100.0,Add 100mm exterior roof insulation,Roof conduction loss dominates envelope heat transfer.,-46.35,-42.6,-44.11,0,24
SIM_000684,Kargil,2676.0,FLOOR,WALL,4.599,2.15,4.618,0.636,1.978,0.502,14.483,31.75,14.84,31.88,4.39,13.66,3.46,99.98,Install sub-base perimeter slab insulation,Ground conduction is primary heat drain.,-15.61,-11.44,-13.16,0,24
SIM_000685,Leh,3500.0,FLOOR,WALL,8.559,1.429,10.709,2.903,4.937,0.17,28.707,29.81,4.98,37.3,10.11,17.2,0.59,99.99,Install sub-base perimeter slab insulation,Ground conduction is primary heat drain.,-13.04,-9.99,-10.88,0,24
SIM_000686,Dras,3280.0,ROOF,FLOOR,3.617,29.69,20.041,3.738,1.808,3.946,62.841,5.76,47.25,31.89,5.95,2.88,6.28,100.01,Add 100mm exterior roof insulation,Roof conduction loss dominates envelope heat transfer.,-22.39,-13.0,-16.22,0,24
SIM_000687,Siachen,5400.0,FLOOR,WALL,1.305,0.373,2.618,0.847,0.154,0.002,5.298,24.62,7.03,49.4,15.99,2.91,0.05,100.0,Install sub-base perimeter slab insulation,Ground conduction is primary heat drain.,-34.91,-29.14,-31.74,0,24
SIM_000688,Daulat Beg Oldie,5065.0,FLOOR,INFILTRATION,4.971,1.377,10.526,0.087,7.786,0.127,24.875,19.99,5.54,42.32,0.35,31.3,0.51,100.01,Install sub-base perimeter slab insulation,Ground conduction is primary heat drain.,-46.45,-38.45,-42.39,0,24
SIM_000689,Galwan,4300.0,FLOOR,INFILTRATION,1.632,0.542,6.505,0.176,1.672,0.076,10.604,15.39,5.11,61.35,1.66,15.77,0.72,100.0,Install sub-base perimeter slab insulation,Ground conduction is primary heat drain.,-20.14,-17.71,-18.97,0,24
SIM_000690,Hanle,4500.0,FLOOR,WALL,4.192,0.395,7.182,0.019,3.994,0.079,15.862,26.43,2.49,45.28,0.12,25.18,0.5,100.0,Install sub-base perimeter slab insulation,Ground conduction is primary heat drain.,-29.5,-15.94,-21.88,0,24
SIM_000691,Nyoma,4180.0,FLOOR,INFILTRATION,5.23,2.667,12.393,3.514,8.141,0.468,32.413,16.14,8.23,38.24,10.84,25.12,1.44,100.01,Install sub-base perimeter slab insulation,Ground conduction is primary heat drain.,-29.18,-23.6,-25.77,0,24
SIM_000692,Chushul,4350.0,ROOF,FLOOR,3.778,22.403,13.831,1.158,3.656,3.181,48.007,7.87,46.67,28.81,2.41,7.62,6.63,100.01,Add 100mm exterior roof insulation,Roof conduction loss dominates envelope heat transfer.,-28.48,-19.4,-23.12,0,24
SIM_000693,Rezang La,5000.0,FLOOR,WALL,9.459,0.804,10.073,1.727,6.492,0.036,28.591,33.09,2.81,35.23,6.04,22.71,0.13,100.01,Install sub-base perimeter slab insulation,Ground conduction is primary heat drain.,-28.03,-25.66,-26.53,0,24
SIM_000694,Pangong,4250.0,WALL,FLOOR,6.329,1.764,4.992,0.299,4.25,0.224,17.858,35.44,9.88,27.95,1.67,23.8,1.26,100.0,Add 75mm exterior insulation (EPS/rockwool),Wall conduction accounts for highest percentage of heat loss.,-19.05,-13.55,-16.26,0,24
SIM_000695,Depsang,5330.0,ROOF,FLOOR,1.009,9.679,8.748,0.123,1.173,0.027,20.759,4.86,46.62,42.14,0.59,5.65,0.13,99.99,Add 100mm exterior roof insulation,Roof conduction loss dominates envelope heat transfer.,-38.09,-29.47,-33.4,0,24
SIM_000696,Kargil,2676.0,FLOOR,INFILTRATION,7.399,2.023,16.702,1.112,12.895,0.174,40.305,18.36,5.02,41.44,2.76,31.99,0.43,100.0,Install sub-base perimeter slab insulation,Ground conduction is primary heat drain.,-22.29,-17.81,-19.4,0,24
SIM_000697,Leh,3500.0,WALL,INFILTRATION,9.284,0.907,5.471,1.432,5.501,0.095,22.69,40.91,4.0,24.11,6.31,24.24,0.42,99.99,Add 75mm exterior insulation (EPS/rockwool),Wall conduction accounts for highest percentage of heat loss.,-10.9,-8.57,-9.33,0,24
SIM_000698,Dras,3280.0,FLOOR,GLAZING,2.871,1.022,14.623,4.506,4.336,0.114,27.472,10.45,3.72,53.23,16.4,15.78,0.42,100.0,Install sub-base perimeter slab insulation,Ground conduction is primary heat drain.,-30.64,-22.65,-25.38,0,24
SIM_000699,Siachen,5400.0,FLOOR,INFILTRATION,1.032,1.554,4.679,0.068,2.761,0.106,10.2,10.12,15.23,45.88,0.67,27.07,1.04,100.01,Install sub-base perimeter slab insulation,Ground conduction is primary heat drain.,-46.46,-39.03,-42.27,0,24
SIM_000700,Daulat Beg Oldie,5065.0,FLOOR,INFILTRATION,1.296,2.017,8.669,0.25,3.978,0.144,16.355,7.92,12.33,53.01,1.53,24.33,0.88,100.0,Install sub-base perimeter slab insulation,Ground conduction is primary heat drain.,-32.71,-28.69,-30.72,0,24
SIM_000701,Galwan,4300.0,FLOOR,ROOF,1.148,3.737,5.33,1.304,2.28,1.62,15.419,7.44,24.24,34.57,8.46,14.78,10.51,100.0,Install sub-base perimeter slab insulation,Ground conduction is primary heat drain.,-27.39,-20.66,-23.62,0,24
SIM_000702,Hanle,4500.0,FLOOR,WALL,6.63,3.496,22.027,1.261,2.215,0.339,35.969,18.43,9.72,61.24,3.51,6.16,0.94,100.0,Install sub-base perimeter slab insulation,Ground conduction is primary heat drain.,-13.46,-9.32,-11.06,0,24
SIM_000703,Nyoma,4180.0,WALL,FLOOR,4.213,0.312,2.555,0.449,0.527,0.115,8.17,51.56,3.81,31.28,5.5,6.45,1.4,100.0,Add 75mm exterior insulation (EPS/rockwool),Wall conduction accounts for highest percentage of heat loss.,-19.81,-15.66,-17.81,0,24
SIM_000704,Chushul,4350.0,ROOF,FLOOR,0.718,7.81,6.4,0.099,0.851,0.193,16.072,4.47,48.59,39.82,0.62,5.3,1.2,100.0,Add 100mm exterior roof insulation,Roof conduction loss dominates envelope heat transfer.,-41.56,-33.06,-36.56,0,24
SIM_000705,Rezang La,5000.0,FLOOR,INFILTRATION,1.146,0.879,5.557,0.112,1.165,0.086,8.945,12.81,9.83,62.13,1.25,13.02,0.96,100.0,Install sub-base perimeter slab insulation,Ground conduction is primary heat drain.,-28.62,-22.3,-25.32,0,24
SIM_000706,Pangong,4250.0,FLOOR,INFILTRATION,1.979,2.066,7.455,2.143,3.949,0.122,17.713,11.17,11.66,42.09,12.1,22.29,0.69,100.0,Install sub-base perimeter slab insulation,Ground conduction is primary heat drain.,-28.65,-18.36,-22.02,0,24
SIM_000707,Depsang,5330.0,WALL,ROOF,8.211,6.157,3.836,0.619,0.318,0.114,19.256,42.64,31.98,19.92,3.21,1.65,0.59,99.99,Add 75mm exterior insulation (EPS/rockwool),Wall conduction accounts for highest percentage of heat loss.,-47.58,-40.29,-43.43,0,24
SIM_000708,Kargil,2676.0,WALL,FLOOR,4.856,0.545,2.782,0.123,1.0,0.099,9.406,51.63,5.8,29.58,1.31,10.64,1.05,100.01,Add 75mm exterior insulation (EPS/rockwool),Wall conduction accounts for highest percentage of heat loss.,-14.64,-11.17,-12.89,0,24
SIM_000709,Leh,3500.0,ROOF,FLOOR,0.895,7.733,6.299,1.313,3.306,1.238,20.784,4.31,37.21,30.31,6.32,15.91,5.96,100.02,Add 100mm exterior roof insulation,Roof conduction loss dominates envelope heat transfer.,-15.2,-7.82,-10.67,0,24
SIM_000710,Dras,3280.0,FLOOR,ROOF,0.935,10.255,10.294,0.191,0.648,0.196,22.52,4.15,45.54,45.71,0.85,2.88,0.87,100.0,Install sub-base perimeter slab insulation,Ground conduction is primary heat drain.,-24.44,-15.27,-18.95,0,24
SIM_000711,Siachen,5400.0,FLOOR,ROOF,10.863,13.062,14.434,1.786,6.377,3.017,49.538,21.93,26.37,29.14,3.6,12.87,6.09,100.0,Install sub-base perimeter slab insulation,Ground conduction is primary heat drain.,-31.97,-28.29,-30.07,0,24
SIM_000712,Daulat Beg Oldie,5065.0,FLOOR,WALL,1.14,0.885,5.028,0.219,0.739,0.43,8.441,13.51,10.49,59.57,2.59,8.76,5.09,100.01,Install sub-base perimeter slab insulation,Ground conduction is primary heat drain.,-46.92,-40.3,-43.51,0,24
SIM_000713,Galwan,4300.0,FLOOR,WALL,2.902,0.468,4.891,0.263,2.339,0.026,10.889,26.65,4.3,44.91,2.41,21.48,0.24,99.99,Install sub-base perimeter slab insulation,Ground conduction is primary heat drain.,-23.39,-20.53,-21.69,0,24
SIM_000714,Hanle,4500.0,FLOOR,WALL,3.738,1.018,3.755,0.078,0.741,0.332,9.662,38.69,10.53,38.87,0.81,7.67,3.43,100.0,Install sub-base perimeter slab insulation,Ground conduction is primary heat drain.,-30.53,-22.3,-25.74,0,24
SIM_000715,Nyoma,4180.0,FLOOR,INFILTRATION,3.782,0.837,9.701,1.971,4.577,0.095,20.963,18.04,3.99,46.28,9.4,21.83,0.45,99.99,Install sub-base perimeter slab insulation,Ground conduction is primary heat drain.,-29.83,-21.92,-24.82,0,24
SIM_000716,Chushul,4350.0,FLOOR,WALL,3.095,1.277,7.891,0.09,2.451,0.465,15.268,20.27,8.36,51.68,0.59,16.05,3.05,100.0,Install sub-base perimeter slab insulation,Ground conduction is primary heat drain.,-28.3,-20.17,-24.16,0,24
SIM_000717,Rezang La,5000.0,FLOOR,INFILTRATION,0.979,0.883,5.326,0.276,4.511,0.303,12.278,7.97,7.19,43.38,2.25,36.74,2.47,100.0,Install sub-base perimeter slab insulation,Ground conduction is primary heat drain.,-31.82,-26.17,-28.67,0,24
SIM_000718,Pangong,4250.0,FLOOR,INFILTRATION,2.356,2.878,19.311,1.205,6.863,0.107,32.718,7.2,8.8,59.02,3.68,20.97,0.33,100.0,Install sub-base perimeter slab insulation,Ground conduction is primary heat drain.,-20.13,-8.97,-13.45,0,24
SIM_000719,Depsang,5330.0,FLOOR,INFILTRATION,0.883,0.631,7.149,0.391,4.291,0.034,13.379,6.6,4.72,53.43,2.92,32.08,0.25,100.0,Install sub-base perimeter slab insulation,Ground conduction is primary heat drain.,-35.25,-28.61,-31.7,0,24
SIM_000720,Kargil,2676.0,FLOOR,INFILTRATION,3.613,0.694,9.749,2.508,7.73,0.085,24.378,14.82,2.84,39.99,10.29,31.71,0.35,100.0,Install sub-base perimeter slab insulation,Ground conduction is primary heat drain.,-25.88,-16.28,-20.56,0,24
SIM_000721,Leh,3500.0,FLOOR,INFILTRATION,1.135,0.602,5.483,0.401,2.903,0.076,10.601,10.71,5.68,51.72,3.79,27.38,0.72,100.0,Install sub-base perimeter slab insulation,Ground conduction is primary heat drain.,-12.79,-6.08,-8.83,0,24
SIM_000722,Dras,3280.0,FLOOR,WALL,4.061,0.91,7.55,0.024,2.033,0.47,15.048,26.99,6.04,50.18,0.16,13.51,3.12,100.0,Install sub-base perimeter slab insulation,Ground conduction is primary heat drain.,-31.25,-21.61,-26.16,0,24
SIM_000723,Siachen,5400.0,FLOOR,ROOF,0.649,5.883,6.247,0.99,1.858,0.915,16.542,3.92,35.56,37.77,5.99,11.23,5.53,100.0,Install sub-base perimeter slab insulation,Ground conduction is primary heat drain.,-48.66,-39.93,-43.06,0,24
SIM_000724,Daulat Beg Oldie,5065.0,INFILTRATION,FLOOR,0.372,2.58,2.633,0.009,2.828,1.5,9.924,3.75,26.0,26.54,0.1,28.5,15.12,100.01,Perimeter weatherstripping and door draft seals,High air exchange rate is flushing interior thermal energy.,-36.96,-30.16,-33.38,0,24
SIM_000725,Galwan,4300.0,FLOOR,INFILTRATION,0.907,0.732,4.002,0.631,2.402,0.211,8.886,10.21,8.24,45.04,7.1,27.03,2.38,100.0,Install sub-base perimeter slab insulation,Ground conduction is primary heat drain.,-27.31,-22.94,-24.58,0,24
SIM_000726,Hanle,4500.0,FLOOR,WALL,8.11,2.416,18.605,3.257,4.293,0.154,36.835,22.02,6.56,50.51,8.84,11.66,0.42,100.01,Install sub-base perimeter slab insulation,Ground conduction is primary heat drain.,-15.26,-9.88,-11.79,0,24
SIM_000727,Nyoma,4180.0,FLOOR,INFILTRATION,1.558,1.172,16.163,2.11,3.942,0.118,25.063,6.21,4.68,64.49,8.42,15.73,0.47,100.0,Install sub-base perimeter slab insulation,Ground conduction is primary heat drain.,-16.85,-9.01,-12.39,0,24
SIM_000728,Chushul,4350.0,FLOOR,INFILTRATION,2.356,1.718,14.815,1.688,9.115,0.259,29.951,7.87,5.74,49.46,5.64,30.43,0.86,100.0,Install sub-base perimeter slab insulation,Ground conduction is primary heat drain.,-35.74,-30.19,-32.16,0,24
SIM_000729,Rezang La,5000.0,FLOOR,INFILTRATION,0.906,0.405,2.359,0.23,1.562,0.222,5.684,15.94,7.12,41.5,4.05,27.49,3.91,100.01,Install sub-base perimeter slab insulation,Ground conduction is primary heat drain.,-30.62,-24.13,-27.32,0,24
SIM_000730,Pangong,4250.0,FLOOR,INFILTRATION,1.805,1.127,11.3,0.988,7.294,0.143,22.656,7.97,4.97,49.87,4.36,32.2,0.63,100.0,Install sub-base perimeter slab insulation,Ground conduction is primary heat drain.,-24.65,-17.03,-20.13,0,24
SIM_000731,Depsang,5330.0,FLOOR,INFILTRATION,3.604,1.505,11.493,0.215,6.43,0.126,23.374,15.42,6.44,49.17,0.92,27.51,0.54,100.0,Install sub-base perimeter slab insulation,Ground conduction is primary heat drain.,-47.29,-37.96,-41.92,0,24
SIM_000732,Kargil,2676.0,ROOF,FLOOR,1.36,6.5,5.81,1.382,2.215,0.683,17.95,7.57,36.21,32.37,7.7,12.34,3.8,99.99,Add 100mm exterior roof insulation,Roof conduction loss dominates envelope heat transfer.,-12.16,-6.18,-8.54,0,24
SIM_000733,Leh,3500.0,ROOF,WALL,8.997,16.62,8.692,0.452,2.328,1.07,38.158,23.58,43.56,22.78,1.18,6.1,2.8,100.0,Add 100mm exterior roof insulation,Roof conduction loss dominates envelope heat transfer.,-16.89,-9.26,-12.38,0,24
SIM_000734,Dras,3280.0,FLOOR,INFILTRATION,2.604,1.805,10.732,1.248,2.611,0.627,19.628,13.27,9.2,54.68,6.36,13.3,3.2,100.01,Install sub-base perimeter slab insulation,Ground conduction is primary heat drain.,-21.04,-14.28,-17.23,0,24
SIM_000735,Siachen,5400.0,FLOOR,INFILTRATION,0.643,0.549,3.781,0.109,1.901,0.0,6.985,9.21,7.87,54.13,1.57,27.22,0.0,100.0,Install sub-base perimeter slab insulation,Ground conduction is primary heat drain.,-33.93,-29.42,-31.58,0,24
SIM_000736,Daulat Beg Oldie,5065.0,FLOOR,INFILTRATION,1.528,0.355,5.145,0.371,3.462,0.185,11.046,13.83,3.21,46.58,3.36,31.34,1.68,100.0,Install sub-base perimeter slab insulation,Ground conduction is primary heat drain.,-46.52,-39.96,-42.59,0,24
SIM_000737,Galwan,4300.0,FLOOR,WALL,2.48,1.156,6.2,0.109,1.169,0.091,11.204,22.13,10.32,55.33,0.97,10.44,0.81,100.0,Install sub-base perimeter slab insulation,Ground conduction is primary heat drain.,-24.76,-17.95,-20.81,0,24
SIM_000738,Hanle,4500.0,FLOOR,INFILTRATION,2.691,2.801,20.531,0.853,13.813,0.299,40.987,6.56,6.83,50.09,2.08,33.7,0.73,99.99,Install sub-base perimeter slab insulation,Ground conduction is primary heat drain.,-25.74,-16.53,-20.66,0,24
SIM_000739,Nyoma,4180.0,FLOOR,INFILTRATION,2.331,1.615,7.016,0.111,5.802,0.175,17.051,13.67,9.47,41.15,0.65,34.03,1.03,100.0,Install sub-base perimeter slab insulation,Ground conduction is primary heat drain.,-32.05,-24.07,-27.97,0,24
SIM_000740,Chushul,4350.0,FLOOR,INFILTRATION,3.124,3.199,23.555,3.954,20.694,0.184,54.711,5.71,5.85,43.05,7.23,37.83,0.34,100.01,Install sub-base perimeter slab insulation,Ground conduction is primary heat drain.,-25.25,-18.36,-20.82,0,24
SIM_000741,Rezang La,5000.0,FLOOR,INFILTRATION,1.366,0.429,2.964,0.09,1.675,0.3,6.824,20.01,6.29,43.43,1.32,24.55,4.4,100.0,Install sub-base perimeter slab insulation,Ground conduction is primary heat drain.,-31.7,-27.2,-29.2,0,24
SIM_000742,Pangong,4250.0,FLOOR,WALL,1.891,1.224,6.206,1.724,1.786,0.09,12.919,14.63,9.47,48.04,13.34,13.82,0.69,99.99,Install sub-base perimeter slab insulation,Ground conduction is primary heat drain.,-18.21,-12.1,-14.12,0,24
SIM_000743,Depsang,5330.0,FLOOR,INFILTRATION,1.444,2.114,9.018,1.412,6.177,0.48,20.646,7.0,10.24,43.68,6.84,29.92,2.33,100.01,Install sub-base perimeter slab insulation,Ground conduction is primary heat drain.,-34.98,-27.34,-30.76,0,24
SIM_000744,Kargil,2676.0,FLOOR,ROOF,2.602,9.685,10.69,0.113,9.672,2.416,35.178,7.4,27.53,30.39,0.32,27.49,6.87,100.0,Install sub-base perimeter slab insulation,Ground conduction is primary heat drain.,-27.01,-18.8,-22.52,0,24
SIM_000745,Leh,3500.0,FLOOR,INFILTRATION,0.923,2.386,8.375,2.04,5.129,0.229,19.081,4.84,12.51,43.89,10.69,26.88,1.2,100.01,Install sub-base perimeter slab insulation,Ground conduction is primary heat drain.,-13.81,-8.16,-10.2,0,24
SIM_000746,Dras,3280.0,FLOOR,INFILTRATION,2.855,1.98,17.939,3.157,5.36,0.143,31.433,9.08,6.3,57.07,10.04,17.05,0.45,99.99,Install sub-base perimeter slab insulation,Ground conduction is primary heat drain.,-27.43,-18.13,-21.67,0,24
SIM_000747,Siachen,5400.0,FLOOR,INFILTRATION,1.345,1.439,11.628,0.691,1.614,0.189,16.905,7.96,8.51,68.78,4.09,9.55,1.12,100.01,Install sub-base perimeter slab insulation,Ground conduction is primary heat drain.,-44.79,-37.62,-40.99,0,24
SIM_000748,Daulat Beg Oldie,5065.0,FLOOR,INFILTRATION,4.137,2.892,14.683,1.791,7.935,0.342,31.779,13.02,9.1,46.2,5.63,24.97,1.08,100.0,Install sub-base perimeter slab insulation,Ground conduction is primary heat drain.,-34.77,-26.23,-29.77,0,24
SIM_000749,Galwan,4300.0,FLOOR,INFILTRATION,1.331,1.439,9.473,3.054,4.372,0.162,19.832,6.71,7.26,47.77,15.4,22.05,0.82,100.01,Install sub-base perimeter slab insulation,Ground conduction is primary heat drain.,-29.33,-20.46,-23.77,0,24
SIM_000750,Hanle,4500.0,ROOF,FLOOR,1.973,15.132,11.729,0.182,4.967,0.776,34.76,5.68,43.53,33.74,0.52,14.29,2.23,99.99,Add 100mm exterior roof insulation,Roof conduction loss dominates envelope heat transfer.,-23.56,-13.56,-17.8,0,24
SIM_000751,Nyoma,4180.0,FLOOR,INFILTRATION,0.736,0.508,3.75,0.462,3.294,0.375,9.125,8.07,5.57,41.1,5.07,36.1,4.11,100.02,Install sub-base perimeter slab insulation,Ground conduction is primary heat drain.,-23.39,-13.4,-18.24,0,24
SIM_000752,Chushul,4350.0,ROOF,WALL,12.119,19.021,11.645,0.284,8.888,0.836,52.794,22.96,36.03,22.06,0.54,16.84,1.58,100.01,Add 100mm exterior roof insulation,Roof conduction loss dominates envelope heat transfer.,-37.77,-32.08,-34.48,0,24
SIM_000753,Rezang La,5000.0,WALL,FLOOR,10.168,1.507,9.984,1.297,2.459,0.064,25.479,39.91,5.92,39.18,5.09,9.65,0.25,100.0,Add 75mm exterior insulation (EPS/rockwool),Wall conduction accounts for highest percentage of heat loss.,-26.47,-24.36,-25.1,0,24
SIM_000754,Pangong,4250.0,WALL,FLOOR,5.526,2.557,3.972,0.541,3.515,0.874,16.985,32.54,15.05,23.39,3.19,20.69,5.15,100.01,Add 75mm exterior insulation (EPS/rockwool),Wall conduction accounts for highest percentage of heat loss.,-26.67,-22.17,-24.09,0,24
SIM_000755,Depsang,5330.0,FLOOR,INFILTRATION,1.671,1.784,11.076,0.162,3.989,0.14,18.823,8.88,9.48,58.85,0.86,21.19,0.74,100.0,Install sub-base perimeter slab insulation,Ground conduction is primary heat drain.,-43.29,-39.98,-41.66,0,24
SIM_000756,Kargil,2676.0,WALL,FLOOR,14.095,0.992,8.83,0.441,2.476,0.04,26.874,52.45,3.69,32.86,1.64,9.21,0.15,100.0,Add 75mm exterior insulation (EPS/rockwool),Wall conduction accounts for highest percentage of heat loss.,-11.78,-8.91,-10.38,0,24
SIM_000757,Leh,3500.0,WALL,FLOOR,7.15,1.169,5.787,0.604,3.56,0.389,18.659,38.32,6.26,31.02,3.24,19.08,2.08,100.0,Add 75mm exterior insulation (EPS/rockwool),Wall conduction accounts for highest percentage of heat loss.,-14.88,-10.22,-12.45,0,24
SIM_000758,Dras,3280.0,FLOOR,ROOF,2.156,15.248,16.186,0.751,1.318,2.73,38.389,5.62,39.72,42.16,1.96,3.43,7.11,100.0,Install sub-base perimeter slab insulation,Ground conduction is primary heat drain.,-21.76,-11.8,-15.9,0,24
SIM_000759,Siachen,5400.0,FLOOR,WALL,4.317,0.733,11.865,0.359,3.346,0.04,20.66,20.89,3.55,57.43,1.74,16.19,0.19,99.99,Install sub-base perimeter slab insulation,Ground conduction is primary heat drain.,-30.32,-27.18,-28.79,0,24
SIM_000760,Daulat Beg Oldie,5065.0,FLOOR,WALL,3.532,1.412,4.886,0.585,0.464,0.031,10.91,32.37,12.94,44.79,5.36,4.26,0.28,100.0,Install sub-base perimeter slab insulation,Ground conduction is primary heat drain.,-44.94,-42.82,-43.93,0,24
SIM_000761,Galwan,4300.0,FLOOR,WALL,3.758,0.829,10.605,0.172,2.275,0.073,17.711,21.22,4.68,59.88,0.97,12.85,0.41,100.01,Install sub-base perimeter slab insulation,Ground conduction is primary heat drain.,-19.03,-15.68,-17.41,0,24
SIM_000762,Hanle,4500.0,WALL,FLOOR,10.971,0.91,4.84,0.023,1.151,0.051,17.946,61.13,5.07,26.97,0.13,6.42,0.28,100.0,Add 75mm exterior insulation (EPS/rockwool),Wall conduction accounts for highest percentage of heat loss.,-26.43,-20.79,-23.53,0,24
SIM_000763,Nyoma,4180.0,FLOOR,INFILTRATION,2.941,1.326,10.581,0.451,7.383,0.099,22.782,12.91,5.82,46.45,1.98,32.41,0.44,100.01,Install sub-base perimeter slab insulation,Ground conduction is primary heat drain.,-29.85,-21.24,-24.93,0,24
SIM_000764,Chushul,4350.0,FLOOR,ROOF,2.126,4.667,25.196,2.481,1.197,0.427,36.094,5.89,12.93,69.81,6.87,3.32,1.18,100.0,Install sub-base perimeter slab insulation,Ground conduction is primary heat drain.,-23.75,-18.21,-20.63,0,24
SIM_000765,Rezang La,5000.0,WALL,FLOOR,8.668,0.836,7.038,0.207,6.526,0.067,23.34,37.14,3.58,30.15,0.89,27.96,0.29,100.01,Add 75mm exterior insulation (EPS/rockwool),Wall conduction accounts for highest percentage of heat loss.,-27.61,-25.4,-26.55,0,24
SIM_000766,Pangong,4250.0,FLOOR,INFILTRATION,1.072,0.762,5.551,0.513,1.114,0.066,9.079,11.81,8.4,61.15,5.65,12.27,0.73,100.01,Install sub-base perimeter slab insulation,Ground conduction is primary heat drain.,-16.5,-12.64,-13.86,0,24
SIM_000767,Depsang,5330.0,WALL,FLOOR,17.572,0.849,14.328,1.016,4.567,0.042,38.373,45.79,2.21,37.34,2.65,11.9,0.11,100.0,Add 75mm exterior insulation (EPS/rockwool),Wall conduction accounts for highest percentage of heat loss.,-32.8,-28.19,-30.49,0,24
SIM_000768,Kargil,2676.0,FLOOR,ROOF,2.155,3.278,4.291,1.362,2.475,1.191,14.752,14.61,22.22,29.09,9.23,16.78,8.07,100.0,Install sub-base perimeter slab insulation,Ground conduction is primary heat drain.,-28.46,-20.74,-23.35,0,24
SIM_000769,Leh,3500.0,FLOOR,INFILTRATION,4.048,1.254,11.992,0.388,5.292,0.2,23.174,17.47,5.41,51.75,1.68,22.84,0.86,100.01,Install sub-base perimeter slab insulation,Ground conduction is primary heat drain.,-9.7,-5.34,-7.5,0,24
SIM_000770,Dras,3280.0,WALL,FLOOR,1.814,0.941,1.609,0.0,0.647,0.004,5.014,36.17,18.76,32.09,0.0,12.91,0.07,100.0,Add 75mm exterior insulation (EPS/rockwool),Wall conduction accounts for highest percentage of heat loss.,-29.46,-25.61,-27.44,0,24
SIM_000771,Siachen,5400.0,FLOOR,WALL,4.082,1.862,13.925,0.566,0.267,0.142,20.845,19.58,8.93,66.8,2.72,1.28,0.68,99.99,Install sub-base perimeter slab insulation,Ground conduction is primary heat drain.,-39.87,-36.51,-38.15,0,24
SIM_000772,Daulat Beg Oldie,5065.0,FLOOR,GLAZING,2.735,0.986,14.0,4.598,2.32,0.061,24.701,11.07,3.99,56.68,18.62,9.39,0.25,100.0,Install sub-base perimeter slab insulation,Ground conduction is primary heat drain.,-31.41,-23.33,-26.1,0,24
SIM_000773,Galwan,4300.0,FLOOR,WALL,5.222,2.532,21.819,2.173,0.588,0.109,32.443,16.1,7.81,67.25,6.7,1.81,0.34,100.01,Install sub-base perimeter slab insulation,Ground conduction is primary heat drain.,-20.59,-15.45,-17.1,0,24
SIM_000774,Hanle,4500.0,FLOOR,INFILTRATION,1.53,0.704,10.843,0.352,5.196,0.182,18.806,8.13,3.75,57.65,1.87,27.63,0.97,100.0,Install sub-base perimeter slab insulation,Ground conduction is primary heat drain.,-17.05,-10.19,-13.6,0,24
SIM_000775,Nyoma,4180.0,FLOOR,ROOF,1.637,6.469,9.262,0.626,1.863,0.0,19.858,8.25,32.58,46.64,3.15,9.38,0.0,100.0,Install sub-base perimeter slab insulation,Ground conduction is primary heat drain.,-25.55,-12.42,-18.42,0,24
SIM_000776,Chushul,4350.0,FLOOR,INFILTRATION,1.09,0.397,5.865,0.025,5.419,0.057,12.853,8.48,3.09,45.63,0.19,42.16,0.45,100.0,Install sub-base perimeter slab insulation,Ground conduction is primary heat drain.,-37.1,-30.04,-33.57,0,24
SIM_000777,Rezang La,5000.0,FLOOR,WALL,6.195,0.887,6.455,0.914,5.179,0.048,19.679,31.48,4.51,32.8,4.64,26.32,0.24,99.99,Install sub-base perimeter slab insulation,Ground conduction is primary heat drain.,-27.45,-25.05,-25.92,0,24
SIM_000778,Pangong,4250.0,FLOOR,ROOF,1.848,9.841,11.303,0.601,6.724,2.851,33.169,5.57,29.67,34.08,1.81,20.27,8.6,100.0,Install sub-base perimeter slab insulation,Ground conduction is primary heat drain.,-25.79,-19.18,-21.89,0,24
SIM_000779,Depsang,5330.0,FLOOR,WALL,3.644,1.934,9.606,1.629,3.235,0.102,20.151,18.09,9.6,47.67,8.09,16.06,0.51,100.02,Install sub-base perimeter slab insulation,Ground conduction is primary heat drain.,-44.31,-37.85,-40.03,0,24
SIM_000780,Kargil,2676.0,WALL,FLOOR,9.175,1.834,6.005,0.131,1.182,0.121,18.448,49.73,9.94,32.55,0.71,6.41,0.66,100.0,Add 75mm exterior insulation (EPS/rockwool),Wall conduction accounts for highest percentage of heat loss.,-12.93,-10.0,-11.49,0,24
SIM_000781,Leh,3500.0,FLOOR,INFILTRATION,2.186,1.775,6.347,0.708,3.222,0.169,14.407,15.17,12.32,44.06,4.91,22.37,1.17,100.0,Install sub-base perimeter slab insulation,Ground conduction is primary heat drain.,-18.88,-8.11,-12.63,0,24
SIM_000782,Dras,3280.0,FLOOR,INFILTRATION,4.443,2.578,12.93,1.883,12.522,0.204,34.56,12.86,7.46,37.41,5.45,36.23,0.59,100.0,Install sub-base perimeter slab insulation,Ground conduction is primary heat drain.,-20.45,-14.07,-16.52,0,24
SIM_000783,Siachen,5400.0,FLOOR,INFILTRATION,0.808,0.41,5.288,0.78,2.082,0.218,9.587,8.43,4.28,55.16,8.14,21.71,2.28,100.0,Install sub-base perimeter slab insulation,Ground conduction is primary heat drain.,-33.22,-30.08,-31.49,0,24
SIM_000784,Daulat Beg Oldie,5065.0,FLOOR,ROOF,3.807,14.183,14.498,0.19,5.797,3.985,42.46,8.97,33.4,34.15,0.45,13.65,9.39,100.01,Install sub-base perimeter slab insulation,Ground conduction is primary heat drain.,-45.42,-38.45,-41.75,0,24
SIM_000785,Galwan,4300.0,FLOOR,INFILTRATION,2.064,1.316,21.939,0.354,2.794,0.057,28.526,7.24,4.61,76.91,1.24,9.8,0.2,100.0,Install sub-base perimeter slab insulation,Ground conduction is primary heat drain.,-22.7,-13.82,-18.03,0,24
SIM_000786,Hanle,4500.0,WALL,FLOOR,10.066,0.947,7.588,0.928,2.751,0.131,22.41,44.92,4.23,33.86,4.14,12.27,0.58,100.0,Add 75mm exterior insulation (EPS/rockwool),Wall conduction accounts for highest percentage of heat loss.,-25.58,-21.71,-23.44,0,24
SIM_000787,Nyoma,4180.0,WALL,FLOOR,4.627,0.345,2.615,0.296,2.211,0.055,10.149,45.59,3.4,25.76,2.92,21.78,0.54,99.99,Add 75mm exterior insulation (EPS/rockwool),Wall conduction accounts for highest percentage of heat loss.,-29.4,-27.66,-28.51,0,24
SIM_000788,Chushul,4350.0,ROOF,FLOOR,0.554,3.377,2.578,0.099,0.356,0.503,7.466,7.42,45.23,34.53,1.32,4.76,6.74,100.0,Add 100mm exterior roof insulation,Roof conduction loss dominates envelope heat transfer.,-29.71,-22.24,-25.77,0,24
SIM_000789,Rezang La,5000.0,ROOF,FLOOR,2.432,6.156,5.902,0.53,0.568,0.792,16.38,14.85,37.59,36.03,3.24,3.47,4.83,100.01,Add 100mm exterior roof insulation,Roof conduction loss dominates envelope heat transfer.,-29.5,-24.14,-26.22,0,24
SIM_000790,Pangong,4250.0,FLOOR,WALL,8.24,2.016,18.181,0.353,7.272,0.109,36.17,22.78,5.57,50.26,0.98,20.11,0.3,100.0,Install sub-base perimeter slab insulation,Ground conduction is primary heat drain.,-13.37,-9.67,-11.44,0,24
SIM_000791,Depsang,5330.0,ROOF,FLOOR,4.063,20.629,14.67,1.306,4.046,1.668,46.382,8.76,44.48,31.63,2.81,8.72,3.6,100.0,Add 100mm exterior roof insulation,Roof conduction loss dominates envelope heat transfer.,-35.1,-26.99,-30.49,0,24
SIM_000792,Kargil,2676.0,ROOF,FLOOR,1.016,9.229,7.028,0.065,4.91,1.631,23.88,4.26,38.65,29.43,0.27,20.56,6.83,100.0,Add 100mm exterior roof insulation,Roof conduction loss dominates envelope heat transfer.,-24.45,-19.68,-21.93,0,24
SIM_000793,Leh,3500.0,FLOOR,WALL,3.768,1.322,8.154,0.736,2.478,0.107,16.565,22.75,7.98,49.22,4.44,14.96,0.65,100.0,Install sub-base perimeter slab insulation,Ground conduction is primary heat drain.,-13.18,-7.03,-9.51,0,24
SIM_000794,Dras,3280.0,ROOF,FLOOR,0.854,8.7,6.867,0.276,2.878,1.083,20.657,4.13,42.12,33.24,1.33,13.93,5.24,99.99,Add 100mm exterior roof insulation,Roof conduction loss dominates envelope heat transfer.,-30.8,-21.24,-25.08,0,24
SIM_000795,Siachen,5400.0,WALL,FLOOR,5.169,0.423,3.84,1.059,2.267,0.034,12.792,40.41,3.31,30.02,8.28,17.72,0.26,100.0,Add 75mm exterior insulation (EPS/rockwool),Wall conduction accounts for highest percentage of heat loss.,-44.05,-40.93,-42.36,0,24
SIM_000796,Daulat Beg Oldie,5065.0,FLOOR,INFILTRATION,1.833,1.374,14.825,0.925,5.218,0.086,24.26,7.55,5.66,61.11,3.81,21.51,0.35,99.99,Install sub-base perimeter slab insulation,Ground conduction is primary heat drain.,-34.73,-24.19,-28.58,0,24
SIM_000797,Galwan,4300.0,ROOF,FLOOR,2.357,13.831,10.471,0.216,3.289,1.002,31.167,7.56,44.38,33.6,0.69,10.55,3.22,100.0,Add 100mm exterior roof insulation,Roof conduction loss dominates envelope heat transfer.,-29.28,-20.95,-24.35,0,24
SIM_000798,Hanle,4500.0,FLOOR,WALL,2.661,0.647,6.624,0.467,2.091,0.098,12.587,21.14,5.14,52.63,3.71,16.61,0.78,100.01,Install sub-base perimeter slab insulation,Ground conduction is primary heat drain.,-20.71,-10.5,-14.86,0,24
SIM_000799,Nyoma,4180.0,FLOOR,INFILTRATION,2.238,1.079,9.027,0.066,4.688,0.173,17.272,12.96,6.25,52.27,0.38,27.14,1.0,100.0,Install sub-base perimeter slab insulation,Ground conduction is primary heat drain.,-17.55,-9.94,-13.63,0,24
SIM_000800,Chushul,4350.0,ROOF,FLOOR,2.244,20.999,13.543,0.218,1.137,2.924,41.064,5.47,51.14,32.98,0.53,2.77,7.12,100.01,Add 100mm exterior roof insulation,Roof conduction loss dominates envelope heat transfer.,-39.54,-29.61,-33.75,0,24
SIM_000801,Rezang La,5000.0,FLOOR,INFILTRATION,3.06,6.167,27.26,0.798,8.46,0.424,46.168,6.63,13.36,59.04,1.73,18.32,0.92,100.0,Install sub-base perimeter slab insulation,Ground conduction is primary heat drain.,-27.36,-17.93,-22.12,0,24
SIM_000802,Pangong,4250.0,FLOOR,GLAZING,2.268,2.128,11.038,2.438,0.613,0.203,18.688,12.14,11.38,59.06,13.05,3.28,1.08,99.99,Install sub-base perimeter slab insulation,Ground conduction is primary heat drain.,-23.47,-17.98,-20.05,0,24
SIM_000803,Depsang,5330.0,FLOOR,WALL,3.905,1.473,9.542,0.436,3.248,0.073,18.677,20.91,7.89,51.09,2.34,17.39,0.39,100.01,Install sub-base perimeter slab insulation,Ground conduction is primary heat drain.,-46.26,-37.4,-40.3,0,24
SIM_000804,Kargil,2676.0,FLOOR,WALL,2.123,1.13,6.325,0.622,0.983,0.158,11.34,18.72,9.96,55.78,5.48,8.67,1.39,100.0,Install sub-base perimeter slab insulation,Ground conduction is primary heat drain.,-12.64,-8.09,-9.75,0,24
SIM_000805,Leh,3500.0,FLOOR,INFILTRATION,1.002,0.664,4.058,0.111,3.056,0.077,8.967,11.17,7.4,45.25,1.24,34.08,0.86,100.0,Install sub-base perimeter slab insulation,Ground conduction is primary heat drain.,-14.19,-8.24,-10.85,0,24
SIM_000806,Dras,3280.0,FLOOR,INFILTRATION,1.496,1.792,15.802,0.941,8.098,0.217,28.345,5.28,6.32,55.75,3.32,28.57,0.77,100.01,Install sub-base perimeter slab insulation,Ground conduction is primary heat drain.,-21.4,-11.29,-15.89,0,24
SIM_000807,Siachen,5400.0,WALL,INFILTRATION,2.986,0.498,1.759,0.231,2.142,0.002,7.618,39.19,6.54,23.1,3.03,28.12,0.02,100.0,Add 75mm exterior insulation (EPS/rockwool),Wall conduction accounts for highest percentage of heat loss.,-33.11,-31.4,-32.13,0,24
SIM_000808,Daulat Beg Oldie,5065.0,FLOOR,WALL,6.462,2.299,26.894,1.629,1.522,0.143,38.949,16.59,5.9,69.05,4.18,3.91,0.37,100.0,Install sub-base perimeter slab insulation,Ground conduction is primary heat drain.,-38.38,-35.12,-36.55,0,24
SIM_000809,Galwan,4300.0,WALL,FLOOR,13.291,2.141,8.332,0.954,2.429,0.197,27.344,48.61,7.83,30.47,3.49,8.88,0.72,100.0,Add 75mm exterior insulation (EPS/rockwool),Wall conduction accounts for highest percentage of heat loss.,-22.65,-20.54,-21.57,0,24
SIM_000810,Hanle,4500.0,ROOF,FLOOR,1.124,13.78,10.373,0.781,2.535,3.395,31.989,3.51,43.08,32.43,2.44,7.93,10.61,100.0,Add 100mm exterior roof insulation,Roof conduction loss dominates envelope heat transfer.,-26.64,-20.6,-23.4,0,24
SIM_000811,Nyoma,4180.0,ROOF,FLOOR,2.008,20.948,15.491,1.747,4.227,4.64,49.06,4.09,42.7,31.58,3.56,8.62,9.46,100.01,Add 100mm exterior roof insulation,Roof conduction loss dominates envelope heat transfer.,-31.02,-23.4,-26.61,0,24
SIM_000812,Chushul,4350.0,FLOOR,INFILTRATION,3.314,2.35,22.584,3.083,5.464,0.226,37.022,8.95,6.35,61.0,8.33,14.76,0.61,100.0,Install sub-base perimeter slab insulation,Ground conduction is primary heat drain.,-26.93,-17.54,-20.89,0,24
SIM_000813,Rezang La,5000.0,FLOOR,INFILTRATION,4.419,1.842,18.311,3.008,5.5,0.074,33.154,13.33,5.55,55.23,9.07,16.59,0.22,99.99,Install sub-base perimeter slab insulation,Ground conduction is primary heat drain.,-27.87,-22.2,-24.17,0,24
SIM_000814,Pangong,4250.0,FLOOR,INFILTRATION,2.753,2.37,26.554,2.375,11.608,0.145,45.804,6.01,5.17,57.97,5.18,25.34,0.32,99.99,Install sub-base perimeter slab insulation,Ground conduction is primary heat drain.,-12.77,-7.63,-9.44,0,24
SIM_000815,Depsang,5330.0,FLOOR,INFILTRATION,6.872,1.269,16.388,1.304,9.725,0.135,35.692,19.25,3.56,45.91,3.65,27.25,0.38,100.0,Install sub-base perimeter slab insulation,Ground conduction is primary heat drain.,-33.15,-26.87,-29.94,0,24
SIM_000816,Kargil,2676.0,FLOOR,INFILTRATION,2.753,1.975,7.085,1.879,4.309,0.129,18.13,15.19,10.89,39.08,10.36,23.77,0.71,100.0,Install sub-base perimeter slab insulation,Ground conduction is primary heat drain.,-26.89,-21.01,-23.09,0,24
SIM_000817,Leh,3500.0,ROOF,FLOOR,2.087,5.614,4.397,1.586,0.774,1.435,15.893,13.13,35.32,27.67,9.98,4.87,9.03,100.0,Add 100mm exterior roof insulation,Roof conduction loss dominates envelope heat transfer.,-15.27,-7.32,-10.03,0,24
SIM_000818,Dras,3280.0,FLOOR,INFILTRATION,1.306,4.545,6.792,0.883,5.624,2.851,22.002,5.94,20.66,30.87,4.01,25.56,12.96,100.0,Install sub-base perimeter slab insulation,Ground conduction is primary heat drain.,-29.81,-23.62,-26.26,0,24
SIM_000819,Siachen,5400.0,ROOF,FLOOR,2.083,16.981,10.812,0.388,4.329,2.851,37.444,5.56,45.35,28.87,1.04,11.56,7.61,99.99,Add 100mm exterior roof insulation,Roof conduction loss dominates envelope heat transfer.,-47.08,-38.01,-41.58,0,24
SIM_000820,Daulat Beg Oldie,5065.0,FLOOR,INFILTRATION,3.803,3.02,6.891,0.278,4.902,0.396,19.29,19.71,15.66,35.72,1.44,25.41,2.05,99.99,Install sub-base perimeter slab insulation,Ground conduction is primary heat drain.,-34.45,-31.76,-32.88,0,24
SIM_000821,Galwan,4300.0,FLOOR,INFILTRATION,2.111,0.948,8.594,0.148,3.428,0.069,15.297,13.8,6.2,56.18,0.97,22.41,0.45,100.01,Install sub-base perimeter slab insulation,Ground conduction is primary heat drain.,-22.62,-18.23,-20.35,0,24
SIM_000822,Hanle,4500.0,FLOOR,INFILTRATION,0.973,1.069,9.177,1.121,5.74,0.52,18.6,5.23,5.75,49.34,6.03,30.86,2.8,100.01,Install sub-base perimeter slab insulation,Ground conduction is primary heat drain.,-21.0,-14.0,-16.72,0,24
SIM_000823,Nyoma,4180.0,FLOOR,INFILTRATION,2.365,2.122,10.954,0.684,4.634,0.87,21.63,10.94,9.81,50.64,3.16,21.42,4.02,99.99,Install sub-base perimeter slab insulation,Ground conduction is primary heat drain.,-21.32,-12.2,-16.63,0,24
SIM_000824,Chushul,4350.0,FLOOR,INFILTRATION,6.299,1.523,23.337,3.335,10.929,0.144,45.567,13.82,3.34,51.21,7.32,23.98,0.32,99.99,Install sub-base perimeter slab insulation,Ground conduction is primary heat drain.,-39.35,-28.14,-32.32,0,24
SIM_000825,Rezang La,5000.0,WALL,FLOOR,13.64,1.663,13.272,1.083,0.777,0.047,30.482,44.75,5.46,43.54,3.55,2.55,0.15,100.0,Add 75mm exterior insulation (EPS/rockwool),Wall conduction accounts for highest percentage of heat loss.,-25.78,-23.76,-24.73,0,24
SIM_000826,Pangong,4250.0,WALL,FLOOR,6.33,0.919,5.63,1.254,0.836,0.034,15.003,42.19,6.13,37.53,8.36,5.57,0.23,100.01,Add 75mm exterior insulation (EPS/rockwool),Wall conduction accounts for highest percentage of heat loss.,-25.56,-20.92,-22.96,0,24
SIM_000827,Depsang,5330.0,FLOOR,INFILTRATION,1.438,0.856,8.538,0.141,5.454,0.045,16.472,8.73,5.19,51.84,0.85,33.11,0.28,100.0,Install sub-base perimeter slab insulation,Ground conduction is primary heat drain.,-45.81,-38.71,-42.19,0,24
SIM_000828,Kargil,2676.0,WALL,FLOOR,2.639,1.595,2.291,0.37,1.153,0.66,8.706,30.31,18.32,26.31,4.25,13.24,7.58,100.01,Add 75mm exterior insulation (EPS/rockwool),Wall conduction accounts for highest percentage of heat loss.,-14.31,-12.06,-13.04,0,24
SIM_000829,Leh,3500.0,FLOOR,INFILTRATION,5.541,1.037,20.108,1.536,8.466,0.098,36.787,15.06,2.82,54.66,4.18,23.01,0.27,100.0,Install sub-base perimeter slab insulation,Ground conduction is primary heat drain.,-11.61,-6.09,-8.36,0,24
SIM_000830,Dras,3280.0,FLOOR,INFILTRATION,1.636,0.39,4.497,0.585,3.886,0.088,11.083,14.76,3.52,40.58,5.28,35.06,0.8,100.0,Install sub-base perimeter slab insulation,Ground conduction is primary heat drain.,-21.88,-15.71,-18.53,0,24
SIM_000831,Siachen,5400.0,WALL,FLOOR,3.907,0.189,2.966,0.016,0.662,0.055,7.794,50.12,2.42,38.05,0.21,8.49,0.71,100.0,Add 75mm exterior insulation (EPS/rockwool),Wall conduction accounts for highest percentage of heat loss.,-33.73,-30.72,-32.19,0,24
SIM_000832,Daulat Beg Oldie,5065.0,FLOOR,INFILTRATION,1.667,1.964,6.487,1.734,2.259,0.327,14.438,11.55,13.6,44.93,12.01,15.65,2.27,100.01,Install sub-base perimeter slab insulation,Ground conduction is primary heat drain.,-47.3,-38.22,-41.31,0,24
SIM_000833,Galwan,4300.0,FLOOR,INFILTRATION,6.689,0.722,11.782,0.983,7.525,0.078,27.78,24.08,2.6,42.41,3.54,27.09,0.28,100.0,Install sub-base perimeter slab insulation,Ground conduction is primary heat drain.,-24.01,-16.67,-19.63,0,24
SIM_000834,Hanle,4500.0,FLOOR,INFILTRATION,1.466,1.459,12.719,0.148,7.872,0.085,23.75,6.17,6.14,53.55,0.62,33.15,0.36,99.99,Install sub-base perimeter slab insulation,Ground conduction is primary heat drain.,-25.13,-18.01,-21.36,0,24
SIM_000835,Nyoma,4180.0,FLOOR,INFILTRATION,1.575,1.825,6.651,0.706,4.48,0.236,15.473,10.18,11.8,42.98,4.56,28.95,1.53,100.0,Install sub-base perimeter slab insulation,Ground conduction is primary heat drain.,-32.31,-22.64,-27.09,0,24
SIM_000836,Chushul,4350.0,FLOOR,INFILTRATION,2.322,2.288,11.269,5.085,6.603,0.541,28.108,8.26,8.14,40.09,18.09,23.49,1.92,99.99,Install sub-base perimeter slab insulation,Ground conduction is primary heat drain.,-27.91,-18.43,-22.32,0,24
SIM_000837,Rezang La,5000.0,FLOOR,INFILTRATION,4.543,1.131,17.566,1.765,5.968,0.105,31.078,14.62,3.64,56.52,5.68,19.2,0.34,100.0,Install sub-base perimeter slab insulation,Ground conduction is primary heat drain.,-27.11,-22.44,-24.39,0,24
SIM_000838,Pangong,4250.0,FLOOR,INFILTRATION,1.482,0.433,4.166,0.108,1.884,0.214,8.288,17.89,5.22,50.27,1.3,22.74,2.58,100.0,Install sub-base perimeter slab insulation,Ground conduction is primary heat drain.,-20.99,-11.69,-16.07,0,24
SIM_000839,Depsang,5330.0,WALL,FLOOR,10.174,0.564,7.938,0.158,3.682,0.008,22.523,45.17,2.5,35.24,0.7,16.35,0.03,99.99,Add 75mm exterior insulation (EPS/rockwool),Wall conduction accounts for highest percentage of heat loss.,-32.96,-27.82,-30.35,0,24
SIM_000840,Kargil,2676.0,FLOOR,INFILTRATION,1.429,2.866,7.092,0.122,5.466,0.281,17.256,8.28,16.61,41.1,0.71,31.68,1.63,100.01,Install sub-base perimeter slab insulation,Ground conduction is primary heat drain.,-27.8,-21.38,-24.12,0,24
SIM_000841,Leh,3500.0,FLOOR,INFILTRATION,1.108,0.607,8.018,0.481,3.717,0.088,14.018,7.9,4.33,57.2,3.43,26.52,0.63,100.01,Install sub-base perimeter slab insulation,Ground conduction is primary heat drain.,-12.79,-5.58,-8.27,0,24
SIM_000842,Dras,3280.0,FLOOR,INFILTRATION,3.025,2.41,10.335,0.034,9.068,0.168,25.039,12.08,9.62,41.28,0.13,36.21,0.67,99.99,Install sub-base perimeter slab insulation,Ground conduction is primary heat drain.,-27.32,-20.32,-23.79,0,24
SIM_000843,Siachen,5400.0,FLOOR,WALL,1.859,1.285,11.973,1.466,0.661,0.093,17.338,10.72,7.41,69.06,8.46,3.82,0.54,100.01,Install sub-base perimeter slab insulation,Ground conduction is primary heat drain.,-41.49,-38.32,-39.63,0,24
SIM_000844,Daulat Beg Oldie,5065.0,ROOF,FLOOR,2.759,8.206,8.042,1.125,1.507,0.792,22.431,12.3,36.58,35.85,5.02,6.72,3.53,100.0,Add 100mm exterior roof insulation,Roof conduction loss dominates envelope heat transfer.,-37.36,-27.84,-31.34,0,24
SIM_000845,Galwan,4300.0,FLOOR,ROOF,0.825,7.167,9.341,0.26,3.291,0.036,20.92,3.94,34.26,44.65,1.24,15.73,0.17,99.99,Install sub-base perimeter slab insulation,Ground conduction is primary heat drain.,-30.18,-21.61,-25.24,0,24
SIM_000846,Hanle,4500.0,FLOOR,INFILTRATION,1.625,1.751,7.194,1.154,4.102,0.14,15.966,10.18,10.97,45.06,7.23,25.69,0.88,100.01,Install sub-base perimeter slab insulation,Ground conduction is primary heat drain.,-19.7,-11.54,-14.64,0,24
SIM_000847,Nyoma,4180.0,WALL,FLOOR,14.275,1.341,8.882,1.209,7.474,0.01,33.191,43.01,4.04,26.76,3.64,22.52,0.03,100.0,Add 75mm exterior insulation (EPS/rockwool),Wall conduction accounts for highest percentage of heat loss.,-18.09,-14.32,-16.24,0,24
SIM_000848,Chushul,4350.0,FLOOR,INFILTRATION,2.781,3.224,25.659,0.416,10.758,0.179,43.017,6.46,7.49,59.65,0.97,25.01,0.42,100.0,Install sub-base perimeter slab insulation,Ground conduction is primary heat drain.,-34.73,-27.31,-30.93,0,24
SIM_000849,Rezang La,5000.0,FLOOR,INFILTRATION,1.769,0.981,7.715,0.327,3.749,0.07,14.611,12.1,6.72,52.81,2.24,25.66,0.48,100.01,Install sub-base perimeter slab insulation,Ground conduction is primary heat drain.,-27.79,-22.94,-25.28,0,24
SIM_000850,Pangong,4250.0,ROOF,WALL,2.993,3.199,1.927,0.114,2.159,0.482,10.873,27.52,29.42,17.72,1.05,19.86,4.43,100.0,Add 100mm exterior roof insulation,Roof conduction loss dominates envelope heat transfer.,-26.32,-23.14,-24.62,0,24
SIM_000851,Depsang,5330.0,FLOOR,INFILTRATION,1.458,0.941,15.514,0.995,1.979,0.096,20.983,6.95,4.48,73.94,4.74,9.43,0.46,100.0,Install sub-base perimeter slab insulation,Ground conduction is primary heat drain.,-44.82,-38.33,-40.71,0,24
SIM_000852,Kargil,2676.0,ROOF,FLOOR,1.052,12.827,6.384,1.194,1.628,1.667,24.753,4.25,51.82,25.79,4.82,6.58,6.74,100.0,Add 100mm exterior roof insulation,Roof conduction loss dominates envelope heat transfer.,-15.98,-8.47,-10.9,0,24
SIM_000853,Leh,3500.0,FLOOR,ROOF,1.87,2.257,6.717,0.271,1.042,0.208,12.365,15.13,18.25,54.33,2.19,8.43,1.68,100.01,Install sub-base perimeter slab insulation,Ground conduction is primary heat drain.,-13.46,-9.73,-11.74,0,24
SIM_000854,Dras,3280.0,FLOOR,GLAZING,2.634,2.199,15.511,3.28,2.215,0.239,26.078,10.1,8.43,59.48,12.58,8.49,0.92,100.0,Install sub-base perimeter slab insulation,Ground conduction is primary heat drain.,-20.53,-12.42,-14.89,0,24
SIM_000855,Siachen,5400.0,WALL,FLOOR,10.592,1.731,9.47,0.315,3.151,0.1,25.359,41.77,6.82,37.34,1.24,12.43,0.39,99.99,Add 75mm exterior insulation (EPS/rockwool),Wall conduction accounts for highest percentage of heat loss.,-30.32,-28.22,-29.34,0,24
SIM_000856,Daulat Beg Oldie,5065.0,WALL,FLOOR,12.076,6.426,7.646,2.62,5.058,1.952,35.777,33.75,17.96,21.37,7.32,14.14,5.45,99.99,Add 75mm exterior insulation (EPS/rockwool),Wall conduction accounts for highest percentage of heat loss.,-46.9,-40.01,-43.05,0,24
SIM_000857,Galwan,4300.0,FLOOR,ROOF,1.31,1.498,8.248,0.517,1.165,0.144,12.882,10.17,11.63,64.03,4.01,9.04,1.12,100.0,Install sub-base perimeter slab insulation,Ground conduction is primary heat drain.,-22.65,-16.86,-18.69,0,24
SIM_000858,Hanle,4500.0,FLOOR,WALL,4.65,1.681,21.283,2.593,1.355,0.184,31.745,14.65,5.3,67.04,8.17,4.27,0.58,100.01,Install sub-base perimeter slab insulation,Ground conduction is primary heat drain.,-26.4,-16.0,-20.43,0,24
SIM_000859,Nyoma,4180.0,WALL,FLOOR,3.136,0.257,2.818,0.236,2.486,0.147,9.079,34.54,2.83,31.03,2.6,27.38,1.62,100.0,Add 75mm exterior insulation (EPS/rockwool),Wall conduction accounts for highest percentage of heat loss.,-33.27,-25.2,-28.92,0,24
SIM_000860,Chushul,4350.0,WALL,FLOOR,11.091,0.546,8.703,0.382,0.507,0.09,21.319,52.02,2.56,40.82,1.79,2.38,0.42,99.99,Add 75mm exterior insulation (EPS/rockwool),Wall conduction accounts for highest percentage of heat loss.,-21.53,-19.58,-20.7,0,24
SIM_000861,Rezang La,5000.0,ROOF,WALL,6.528,10.132,6.194,0.436,0.482,3.885,27.658,23.6,36.64,22.4,1.58,1.74,14.04,100.0,Add 100mm exterior roof insulation,Roof conduction loss dominates envelope heat transfer.,-31.84,-26.31,-28.81,0,24
SIM_000862,Pangong,4250.0,FLOOR,INFILTRATION,2.311,2.315,23.565,1.887,7.956,0.155,38.19,6.05,6.06,61.7,4.94,20.83,0.41,99.99,Install sub-base perimeter slab insulation,Ground conduction is primary heat drain.,-13.71,-7.53,-9.53,0,24
SIM_000863,Depsang,5330.0,FLOOR,ROOF,0.475,1.82,2.601,0.124,0.451,0.857,6.33,7.5,28.76,41.1,1.97,7.13,13.55,100.01,Install sub-base perimeter slab insulation,Ground conduction is primary heat drain.,-35.11,-29.56,-32.32,0,24
SIM_000864,Kargil,2676.0,FLOOR,INFILTRATION,1.675,3.033,13.649,0.415,7.537,0.313,26.621,6.29,11.39,51.27,1.56,28.31,1.17,99.99,Install sub-base perimeter slab insulation,Ground conduction is primary heat drain.,-23.16,-17.75,-20.1,0,24
SIM_000865,Leh,3500.0,WALL,FLOOR,7.17,0.685,5.006,1.154,4.59,0.06,18.665,38.41,3.67,26.82,6.18,24.59,0.32,99.99,Add 75mm exterior insulation (EPS/rockwool),Wall conduction accounts for highest percentage of heat loss.,-13.91,-8.1,-10.88,0,24
SIM_000866,Dras,3280.0,ROOF,FLOOR,0.995,9.499,9.115,0.774,2.681,0.664,23.73,4.19,40.03,38.41,3.26,11.3,2.8,99.99,Add 100mm exterior roof insulation,Roof conduction loss dominates envelope heat transfer.,-32.67,-22.09,-26.51,0,24
SIM_000867,Siachen,5400.0,FLOOR,INFILTRATION,2.963,2.559,15.732,0.984,9.692,0.136,32.065,9.24,7.98,49.06,3.07,30.23,0.42,100.0,Install sub-base perimeter slab insulation,Ground conduction is primary heat drain.,-41.53,-36.46,-38.53,0,24
SIM_000868,Daulat Beg Oldie,5065.0,ROOF,FLOOR,1.078,8.971,5.817,0.63,0.291,1.321,18.107,5.95,49.54,32.12,3.48,1.6,7.3,99.99,Add 100mm exterior roof insulation,Roof conduction loss dominates envelope heat transfer.,-37.92,-27.63,-31.72,0,24
SIM_000869,Galwan,4300.0,FLOOR,INFILTRATION,3.467,1.586,14.132,0.051,9.881,0.234,29.352,11.81,5.41,48.15,0.17,33.66,0.8,100.0,Install sub-base perimeter slab insulation,Ground conduction is primary heat drain.,-27.44,-19.19,-23.34,0,24
SIM_000870,Hanle,4500.0,FLOOR,WALL,11.564,0.837,12.07,5.389,7.284,0.074,37.218,31.07,2.25,32.43,14.48,19.57,0.2,100.0,Install sub-base perimeter slab insulation,Ground conduction is primary heat drain.,-18.35,-11.84,-14.29,0,24
SIM_000871,Nyoma,4180.0,FLOOR,INFILTRATION,0.552,1.358,5.192,0.558,2.402,0.013,10.075,5.48,13.47,51.53,5.54,23.85,0.13,100.0,Install sub-base perimeter slab insulation,Ground conduction is primary heat drain.,-22.69,-14.35,-17.85,0,24
SIM_000872,Chushul,4350.0,FLOOR,WALL,1.13,0.831,9.169,0.611,0.701,0.066,12.508,9.03,6.65,73.3,4.89,5.61,0.52,100.0,Install sub-base perimeter slab insulation,Ground conduction is primary heat drain.,-39.21,-29.25,-32.52,0,24
SIM_000873,Rezang La,5000.0,WALL,FLOOR,6.795,0.949,6.723,0.031,0.605,0.112,15.215,44.66,6.24,44.18,0.2,3.98,0.74,100.0,Add 75mm exterior insulation (EPS/rockwool),Wall conduction accounts for highest percentage of heat loss.,-27.35,-23.75,-25.52,0,24
SIM_000874,Pangong,4250.0,ROOF,FLOOR,1.497,16.916,15.301,2.109,3.532,2.414,41.769,3.58,40.5,36.63,5.05,8.46,5.78,100.0,Add 100mm exterior roof insulation,Roof conduction loss dominates envelope heat transfer.,-27.54,-17.55,-21.3,0,24
SIM_000875,Depsang,5330.0,FLOOR,INFILTRATION,2.0,1.547,9.311,1.598,7.803,0.512,22.772,8.78,6.8,40.89,7.02,34.26,2.25,100.0,Install sub-base perimeter slab insulation,Ground conduction is primary heat drain.,-46.67,-41.43,-43.27,0,24
SIM_000876,Kargil,2676.0,ROOF,FLOOR,1.847,18.271,15.879,0.494,0.396,1.768,38.655,4.78,47.27,41.08,1.28,1.02,4.57,100.0,Add 100mm exterior roof insulation,Roof conduction loss dominates envelope heat transfer.,-13.6,-6.88,-9.73,0,24
SIM_000877,Leh,3500.0,FLOOR,INFILTRATION,2.527,2.742,15.678,0.207,12.151,0.28,33.585,7.52,8.17,46.68,0.62,36.18,0.83,100.0,Install sub-base perimeter slab insulation,Ground conduction is primary heat drain.,-13.63,-7.13,-10.1,0,24
SIM_000878,Dras,3280.0,FLOOR,INFILTRATION,2.919,1.695,10.815,2.297,4.338,0.136,22.2,13.15,7.64,48.71,10.35,19.54,0.61,100.0,Install sub-base perimeter slab insulation,Ground conduction is primary heat drain.,-20.88,-14.12,-16.46,0,24
SIM_000879,Siachen,5400.0,FLOOR,INFILTRATION,0.782,2.256,7.065,1.195,4.09,0.496,15.883,4.92,14.2,44.48,7.52,25.75,3.12,99.99,Install sub-base perimeter slab insulation,Ground conduction is primary heat drain.,-32.69,-28.25,-30.16,0,24
SIM_000880,Daulat Beg Oldie,5065.0,FLOOR,INFILTRATION,3.738,1.302,9.731,0.71,5.609,0.141,21.23,17.61,6.13,45.83,3.34,26.42,0.66,99.99,Install sub-base perimeter slab insulation,Ground conduction is primary heat drain.,-46.14,-39.59,-41.92,0,24
SIM_000881,Galwan,4300.0,FLOOR,ROOF,3.003,14.977,16.265,1.699,3.123,1.827,40.893,7.34,36.62,39.77,4.16,7.64,4.47,100.0,Install sub-base perimeter slab insulation,Ground conduction is primary heat drain.,-22.77,-16.96,-19.53,0,24
SIM_000882,Hanle,4500.0,FLOOR,INFILTRATION,1.864,0.635,9.364,0.833,5.548,0.134,18.379,10.14,3.45,50.95,4.53,30.19,0.73,99.99,Install sub-base perimeter slab insulation,Ground conduction is primary heat drain.,-29.67,-20.16,-23.99,0,24
SIM_000883,Nyoma,4180.0,FLOOR,INFILTRATION,5.334,1.687,27.865,2.606,11.553,0.192,49.237,10.83,3.43,56.59,5.29,23.46,0.39,99.99,Install sub-base perimeter slab insulation,Ground conduction is primary heat drain.,-28.29,-21.98,-23.93,0,24
SIM_000884,Chushul,4350.0,ROOF,FLOOR,1.475,22.164,12.672,0.512,4.303,3.817,44.943,3.28,49.31,28.2,1.14,9.57,8.49,99.99,Add 100mm exterior roof insulation,Roof conduction loss dominates envelope heat transfer.,-30.54,-18.99,-23.6,0,24
SIM_000885,Rezang La,5000.0,FLOOR,INFILTRATION,1.465,1.648,9.012,0.045,4.888,0.179,17.236,8.5,9.56,52.28,0.26,28.36,1.04,100.0,Install sub-base perimeter slab insulation,Ground conduction is primary heat drain.,-27.44,-21.9,-24.46,0,24
SIM_000886,Pangong,4250.0,FLOOR,WALL,6.268,1.961,12.152,0.379,1.51,0.131,22.401,27.98,8.75,54.25,1.69,6.74,0.58,99.99,Install sub-base perimeter slab insulation,Ground conduction is primary heat drain.,-13.63,-10.8,-12.14,0,24
SIM_000887,Depsang,5330.0,FLOOR,INFILTRATION,3.389,1.641,22.423,1.503,12.728,0.165,41.849,8.1,3.92,53.58,3.59,30.41,0.4,100.0,Install sub-base perimeter slab insulation,Ground conduction is primary heat drain.,-34.52,-24.39,-29.12,0,24
SIM_000888,Kargil,2676.0,FLOOR,INFILTRATION,2.14,2.231,9.953,0.088,5.851,0.125,20.388,10.49,10.94,48.82,0.43,28.7,0.62,100.0,Install sub-base perimeter slab insulation,Ground conduction is primary heat drain.,-23.47,-19.54,-21.48,0,24
SIM_000889,Leh,3500.0,INFILTRATION,FLOOR,0.968,0.236,2.72,0.013,2.787,0.123,6.847,14.14,3.45,39.72,0.19,40.71,1.79,100.0,Perimeter weatherstripping and door draft seals,High air exchange rate is flushing interior thermal energy.,-15.34,-6.22,-10.73,0,24
SIM_000890,Dras,3280.0,FLOOR,WALL,5.936,0.802,7.933,0.045,1.213,0.016,15.944,37.23,5.03,49.75,0.28,7.61,0.1,100.0,Install sub-base perimeter slab insulation,Ground conduction is primary heat drain.,-27.3,-24.23,-25.75,0,24
SIM_000891,Siachen,5400.0,FLOOR,WALL,3.675,1.229,11.531,0.594,2.563,0.066,19.659,18.69,6.25,58.66,3.02,13.04,0.34,100.0,Install sub-base perimeter slab insulation,Ground conduction is primary heat drain.,-43.96,-37.68,-40.55,0,24
SIM_000892,Daulat Beg Oldie,5065.0,FLOOR,INFILTRATION,6.123,1.476,6.944,0.531,6.561,0.199,21.834,28.05,6.76,31.8,2.43,30.05,0.91,100.0,Install sub-base perimeter slab insulation,Ground conduction is primary heat drain.,-35.32,-30.79,-32.66,0,24
SIM_000893,Galwan,4300.0,WALL,INFILTRATION,5.135,0.504,3.68,0.191,4.172,0.141,13.824,37.15,3.65,26.62,1.38,30.18,1.02,100.0,Add 75mm exterior insulation (EPS/rockwool),Wall conduction accounts for highest percentage of heat loss.,-25.1,-22.76,-23.88,0,24
SIM_000894,Hanle,4500.0,FLOOR,INFILTRATION,4.953,1.888,15.605,1.744,12.019,0.247,36.457,13.59,5.18,42.8,4.79,32.97,0.68,100.01,Install sub-base perimeter slab insulation,Ground conduction is primary heat drain.,-18.02,-11.13,-13.98,0,24
SIM_000895,Nyoma,4180.0,WALL,FLOOR,13.911,0.458,7.675,0.211,6.773,0.191,29.219,47.61,1.57,26.27,0.72,23.18,0.65,100.0,Add 75mm exterior insulation (EPS/rockwool),Wall conduction accounts for highest percentage of heat loss.,-19.77,-12.76,-16.21,0,24
SIM_000896,Chushul,4350.0,FLOOR,INFILTRATION,1.648,3.949,12.369,0.987,4.283,0.337,23.573,6.99,16.75,52.47,4.19,18.17,1.43,100.0,Install sub-base perimeter slab insulation,Ground conduction is primary heat drain.,-36.63,-31.13,-32.93,0,24
SIM_000897,Rezang La,5000.0,FLOOR,INFILTRATION,1.19,1.443,7.807,0.624,2.175,0.054,13.294,8.96,10.85,58.73,4.7,16.36,0.41,100.01,Install sub-base perimeter slab insulation,Ground conduction is primary heat drain.,-28.65,-24.66,-25.98,0,24
SIM_000898,Pangong,4250.0,FLOOR,ROOF,2.265,3.151,13.372,0.969,0.808,0.274,20.839,10.87,15.12,64.17,4.65,3.88,1.32,100.01,Install sub-base perimeter slab insulation,Ground conduction is primary heat drain.,-23.17,-17.08,-19.37,0,24
SIM_000899,Depsang,5330.0,FLOOR,INFILTRATION,2.847,0.898,12.108,1.487,4.984,0.077,22.4,12.71,4.01,54.05,6.64,22.25,0.34,100.0,Install sub-base perimeter slab insulation,Ground conduction is primary heat drain.,-41.93,-36.51,-38.56,0,24
SIM_000900,Kargil,2676.0,ROOF,FLOOR,1.663,13.474,11.424,0.463,5.084,2.062,34.169,4.87,39.43,33.43,1.35,14.88,6.04,100.0,Add 100mm exterior roof insulation,Roof conduction loss dominates envelope heat transfer.,-17.94,-9.51,-12.7,0,24
SIM_000901,Leh,3500.0,FLOOR,INFILTRATION,1.352,0.842,8.555,0.624,5.687,0.16,17.219,7.85,4.89,49.68,3.62,33.03,0.93,100.0,Install sub-base perimeter slab insulation,Ground conduction is primary heat drain.,-15.36,-9.77,-12.36,0,24
SIM_000902,Dras,3280.0,FLOOR,ROOF,2.516,3.589,5.067,0.305,2.143,1.29,14.91,16.88,24.07,33.99,2.05,14.37,8.65,100.01,Install sub-base perimeter slab insulation,Ground conduction is primary heat drain.,-24.71,-16.26,-19.33,0,24
SIM_000903,Siachen,5400.0,FLOOR,WALL,2.894,2.095,23.252,1.629,1.673,0.086,31.629,9.15,6.62,73.52,5.15,5.29,0.27,100.0,Install sub-base perimeter slab insulation,Ground conduction is primary heat drain.,-25.56,-23.47,-24.22,0,24
SIM_000904,Daulat Beg Oldie,5065.0,FLOOR,ROOF,1.118,5.594,5.742,0.405,3.096,1.525,17.481,6.4,32.0,32.85,2.32,17.71,8.72,100.0,Install sub-base perimeter slab insulation,Ground conduction is primary heat drain.,-44.16,-39.73,-41.52,0,24
SIM_000905,Galwan,4300.0,FLOOR,WALL,2.711,0.582,10.498,0.77,0.742,0.06,15.364,17.65,3.79,68.33,5.01,4.83,0.39,100.0,Install sub-base perimeter slab insulation,Ground conduction is primary heat drain.,-25.81,-17.52,-20.82,0,24
SIM_000906,Hanle,4500.0,FLOOR,INFILTRATION,1.387,0.458,7.401,0.245,4.818,0.293,14.602,9.5,3.13,50.69,1.68,33.0,2.01,100.01,Install sub-base perimeter slab insulation,Ground conduction is primary heat drain.,-30.86,-20.39,-25.07,0,24
SIM_000907,Nyoma,4180.0,FLOOR,INFILTRATION,2.439,2.879,21.276,5.488,11.8,0.29,44.172,5.52,6.52,48.17,12.42,26.71,0.66,100.0,Install sub-base perimeter slab insulation,Ground conduction is primary heat drain.,-30.22,-20.6,-23.85,0,24
SIM_000908,Chushul,4350.0,WALL,FLOOR,13.626,1.866,7.919,0.808,2.21,0.436,26.865,50.72,6.95,29.48,3.01,8.22,1.62,100.0,Add 75mm exterior insulation (EPS/rockwool),Wall conduction accounts for highest percentage of heat loss.,-26.11,-20.75,-23.16,0,24
SIM_000909,Rezang La,5000.0,WALL,FLOOR,10.677,0.663,6.565,1.446,4.884,0.075,24.31,43.92,2.73,27.01,5.95,20.09,0.31,100.01,Add 75mm exterior insulation (EPS/rockwool),Wall conduction accounts for highest percentage of heat loss.,-27.95,-25.04,-26.14,0,24
SIM_000910,Pangong,4250.0,FLOOR,WALL,1.824,1.235,9.99,0.693,1.108,0.078,14.928,12.22,8.28,66.92,4.64,7.42,0.52,100.0,Install sub-base perimeter slab insulation,Ground conduction is primary heat drain.,-16.91,-9.98,-13.0,0,24
SIM_000911,Depsang,5330.0,FLOOR,WALL,1.554,1.18,10.591,0.944,1.072,0.064,15.404,10.09,7.66,68.75,6.13,6.96,0.41,100.0,Install sub-base perimeter slab insulation,Ground conduction is primary heat drain.,-34.43,-27.48,-30.58,0,24
SIM_000912,Kargil,2676.0,FLOOR,INFILTRATION,0.705,0.625,5.838,0.128,5.683,0.091,13.071,5.39,4.78,44.66,0.98,43.48,0.7,99.99,Install sub-base perimeter slab insulation,Ground conduction is primary heat drain.,-26.24,-21.45,-23.7,0,24
SIM_000913,Leh,3500.0,FLOOR,INFILTRATION,1.457,0.667,7.019,0.488,3.956,0.075,13.662,10.66,4.88,51.37,3.58,28.96,0.55,100.0,Install sub-base perimeter slab insulation,Ground conduction is primary heat drain.,-13.47,-7.58,-10.09,0,24
SIM_000914,Dras,3280.0,WALL,FLOOR,14.258,2.363,13.903,0.0,12.699,0.198,43.421,32.84,5.44,32.02,0.0,29.25,0.46,100.01,Add 75mm exterior insulation (EPS/rockwool),Wall conduction accounts for highest percentage of heat loss.,-27.28,-22.25,-24.83,0,24
SIM_000915,Siachen,5400.0,FLOOR,INFILTRATION,6.69,1.465,18.347,3.009,7.837,0.103,37.45,17.86,3.91,48.99,8.03,20.93,0.27,99.99,Install sub-base perimeter slab insulation,Ground conduction is primary heat drain.,-42.11,-35.85,-38.2,0,24
SIM_000916,Daulat Beg Oldie,5065.0,FLOOR,ROOF,1.003,2.663,2.785,0.196,1.327,0.681,8.655,11.59,30.77,32.18,2.26,15.34,7.87,100.01,Install sub-base perimeter slab insulation,Ground conduction is primary heat drain.,-36.55,-30.3,-32.87,0,24
SIM_000917,Galwan,4300.0,FLOOR,WALL,2.106,1.05,10.735,0.268,0.466,0.048,14.674,14.35,7.15,73.16,1.83,3.18,0.33,100.0,Install sub-base perimeter slab insulation,Ground conduction is primary heat drain.,-18.42,-15.61,-17.09,0,24
SIM_000918,Hanle,4500.0,WALL,FLOOR,12.223,0.942,11.493,0.283,4.767,0.089,29.796,41.02,3.16,38.57,0.95,16.0,0.3,100.0,Add 75mm exterior insulation (EPS/rockwool),Wall conduction accounts for highest percentage of heat loss.,-17.15,-11.46,-14.31,0,24
SIM_000919,Nyoma,4180.0,FLOOR,INFILTRATION,1.439,0.887,5.562,0.377,3.327,0.065,11.657,12.35,7.61,47.71,3.23,28.54,0.55,99.99,Install sub-base perimeter slab insulation,Ground conduction is primary heat drain.,-21.16,-11.44,-15.97,0,24
SIM_000920,Chushul,4350.0,FLOOR,GLAZING,1.665,1.773,9.648,2.658,0.415,0.122,16.281,10.23,10.89,59.26,16.33,2.55,0.75,100.01,Install sub-base perimeter slab insulation,Ground conduction is primary heat drain.,-37.36,-30.18,-33.51,0,24
SIM_000921,Rezang La,5000.0,ROOF,FLOOR,8.105,11.26,9.131,0.877,5.028,0.753,35.153,23.06,32.03,25.97,2.49,14.3,2.14,99.99,Add 100mm exterior roof insulation,Roof conduction loss dominates envelope heat transfer.,-28.82,-23.07,-24.99,0,24
SIM_000922,Pangong,4250.0,WALL,INFILTRATION,5.967,0.459,3.978,0.066,4.376,0.142,14.988,39.82,3.06,26.54,0.44,29.19,0.95,100.0,Add 75mm exterior insulation (EPS/rockwool),Wall conduction accounts for highest percentage of heat loss.,-23.97,-21.87,-22.95,0,24
SIM_000923,Depsang,5330.0,FLOOR,GLAZING,2.33,1.185,7.908,3.282,2.094,0.147,16.945,13.75,6.99,46.67,19.37,12.36,0.87,100.01,Install sub-base perimeter slab insulation,Ground conduction is primary heat drain.,-48.68,-39.44,-42.75,0,24
SIM_000924,Kargil,2676.0,ROOF,FLOOR,0.621,9.254,5.216,0.524,4.689,4.629,24.933,2.49,37.12,20.92,2.1,18.81,18.56,100.0,Add 100mm exterior roof insulation,Roof conduction loss dominates envelope heat transfer.,-17.99,-10.97,-13.96,0,24
SIM_000925,Leh,3500.0,FLOOR,INFILTRATION,2.207,1.535,7.729,0.376,3.439,0.092,15.377,14.35,9.98,50.26,2.45,22.36,0.6,100.0,Install sub-base perimeter slab insulation,Ground conduction is primary heat drain.,-14.35,-6.33,-9.65,0,24
SIM_000926,Dras,3280.0,FLOOR,INFILTRATION,5.827,1.224,11.759,1.028,8.093,0.221,28.153,20.7,4.35,41.77,3.65,28.75,0.79,100.01,Install sub-base perimeter slab insulation,Ground conduction is primary heat drain.,-19.37,-12.6,-15.31,0,24
SIM_000927,Siachen,5400.0,WALL,ROOF,11.242,10.96,6.686,0.587,3.813,0.0,33.287,33.77,32.93,20.08,1.76,11.45,0.0,99.99,Add 75mm exterior insulation (EPS/rockwool),Wall conduction accounts for highest percentage of heat loss.,-34.56,-29.48,-31.83,0,24
SIM_000928,Daulat Beg Oldie,5065.0,FLOOR,WALL,1.879,0.723,5.714,0.458,1.515,0.044,10.333,18.18,7.0,55.3,4.43,14.66,0.43,100.0,Install sub-base perimeter slab insulation,Ground conduction is primary heat drain.,-45.42,-39.92,-42.47,0,24
SIM_000929,Galwan,4300.0,FLOOR,INFILTRATION,2.667,0.933,11.043,0.421,3.212,0.104,18.379,14.51,5.07,60.09,2.29,17.47,0.57,100.0,Install sub-base perimeter slab insulation,Ground conduction is primary heat drain.,-21.66,-17.48,-19.58,0,24
SIM_000930,Hanle,4500.0,WALL,FLOOR,8.795,0.544,6.962,0.853,5.943,0.096,23.193,37.92,2.34,30.02,3.68,25.63,0.41,100.0,Add 75mm exterior insulation (EPS/rockwool),Wall conduction accounts for highest percentage of heat loss.,-27.66,-20.48,-23.86,0,24
SIM_000931,Nyoma,4180.0,FLOOR,INFILTRATION,1.65,3.404,15.421,0.601,9.911,0.448,31.434,5.25,10.83,49.06,1.91,31.53,1.42,100.0,Install sub-base perimeter slab insulation,Ground conduction is primary heat drain.,-31.8,-22.86,-26.8,0,24
SIM_000932,Chushul,4350.0,FLOOR,GLAZING,1.881,2.491,9.67,3.193,2.364,0.164,19.763,9.52,12.6,48.93,16.16,11.96,0.83,100.0,Install sub-base perimeter slab insulation,Ground conduction is primary heat drain.,-27.71,-19.31,-22.41,0,24
SIM_000933,Rezang La,5000.0,ROOF,FLOOR,1.308,13.149,12.384,2.834,2.593,1.813,34.08,3.84,38.58,36.34,8.31,7.61,5.32,100.0,Add 100mm exterior roof insulation,Roof conduction loss dominates envelope heat transfer.,-33.19,-24.78,-27.69,0,24
SIM_000934,Pangong,4250.0,FLOOR,INFILTRATION,1.292,3.011,9.608,0.152,4.316,0.204,18.584,6.95,16.2,51.7,0.82,23.22,1.1,99.99,Install sub-base perimeter slab insulation,Ground conduction is primary heat drain.,-16.25,-11.47,-13.89,0,24
SIM_000935,Depsang,5330.0,ROOF,FLOOR,2.694,15.411,12.338,2.309,2.591,2.765,38.109,7.07,40.44,32.38,6.06,6.8,7.26,100.01,Add 100mm exterior roof insulation,Roof conduction loss dominates envelope heat transfer.,-33.59,-27.26,-30.11,0,24
SIM_000936,Kargil,2676.0,FLOOR,WALL,2.212,1.847,20.711,1.049,0.583,0.09,26.493,8.35,6.97,78.18,3.96,2.2,0.34,100.0,Install sub-base perimeter slab insulation,Ground conduction is primary heat drain.,-20.04,-16.66,-17.8,0,24
SIM_000937,Leh,3500.0,FLOOR,INFILTRATION,5.97,2.714,15.91,1.323,9.629,0.197,35.742,16.7,7.59,44.51,3.7,26.94,0.55,99.99,Install sub-base perimeter slab insulation,Ground conduction is primary heat drain.,-11.97,-4.85,-7.72,0,24
SIM_000938,Dras,3280.0,ROOF,FLOOR,2.258,6.466,5.282,0.118,2.822,2.613,19.559,11.54,33.06,27.01,0.6,14.43,13.36,100.0,Add 100mm exterior roof insulation,Roof conduction loss dominates envelope heat transfer.,-30.87,-22.96,-26.54,0,24
SIM_000939,Siachen,5400.0,FLOOR,INFILTRATION,1.311,1.049,9.734,2.031,6.018,0.121,20.264,6.47,5.17,48.04,10.02,29.7,0.6,100.0,Install sub-base perimeter slab insulation,Ground conduction is primary heat drain.,-46.83,-38.35,-41.57,0,24
SIM_000940,Daulat Beg Oldie,5065.0,FLOOR,INFILTRATION,2.004,0.895,9.948,1.658,6.985,0.079,21.569,9.29,4.15,46.12,7.68,32.39,0.36,99.99,Install sub-base perimeter slab insulation,Ground conduction is primary heat drain.,-33.85,-27.52,-30.18,0,24
SIM_000941,Galwan,4300.0,FLOOR,INFILTRATION,2.671,0.546,4.124,0.991,2.955,0.089,11.375,23.48,4.8,36.26,8.71,25.98,0.78,100.01,Install sub-base perimeter slab insulation,Ground conduction is primary heat drain.,-28.85,-21.77,-24.32,0,24
SIM_000942,Hanle,4500.0,FLOOR,WALL,14.607,1.892,15.865,1.655,8.676,0.139,42.834,34.1,4.42,37.04,3.86,20.25,0.33,100.0,Install sub-base perimeter slab insulation,Ground conduction is primary heat drain.,-17.0,-10.08,-13.05,0,24
SIM_000943,Nyoma,4180.0,FLOOR,ROOF,1.165,9.999,11.483,1.765,2.271,4.314,30.997,3.76,32.26,37.05,5.69,7.33,13.92,100.01,Install sub-base perimeter slab insulation,Ground conduction is primary heat drain.,-20.22,-13.29,-16.72,0,24
SIM_000944,Chushul,4350.0,FLOOR,INFILTRATION,1.332,0.796,2.926,0.196,2.786,0.111,8.148,16.35,9.77,35.92,2.41,34.2,1.36,100.01,Install sub-base perimeter slab insulation,Ground conduction is primary heat drain.,-38.27,-34.19,-35.7,0,24
SIM_000945,Rezang La,5000.0,FLOOR,WALL,11.295,1.567,13.557,0.818,4.401,0.168,31.807,35.51,4.93,42.62,2.57,13.84,0.53,100.0,Install sub-base perimeter slab insulation,Ground conduction is primary heat drain.,-24.36,-21.35,-22.68,0,24
SIM_000946,Pangong,4250.0,FLOOR,INFILTRATION,1.34,1.823,10.893,1.151,6.909,0.279,22.396,5.98,8.14,48.64,5.14,30.85,1.25,100.0,Install sub-base perimeter slab insulation,Ground conduction is primary heat drain.,-27.75,-18.33,-22.31,0,24
SIM_000947,Depsang,5330.0,FLOOR,INFILTRATION,2.369,2.528,14.823,0.717,4.091,0.306,24.833,9.54,10.18,59.69,2.89,16.47,1.23,100.0,Install sub-base perimeter slab insulation,Ground conduction is primary heat drain.,-46.18,-37.25,-40.74,0,24
SIM_000948,Kargil,2676.0,FLOOR,INFILTRATION,0.665,0.439,3.945,0.42,2.683,0.055,8.206,8.11,5.35,48.07,5.11,32.69,0.67,100.0,Install sub-base perimeter slab insulation,Ground conduction is primary heat drain.,-16.42,-9.77,-12.11,0,24
SIM_000949,Leh,3500.0,FLOOR,WALL,2.192,0.798,9.869,1.784,0.516,0.131,15.291,14.34,5.22,64.54,11.67,3.38,0.86,100.01,Install sub-base perimeter slab insulation,Ground conduction is primary heat drain.,-13.29,-7.83,-9.71,0,24
SIM_000950,Dras,3280.0,FLOOR,INFILTRATION,0.602,0.349,7.814,0.319,6.221,0.326,15.63,3.85,2.23,49.99,2.04,39.8,2.08,99.99,Install sub-base perimeter slab insulation,Ground conduction is primary heat drain.,-23.75,-15.29,-19.18,0,24
SIM_000951,Siachen,5400.0,FLOOR,INFILTRATION,2.553,1.807,6.987,0.507,4.348,0.047,16.249,15.71,11.12,43.0,3.12,26.76,0.29,100.0,Install sub-base perimeter slab insulation,Ground conduction is primary heat drain.,-33.88,-27.28,-30.51,0,24
SIM_000952,Daulat Beg Oldie,5065.0,WALL,FLOOR,3.704,0.423,3.161,0.831,2.193,0.069,10.381,35.68,4.08,30.45,8.01,21.13,0.66,100.01,Add 75mm exterior insulation (EPS/rockwool),Wall conduction accounts for highest percentage of heat loss.,-45.97,-42.14,-43.74,0,24
SIM_000953,Galwan,4300.0,FLOOR,WALL,3.892,1.407,15.916,1.231,3.465,0.099,26.01,14.96,5.41,61.19,4.73,13.32,0.38,99.99,Install sub-base perimeter slab insulation,Ground conduction is primary heat drain.,-19.81,-14.99,-16.8,0,24
SIM_000954,Hanle,4500.0,FLOOR,INFILTRATION,3.415,0.758,11.294,0.999,4.834,0.162,21.463,15.91,3.53,52.62,4.65,22.52,0.76,99.99,Install sub-base perimeter slab insulation,Ground conduction is primary heat drain.,-32.6,-18.6,-24.35,0,24
SIM_000955,Nyoma,4180.0,ROOF,INFILTRATION,1.026,8.695,5.529,1.173,5.538,5.084,27.046,3.8,32.15,20.44,4.34,20.48,18.8,100.01,Add 100mm exterior roof insulation,Roof conduction loss dominates envelope heat transfer.,-33.5,-25.71,-29.32,0,24
SIM_000956,Chushul,4350.0,FLOOR,WALL,4.591,1.065,11.05,0.543,2.19,0.119,19.559,23.47,5.45,56.5,2.78,11.2,0.61,100.01,Install sub-base perimeter slab insulation,Ground conduction is primary heat drain.,-23.93,-20.94,-22.23,0,24
SIM_000957,Rezang La,5000.0,ROOF,WALL,5.936,9.583,4.318,0.189,2.435,0.565,23.025,25.78,41.62,18.75,0.82,10.58,2.45,100.0,Add 100mm exterior roof insulation,Roof conduction loss dominates envelope heat transfer.,-31.89,-26.02,-28.5,0,24
SIM_000958,Pangong,4250.0,ROOF,FLOOR,2.489,16.217,9.777,1.24,3.802,1.957,35.482,7.01,45.7,27.55,3.49,10.72,5.52,99.99,Add 100mm exterior roof insulation,Roof conduction loss dominates envelope heat transfer.,-22.09,-9.62,-14.49,0,24
SIM_000959,Depsang,5330.0,FLOOR,INFILTRATION,1.428,1.265,18.663,0.872,4.021,0.135,26.384,5.41,4.79,70.74,3.31,15.24,0.51,100.0,Install sub-base perimeter slab insulation,Ground conduction is primary heat drain.,-35.14,-24.36,-29.4,0,24
SIM_000960,Kargil,2676.0,FLOOR,ROOF,2.219,4.05,13.442,0.089,3.003,0.278,23.081,9.61,17.55,58.24,0.38,13.01,1.2,99.99,Install sub-base perimeter slab insulation,Ground conduction is primary heat drain.,-24.19,-20.1,-22.17,0,24
SIM_000961,Leh,3500.0,ROOF,FLOOR,2.25,12.299,8.633,0.572,3.512,1.115,28.382,7.93,43.34,30.42,2.02,12.37,3.93,100.01,Add 100mm exterior roof insulation,Roof conduction loss dominates envelope heat transfer.,-16.38,-8.09,-11.4,0,24
SIM_000962,Dras,3280.0,FLOOR,INFILTRATION,0.767,0.512,4.236,0.014,4.128,0.004,9.661,7.94,5.3,43.85,0.14,42.73,0.04,100.0,Install sub-base perimeter slab insulation,Ground conduction is primary heat drain.,-32.56,-22.61,-27.59,0,24
SIM_000963,Siachen,5400.0,FLOOR,INFILTRATION,4.127,0.88,13.888,2.732,8.866,0.116,30.608,13.48,2.88,45.37,8.93,28.96,0.38,100.0,Install sub-base perimeter slab insulation,Ground conduction is primary heat drain.,-45.63,-36.57,-40.24,0,24
SIM_000964,Daulat Beg Oldie,5065.0,FLOOR,INFILTRATION,3.017,0.528,9.546,0.435,4.216,0.058,17.8,16.95,2.97,53.63,2.44,23.69,0.32,100.0,Install sub-base perimeter slab insulation,Ground conduction is primary heat drain.,-31.86,-25.86,-28.79,0,24
SIM_000965,Galwan,4300.0,FLOOR,ROOF,1.038,1.216,3.431,0.293,0.975,0.237,7.191,14.44,16.91,47.71,4.08,13.56,3.3,100.0,Install sub-base perimeter slab insulation,Ground conduction is primary heat drain.,-27.9,-23.11,-25.29,0,24
SIM_000966,Hanle,4500.0,FLOOR,INFILTRATION,1.364,1.18,6.278,0.941,2.895,0.324,12.981,10.5,9.09,48.36,7.25,22.3,2.5,100.0,Install sub-base perimeter slab insulation,Ground conduction is primary heat drain.,-18.33,-14.07,-15.42,0,24
SIM_000967,Nyoma,4180.0,FLOOR,INFILTRATION,4.136,2.394,20.006,0.114,4.748,0.139,31.537,13.12,7.59,63.44,0.36,15.06,0.44,100.01,Install sub-base perimeter slab insulation,Ground conduction is primary heat drain.,-13.98,-9.23,-11.63,0,24
SIM_000968,Chushul,4350.0,WALL,FLOOR,9.598,2.442,6.16,0.981,3.425,0.121,22.727,42.23,10.74,27.1,4.32,15.07,0.53,99.99,Add 75mm exterior insulation (EPS/rockwool),Wall conduction accounts for highest percentage of heat loss.,-39.21,-32.93,-35.78,0,24
SIM_000969,Rezang La,5000.0,WALL,FLOOR,5.261,1.165,4.282,0.024,3.277,0.207,14.215,37.01,8.2,30.12,0.17,23.05,1.45,100.0,Add 75mm exterior insulation (EPS/rockwool),Wall conduction accounts for highest percentage of heat loss.,-29.54,-25.22,-27.4,0,24
SIM_000970,Pangong,4250.0,FLOOR,INFILTRATION,4.434,3.899,18.781,1.222,11.972,0.195,40.503,10.95,9.63,46.37,3.02,29.56,0.48,100.01,Install sub-base perimeter slab insulation,Ground conduction is primary heat drain.,-26.2,-16.35,-20.2,0,24
SIM_000971,Depsang,5330.0,FLOOR,GLAZING,1.618,0.502,10.866,4.448,2.868,0.046,20.347,7.95,2.47,53.4,21.86,14.09,0.22,99.99,Install sub-base perimeter slab insulation,Ground conduction is primary heat drain.,-46.1,-37.18,-40.35,0,24
SIM_000972,Kargil,2676.0,FLOOR,WALL,9.353,1.734,14.656,0.636,0.316,0.112,26.808,34.89,6.47,54.67,2.37,1.18,0.42,100.0,Install sub-base perimeter slab insulation,Ground conduction is primary heat drain.,-11.16,-6.56,-8.67,0,24
SIM_000973,Leh,3500.0,FLOOR,WALL,2.556,1.196,4.87,0.462,1.429,0.138,10.651,24.0,11.22,45.73,4.34,13.41,1.3,100.0,Install sub-base perimeter slab insulation,Ground conduction is primary heat drain.,-15.66,-10.42,-12.88,0,24
SIM_000974,Dras,3280.0,WALL,FLOOR,6.515,0.501,2.944,1.112,0.915,0.065,12.053,54.06,4.16,24.43,9.23,7.59,0.54,100.01,Add 75mm exterior insulation (EPS/rockwool),Wall conduction accounts for highest percentage of heat loss.,-22.0,-15.4,-17.99,0,24
SIM_000975,Siachen,5400.0,WALL,FLOOR,8.261,0.4,3.283,0.13,0.978,0.011,13.062,63.25,3.06,25.13,0.99,7.49,0.08,100.0,Add 75mm exterior insulation (EPS/rockwool),Wall conduction accounts for highest percentage of heat loss.,-33.99,-27.75,-30.71,0,24
SIM_000976,Daulat Beg Oldie,5065.0,WALL,FLOOR,4.466,0.332,3.831,1.354,2.198,0.02,12.2,36.6,2.72,31.4,11.1,18.02,0.16,100.0,Add 75mm exterior insulation (EPS/rockwool),Wall conduction accounts for highest percentage of heat loss.,-43.78,-41.44,-42.35,0,24
SIM_000977,Galwan,4300.0,FLOOR,ROOF,2.992,3.17,21.387,2.559,0.924,0.185,31.216,9.58,10.16,68.51,8.2,2.96,0.59,100.0,Install sub-base perimeter slab insulation,Ground conduction is primary heat drain.,-20.55,-13.91,-16.69,0,24
SIM_000978,Hanle,4500.0,ROOF,FLOOR,1.908,15.047,9.905,0.049,1.795,0.849,29.552,6.46,50.92,33.52,0.17,6.07,2.87,100.01,Add 100mm exterior roof insulation,Roof conduction loss dominates envelope heat transfer.,-32.36,-19.27,-25.17,0,24
SIM_000979,Nyoma,4180.0,ROOF,FLOOR,1.139,12.604,9.602,0.475,4.133,1.989,29.941,3.8,42.1,32.07,1.59,13.8,6.64,100.0,Add 100mm exterior roof insulation,Roof conduction loss dominates envelope heat transfer.,-33.03,-21.85,-26.38,0,24
SIM_000980,Chushul,4350.0,WALL,FLOOR,12.318,2.605,11.597,1.041,3.67,0.149,31.381,39.25,8.3,36.95,3.32,11.7,0.47,99.99,Add 75mm exterior insulation (EPS/rockwool),Wall conduction accounts for highest percentage of heat loss.,-25.75,-19.92,-22.15,0,24
SIM_000981,Rezang La,5000.0,ROOF,FLOOR,1.86,11.381,6.382,0.018,1.375,1.452,22.468,8.28,50.66,28.4,0.08,6.12,6.46,100.0,Add 100mm exterior roof insulation,Roof conduction loss dominates envelope heat transfer.,-31.22,-24.02,-27.04,0,24
SIM_000982,Pangong,4250.0,FLOOR,INFILTRATION,6.206,3.854,21.929,3.171,14.014,0.172,49.345,12.58,7.81,44.44,6.43,28.4,0.35,100.01,Install sub-base perimeter slab insulation,Ground conduction is primary heat drain.,-14.95,-9.76,-11.61,0,24
SIM_000983,Depsang,5330.0,FLOOR,WALL,2.951,1.09,15.218,1.952,1.968,0.072,23.251,12.69,4.69,65.45,8.4,8.46,0.31,100.0,Install sub-base perimeter slab insulation,Ground conduction is primary heat drain.,-29.12,-24.04,-26.39,0,24
SIM_000984,Kargil,2676.0,FLOOR,WALL,6.824,2.531,24.067,1.074,2.898,0.094,37.488,18.2,6.75,64.2,2.86,7.73,0.25,99.99,Install sub-base perimeter slab insulation,Ground conduction is primary heat drain.,-20.36,-18.06,-19.11,0,24
SIM_000985,Leh,3500.0,FLOOR,INFILTRATION,2.358,1.721,20.173,1.926,10.37,0.133,36.681,6.43,4.69,55.0,5.25,28.27,0.36,100.0,Install sub-base perimeter slab insulation,Ground conduction is primary heat drain.,-13.42,-2.25,-7.0,0,24
SIM_000986,Dras,3280.0,FLOOR,INFILTRATION,3.402,0.83,8.533,1.279,6.46,0.082,20.586,16.53,4.03,41.45,6.21,31.38,0.4,100.0,Install sub-base perimeter slab insulation,Ground conduction is primary heat drain.,-26.79,-20.97,-23.22,0,24
SIM_000987,Siachen,5400.0,WALL,FLOOR,9.306,0.785,7.004,0.642,2.151,0.145,20.033,46.45,3.92,34.96,3.21,10.74,0.72,100.0,Add 75mm exterior insulation (EPS/rockwool),Wall conduction accounts for highest percentage of heat loss.,-42.12,-40.37,-41.3,0,24
SIM_000988,Daulat Beg Oldie,5065.0,WALL,FLOOR,17.746,1.565,7.525,1.787,2.911,0.141,31.675,56.03,4.94,23.76,5.64,9.19,0.45,100.01,Add 75mm exterior insulation (EPS/rockwool),Wall conduction accounts for highest percentage of heat loss.,-32.66,-28.71,-30.13,0,24
SIM_000989,Galwan,4300.0,WALL,FLOOR,11.849,1.254,6.025,1.071,2.049,0.103,22.352,53.01,5.61,26.96,4.79,9.17,0.46,100.0,Add 75mm exterior insulation (EPS/rockwool),Wall conduction accounts for highest percentage of heat loss.,-26.06,-20.76,-23.24,0,24
SIM_000990,Hanle,4500.0,ROOF,WALL,6.018,11.33,5.981,1.318,0.879,1.562,27.088,22.22,41.83,22.08,4.87,3.25,5.76,100.01,Add 100mm exterior roof insulation,Roof conduction loss dominates envelope heat transfer.,-18.53,-14.63,-16.25,0,24
SIM_000991,Nyoma,4180.0,FLOOR,INFILTRATION,1.165,2.22,10.361,1.702,2.677,0.072,18.197,6.4,12.2,56.94,9.35,14.71,0.4,100.0,Install sub-base perimeter slab insulation,Ground conduction is primary heat drain.,-18.28,-11.3,-14.12,0,24
SIM_000992,Chushul,4350.0,FLOOR,INFILTRATION,1.671,0.279,4.923,0.158,3.969,0.18,11.18,14.94,2.49,44.04,1.41,35.5,1.61,99.99,Install sub-base perimeter slab insulation,Ground conduction is primary heat drain.,-40.1,-33.49,-36.1,0,24
SIM_000993,Rezang La,5000.0,FLOOR,INFILTRATION,0.854,1.012,4.988,0.008,3.706,0.091,10.659,8.01,9.49,46.79,0.08,34.77,0.86,100.0,Install sub-base perimeter slab insulation,Ground conduction is primary heat drain.,-27.74,-23.12,-25.46,0,24
SIM_000994,Pangong,4250.0,ROOF,FLOOR,3.554,10.068,6.956,0.153,4.988,1.073,26.791,13.27,37.58,25.96,0.57,18.62,4.0,100.0,Add 100mm exterior roof insulation,Roof conduction loss dominates envelope heat transfer.,-27.26,-19.29,-22.64,0,24
SIM_000995,Depsang,5330.0,FLOOR,INFILTRATION,2.168,0.718,7.544,1.084,2.251,0.079,13.843,15.66,5.19,54.49,7.83,16.26,0.57,100.0,Install sub-base perimeter slab insulation,Ground conduction is primary heat drain.,-42.93,-37.33,-39.8,0,24
SIM_000996,Kargil,2676.0,FLOOR,WALL,2.013,1.783,8.191,0.156,1.144,0.145,13.431,14.99,13.28,60.98,1.16,8.52,1.08,100.01,Install sub-base perimeter slab insulation,Ground conduction is primary heat drain.,-12.69,-10.23,-11.57,0,24
SIM_000997,Leh,3500.0,FLOOR,GLAZING,1.143,1.495,8.314,1.657,1.649,0.18,14.437,7.91,10.35,57.59,11.48,11.42,1.25,100.0,Install sub-base perimeter slab insulation,Ground conduction is primary heat drain.,-16.8,-7.3,-11.19,0,24
SIM_000998,Dras,3280.0,FLOOR,INFILTRATION,2.565,0.552,7.396,0.293,5.436,0.069,16.312,15.73,3.39,45.34,1.8,33.33,0.42,100.01,Install sub-base perimeter slab insulation,Ground conduction is primary heat drain.,-18.56,-13.19,-15.69,0,24
SIM_000999,Siachen,5400.0,ROOF,FLOOR,0.757,7.274,5.676,0.152,0.294,0.181,14.333,5.28,50.75,39.6,1.06,2.05,1.26,100.0,Add 100mm exterior roof insulation,Roof conduction loss dominates envelope heat transfer.,-35.89,-28.22,-31.63,0,24
SIM_001000,Daulat Beg Oldie,5065.0,FLOOR,WALL,8.404,2.275,10.58,1.209,2.742,0.085,25.295,33.23,8.99,41.83,4.78,10.84,0.34,100.01,Install sub-base perimeter slab insulation,Ground conduction is primary heat drain.,-43.31,-38.67,-40.19,0,24
SIM_001001,Galwan,4300.0,FLOOR,INFILTRATION,0.855,1.016,3.395,0.43,1.029,0.112,6.836,12.51,14.86,49.66,6.29,15.05,1.63,100.0,Install sub-base perimeter slab insulation,Ground conduction is primary heat drain.,-26.24,-19.73,-21.93,0,24
SIM_001002,Hanle,4500.0,FLOOR,INFILTRATION,1.894,0.951,9.042,0.163,3.593,0.034,15.676,12.08,6.06,57.68,1.04,22.92,0.22,100.0,Install sub-base perimeter slab insulation,Ground conduction is primary heat drain.,-26.11,-20.81,-23.37,0,24
SIM_001003,Nyoma,4180.0,FLOOR,INFILTRATION,2.872,1.543,24.584,2.332,7.42,0.129,38.879,7.39,3.97,63.23,6.0,19.08,0.33,100.0,Install sub-base perimeter slab insulation,Ground conduction is primary heat drain.,-26.51,-20.63,-22.69,0,24
SIM_001004,Chushul,4350.0,FLOOR,ROOF,1.437,1.711,8.358,0.27,0.166,0.174,12.115,11.86,14.12,68.99,2.23,1.37,1.44,100.01,Install sub-base perimeter slab insulation,Ground conduction is primary heat drain.,-25.93,-18.13,-21.44,0,24
SIM_001005,Rezang La,5000.0,FLOOR,ROOF,1.213,6.386,7.818,0.094,1.445,0.18,17.136,7.08,37.27,45.62,0.55,8.43,1.05,100.0,Install sub-base perimeter slab insulation,Ground conduction is primary heat drain.,-32.98,-25.3,-28.31,0,24
SIM_001006,Pangong,4250.0,FLOOR,WALL,7.389,0.677,7.908,0.296,0.705,0.048,17.023,43.41,3.98,46.45,1.74,4.14,0.28,100.0,Install sub-base perimeter slab insulation,Ground conduction is primary heat drain.,-15.8,-12.62,-14.28,0,24
SIM_001007,Depsang,5330.0,FLOOR,INFILTRATION,2.133,0.66,3.695,0.113,3.077,0.004,9.682,22.03,6.82,38.16,1.16,31.78,0.04,99.99,Install sub-base perimeter slab insulation,Ground conduction is primary heat drain.,-36.58,-29.83,-33.21,0,24
SIM_001008,Kargil,2676.0,FLOOR,INFILTRATION,2.259,1.459,9.504,1.361,2.459,0.098,17.14,13.18,8.51,55.45,7.94,14.34,0.57,99.99,Install sub-base perimeter slab insulation,Ground conduction is primary heat drain.,-26.5,-21.56,-23.3,0,24
SIM_001009,Leh,3500.0,FLOOR,INFILTRATION,2.184,1.87,9.226,1.557,3.598,0.534,18.968,11.51,9.86,48.64,8.21,18.97,2.82,100.01,Install sub-base perimeter slab insulation,Ground conduction is primary heat drain.,-12.98,-8.37,-10.16,0,24
SIM_001010,Dras,3280.0,FLOOR,INFILTRATION,4.192,2.635,31.294,3.24,6.269,0.174,47.804,8.77,5.51,65.46,6.78,13.11,0.36,99.99,Install sub-base perimeter slab insulation,Ground conduction is primary heat drain.,-26.04,-18.35,-21.98,0,24
SIM_001011,Siachen,5400.0,FLOOR,WALL,2.623,0.611,6.848,0.659,2.513,0.138,13.391,19.58,4.56,51.14,4.92,18.76,1.03,99.99,Install sub-base perimeter slab insulation,Ground conduction is primary heat drain.,-47.31,-38.59,-41.69,0,24
SIM_001012,Daulat Beg Oldie,5065.0,FLOOR,ROOF,1.284,7.998,8.252,0.72,5.778,2.33,26.362,4.87,30.34,31.3,2.73,21.92,8.84,100.0,Install sub-base perimeter slab insulation,Ground conduction is primary heat drain.,-34.16,-27.6,-30.59,0,24
SIM_001013,Galwan,4300.0,FLOOR,INFILTRATION,3.925,1.597,4.912,0.101,4.842,0.018,15.395,25.49,10.38,31.91,0.65,31.45,0.12,100.0,Install sub-base perimeter slab insulation,Ground conduction is primary heat drain.,-27.02,-22.18,-24.44,0,24
SIM_001014,Hanle,4500.0,WALL,FLOOR,18.481,4.525,12.457,0.882,6.961,0.256,43.561,42.43,10.39,28.6,2.02,15.98,0.59,100.01,Add 75mm exterior insulation (EPS/rockwool),Wall conduction accounts for highest percentage of heat loss.,-20.08,-11.92,-15.51,0,24
SIM_001015,Nyoma,4180.0,FLOOR,INFILTRATION,1.697,0.702,7.875,1.7,5.752,0.036,17.762,9.55,3.95,44.34,9.57,32.39,0.2,100.0,Install sub-base perimeter slab insulation,Ground conduction is primary heat drain.,-19.46,-13.31,-15.89,0,24
SIM_001016,Chushul,4350.0,FLOOR,ROOF,0.938,4.931,5.571,0.699,1.163,0.605,13.907,6.75,35.46,40.06,5.02,8.36,4.35,100.0,Install sub-base perimeter slab insulation,Ground conduction is primary heat drain.,-42.12,-31.81,-35.51,0,24
SIM_001017,Rezang La,5000.0,FLOOR,INFILTRATION,10.101,2.113,15.383,3.209,12.08,0.253,43.139,23.42,4.9,35.66,7.44,28.0,0.59,100.01,Install sub-base perimeter slab insulation,Ground conduction is primary heat drain.,-25.47,-22.36,-23.53,0,24
SIM_001018,Pangong,4250.0,FLOOR,INFILTRATION,2.425,2.047,9.083,0.15,8.56,0.183,22.448,10.8,9.12,40.46,0.67,38.13,0.81,99.99,Install sub-base perimeter slab insulation,Ground conduction is primary heat drain.,-24.69,-19.25,-21.85,0,24
SIM_001019,Depsang,5330.0,ROOF,WALL,5.48,7.357,4.383,0.513,2.412,0.981,21.126,25.94,34.83,20.74,2.43,11.42,4.64,100.0,Add 100mm exterior roof insulation,Roof conduction loss dominates envelope heat transfer.,-45.75,-42.49,-43.67,0,24
SIM_001020,Kargil,2676.0,FLOOR,INFILTRATION,1.144,1.398,6.741,1.22,4.333,0.092,14.928,7.67,9.37,45.16,8.17,29.03,0.61,100.01,Install sub-base perimeter slab insulation,Ground conduction is primary heat drain.,-16.08,-8.54,-11.63,0,24
SIM_001021,Leh,3500.0,INFILTRATION,FLOOR,3.176,0.677,5.563,0.501,5.995,0.035,15.947,19.91,4.24,34.89,3.14,37.6,0.22,100.0,Perimeter weatherstripping and door draft seals,High air exchange rate is flushing interior thermal energy.,-15.06,-10.85,-12.76,0,24
SIM_001022,Dras,3280.0,ROOF,FLOOR,0.689,6.092,5.504,0.393,2.307,1.553,16.538,4.17,36.84,33.28,2.38,13.95,9.39,100.01,Add 100mm exterior roof insulation,Roof conduction loss dominates envelope heat transfer.,-23.07,-16.16,-18.86,0,24
SIM_001023,Siachen,5400.0,FLOOR,INFILTRATION,1.822,1.621,8.572,0.778,5.41,0.265,18.468,9.87,8.77,46.42,4.21,29.3,1.43,100.0,Install sub-base perimeter slab insulation,Ground conduction is primary heat drain.,-34.43,-26.33,-29.69,0,24
SIM_001024,Daulat Beg Oldie,5065.0,FLOOR,ROOF,1.112,5.888,7.356,1.105,4.798,2.135,22.393,4.96,26.29,32.85,4.93,21.43,9.53,99.99,Install sub-base perimeter slab insulation,Ground conduction is primary heat drain.,-45.48,-39.55,-42.1,0,24
SIM_001025,Galwan,4300.0,FLOOR,ROOF,2.11,4.482,15.245,0.694,3.294,0.319,26.143,8.07,17.14,58.31,2.65,12.6,1.22,99.99,Install sub-base perimeter slab insulation,Ground conduction is primary heat drain.,-23.85,-13.87,-18.26,0,24
SIM_001026,Hanle,4500.0,FLOOR,ROOF,1.815,1.818,5.455,0.675,1.643,0.248,11.653,15.58,15.6,46.81,5.79,14.1,2.13,100.01,Install sub-base perimeter slab insulation,Ground conduction is primary heat drain.,-27.79,-22.39,-24.97,0,24
SIM_001027,Nyoma,4180.0,WALL,FLOOR,22.149,3.049,17.556,0.969,8.186,0.095,52.004,42.59,5.86,33.76,1.86,15.74,0.18,99.99,Add 75mm exterior insulation (EPS/rockwool),Wall conduction accounts for highest percentage of heat loss.,-29.22,-23.94,-26.38,0,24
SIM_001028,Chushul,4350.0,FLOOR,INFILTRATION,1.246,0.86,4.134,0.122,3.509,0.088,9.959,12.52,8.64,41.51,1.23,35.23,0.88,100.01,Install sub-base perimeter slab insulation,Ground conduction is primary heat drain.,-25.99,-22.1,-23.98,0,24
SIM_001029,Rezang La,5000.0,ROOF,FLOOR,3.875,14.559,12.767,2.619,1.364,1.915,37.099,10.44,39.24,34.41,7.06,3.68,5.16,99.99,Add 100mm exterior roof insulation,Roof conduction loss dominates envelope heat transfer.,-32.32,-23.34,-26.51,0,24
SIM_001030,Pangong,4250.0,FLOOR,INFILTRATION,2.47,2.835,25.85,0.121,3.381,0.103,34.76,7.1,8.16,74.37,0.35,9.73,0.3,100.01,Install sub-base perimeter slab insulation,Ground conduction is primary heat drain.,-16.25,-7.22,-11.54,0,24
SIM_001031,Depsang,5330.0,FLOOR,INFILTRATION,1.85,0.271,4.472,0.275,2.269,0.01,9.146,20.23,2.96,48.89,3.01,24.81,0.1,100.0,Install sub-base perimeter slab insulation,Ground conduction is primary heat drain.,-34.87,-28.11,-31.2,0,24
SIM_001032,Kargil,2676.0,ROOF,WALL,7.155,11.467,6.898,1.253,5.262,2.368,34.403,20.8,33.33,20.05,3.64,15.29,6.88,99.99,Add 100mm exterior roof insulation,Roof conduction loss dominates envelope heat transfer.,-25.67,-22.81,-23.91,0,24
SIM_001033,Leh,3500.0,WALL,FLOOR,9.185,0.29,4.124,0.212,2.857,0.045,16.712,54.96,1.73,24.68,1.27,17.1,0.27,100.01,Add 75mm exterior insulation (EPS/rockwool),Wall conduction accounts for highest percentage of heat loss.,-13.8,-5.97,-9.56,0,24
SIM_001034,Dras,3280.0,ROOF,FLOOR,2.975,16.039,12.605,0.5,4.434,2.8,39.353,7.56,40.76,32.03,1.27,11.27,7.12,100.01,Add 100mm exterior roof insulation,Roof conduction loss dominates envelope heat transfer.,-27.79,-21.15,-24.36,0,24
SIM_001035,Siachen,5400.0,FLOOR,WALL,12.902,3.436,14.516,0.804,11.461,0.366,43.484,29.67,7.9,33.38,1.85,26.36,0.84,100.0,Install sub-base perimeter slab insulation,Ground conduction is primary heat drain.,-43.82,-38.88,-41.11,0,24
SIM_001036,Daulat Beg Oldie,5065.0,FLOOR,INFILTRATION,2.062,1.502,12.762,0.996,2.793,0.123,20.239,10.19,7.42,63.06,4.92,13.8,0.61,100.0,Install sub-base perimeter slab insulation,Ground conduction is primary heat drain.,-31.49,-28.08,-29.57,0,24
SIM_001037,Galwan,4300.0,FLOOR,ROOF,0.983,9.365,13.42,2.322,4.779,1.036,31.905,3.08,29.35,42.06,7.28,14.98,3.25,100.0,Install sub-base perimeter slab insulation,Ground conduction is primary heat drain.,-31.16,-20.57,-24.75,0,24
SIM_001038,Hanle,4500.0,ROOF,FLOOR,1.972,17.506,13.888,1.426,0.54,3.024,38.356,5.14,45.64,36.21,3.72,1.41,7.88,100.0,Add 100mm exterior roof insulation,Roof conduction loss dominates envelope heat transfer.,-16.59,-10.09,-12.89,0,24
SIM_001039,Nyoma,4180.0,FLOOR,WALL,2.401,0.651,15.827,0.659,1.498,0.073,21.109,11.37,3.08,74.98,3.12,7.1,0.35,100.0,Install sub-base perimeter slab insulation,Ground conduction is primary heat drain.,-16.54,-9.61,-13.02,0,24
SIM_001040,Chushul,4350.0,WALL,FLOOR,22.613,0.873,14.523,2.324,9.983,0.129,50.445,44.83,1.73,28.79,4.61,19.79,0.26,100.01,Add 75mm exterior insulation (EPS/rockwool),Wall conduction accounts for highest percentage of heat loss.,-35.96,-30.58,-32.91,0,24
SIM_001041,Rezang La,5000.0,FLOOR,INFILTRATION,2.425,2.071,10.735,0.288,5.43,0.133,21.081,11.5,9.83,50.92,1.37,25.76,0.63,100.01,Install sub-base perimeter slab insulation,Ground conduction is primary heat drain.,-29.02,-21.18,-24.62,0,24
SIM_001042,Pangong,4250.0,FLOOR,WALL,1.942,0.403,7.161,0.079,0.96,0.09,10.636,18.26,3.79,67.33,0.75,9.02,0.85,100.0,Install sub-base perimeter slab insulation,Ground conduction is primary heat drain.,-24.35,-20.69,-22.59,0,24
SIM_001043,Depsang,5330.0,ROOF,WALL,10.283,12.949,7.857,3.365,0.543,0.954,35.95,28.6,36.02,21.85,9.36,1.51,2.65,99.99,Add 100mm exterior roof insulation,Roof conduction loss dominates envelope heat transfer.,-45.96,-40.32,-42.23,0,24
SIM_001044,Kargil,2676.0,FLOOR,ROOF,1.994,2.826,4.023,0.748,1.83,1.589,13.01,15.33,21.72,30.92,5.75,14.07,12.21,100.0,Install sub-base perimeter slab insulation,Ground conduction is primary heat drain.,-15.18,-10.4,-12.47,0,24
SIM_001045,Leh,3500.0,FLOOR,WALL,1.535,1.012,5.117,0.881,1.248,0.115,9.908,15.5,10.21,51.64,8.9,12.6,1.16,100.01,Install sub-base perimeter slab insulation,Ground conduction is primary heat drain.,-13.0,-9.89,-11.2,0,24
SIM_001046,Dras,3280.0,FLOOR,INFILTRATION,2.055,1.301,12.483,0.165,7.37,0.075,23.45,8.76,5.55,53.23,0.7,31.43,0.32,99.99,Install sub-base perimeter slab insulation,Ground conduction is primary heat drain.,-19.9,-12.9,-16.49,0,24
SIM_001047,Siachen,5400.0,FLOOR,INFILTRATION,2.406,0.943,15.73,1.743,7.648,0.07,28.538,8.43,3.3,55.12,6.11,26.8,0.24,100.0,Install sub-base perimeter slab insulation,Ground conduction is primary heat drain.,-31.73,-24.63,-27.71,0,24
SIM_001048,Daulat Beg Oldie,5065.0,FLOOR,WALL,2.968,0.564,8.896,1.888,0.596,0.057,14.969,19.82,3.77,59.43,12.61,3.98,0.38,99.99,Install sub-base perimeter slab insulation,Ground conduction is primary heat drain.,-47.16,-36.47,-40.59,0,24
SIM_001049,Galwan,4300.0,FLOOR,INFILTRATION,2.443,1.851,9.383,1.282,6.197,0.483,21.64,11.29,8.55,43.36,5.93,28.64,2.23,100.0,Install sub-base perimeter slab insulation,Ground conduction is primary heat drain.,-24.88,-18.57,-20.85,0,24
SIM_001050,Hanle,4500.0,WALL,INFILTRATION,13.411,1.617,7.172,0.287,7.207,0.028,29.722,45.12,5.44,24.13,0.97,24.25,0.1,100.01,Add 75mm exterior insulation (EPS/rockwool),Wall conduction accounts for highest percentage of heat loss.,-27.33,-21.72,-24.55,0,24
SIM_001051,Nyoma,4180.0,INFILTRATION,ROOF,3.956,7.748,7.34,1.599,7.817,2.257,30.717,12.88,25.22,23.9,5.21,25.45,7.35,100.01,Perimeter weatherstripping and door draft seals,High air exchange rate is flushing interior thermal energy.,-30.65,-24.59,-27.06,0,24
SIM_001052,Chushul,4350.0,FLOOR,INFILTRATION,1.022,2.446,7.639,0.522,4.924,0.133,16.685,6.13,14.66,45.78,3.13,29.51,0.8,100.01,Install sub-base perimeter slab insulation,Ground conduction is primary heat drain.,-30.61,-20.62,-25.36,0,24
SIM_001053,Rezang La,5000.0,FLOOR,INFILTRATION,2.832,2.477,23.209,1.741,5.74,0.06,36.058,7.85,6.87,64.36,4.83,15.92,0.17,100.0,Install sub-base perimeter slab insulation,Ground conduction is primary heat drain.,-26.04,-20.4,-22.14,0,24
SIM_001054,Pangong,4250.0,FLOOR,INFILTRATION,0.749,0.222,4.466,0.368,2.449,0.058,8.312,9.01,2.67,53.73,4.43,29.47,0.69,100.0,Install sub-base perimeter slab insulation,Ground conduction is primary heat drain.,-21.06,-11.58,-15.15,0,24
SIM_001055,Depsang,5330.0,FLOOR,INFILTRATION,1.488,0.766,9.13,0.868,6.077,0.054,18.382,8.09,4.17,49.67,4.72,33.06,0.29,100.0,Install sub-base perimeter slab insulation,Ground conduction is primary heat drain.,-32.47,-27.65,-29.86,0,24
SIM_001056,Kargil,2676.0,FLOOR,INFILTRATION,1.263,1.201,9.398,2.666,8.11,0.072,22.71,5.56,5.29,41.38,11.74,35.71,0.32,100.0,Install sub-base perimeter slab insulation,Ground conduction is primary heat drain.,-24.56,-18.81,-20.86,0,24
SIM_001057,Leh,3500.0,FLOOR,INFILTRATION,2.585,4.411,22.282,0.539,4.441,0.393,34.65,7.46,12.73,64.31,1.55,12.82,1.13,100.0,Install sub-base perimeter slab insulation,Ground conduction is primary heat drain.,-9.14,-3.84,-6.25,0,24
SIM_001058,Dras,3280.0,FLOOR,INFILTRATION,1.679,1.311,9.545,0.228,3.999,0.036,16.798,10.0,7.8,56.82,1.36,23.81,0.21,100.0,Install sub-base perimeter slab insulation,Ground conduction is primary heat drain.,-28.18,-22.08,-25.22,0,24
SIM_001059,Siachen,5400.0,FLOOR,ROOF,2.376,6.192,9.323,2.567,5.559,1.277,27.294,8.71,22.69,34.16,9.41,20.37,4.68,100.02,Install sub-base perimeter slab insulation,Ground conduction is primary heat drain.,-44.1,-38.15,-40.48,0,24
SIM_001060,Daulat Beg Oldie,5065.0,FLOOR,WALL,8.141,0.828,9.079,0.574,4.801,0.138,23.559,34.55,3.51,38.53,2.44,20.38,0.58,99.99,Install sub-base perimeter slab insulation,Ground conduction is primary heat drain.,-32.52,-27.93,-30.08,0,24
SIM_001061,Galwan,4300.0,FLOOR,ROOF,2.327,2.52,5.75,1.846,0.729,0.135,13.308,17.49,18.94,43.21,13.87,5.48,1.01,100.0,Install sub-base perimeter slab insulation,Ground conduction is primary heat drain.,-27.07,-22.87,-24.28,0,24
SIM_001062,Hanle,4500.0,FLOOR,INFILTRATION,1.162,0.834,8.919,0.78,4.676,0.064,16.435,7.07,5.08,54.27,4.75,28.45,0.39,100.01,Install sub-base perimeter slab insulation,Ground conduction is primary heat drain.,-17.76,-11.61,-14.37,0,24
SIM_001063,Nyoma,4180.0,FLOOR,INFILTRATION,1.962,1.056,15.464,1.407,10.137,0.135,30.161,6.51,3.5,51.27,4.67,33.61,0.45,100.01,Install sub-base perimeter slab insulation,Ground conduction is primary heat drain.,-16.2,-10.18,-12.76,0,24
SIM_001064,Chushul,4350.0,FLOOR,INFILTRATION,2.92,1.517,11.122,0.614,5.394,0.232,21.799,13.4,6.96,51.02,2.82,24.74,1.07,100.01,Install sub-base perimeter slab insulation,Ground conduction is primary heat drain.,-35.28,-30.01,-32.51,0,24
SIM_001065,Rezang La,5000.0,FLOOR,INFILTRATION,1.947,0.863,8.024,1.348,4.459,0.33,16.97,11.47,5.09,47.28,7.94,26.28,1.95,100.01,Install sub-base perimeter slab insulation,Ground conduction is primary heat drain.,-28.75,-24.56,-25.99,0,24
SIM_001066,Pangong,4250.0,FLOOR,INFILTRATION,0.974,0.546,8.26,1.598,5.304,0.206,16.888,5.77,3.23,48.91,9.46,31.41,1.22,100.0,Install sub-base perimeter slab insulation,Ground conduction is primary heat drain.,-27.1,-19.81,-22.39,0,24
SIM_001067,Depsang,5330.0,FLOOR,INFILTRATION,1.013,0.327,4.804,0.134,2.313,0.038,8.63,11.74,3.79,55.67,1.55,26.81,0.45,100.01,Install sub-base perimeter slab insulation,Ground conduction is primary heat drain.,-43.7,-38.8,-40.65,0,24
SIM_001068,Kargil,2676.0,FLOOR,INFILTRATION,1.56,1.982,5.55,0.158,2.876,0.081,12.207,12.78,16.24,45.46,1.29,23.56,0.66,99.99,Install sub-base perimeter slab insulation,Ground conduction is primary heat drain.,-15.77,-10.8,-12.98,0,24
SIM_001069,Leh,3500.0,FLOOR,ROOF,3.953,9.16,9.598,0.52,8.236,3.027,34.493,11.46,26.56,27.83,1.51,23.88,8.77,100.01,Install sub-base perimeter slab insulation,Ground conduction is primary heat drain.,-15.9,-7.98,-11.43,0,24
SIM_001070,Dras,3280.0,FLOOR,INFILTRATION,2.266,0.835,9.682,0.048,6.038,0.15,19.018,11.91,4.39,50.91,0.25,31.75,0.79,100.0,Install sub-base perimeter slab insulation,Ground conduction is primary heat drain.,-20.88,-13.4,-16.99,0,24
SIM_001071,Siachen,5400.0,FLOOR,WALL,5.618,2.175,30.318,0.427,3.026,0.055,41.619,13.5,5.23,72.85,1.03,7.27,0.13,100.01,Install sub-base perimeter slab insulation,Ground conduction is primary heat drain.,-30.54,-23.43,-26.9,0,24
SIM_001072,Daulat Beg Oldie,5065.0,ROOF,FLOOR,1.314,13.261,10.549,1.489,4.617,2.166,33.395,3.93,39.71,31.59,4.46,13.82,6.49,100.0,Add 100mm exterior roof insulation,Roof conduction loss dominates envelope heat transfer.,-47.66,-37.77,-42.15,0,24
SIM_001073,Galwan,4300.0,FLOOR,ROOF,1.426,6.003,7.534,0.632,0.818,0.624,17.037,8.37,35.24,44.22,3.71,4.8,3.66,100.0,Install sub-base perimeter slab insulation,Ground conduction is primary heat drain.,-29.49,-18.92,-22.89,0,24
SIM_001074,Hanle,4500.0,WALL,FLOOR,6.544,0.519,6.541,0.078,3.267,0.177,17.126,38.21,3.03,38.19,0.46,19.07,1.04,100.0,Add 75mm exterior insulation (EPS/rockwool),Wall conduction accounts for highest percentage of heat loss.,-25.16,-21.32,-23.26,0,24
SIM_001075,Nyoma,4180.0,FLOOR,INFILTRATION,0.749,2.463,8.561,0.412,5.378,0.11,17.673,4.24,13.94,48.44,2.33,30.43,0.62,100.0,Install sub-base perimeter slab insulation,Ground conduction is primary heat drain.,-32.7,-26.45,-28.83,0,24
SIM_001076,Chushul,4350.0,FLOOR,INFILTRATION,0.764,0.972,6.295,0.252,4.693,0.016,12.992,5.88,7.48,48.45,1.94,36.12,0.13,100.0,Install sub-base perimeter slab insulation,Ground conduction is primary heat drain.,-29.94,-21.24,-25.34,0,24
SIM_001077,Rezang La,5000.0,WALL,FLOOR,10.005,1.576,9.348,0.111,8.968,0.028,30.035,33.31,5.25,31.12,0.37,29.86,0.09,100.0,Add 75mm exterior insulation (EPS/rockwool),Wall conduction accounts for highest percentage of heat loss.,-29.61,-26.53,-28.1,0,24
SIM_001078,Pangong,4250.0,ROOF,FLOOR,2.436,10.515,8.782,0.046,3.364,0.37,25.513,9.55,41.21,34.42,0.18,13.19,1.45,100.0,Add 100mm exterior roof insulation,Roof conduction loss dominates envelope heat transfer.,-21.06,-12.8,-16.28,0,24
SIM_001079,Depsang,5330.0,FLOOR,INFILTRATION,4.834,0.607,8.53,0.629,5.777,0.058,20.434,23.66,2.97,41.74,3.08,28.27,0.28,100.0,Install sub-base perimeter slab insulation,Ground conduction is primary heat drain.,-34.48,-29.64,-31.91,0,24
SIM_001080,Kargil,2676.0,FLOOR,WALL,2.625,1.979,12.982,0.392,1.677,0.111,19.767,13.28,10.01,65.68,1.98,8.49,0.56,100.0,Install sub-base perimeter slab insulation,Ground conduction is primary heat drain.,-21.72,-18.62,-19.88,0,24
SIM_001081,Leh,3500.0,ROOF,FLOOR,2.241,16.023,9.688,0.41,4.369,3.239,35.969,6.23,44.55,26.93,1.14,12.15,9.01,100.01,Add 100mm exterior roof insulation,Roof conduction loss dominates envelope heat transfer.,-12.67,-6.57,-9.39,0,24
SIM_001082,Dras,3280.0,ROOF,FLOOR,2.861,14.195,9.335,0.874,7.258,3.846,38.368,7.46,37.0,24.33,2.28,18.92,10.02,100.01,Add 100mm exterior roof insulation,Roof conduction loss dominates envelope heat transfer.,-31.3,-22.46,-26.24,0,24
SIM_001083,Siachen,5400.0,FLOOR,INFILTRATION,2.913,1.001,10.645,0.507,7.658,0.236,22.961,12.69,4.36,46.36,2.21,33.35,1.03,100.0,Install sub-base perimeter slab insulation,Ground conduction is primary heat drain.,-42.89,-39.86,-41.23,0,24
SIM_001084,Daulat Beg Oldie,5065.0,FLOOR,ROOF,3.217,6.298,27.1,1.944,6.141,0.408,45.108,7.13,13.96,60.08,4.31,13.61,0.9,99.99,Install sub-base perimeter slab insulation,Ground conduction is primary heat drain.,-29.3,-24.69,-26.27,0,24
SIM_001085,Galwan,4300.0,FLOOR,WALL,2.818,0.933,7.489,0.933,2.689,0.176,15.038,18.74,6.2,49.8,6.2,17.88,1.17,99.99,Install sub-base perimeter slab insulation,Ground conduction is primary heat drain.,-25.91,-20.59,-22.46,0,24
SIM_001086,Hanle,4500.0,FLOOR,ROOF,1.051,1.844,5.81,0.171,0.971,0.224,10.071,10.44,18.31,57.69,1.7,9.65,2.22,100.01,Install sub-base perimeter slab insulation,Ground conduction is primary heat drain.,-19.97,-12.11,-16.22,0,24
SIM_001087,Nyoma,4180.0,ROOF,FLOOR,0.916,6.711,6.139,3.411,3.445,3.287,23.909,3.83,28.07,25.68,14.26,14.41,13.75,100.0,Add 100mm exterior roof insulation,Roof conduction loss dominates envelope heat transfer.,-21.11,-13.79,-17.28,0,24
SIM_001088,Chushul,4350.0,ROOF,FLOOR,12.391,16.022,12.406,0.595,4.679,0.548,46.641,26.57,34.35,26.6,1.28,10.03,1.18,100.01,Add 100mm exterior roof insulation,Roof conduction loss dominates envelope heat transfer.,-39.15,-32.39,-35.03,0,24
SIM_001089,Rezang La,5000.0,FLOOR,INFILTRATION,2.728,0.896,13.67,0.638,6.495,0.153,24.581,11.1,3.65,55.61,2.6,26.42,0.62,100.0,Install sub-base perimeter slab insulation,Ground conduction is primary heat drain.,-27.66,-21.27,-24.31,0,24
SIM_001090,Pangong,4250.0,ROOF,FLOOR,2.006,13.882,13.216,0.843,1.148,1.277,32.373,6.2,42.88,40.83,2.6,3.55,3.94,100.0,Add 100mm exterior roof insulation,Roof conduction loss dominates envelope heat transfer.,-27.83,-19.57,-22.42,0,24
SIM_001091,Depsang,5330.0,FLOOR,WALL,8.175,0.767,8.42,0.117,8.167,0.138,25.784,31.71,2.98,32.66,0.45,31.67,0.53,100.0,Install sub-base perimeter slab insulation,Ground conduction is primary heat drain.,-42.3,-39.99,-41.13,0,24
SIM_001092,Kargil,2676.0,FLOOR,WALL,1.783,0.996,7.726,0.845,0.999,0.083,12.431,14.34,8.01,62.15,6.79,8.04,0.67,100.0,Install sub-base perimeter slab insulation,Ground conduction is primary heat drain.,-14.59,-9.71,-11.25,0,24
SIM_001093,Leh,3500.0,FLOOR,WALL,4.421,0.876,17.595,0.807,3.245,0.128,27.072,16.33,3.24,64.99,2.98,11.98,0.47,99.99,Install sub-base perimeter slab insulation,Ground conduction is primary heat drain.,-14.94,-6.89,-10.26,0,24
SIM_001094,Dras,3280.0,WALL,FLOOR,6.396,0.464,6.365,2.321,0.399,0.206,16.151,39.6,2.87,39.41,14.37,2.47,1.27,99.99,Add 75mm exterior insulation (EPS/rockwool),Wall conduction accounts for highest percentage of heat loss.,-20.05,-17.46,-18.77,0,24
SIM_001095,Siachen,5400.0,FLOOR,WALL,2.979,1.455,7.035,0.796,1.39,0.399,14.053,21.2,10.35,50.06,5.66,9.89,2.84,100.0,Install sub-base perimeter slab insulation,Ground conduction is primary heat drain.,-32.14,-29.12,-30.34,0,24
SIM_001096,Daulat Beg Oldie,5065.0,WALL,FLOOR,17.167,1.677,11.192,1.263,5.974,0.252,37.524,45.75,4.47,29.83,3.37,15.92,0.67,100.01,Add 75mm exterior insulation (EPS/rockwool),Wall conduction accounts for highest percentage of heat loss.,-46.96,-37.53,-41.61,0,24
SIM_001097,Galwan,4300.0,FLOOR,WALL,3.184,0.647,8.272,0.89,0.911,0.042,13.948,22.83,4.64,59.31,6.38,6.54,0.3,100.0,Install sub-base perimeter slab insulation,Ground conduction is primary heat drain.,-21.51,-15.33,-17.47,0,24
SIM_001098,Hanle,4500.0,WALL,INFILTRATION,8.452,0.555,5.448,1.262,6.084,0.299,22.1,38.24,2.51,24.65,5.71,27.53,1.35,99.99,Add 75mm exterior insulation (EPS/rockwool),Wall conduction accounts for highest percentage of heat loss.,-28.84,-21.53,-24.65,0,24
SIM_001099,Nyoma,4180.0,FLOOR,INFILTRATION,1.22,0.471,7.396,0.391,5.178,0.068,14.723,8.29,3.2,50.24,2.66,35.17,0.46,100.02,Install sub-base perimeter slab insulation,Ground conduction is primary heat drain.,-31.63,-23.67,-27.2,0,24
SIM_001100,Chushul,4350.0,FLOOR,INFILTRATION,1.261,0.543,7.457,0.405,1.782,0.092,11.541,10.93,4.71,64.62,3.51,15.44,0.8,100.01,Install sub-base perimeter slab insulation,Ground conduction is primary heat drain.,-29.19,-19.68,-23.99,0,24
SIM_001101,Rezang La,5000.0,FLOOR,INFILTRATION,1.997,1.572,12.76,0.448,3.767,0.288,20.833,9.59,7.54,61.25,2.15,18.08,1.38,99.99,Install sub-base perimeter slab insulation,Ground conduction is primary heat drain.,-27.98,-25.68,-26.84,0,24
SIM_001102,Pangong,4250.0,FLOOR,INFILTRATION,1.347,0.61,6.709,0.542,4.84,0.116,14.163,9.51,4.3,47.37,3.82,34.17,0.82,99.99,Install sub-base perimeter slab insulation,Ground conduction is primary heat drain.,-17.95,-13.96,-15.41,0,24
SIM_001103,Depsang,5330.0,ROOF,FLOOR,1.265,7.266,6.369,0.313,1.458,0.34,17.01,7.44,42.72,37.44,1.84,8.57,2.0,100.01,Add 100mm exterior roof insulation,Roof conduction loss dominates envelope heat transfer.,-36.59,-26.84,-31.3,0,24
SIM_001104,Kargil,2676.0,FLOOR,INFILTRATION,6.036,2.097,14.914,0.655,7.487,0.165,31.354,19.25,6.69,47.57,2.09,23.88,0.53,100.01,Install sub-base perimeter slab insulation,Ground conduction is primary heat drain.,-21.15,-17.71,-19.22,0,24
SIM_001105,Leh,3500.0,FLOOR,WALL,4.013,0.598,8.489,0.679,0.374,0.053,14.205,28.25,4.21,59.76,4.78,2.64,0.37,100.01,Install sub-base perimeter slab insulation,Ground conduction is primary heat drain.,-9.35,-6.48,-7.73,0,24
SIM_001106,Dras,3280.0,ROOF,FLOOR,3.325,13.104,11.511,0.902,9.684,3.471,41.996,7.92,31.2,27.41,2.15,23.06,8.27,100.01,Add 100mm exterior roof insulation,Roof conduction loss dominates envelope heat transfer.,-30.56,-22.52,-25.88,0,24
SIM_001107,Siachen,5400.0,FLOOR,INFILTRATION,4.624,2.184,15.01,2.536,9.996,0.117,34.467,13.42,6.34,43.55,7.36,29.0,0.34,100.01,Install sub-base perimeter slab insulation,Ground conduction is primary heat drain.,-43.18,-37.47,-39.42,0,24
SIM_001108,Daulat Beg Oldie,5065.0,ROOF,FLOOR,3.201,11.801,6.579,0.372,2.229,1.479,25.66,12.47,45.99,25.64,1.45,8.69,5.76,100.0,Add 100mm exterior roof insulation,Roof conduction loss dominates envelope heat transfer.,-36.07,-28.64,-31.26,0,24
SIM_001109,Galwan,4300.0,FLOOR,WALL,1.44,0.829,5.546,0.402,0.496,0.108,8.82,16.32,9.39,62.88,4.55,5.63,1.23,100.0,Install sub-base perimeter slab insulation,Ground conduction is primary heat drain.,-26.83,-22.24,-23.97,0,24
SIM_001110,Hanle,4500.0,FLOOR,INFILTRATION,1.532,1.05,8.793,0.979,4.897,0.429,17.68,8.66,5.94,49.73,5.54,27.7,2.43,100.0,Install sub-base perimeter slab insulation,Ground conduction is primary heat drain.,-23.68,-10.53,-15.81,0,24
SIM_001111,Nyoma,4180.0,ROOF,FLOOR,1.378,12.935,10.54,0.628,3.099,0.679,29.26,4.71,44.21,36.02,2.15,10.59,2.32,100.0,Add 100mm exterior roof insulation,Roof conduction loss dominates envelope heat transfer.,-21.6,-11.92,-16.22,0,24
SIM_001112,Chushul,4350.0,WALL,FLOOR,5.654,0.615,4.937,0.374,2.705,0.023,14.309,39.52,4.3,34.5,2.62,18.9,0.16,100.0,Add 75mm exterior insulation (EPS/rockwool),Wall conduction accounts for highest percentage of heat loss.,-37.12,-32.58,-34.58,0,24
SIM_001113,Rezang La,5000.0,FLOOR,INFILTRATION,1.985,0.807,7.83,0.456,3.069,0.042,14.189,13.99,5.69,55.19,3.21,21.63,0.3,100.01,Install sub-base perimeter slab insulation,Ground conduction is primary heat drain.,-27.62,-19.78,-23.09,0,24
SIM_001114,Pangong,4250.0,FLOOR,WALL,4.153,2.434,6.936,0.13,3.873,0.164,17.69,23.47,13.76,39.21,0.74,21.89,0.93,100.0,Install sub-base perimeter slab insulation,Ground conduction is primary heat drain.,-29.1,-18.82,-22.91,0,24
SIM_001115,Depsang,5330.0,FLOOR,INFILTRATION,1.345,0.765,5.41,0.433,3.398,0.195,11.547,11.65,6.63,46.85,3.75,29.43,1.69,100.0,Install sub-base perimeter slab insulation,Ground conduction is primary heat drain.,-45.3,-39.32,-42.19,0,24
SIM_001116,Kargil,2676.0,FLOOR,WALL,1.192,0.169,1.771,0.004,0.433,0.003,3.57,33.38,4.73,49.6,0.1,12.12,0.07,100.0,Install sub-base perimeter slab insulation,Ground conduction is primary heat drain.,-16.49,-10.07,-13.09,0,24
SIM_001117,Leh,3500.0,FLOOR,INFILTRATION,1.469,0.461,6.787,1.846,3.309,0.034,13.906,10.56,3.32,48.8,13.27,23.8,0.25,100.0,Install sub-base perimeter slab insulation,Ground conduction is primary heat drain.,-14.28,-9.96,-11.51,0,24
SIM_001118,Dras,3280.0,ROOF,FLOOR,1.103,16.002,9.241,0.163,4.348,2.441,33.299,3.31,48.06,27.75,0.49,13.06,7.33,100.0,Add 100mm exterior roof insulation,Roof conduction loss dominates envelope heat transfer.,-22.97,-13.73,-17.55,0,24
SIM_001119,Siachen,5400.0,FLOOR,INFILTRATION,0.863,0.517,6.807,1.79,4.849,0.123,14.95,5.77,3.46,45.53,11.97,32.44,0.82,99.99,Install sub-base perimeter slab insulation,Ground conduction is primary heat drain.,-32.83,-27.77,-30.03,0,24
SIM_001120,Daulat Beg Oldie,5065.0,FLOOR,INFILTRATION,1.9,0.452,6.265,0.768,2.573,0.121,12.079,15.73,3.74,51.86,6.36,21.3,1.0,99.99,Install sub-base perimeter slab insulation,Ground conduction is primary heat drain.,-49.33,-40.34,-44.06,0,24
SIM_001121,Galwan,4300.0,FLOOR,INFILTRATION,1.632,1.7,7.709,0.077,5.449,0.184,16.751,9.74,10.15,46.02,0.46,32.53,1.1,100.0,Install sub-base perimeter slab insulation,Ground conduction is primary heat drain.,-26.21,-20.55,-23.04,0,24
SIM_001122,Hanle,4500.0,FLOOR,INFILTRATION,1.279,0.533,5.281,0.267,4.369,0.208,11.937,10.71,4.46,44.24,2.23,36.6,1.74,99.98,Install sub-base perimeter slab insulation,Ground conduction is primary heat drain.,-29.51,-20.09,-24.51,0,24
SIM_001123,Nyoma,4180.0,WALL,FLOOR,7.752,1.972,5.831,0.807,0.405,0.333,17.1,45.33,11.53,34.1,4.72,2.37,1.95,100.0,Add 75mm exterior insulation (EPS/rockwool),Wall conduction accounts for highest percentage of heat loss.,-29.12,-24.35,-26.55,0,24
SIM_001124,Chushul,4350.0,FLOOR,WALL,4.061,1.808,19.966,2.676,2.435,0.083,31.03,13.09,5.83,64.34,8.62,7.85,0.27,100.0,Install sub-base perimeter slab insulation,Ground conduction is primary heat drain.,-27.38,-15.6,-19.86,0,24
SIM_001125,Rezang La,5000.0,FLOOR,WALL,11.34,3.306,12.989,0.508,3.248,0.439,31.829,35.63,10.39,40.81,1.6,10.2,1.38,100.01,Install sub-base perimeter slab insulation,Ground conduction is primary heat drain.,-27.49,-23.84,-25.68,0,24
SIM_001126,Pangong,4250.0,FLOOR,GLAZING,1.073,0.486,5.885,1.274,0.882,0.036,9.636,11.14,5.04,61.07,13.22,9.15,0.37,99.99,Install sub-base perimeter slab insulation,Ground conduction is primary heat drain.,-16.6,-12.21,-13.58,0,24
SIM_001127,Depsang,5330.0,WALL,FLOOR,8.794,1.143,5.705,1.169,5.173,0.009,21.993,39.99,5.2,25.94,5.31,23.52,0.04,100.0,Add 75mm exterior insulation (EPS/rockwool),Wall conduction accounts for highest percentage of heat loss.,-34.3,-30.76,-32.38,0,24
SIM_001128,Kargil,2676.0,FLOOR,INFILTRATION,1.962,2.079,8.299,0.492,2.428,0.071,15.331,12.8,13.56,54.13,3.21,15.84,0.46,100.0,Install sub-base perimeter slab insulation,Ground conduction is primary heat drain.,-23.58,-17.78,-19.76,0,24
SIM_001129,Leh,3500.0,FLOOR,WALL,8.115,1.975,11.56,0.398,1.936,0.308,24.293,33.41,8.13,47.59,1.64,7.97,1.27,100.01,Install sub-base perimeter slab insulation,Ground conduction is primary heat drain.,-10.34,-6.73,-8.59,0,24
SIM_001130,Dras,3280.0,FLOOR,GLAZING,4.842,2.18,19.399,4.94,0.573,0.165,32.099,15.08,6.79,60.43,15.39,1.79,0.52,100.0,Install sub-base perimeter slab insulation,Ground conduction is primary heat drain.,-25.04,-17.93,-20.83,0,24
SIM_001131,Siachen,5400.0,FLOOR,WALL,4.797,1.352,13.252,2.027,0.847,0.049,22.323,21.49,6.06,59.36,9.08,3.79,0.22,100.0,Install sub-base perimeter slab insulation,Ground conduction is primary heat drain.,-38.77,-33.71,-35.84,0,24
SIM_001132,Daulat Beg Oldie,5065.0,FLOOR,INFILTRATION,1.719,3.535,19.049,0.872,7.468,0.205,32.847,5.23,10.76,57.99,2.65,22.74,0.62,99.99,Install sub-base perimeter slab insulation,Ground conduction is primary heat drain.,-34.53,-25.1,-29.34,0,24
SIM_001133,Galwan,4300.0,WALL,FLOOR,3.008,0.326,2.508,0.083,0.495,0.017,6.438,46.72,5.06,38.96,1.29,7.69,0.27,99.99,Add 75mm exterior insulation (EPS/rockwool),Wall conduction accounts for highest percentage of heat loss.,-27.27,-23.82,-25.56,0,24
SIM_001134,Hanle,4500.0,WALL,FLOOR,7.556,0.762,5.525,1.101,5.395,0.16,20.499,36.86,3.72,26.95,5.37,26.32,0.78,100.0,Add 75mm exterior insulation (EPS/rockwool),Wall conduction accounts for highest percentage of heat loss.,-19.74,-14.38,-16.77,0,24
SIM_001135,Nyoma,4180.0,WALL,FLOOR,3.835,1.844,3.081,0.01,0.925,0.259,9.954,38.53,18.53,30.95,0.1,9.29,2.61,100.01,Add 75mm exterior insulation (EPS/rockwool),Wall conduction accounts for highest percentage of heat loss.,-21.74,-14.73,-18.14,0,24
SIM_001136,Chushul,4350.0,INFILTRATION,WALL,3.811,0.181,3.584,0.193,4.352,0.165,12.287,31.02,1.47,29.17,1.57,35.42,1.35,100.0,Perimeter weatherstripping and door draft seals,High air exchange rate is flushing interior thermal energy.,-39.11,-33.31,-36.05,0,24
SIM_001137,Rezang La,5000.0,FLOOR,INFILTRATION,1.983,3.333,23.075,3.634,12.167,0.225,44.417,4.46,7.5,51.95,8.18,27.39,0.51,99.99,Install sub-base perimeter slab insulation,Ground conduction is primary heat drain.,-27.92,-18.56,-22.61,0,24
SIM_001138,Pangong,4250.0,FLOOR,WALL,3.63,1.502,15.956,2.076,2.667,0.064,25.895,14.02,5.8,61.62,8.02,10.3,0.25,100.01,Install sub-base perimeter slab insulation,Ground conduction is primary heat drain.,-26.05,-16.76,-19.98,0,24
SIM_001139,Depsang,5330.0,FLOOR,INFILTRATION,5.1,2.171,17.834,1.189,10.125,0.127,36.547,13.96,5.94,48.8,3.25,27.7,0.35,100.0,Install sub-base perimeter slab insulation,Ground conduction is primary heat drain.,-43.08,-36.48,-38.93,0,24
SIM_001140,Kargil,2676.0,FLOOR,INFILTRATION,4.22,1.838,6.86,2.034,5.205,0.124,20.281,20.81,9.06,33.83,10.03,25.66,0.61,100.0,Install sub-base perimeter slab insulation,Ground conduction is primary heat drain.,-14.73,-9.18,-11.33,0,24
SIM_001141,Leh,3500.0,FLOOR,INFILTRATION,2.89,2.179,7.077,0.087,6.975,0.087,19.296,14.98,11.29,36.68,0.45,36.15,0.45,100.0,Install sub-base perimeter slab insulation,Ground conduction is primary heat drain.,-16.65,-8.95,-12.78,0,24
SIM_001142,Dras,3280.0,FLOOR,INFILTRATION,1.193,0.467,5.674,0.238,2.673,0.138,10.383,11.49,4.5,54.65,2.29,25.75,1.33,100.01,Install sub-base perimeter slab insulation,Ground conduction is primary heat drain.,-20.58,-15.17,-17.81,0,24
SIM_001143,Siachen,5400.0,FLOOR,INFILTRATION,2.398,1.519,25.907,2.155,8.382,0.102,40.461,5.93,3.75,64.03,5.32,20.72,0.25,100.0,Install sub-base perimeter slab insulation,Ground conduction is primary heat drain.,-29.48,-25.59,-27.16,0,24
SIM_001144,Daulat Beg Oldie,5065.0,FLOOR,INFILTRATION,1.75,1.002,8.24,1.292,3.795,0.073,16.152,10.84,6.2,51.02,8.0,23.49,0.45,100.0,Install sub-base perimeter slab insulation,Ground conduction is primary heat drain.,-43.46,-38.4,-40.11,0,24
SIM_001145,Galwan,4300.0,WALL,FLOOR,3.232,0.443,2.835,0.78,2.062,0.073,9.425,34.29,4.7,30.08,8.28,21.88,0.77,100.0,Add 75mm exterior insulation (EPS/rockwool),Wall conduction accounts for highest percentage of heat loss.,-26.22,-20.71,-23.25,0,24
SIM_001146,Hanle,4500.0,FLOOR,INFILTRATION,1.356,0.582,8.102,0.933,2.722,0.098,13.792,9.83,4.22,58.74,6.76,19.74,0.71,100.0,Install sub-base perimeter slab insulation,Ground conduction is primary heat drain.,-28.53,-17.26,-22.07,0,24
SIM_001147,Nyoma,4180.0,FLOOR,ROOF,1.469,2.593,9.48,1.824,1.796,0.243,17.405,8.44,14.9,54.47,10.48,10.32,1.4,100.01,Install sub-base perimeter slab insulation,Ground conduction is primary heat drain.,-32.73,-24.16,-27.83,0,24
SIM_001148,Chushul,4350.0,ROOF,FLOOR,5.25,9.147,7.748,1.038,1.325,1.01,25.518,20.57,35.84,30.36,4.07,5.19,3.96,99.99,Add 100mm exterior roof insulation,Roof conduction loss dominates envelope heat transfer.,-29.3,-19.21,-22.84,0,24
SIM_001149,Rezang La,5000.0,FLOOR,INFILTRATION,1.118,0.456,2.619,0.377,1.256,0.045,5.872,19.04,7.77,44.6,6.42,21.39,0.77,99.99,Install sub-base perimeter slab insulation,Ground conduction is primary heat drain.,-31.48,-26.29,-28.36,0,24
SIM_001150,Pangong,4250.0,FLOOR,WALL,3.604,1.587,18.058,2.299,1.153,0.242,26.943,13.38,5.89,67.02,8.53,4.28,0.9,100.0,Install sub-base perimeter slab insulation,Ground conduction is primary heat drain.,-17.43,-10.29,-12.58,0,24
SIM_001151,Depsang,5330.0,FLOOR,ROOF,2.301,7.157,8.001,2.632,3.509,1.763,25.363,9.07,28.22,31.55,10.38,13.83,6.95,100.0,Install sub-base perimeter slab insulation,Ground conduction is primary heat drain.,-35.15,-27.53,-31.13,0,24
SIM_001152,Kargil,2676.0,FLOOR,GLAZING,2.002,0.824,11.487,3.66,0.408,0.162,18.543,10.8,4.45,61.95,19.74,2.2,0.87,100.01,Install sub-base perimeter slab insulation,Ground conduction is primary heat drain.,-26.31,-19.86,-22.26,0,24
SIM_001153,Leh,3500.0,FLOOR,INFILTRATION,4.129,1.702,8.765,0.797,7.842,0.322,23.556,17.53,7.22,37.21,3.38,33.29,1.37,100.0,Install sub-base perimeter slab insulation,Ground conduction is primary heat drain.,-10.85,-5.81,-7.83,0,24
SIM_001154,Dras,3280.0,FLOOR,WALL,5.314,0.658,5.358,0.689,0.561,0.24,12.819,41.45,5.13,41.79,5.37,4.37,1.88,99.99,Install sub-base perimeter slab insulation,Ground conduction is primary heat drain.,-27.53,-24.3,-25.44,0,24
SIM_001155,Siachen,5400.0,FLOOR,INFILTRATION,1.256,1.091,5.212,0.387,2.436,0.08,10.463,12.01,10.43,49.82,3.7,23.28,0.77,100.01,Install sub-base perimeter slab insulation,Ground conduction is primary heat drain.,-43.69,-40.37,-41.69,0,24
SIM_001156,Daulat Beg Oldie,5065.0,FLOOR,WALL,2.368,0.851,4.401,0.22,1.572,0.091,9.502,24.92,8.95,46.32,2.32,16.54,0.95,100.0,Install sub-base perimeter slab insulation,Ground conduction is primary heat drain.,-38.42,-29.87,-32.97,0,24
SIM_001157,Galwan,4300.0,FLOOR,WALL,2.851,1.831,14.076,1.002,0.673,0.201,20.634,13.82,8.88,68.22,4.85,3.26,0.97,100.0,Install sub-base perimeter slab insulation,Ground conduction is primary heat drain.,-27.1,-18.09,-21.74,0,24
SIM_001158,Hanle,4500.0,WALL,FLOOR,6.077,0.903,5.523,3.095,3.603,0.101,19.302,31.49,4.68,28.61,16.04,18.66,0.52,100.0,Add 75mm exterior insulation (EPS/rockwool),Wall conduction accounts for highest percentage of heat loss.,-18.73,-14.13,-15.72,0,24
SIM_001159,Nyoma,4180.0,ROOF,FLOOR,1.032,5.555,4.73,0.285,0.251,0.286,12.139,8.5,45.76,38.97,2.35,2.06,2.36,100.0,Add 100mm exterior roof insulation,Roof conduction loss dominates envelope heat transfer.,-22.25,-11.07,-16.08,0,24
SIM_001160,Chushul,4350.0,FLOOR,GLAZING,2.993,1.441,22.23,4.61,3.513,0.117,34.904,8.57,4.13,63.69,13.21,10.06,0.33,99.99,Install sub-base perimeter slab insulation,Ground conduction is primary heat drain.,-36.94,-28.79,-32.01,0,24
SIM_001161,Rezang La,5000.0,ROOF,FLOOR,8.117,16.253,11.177,0.984,7.95,2.47,46.951,17.29,34.62,23.81,2.1,16.93,5.26,100.01,Add 100mm exterior roof insulation,Roof conduction loss dominates envelope heat transfer.,-25.98,-23.53,-24.5,0,24
SIM_001162,Pangong,4250.0,ROOF,FLOOR,2.749,7.348,7.325,0.546,0.898,1.432,20.298,13.54,36.2,36.09,2.69,4.43,7.06,100.01,Add 100mm exterior roof insulation,Roof conduction loss dominates envelope heat transfer.,-23.95,-18.78,-21.14,0,24
SIM_001163,Depsang,5330.0,INFILTRATION,FLOOR,1.018,0.621,2.808,0.029,3.009,0.041,7.526,13.52,8.25,37.31,0.39,39.99,0.54,100.0,Perimeter weatherstripping and door draft seals,High air exchange rate is flushing interior thermal energy.,-46.27,-42.53,-44.32,0,24
SIM_001164,Kargil,2676.0,FLOOR,ROOF,1.212,2.065,6.086,0.164,1.64,0.136,11.303,10.72,18.27,53.84,1.45,14.51,1.2,99.99,Install sub-base perimeter slab insulation,Ground conduction is primary heat drain.,-14.36,-9.25,-11.72,0,24
SIM_001165,Leh,3500.0,INFILTRATION,FLOOR,3.206,2.093,3.324,0.158,3.969,0.276,13.025,24.61,16.07,25.52,1.21,30.47,2.12,100.0,Perimeter weatherstripping and door draft seals,High air exchange rate is flushing interior thermal energy.,-15.88,-10.74,-13.33,0,24
SIM_001166,Dras,3280.0,FLOOR,INFILTRATION,4.21,1.232,12.807,0.114,4.884,0.202,23.449,17.95,5.25,54.62,0.49,20.83,0.86,100.0,Install sub-base perimeter slab insulation,Ground conduction is primary heat drain.,-19.12,-12.17,-15.3,0,24
SIM_001167,Siachen,5400.0,ROOF,FLOOR,1.215,5.824,5.452,0.355,2.903,0.911,16.661,7.29,34.96,32.72,2.13,17.42,5.47,99.99,Add 100mm exterior roof insulation,Roof conduction loss dominates envelope heat transfer.,-33.37,-26.34,-29.65,0,24
SIM_001168,Daulat Beg Oldie,5065.0,FLOOR,INFILTRATION,2.243,4.41,22.867,2.813,19.677,0.674,52.684,4.26,8.37,43.4,5.34,37.35,1.28,100.0,Install sub-base perimeter slab insulation,Ground conduction is primary heat drain.,-45.05,-37.07,-40.4,0,24
SIM_001169,Galwan,4300.0,FLOOR,INFILTRATION,1.685,0.693,4.154,0.429,1.783,0.106,8.849,19.04,7.83,46.94,4.84,20.15,1.19,99.99,Install sub-base perimeter slab insulation,Ground conduction is primary heat drain.,-25.48,-20.66,-22.53,0,24
SIM_001170,Hanle,4500.0,FLOOR,INFILTRATION,3.036,1.429,13.354,3.124,11.528,0.437,32.907,9.23,4.34,40.58,9.49,35.03,1.33,100.0,Install sub-base perimeter slab insulation,Ground conduction is primary heat drain.,-27.65,-19.77,-22.59,0,24
SIM_001171,Nyoma,4180.0,ROOF,FLOOR,0.66,8.32,5.487,1.168,1.339,1.525,18.498,3.57,44.98,29.66,6.31,7.24,8.24,100.0,Add 100mm exterior roof insulation,Roof conduction loss dominates envelope heat transfer.,-31.39,-23.45,-26.42,0,24
SIM_001172,Chushul,4350.0,ROOF,FLOOR,1.66,20.93,12.418,0.264,0.221,2.858,38.352,4.33,54.57,32.38,0.69,0.58,7.45,100.0,Add 100mm exterior roof insulation,Roof conduction loss dominates envelope heat transfer.,-27.95,-19.0,-22.6,0,24
SIM_001173,Rezang La,5000.0,FLOOR,GLAZING,2.87,4.534,18.941,5.733,1.057,0.515,33.651,8.53,13.47,56.29,17.04,3.14,1.53,100.0,Install sub-base perimeter slab insulation,Ground conduction is primary heat drain.,-28.24,-23.45,-25.03,0,24
SIM_001174,Pangong,4250.0,FLOOR,WALL,2.19,0.641,10.731,0.094,1.936,0.089,15.681,13.96,4.09,68.43,0.6,12.35,0.57,100.0,Install sub-base perimeter slab insulation,Ground conduction is primary heat drain.,-17.16,-10.2,-13.46,0,24
SIM_001175,Depsang,5330.0,FLOOR,WALL,18.605,1.651,20.011,0.07,0.753,0.254,41.344,45.0,3.99,48.4,0.17,1.82,0.61,99.99,Install sub-base perimeter slab insulation,Ground conduction is primary heat drain.,-30.79,-27.96,-29.36,0,24
SIM_001176,Kargil,2676.0,FLOOR,INFILTRATION,5.456,1.022,17.366,0.303,5.683,0.116,29.946,18.22,3.41,57.99,1.01,18.98,0.39,100.0,Install sub-base perimeter slab insulation,Ground conduction is primary heat drain.,-24.03,-17.39,-20.67,0,24
SIM_001177,Leh,3500.0,FLOOR,INFILTRATION,2.425,1.288,8.911,0.707,5.542,0.092,18.965,12.79,6.79,46.99,3.73,29.22,0.48,100.0,Install sub-base perimeter slab insulation,Ground conduction is primary heat drain.,-9.78,-5.83,-7.4,0,24
SIM_001178,Dras,3280.0,INFILTRATION,WALL,8.645,1.125,8.059,1.233,8.947,0.179,28.19,30.67,3.99,28.59,4.38,31.74,0.64,100.01,Perimeter weatherstripping and door draft seals,High air exchange rate is flushing interior thermal energy.,-28.9,-24.42,-26.22,0,24
SIM_001179,Siachen,5400.0,FLOOR,INFILTRATION,1.126,0.737,4.934,0.188,3.784,0.096,10.865,10.36,6.78,45.42,1.73,34.83,0.88,100.0,Install sub-base perimeter slab insulation,Ground conduction is primary heat drain.,-44.03,-39.65,-41.25,0,24
SIM_001180,Daulat Beg Oldie,5065.0,FLOOR,INFILTRATION,1.087,0.935,9.463,3.058,4.719,0.13,19.392,5.6,4.82,48.8,15.77,24.34,0.67,100.0,Install sub-base perimeter slab insulation,Ground conduction is primary heat drain.,-36.24,-28.72,-31.32,0,24
SIM_001181,Galwan,4300.0,WALL,INFILTRATION,10.447,5.04,7.336,0.435,9.299,0.459,33.016,31.64,15.27,22.22,1.32,28.17,1.39,100.01,Add 75mm exterior insulation (EPS/rockwool),Wall conduction accounts for highest percentage of heat loss.,-27.73,-22.22,-24.81,0,24
SIM_001182,Hanle,4500.0,FLOOR,INFILTRATION,2.995,1.673,4.84,0.038,3.78,0.005,13.33,22.46,12.55,36.31,0.28,28.36,0.04,100.0,Install sub-base perimeter slab insulation,Ground conduction is primary heat drain.,-21.76,-13.54,-17.59,0,24
SIM_001183,Nyoma,4180.0,FLOOR,ROOF,2.276,4.514,5.269,0.487,3.785,0.757,17.089,13.32,26.42,30.83,2.85,22.15,4.43,100.0,Install sub-base perimeter slab insulation,Ground conduction is primary heat drain.,-20.68,-13.64,-17.04,0,24
SIM_001184,Chushul,4350.0,WALL,FLOOR,5.911,1.013,3.233,0.807,2.205,0.078,13.248,44.62,7.65,24.41,6.09,16.65,0.59,100.01,Add 75mm exterior insulation (EPS/rockwool),Wall conduction accounts for highest percentage of heat loss.,-39.07,-31.2,-34.79,0,24
SIM_001185,Rezang La,5000.0,FLOOR,INFILTRATION,4.584,1.379,14.838,0.727,9.514,0.103,31.144,14.72,4.43,47.64,2.33,30.55,0.33,100.0,Install sub-base perimeter slab insulation,Ground conduction is primary heat drain.,-24.98,-20.85,-22.7,0,24
SIM_001186,Pangong,4250.0,FLOOR,ROOF,3.234,4.581,7.552,0.074,1.378,0.186,17.006,19.02,26.94,44.41,0.44,8.1,1.09,100.0,Install sub-base perimeter slab insulation,Ground conduction is primary heat drain.,-29.66,-20.6,-24.02,0,24
SIM_001187,Depsang,5330.0,FLOOR,INFILTRATION,1.019,0.962,8.973,1.326,5.002,0.043,17.325,5.88,5.55,51.79,7.65,28.87,0.25,99.99,Install sub-base perimeter slab insulation,Ground conduction is primary heat drain.,-45.7,-40.87,-42.89,0,24
SIM_001188,Kargil,2676.0,WALL,FLOOR,10.856,3.159,9.927,1.049,0.923,0.149,26.063,41.65,12.12,38.09,4.02,3.54,0.57,99.99,Add 75mm exterior insulation (EPS/rockwool),Wall conduction accounts for highest percentage of heat loss.,-11.91,-10.02,-10.78,0,24
SIM_001189,Leh,3500.0,FLOOR,INFILTRATION,3.95,1.19,9.74,0.158,5.306,0.169,20.512,19.26,5.8,47.48,0.77,25.87,0.82,100.0,Install sub-base perimeter slab insulation,Ground conduction is primary heat drain.,-12.44,-7.3,-9.83,0,24
SIM_001190,Dras,3280.0,FLOOR,INFILTRATION,4.928,1.666,10.268,0.278,6.058,0.13,23.327,21.13,7.14,44.02,1.19,25.97,0.56,100.01,Install sub-base perimeter slab insulation,Ground conduction is primary heat drain.,-22.15,-14.69,-17.54,0,24
SIM_001191,Siachen,5400.0,FLOOR,WALL,4.328,0.773,7.241,0.979,0.386,0.041,13.748,31.48,5.62,52.67,7.12,2.8,0.29,99.98,Install sub-base perimeter slab insulation,Ground conduction is primary heat drain.,-30.95,-28.54,-29.69,0,24
SIM_001192,Daulat Beg Oldie,5065.0,FLOOR,WALL,1.017,0.848,4.058,0.063,0.28,0.029,6.294,16.15,13.47,64.47,1.0,4.45,0.46,100.0,Install sub-base perimeter slab insulation,Ground conduction is primary heat drain.,-47.34,-39.02,-43.14,0,24
SIM_001193,Galwan,4300.0,FLOOR,INFILTRATION,1.028,1.622,6.571,0.075,3.823,0.026,13.145,7.82,12.34,49.99,0.57,29.08,0.2,100.0,Install sub-base perimeter slab insulation,Ground conduction is primary heat drain.,-24.58,-21.28,-23.0,0,24
SIM_001194,Hanle,4500.0,FLOOR,INFILTRATION,1.027,0.461,6.157,0.997,2.888,0.039,11.569,8.88,3.98,53.22,8.62,24.96,0.34,100.0,Install sub-base perimeter slab insulation,Ground conduction is primary heat drain.,-28.49,-21.37,-24.19,0,24
SIM_001195,Nyoma,4180.0,FLOOR,INFILTRATION,4.661,1.127,14.91,1.315,5.63,0.076,27.718,16.81,4.07,53.79,4.74,20.31,0.27,99.99,Install sub-base perimeter slab insulation,Ground conduction is primary heat drain.,-25.04,-20.29,-22.26,0,24
SIM_001196,Chushul,4350.0,FLOOR,INFILTRATION,0.735,0.464,3.718,0.108,2.459,0.067,7.551,9.74,6.14,49.24,1.43,32.56,0.89,100.0,Install sub-base perimeter slab insulation,Ground conduction is primary heat drain.,-29.51,-21.04,-24.92,0,24
SIM_001197,Rezang La,5000.0,WALL,ROOF,7.776,7.447,6.824,0.89,3.883,1.975,28.795,27.0,25.86,23.7,3.09,13.48,6.86,99.99,Add 75mm exterior insulation (EPS/rockwool),Wall conduction accounts for highest percentage of heat loss.,-30.19,-25.7,-27.74,0,24
SIM_001198,Pangong,4250.0,FLOOR,INFILTRATION,1.481,0.972,10.282,1.652,8.559,0.127,23.073,6.42,4.21,44.56,7.16,37.1,0.55,100.0,Install sub-base perimeter slab insulation,Ground conduction is primary heat drain.,-16.84,-10.36,-12.71,0,24
SIM_001199,Depsang,5330.0,FLOOR,WALL,2.854,0.736,6.894,0.633,2.34,0.03,13.486,21.16,5.46,51.12,4.69,17.35,0.22,100.0,Install sub-base perimeter slab insulation,Ground conduction is primary heat drain.,-32.5,-28.53,-30.44,0,24
SIM_001200,Kargil,2676.0,FLOOR,WALL,5.229,1.684,5.367,2.001,3.592,0.14,18.013,29.03,9.35,29.79,11.11,19.94,0.78,100.0,Install sub-base perimeter slab insulation,Ground conduction is primary heat drain.,-25.54,-21.33,-22.99,0,24
SIM_001201,Leh,3500.0,ROOF,FLOOR,1.831,6.689,5.674,1.264,3.902,2.48,21.839,8.38,30.63,25.98,5.79,17.87,11.35,100.0,Add 100mm exterior roof insulation,Roof conduction loss dominates envelope heat transfer.,-14.13,-9.21,-11.14,0,24
SIM_001202,Dras,3280.0,ROOF,FLOOR,4.191,9.712,6.328,0.06,3.306,2.19,25.786,16.25,37.66,24.54,0.23,12.82,8.49,99.99,Add 100mm exterior roof insulation,Roof conduction loss dominates envelope heat transfer.,-29.06,-21.5,-25.14,0,24
SIM_001203,Siachen,5400.0,FLOOR,INFILTRATION,1.995,1.971,12.32,1.046,2.917,0.15,20.399,9.78,9.66,60.39,5.13,14.3,0.74,100.0,Install sub-base perimeter slab insulation,Ground conduction is primary heat drain.,-44.77,-38.47,-41.05,0,24
SIM_001204,Daulat Beg Oldie,5065.0,FLOOR,INFILTRATION,2.543,1.706,13.982,2.654,3.11,0.053,24.048,10.58,7.1,58.14,11.04,12.93,0.22,100.01,Install sub-base perimeter slab insulation,Ground conduction is primary heat drain.,-35.64,-24.13,-28.5,0,24
SIM_001205,Galwan,4300.0,ROOF,FLOOR,1.726,9.797,7.224,0.211,2.876,0.56,22.395,7.71,43.75,32.26,0.94,12.84,2.5,100.0,Add 100mm exterior roof insulation,Roof conduction loss dominates envelope heat transfer.,-31.44,-20.83,-25.54,0,24
SIM_001206,Hanle,4500.0,FLOOR,WALL,9.535,1.872,9.706,2.853,2.299,0.192,26.457,36.04,7.08,36.69,10.78,8.69,0.73,100.01,Install sub-base perimeter slab insulation,Ground conduction is primary heat drain.,-15.94,-12.97,-13.93,0,24
SIM_001207,Nyoma,4180.0,FLOOR,INFILTRATION,1.761,1.09,12.293,0.029,6.712,0.195,22.079,7.97,4.94,55.68,0.13,30.4,0.88,100.0,Install sub-base perimeter slab insulation,Ground conduction is primary heat drain.,-16.86,-10.85,-13.85,0,24
SIM_001208,Chushul,4350.0,FLOOR,INFILTRATION,4.468,1.082,17.725,0.251,7.752,0.165,31.442,14.21,3.44,56.37,0.8,24.65,0.52,99.99,Install sub-base perimeter slab insulation,Ground conduction is primary heat drain.,-37.13,-28.52,-32.75,0,24
SIM_001209,Rezang La,5000.0,ROOF,FLOOR,4.147,19.175,14.76,1.153,5.38,2.871,47.485,8.73,40.38,31.08,2.43,11.33,6.05,100.0,Add 100mm exterior roof insulation,Roof conduction loss dominates envelope heat transfer.,-31.01,-21.5,-25.19,0,24
SIM_001210,Pangong,4250.0,FLOOR,WALL,4.635,1.852,11.008,1.72,0.503,0.095,19.814,23.39,9.35,55.56,8.68,2.54,0.48,100.0,Install sub-base perimeter slab insulation,Ground conduction is primary heat drain.,-21.63,-19.06,-20.17,0,24
SIM_001211,Depsang,5330.0,ROOF,FLOOR,0.897,9.73,8.232,0.519,1.594,1.091,22.063,4.07,44.1,37.31,2.35,7.22,4.94,99.99,Add 100mm exterior roof insulation,Roof conduction loss dominates envelope heat transfer.,-47.38,-39.06,-42.06,0,24
SIM_001212,Kargil,2676.0,FLOOR,INFILTRATION,1.906,1.326,6.387,0.103,4.628,0.098,14.448,13.19,9.17,44.21,0.72,32.03,0.68,100.0,Install sub-base perimeter slab insulation,Ground conduction is primary heat drain.,-15.54,-8.27,-11.61,0,24
SIM_001213,Leh,3500.0,FLOOR,ROOF,1.5,1.754,6.811,0.91,1.533,0.179,12.688,11.82,13.83,53.68,7.17,12.08,1.41,99.99,Install sub-base perimeter slab insulation,Ground conduction is primary heat drain.,-18.37,-8.1,-12.54,0,24
SIM_001214,Dras,3280.0,FLOOR,INFILTRATION,1.223,1.085,3.133,0.102,1.985,0.065,7.593,16.11,14.29,41.26,1.35,26.14,0.85,100.0,Install sub-base perimeter slab insulation,Ground conduction is primary heat drain.,-21.67,-16.88,-19.14,0,24
SIM_001215,Siachen,5400.0,FLOOR,WALL,2.956,1.955,30.637,2.527,2.541,0.082,40.698,7.26,4.8,75.28,6.21,6.24,0.2,99.99,Install sub-base perimeter slab insulation,Ground conduction is primary heat drain.,-27.53,-22.94,-24.77,0,24
SIM_001216,Daulat Beg Oldie,5065.0,FLOOR,WALL,7.46,2.753,8.808,1.179,3.192,0.141,23.533,31.7,11.7,37.43,5.01,13.56,0.6,100.0,Install sub-base perimeter slab insulation,Ground conduction is primary heat drain.,-42.84,-39.72,-40.74,0,24
SIM_001217,Galwan,4300.0,ROOF,FLOOR,0.972,6.078,4.803,0.017,1.143,0.246,13.259,7.33,45.84,36.22,0.13,8.62,1.85,99.99,Add 100mm exterior roof insulation,Roof conduction loss dominates envelope heat transfer.,-27.98,-19.39,-23.06,0,24
SIM_001218,Hanle,4500.0,FLOOR,WALL,3.096,0.79,5.879,0.378,1.423,0.034,11.6,26.69,6.81,50.68,3.26,12.27,0.29,100.0,Install sub-base perimeter slab insulation,Ground conduction is primary heat drain.,-28.73,-21.7,-24.2,0,24
SIM_001219,Nyoma,4180.0,FLOOR,INFILTRATION,1.257,0.853,8.412,0.836,6.299,0.12,17.778,7.07,4.8,47.32,4.7,35.43,0.68,100.0,Install sub-base perimeter slab insulation,Ground conduction is primary heat drain.,-31.65,-25.34,-27.58,0,24
SIM_001220,Chushul,4350.0,FLOOR,INFILTRATION,2.591,1.854,16.572,0.197,6.249,0.082,27.545,9.4,6.73,60.16,0.71,22.69,0.3,99.99,Install sub-base perimeter slab insulation,Ground conduction is primary heat drain.,-20.71,-16.81,-18.74,0,24
SIM_001221,Rezang La,5000.0,FLOOR,INFILTRATION,1.786,0.837,9.798,1.413,4.658,0.083,18.576,9.62,4.5,52.75,7.61,25.08,0.45,100.01,Install sub-base perimeter slab insulation,Ground conduction is primary heat drain.,-31.32,-25.59,-27.67,0,24
SIM_001222,Pangong,4250.0,FLOOR,WALL,3.403,1.421,7.599,0.521,2.823,0.149,15.916,21.38,8.93,47.74,3.27,17.74,0.94,100.0,Install sub-base perimeter slab insulation,Ground conduction is primary heat drain.,-19.58,-11.42,-14.69,0,24
SIM_001223,Depsang,5330.0,FLOOR,ROOF,3.014,5.82,7.16,4.481,1.203,1.562,23.24,12.97,25.04,30.81,19.28,5.18,6.72,100.0,Install sub-base perimeter slab insulation,Ground conduction is primary heat drain.,-33.67,-28.06,-30.6,0,24
SIM_001224,Kargil,2676.0,FLOOR,ROOF,1.023,1.556,2.15,0.203,0.235,0.729,5.896,17.35,26.39,36.46,3.44,3.99,12.37,100.0,Install sub-base perimeter slab insulation,Ground conduction is primary heat drain.,-25.84,-22.03,-23.41,0,24
SIM_001225,Leh,3500.0,WALL,FLOOR,3.52,0.44,2.006,0.147,2.006,0.014,8.132,43.28,5.41,24.67,1.8,24.66,0.17,99.99,Add 75mm exterior insulation (EPS/rockwool),Wall conduction accounts for highest percentage of heat loss.,-11.59,-9.03,-10.37,0,24
SIM_001226,Dras,3280.0,FLOOR,INFILTRATION,2.83,2.483,33.316,1.194,6.786,0.226,46.835,6.04,5.3,71.14,2.55,14.49,0.48,100.0,Install sub-base perimeter slab insulation,Ground conduction is primary heat drain.,-25.22,-17.57,-21.04,0,24
SIM_001227,Siachen,5400.0,WALL,FLOOR,10.062,1.462,8.141,0.7,4.235,0.128,24.728,40.69,5.91,32.92,2.83,17.13,0.52,100.0,Add 75mm exterior insulation (EPS/rockwool),Wall conduction accounts for highest percentage of heat loss.,-42.54,-41.18,-41.86,0,24
SIM_001228,Daulat Beg Oldie,5065.0,FLOOR,INFILTRATION,3.541,2.92,26.915,0.088,5.28,0.259,39.003,9.08,7.49,69.01,0.23,13.54,0.66,100.01,Install sub-base perimeter slab insulation,Ground conduction is primary heat drain.,-29.45,-23.91,-26.73,0,24
SIM_001229,Galwan,4300.0,WALL,ROOF,9.077,7.358,4.337,0.502,1.425,0.295,22.994,39.47,32.0,18.86,2.18,6.2,1.28,99.99,Add 75mm exterior insulation (EPS/rockwool),Wall conduction accounts for highest percentage of heat loss.,-27.89,-21.66,-24.14,0,24
SIM_001230,Hanle,4500.0,FLOOR,WALL,4.298,0.566,9.185,0.361,3.863,0.128,18.402,23.36,3.08,49.92,1.96,20.99,0.7,100.01,Install sub-base perimeter slab insulation,Ground conduction is primary heat drain.,-17.31,-10.93,-13.06,0,24
SIM_001231,Nyoma,4180.0,FLOOR,INFILTRATION,2.123,3.411,11.616,1.062,8.494,0.119,26.825,7.92,12.72,43.3,3.96,31.66,0.45,100.01,Install sub-base perimeter slab insulation,Ground conduction is primary heat drain.,-19.74,-10.84,-15.06,0,24
SIM_001232,Chushul,4350.0,FLOOR,INFILTRATION,2.336,1.811,6.008,1.806,3.042,0.191,15.193,15.37,11.92,39.54,11.88,20.02,1.26,99.99,Install sub-base perimeter slab insulation,Ground conduction is primary heat drain.,-38.92,-34.07,-35.82,0,24
SIM_001233,Rezang La,5000.0,WALL,FLOOR,9.18,1.116,7.917,0.334,5.801,0.092,24.441,37.56,4.57,32.39,1.37,23.74,0.38,100.01,Add 75mm exterior insulation (EPS/rockwool),Wall conduction accounts for highest percentage of heat loss.,-26.85,-22.75,-24.7,0,24
SIM_001234,Pangong,4250.0,FLOOR,INFILTRATION,5.394,1.751,17.39,1.93,9.311,0.069,35.845,15.05,4.88,48.51,5.38,25.98,0.19,99.99,Install sub-base perimeter slab insulation,Ground conduction is primary heat drain.,-25.85,-16.8,-20.3,0,24
SIM_001235,Depsang,5330.0,FLOOR,WALL,2.784,0.979,9.255,0.056,2.625,0.176,15.875,17.54,6.17,58.3,0.36,16.54,1.11,100.02,Install sub-base perimeter slab insulation,Ground conduction is primary heat drain.,-43.01,-38.7,-40.56,0,24
SIM_001236,Kargil,2676.0,FLOOR,WALL,2.556,0.914,8.775,0.329,0.762,0.103,13.439,19.02,6.8,65.3,2.45,5.67,0.76,100.0,Install sub-base perimeter slab insulation,Ground conduction is primary heat drain.,-13.78,-8.51,-10.7,0,24
SIM_001237,Leh,3500.0,WALL,INFILTRATION,3.443,1.937,1.509,0.226,2.102,0.456,9.673,35.59,20.03,15.6,2.33,21.73,4.72,100.0,Add 75mm exterior insulation (EPS/rockwool),Wall conduction accounts for highest percentage of heat loss.,-14.81,-12.2,-13.47,0,24
SIM_001238,Dras,3280.0,ROOF,FLOOR,3.19,12.436,11.153,2.531,0.717,2.256,32.284,9.88,38.52,34.55,7.84,2.22,6.99,100.0,Add 100mm exterior roof insulation,Roof conduction loss dominates envelope heat transfer.,-20.31,-13.31,-15.79,0,24
SIM_001239,Siachen,5400.0,FLOOR,INFILTRATION,0.947,0.98,6.15,0.141,2.811,0.001,11.031,8.59,8.88,55.76,1.28,25.48,0.01,100.0,Install sub-base perimeter slab insulation,Ground conduction is primary heat drain.,-34.68,-29.24,-31.97,0,24
SIM_001240,Daulat Beg Oldie,5065.0,WALL,FLOOR,6.663,4.448,6.193,0.721,0.994,0.801,19.82,33.62,22.44,31.24,3.64,5.02,4.04,100.0,Add 75mm exterior insulation (EPS/rockwool),Wall conduction accounts for highest percentage of heat loss.,-45.1,-40.75,-42.68,0,24
SIM_001241,Galwan,4300.0,FLOOR,ROOF,1.517,2.785,3.883,0.477,2.377,1.757,12.797,11.85,21.77,30.35,3.73,18.57,13.73,100.0,Install sub-base perimeter slab insulation,Ground conduction is primary heat drain.,-26.07,-19.84,-22.67,0,24
SIM_001242,Hanle,4500.0,FLOOR,ROOF,1.579,5.779,6.445,0.336,2.32,0.944,17.403,9.07,33.21,37.03,1.93,13.33,5.43,100.0,Install sub-base perimeter slab insulation,Ground conduction is primary heat drain.,-31.52,-17.62,-23.02,0,24
SIM_001243,Nyoma,4180.0,ROOF,FLOOR,1.488,16.318,13.107,0.244,5.891,1.982,39.032,3.81,41.81,33.58,0.63,15.09,5.08,100.0,Add 100mm exterior roof insulation,Roof conduction loss dominates envelope heat transfer.,-34.63,-24.28,-28.52,0,24
SIM_001244,Chushul,4350.0,FLOOR,INFILTRATION,1.183,2.009,10.31,2.824,6.362,0.182,22.871,5.17,8.79,45.08,12.35,27.82,0.8,100.01,Install sub-base perimeter slab insulation,Ground conduction is primary heat drain.,-26.5,-19.58,-22.07,0,24
SIM_001245,Rezang La,5000.0,FLOOR,WALL,2.306,1.335,7.431,0.293,1.827,0.383,13.574,16.99,9.83,54.75,2.16,13.46,2.82,100.01,Install sub-base perimeter slab insulation,Ground conduction is primary heat drain.,-29.63,-26.79,-28.34,0,24
SIM_001246,Pangong,4250.0,WALL,INFILTRATION,5.855,0.408,3.726,1.213,4.11,0.171,15.483,37.82,2.64,24.06,7.84,26.54,1.1,100.0,Add 75mm exterior insulation (EPS/rockwool),Wall conduction accounts for highest percentage of heat loss.,-18.59,-13.88,-15.69,0,24
SIM_001247,Depsang,5330.0,FLOOR,ROOF,1.093,1.261,5.748,0.404,0.693,0.024,9.223,11.85,13.67,62.32,4.39,7.51,0.25,99.99,Install sub-base perimeter slab insulation,Ground conduction is primary heat drain.,-35.46,-27.94,-31.55,0,24
SIM_001248,Kargil,2676.0,FLOOR,WALL,4.602,1.831,12.503,1.477,2.806,0.065,23.285,19.76,7.86,53.7,6.34,12.05,0.28,99.99,Install sub-base perimeter slab insulation,Ground conduction is primary heat drain.,-25.2,-16.96,-20.01,0,24
SIM_001249,Leh,3500.0,FLOOR,WALL,8.995,1.491,12.089,0.91,0.797,0.159,24.441,36.8,6.1,49.46,3.72,3.26,0.65,99.99,Install sub-base perimeter slab insulation,Ground conduction is primary heat drain.,-7.79,-5.95,-6.55,0,24
SIM_001250,Dras,3280.0,ROOF,FLOOR,1.79,7.544,7.367,0.574,1.493,1.691,20.459,8.75,36.87,36.01,2.8,7.3,8.26,99.99,Add 100mm exterior roof insulation,Roof conduction loss dominates envelope heat transfer.,-26.11,-21.58,-23.78,0,24
SIM_001251,Siachen,5400.0,WALL,FLOOR,10.282,1.756,5.883,0.597,4.522,0.126,23.166,44.39,7.58,25.39,2.58,19.52,0.55,100.01,Add 75mm exterior insulation (EPS/rockwool),Wall conduction accounts for highest percentage of heat loss.,-42.05,-40.25,-41.05,0,24
SIM_001252,Daulat Beg Oldie,5065.0,FLOOR,WALL,4.03,1.015,9.812,0.021,2.75,0.065,17.694,22.77,5.74,55.46,0.12,15.54,0.37,100.0,Install sub-base perimeter slab insulation,Ground conduction is primary heat drain.,-32.68,-29.01,-30.87,0,24
SIM_001253,Galwan,4300.0,ROOF,FLOOR,2.807,14.621,8.96,1.525,1.449,1.856,31.217,8.99,46.84,28.7,4.89,4.64,5.94,100.0,Add 100mm exterior roof insulation,Roof conduction loss dominates envelope heat transfer.,-27.05,-19.59,-22.16,0,24
SIM_001254,Hanle,4500.0,WALL,FLOOR,17.65,1.678,9.438,0.749,6.794,0.157,36.466,48.4,4.6,25.88,2.05,18.63,0.43,99.99,Add 75mm exterior insulation (EPS/rockwool),Wall conduction accounts for highest percentage of heat loss.,-18.49,-11.7,-14.77,0,24
SIM_001255,Nyoma,4180.0,FLOOR,WALL,10.271,1.271,14.757,0.579,3.862,0.339,31.079,33.05,4.09,47.48,1.86,12.43,1.09,100.0,Install sub-base perimeter slab insulation,Ground conduction is primary heat drain.,-17.36,-13.42,-15.41,0,24
SIM_001256,Chushul,4350.0,FLOOR,WALL,7.513,0.912,8.126,1.366,3.993,0.1,22.009,34.13,4.14,36.92,6.21,18.14,0.45,99.99,Install sub-base perimeter slab insulation,Ground conduction is primary heat drain.,-35.18,-33.26,-33.88,0,24
SIM_001257,Rezang La,5000.0,FLOOR,INFILTRATION,3.052,2.735,13.157,0.343,8.689,0.393,28.369,10.76,9.64,46.38,1.21,30.63,1.38,100.0,Install sub-base perimeter slab insulation,Ground conduction is primary heat drain.,-26.22,-21.77,-23.95,0,24
SIM_001258,Pangong,4250.0,FLOOR,WALL,4.681,1.773,13.248,1.844,4.098,0.168,25.811,18.13,6.87,51.33,7.14,15.88,0.65,100.0,Install sub-base perimeter slab insulation,Ground conduction is primary heat drain.,-25.39,-17.58,-20.63,0,24
SIM_001259,Depsang,5330.0,FLOOR,WALL,4.44,1.231,8.783,0.655,3.078,0.356,18.542,23.94,6.64,47.37,3.53,16.6,1.92,100.0,Install sub-base perimeter slab insulation,Ground conduction is primary heat drain.,-48.2,-38.88,-42.44,0,24
SIM_001260,Kargil,2676.0,FLOOR,INFILTRATION,1.24,0.675,5.627,0.032,4.437,0.097,12.107,10.24,5.57,46.48,0.26,36.65,0.8,100.0,Install sub-base perimeter slab insulation,Ground conduction is primary heat drain.,-15.19,-9.56,-12.29,0,24
SIM_001261,Leh,3500.0,FLOOR,INFILTRATION,4.333,4.155,27.689,2.077,12.282,0.295,50.83,8.52,8.17,54.47,4.09,24.16,0.58,99.99,Install sub-base perimeter slab insulation,Ground conduction is primary heat drain.,-10.27,-5.31,-6.96,0,24
SIM_001262,Dras,3280.0,FLOOR,WALL,8.083,1.199,8.167,0.623,5.964,0.122,24.158,33.46,4.96,33.81,2.58,24.69,0.51,100.01,Install sub-base perimeter slab insulation,Ground conduction is primary heat drain.,-17.22,-14.36,-15.49,0,24
SIM_001263,Siachen,5400.0,FLOOR,GLAZING,1.602,0.54,6.126,1.683,0.24,0.128,10.32,15.53,5.24,59.36,16.31,2.33,1.24,100.01,Install sub-base perimeter slab insulation,Ground conduction is primary heat drain.,-35.47,-27.25,-30.75,0,24
SIM_001264,Daulat Beg Oldie,5065.0,FLOOR,INFILTRATION,1.068,0.932,8.845,3.263,3.914,0.287,18.31,5.83,5.09,48.31,17.82,21.37,1.57,99.99,Install sub-base perimeter slab insulation,Ground conduction is primary heat drain.,-47.73,-39.31,-42.48,0,24
SIM_001265,Galwan,4300.0,FLOOR,INFILTRATION,0.631,0.206,3.435,0.21,2.344,0.077,6.903,9.14,2.99,49.76,3.05,33.96,1.12,100.02,Install sub-base perimeter slab insulation,Ground conduction is primary heat drain.,-24.89,-20.98,-22.7,0,24
SIM_001266,Hanle,4500.0,FLOOR,INFILTRATION,1.526,4.176,17.114,1.784,6.165,0.734,31.498,4.84,13.26,54.33,5.66,19.57,2.33,99.99,Install sub-base perimeter slab insulation,Ground conduction is primary heat drain.,-25.68,-18.34,-21.66,0,24
SIM_001267,Nyoma,4180.0,WALL,FLOOR,7.57,1.179,7.429,1.711,5.319,0.271,23.479,32.24,5.02,31.64,7.29,22.66,1.15,100.0,Add 75mm exterior insulation (EPS/rockwool),Wall conduction accounts for highest percentage of heat loss.,-30.49,-26.64,-28.37,0,24
SIM_001268,Chushul,4350.0,ROOF,FLOOR,2.139,8.278,5.763,1.148,1.184,1.425,19.938,10.73,41.52,28.9,5.76,5.94,7.15,100.0,Add 100mm exterior roof insulation,Roof conduction loss dominates envelope heat transfer.,-30.78,-19.74,-23.65,0,24
SIM_001269,Rezang La,5000.0,FLOOR,INFILTRATION,1.07,0.634,5.779,0.198,3.469,0.081,11.232,9.53,5.65,51.45,1.77,30.88,0.72,100.0,Install sub-base perimeter slab insulation,Ground conduction is primary heat drain.,-27.58,-24.17,-25.6,0,24
SIM_001270,Pangong,4250.0,FLOOR,WALL,3.868,2.088,19.877,0.195,1.311,0.199,27.538,14.05,7.58,72.18,0.71,4.76,0.72,100.0,Install sub-base perimeter slab insulation,Ground conduction is primary heat drain.,-14.98,-8.36,-11.66,0,24
SIM_001271,Depsang,5330.0,FLOOR,INFILTRATION,2.412,2.035,8.491,3.499,5.379,0.3,22.117,10.91,9.2,38.39,15.82,24.32,1.36,100.0,Install sub-base perimeter slab insulation,Ground conduction is primary heat drain.,-32.84,-26.2,-29.12,0,24
SIM_001272,Kargil,2676.0,FLOOR,WALL,5.06,0.772,11.191,4.527,3.165,0.052,24.767,20.43,3.12,45.18,18.28,12.78,0.21,100.0,Install sub-base perimeter slab insulation,Ground conduction is primary heat drain.,-24.59,-17.73,-20.24,0,24
SIM_001273,Leh,3500.0,WALL,FLOOR,1.688,1.071,1.245,0.087,0.436,0.12,4.647,36.32,23.05,26.8,1.87,9.38,2.58,100.0,Add 75mm exterior insulation (EPS/rockwool),Wall conduction accounts for highest percentage of heat loss.,-13.65,-9.37,-11.49,0,24
SIM_001274,Dras,3280.0,FLOOR,INFILTRATION,3.31,1.004,13.593,0.786,3.975,0.101,22.767,14.54,4.41,59.7,3.45,17.46,0.44,100.0,Install sub-base perimeter slab insulation,Ground conduction is primary heat drain.,-26.04,-18.17,-21.73,0,24
SIM_001275,Siachen,5400.0,FLOOR,INFILTRATION,2.514,0.626,7.455,0.958,3.288,0.133,14.974,16.79,4.18,49.79,6.4,21.96,0.89,100.01,Install sub-base perimeter slab insulation,Ground conduction is primary heat drain.,-46.81,-39.76,-42.22,0,24
SIM_001276,Daulat Beg Oldie,5065.0,FLOOR,INFILTRATION,0.626,0.065,1.85,0.048,1.193,0.05,3.831,16.34,1.69,48.29,1.24,31.14,1.3,100.0,Install sub-base perimeter slab insulation,Ground conduction is primary heat drain.,-34.0,-31.46,-32.79,0,24
SIM_001277,Galwan,4300.0,FLOOR,WALL,7.071,1.029,8.352,2.059,5.724,0.196,24.431,28.94,4.21,34.18,8.43,23.43,0.8,99.99,Install sub-base perimeter slab insulation,Ground conduction is primary heat drain.,-26.22,-22.01,-23.53,0,24
SIM_001278,Hanle,4500.0,WALL,FLOOR,18.85,3.467,14.079,2.687,7.793,1.024,47.899,39.35,7.24,29.39,5.61,16.27,2.14,100.0,Add 75mm exterior insulation (EPS/rockwool),Wall conduction accounts for highest percentage of heat loss.,-16.93,-11.8,-14.07,0,24
SIM_001279,Nyoma,4180.0,FLOOR,WALL,2.552,1.032,7.378,0.691,1.017,0.038,12.709,20.08,8.12,58.05,5.44,8.0,0.3,99.99,Install sub-base perimeter slab insulation,Ground conduction is primary heat drain.,-21.28,-12.96,-16.68,0,24
SIM_001280,Chushul,4350.0,ROOF,FLOOR,4.051,19.532,15.391,1.424,2.128,1.684,44.209,9.16,44.18,34.81,3.22,4.81,3.81,99.99,Add 100mm exterior roof insulation,Roof conduction loss dominates envelope heat transfer.,-39.6,-31.5,-34.46,0,24
SIM_001281,Rezang La,5000.0,FLOOR,WALL,1.171,0.718,2.948,0.339,0.646,0.064,5.886,19.89,12.2,50.08,5.77,10.97,1.08,99.99,Install sub-base perimeter slab insulation,Ground conduction is primary heat drain.,-32.17,-23.29,-26.97,0,24
SIM_001282,Pangong,4250.0,WALL,FLOOR,7.308,0.431,4.624,0.68,2.06,0.036,15.139,48.27,2.84,30.54,4.49,13.61,0.24,99.99,Add 75mm exterior insulation (EPS/rockwool),Wall conduction accounts for highest percentage of heat loss.,-24.75,-20.49,-22.3,0,24
SIM_001283,Depsang,5330.0,WALL,INFILTRATION,8.212,0.992,6.781,0.335,7.765,0.334,24.42,33.63,4.06,27.77,1.37,31.8,1.37,100.0,Add 75mm exterior insulation (EPS/rockwool),Wall conduction accounts for highest percentage of heat loss.,-44.66,-40.54,-42.52,0,24
SIM_001284,Kargil,2676.0,FLOOR,INFILTRATION,1.854,2.092,8.433,0.566,4.175,0.349,17.468,10.61,11.98,48.27,3.24,23.9,2.0,100.0,Install sub-base perimeter slab insulation,Ground conduction is primary heat drain.,-13.28,-10.49,-11.59,0,24
SIM_001285,Leh,3500.0,FLOOR,INFILTRATION,1.045,0.748,4.414,0.201,1.87,0.042,8.32,12.56,8.98,53.06,2.41,22.48,0.51,100.0,Install sub-base perimeter slab insulation,Ground conduction is primary heat drain.,-13.14,-9.1,-11.03,0,24
SIM_001286,Dras,3280.0,FLOOR,WALL,5.495,2.358,27.479,3.412,4.044,0.127,42.914,12.8,5.49,64.03,7.95,9.42,0.3,99.99,Install sub-base perimeter slab insulation,Ground conduction is primary heat drain.,-19.44,-10.2,-13.75,0,24
SIM_001287,Siachen,5400.0,FLOOR,WALL,4.327,1.12,15.375,0.878,3.926,0.046,25.672,16.85,4.36,59.89,3.42,15.29,0.18,99.99,Install sub-base perimeter slab insulation,Ground conduction is primary heat drain.,-28.31,-24.94,-26.48,0,24
SIM_001288,Daulat Beg Oldie,5065.0,FLOOR,INFILTRATION,3.732,1.447,14.799,4.095,8.002,0.171,32.246,11.57,4.49,45.89,12.7,24.82,0.53,100.0,Install sub-base perimeter slab insulation,Ground conduction is primary heat drain.,-47.71,-36.53,-40.46,0,24
SIM_001289,Galwan,4300.0,WALL,INFILTRATION,5.222,0.535,3.927,0.09,4.514,0.185,14.474,36.08,3.69,27.13,0.63,31.19,1.28,100.0,Add 75mm exterior insulation (EPS/rockwool),Wall conduction accounts for highest percentage of heat loss.,-24.43,-21.06,-22.76,0,24
SIM_001290,Hanle,4500.0,FLOOR,INFILTRATION,1.285,2.441,13.504,2.585,6.833,0.202,26.85,4.79,9.09,50.29,9.63,25.45,0.75,100.0,Install sub-base perimeter slab insulation,Ground conduction is primary heat drain.,-27.37,-18.67,-21.67,0,24
SIM_001291,Nyoma,4180.0,FLOOR,INFILTRATION,2.104,1.246,12.849,0.94,8.903,0.101,26.144,8.05,4.77,49.15,3.59,34.06,0.39,100.01,Install sub-base perimeter slab insulation,Ground conduction is primary heat drain.,-31.78,-20.24,-24.86,0,24
SIM_001292,Chushul,4350.0,FLOOR,INFILTRATION,4.223,3.668,15.291,1.183,7.272,0.387,32.024,13.19,11.45,47.75,3.69,22.71,1.21,100.0,Install sub-base perimeter slab insulation,Ground conduction is primary heat drain.,-24.98,-17.34,-20.91,0,24
SIM_001293,Rezang La,5000.0,ROOF,FLOOR,2.331,9.331,5.416,0.818,1.225,1.06,20.182,11.55,46.24,26.83,4.05,6.07,5.25,99.99,Add 100mm exterior roof insulation,Roof conduction loss dominates envelope heat transfer.,-32.27,-25.68,-27.97,0,24
SIM_001294,Pangong,4250.0,FLOOR,INFILTRATION,4.167,1.78,17.794,1.112,12.57,0.138,37.56,11.09,4.74,47.37,2.96,33.47,0.37,100.0,Install sub-base perimeter slab insulation,Ground conduction is primary heat drain.,-15.4,-10.35,-12.08,0,24
SIM_001295,Depsang,5330.0,WALL,FLOOR,8.929,0.956,5.426,3.198,1.992,0.017,20.518,43.52,4.66,26.44,15.59,9.71,0.08,100.0,Add 75mm exterior insulation (EPS/rockwool),Wall conduction accounts for highest percentage of heat loss.,-32.96,-30.96,-31.87,0,24
SIM_001296,Kargil,2676.0,FLOOR,INFILTRATION,2.644,0.954,11.271,0.485,5.506,0.054,20.914,12.64,4.56,53.89,2.32,26.33,0.26,100.0,Install sub-base perimeter slab insulation,Ground conduction is primary heat drain.,-25.59,-17.09,-20.17,0,24
SIM_001297,Leh,3500.0,ROOF,FLOOR,4.051,5.402,4.694,0.874,4.039,3.737,22.796,17.77,23.7,20.59,3.83,17.72,16.39,100.0,Add 100mm exterior roof insulation,Roof conduction loss dominates envelope heat transfer.,-15.92,-7.77,-11.36,0,24
SIM_001298,Dras,3280.0,ROOF,WALL,9.222,10.469,7.585,1.378,4.954,0.397,34.004,27.12,30.79,22.31,4.05,14.57,1.17,100.01,Add 100mm exterior roof insulation,Roof conduction loss dominates envelope heat transfer.,-29.09,-23.14,-25.38,0,24
SIM_001299,Siachen,5400.0,FLOOR,ROOF,2.355,4.359,5.626,1.368,0.4,0.986,15.094,15.6,28.88,37.27,9.06,2.65,6.54,100.0,Install sub-base perimeter slab insulation,Ground conduction is primary heat drain.,-46.35,-39.87,-41.97,0,24
SIM_001300,Daulat Beg Oldie,5065.0,ROOF,WALL,5.186,8.894,3.291,0.085,1.026,0.346,18.829,27.54,47.24,17.48,0.45,5.45,1.84,100.0,Add 100mm exterior roof insulation,Roof conduction loss dominates envelope heat transfer.,-35.79,-31.14,-33.11,0,24
SIM_001301,Galwan,4300.0,ROOF,FLOOR,5.388,11.692,11.025,1.216,3.683,2.688,35.691,15.1,32.76,30.89,3.41,10.32,7.53,100.01,Add 100mm exterior roof insulation,Roof conduction loss dominates envelope heat transfer.,-26.97,-19.91,-22.58,0,24
SIM_001302,Hanle,4500.0,FLOOR,INFILTRATION,1.105,3.513,12.045,3.108,6.846,0.366,26.982,4.09,13.02,44.64,11.52,25.37,1.36,100.0,Install sub-base perimeter slab insulation,Ground conduction is primary heat drain.,-20.92,-12.61,-15.75,0,24
SIM_001303,Nyoma,4180.0,FLOOR,ROOF,3.553,9.512,12.293,0.347,5.902,2.913,34.519,10.29,27.56,35.61,1.01,17.1,8.44,100.01,Install sub-base perimeter slab insulation,Ground conduction is primary heat drain.,-21.08,-11.27,-16.07,0,24
SIM_001304,Chushul,4350.0,FLOOR,INFILTRATION,3.344,1.715,18.334,0.395,7.147,0.29,31.224,10.71,5.49,58.72,1.26,22.89,0.93,100.0,Install sub-base perimeter slab insulation,Ground conduction is primary heat drain.,-38.77,-29.53,-33.96,0,24
SIM_001305,Rezang La,5000.0,FLOOR,INFILTRATION,1.669,1.908,13.106,0.936,5.566,0.107,23.292,7.16,8.19,56.27,4.02,23.9,0.46,100.0,Install sub-base perimeter slab insulation,Ground conduction is primary heat drain.,-27.28,-22.18,-24.04,0,24
SIM_001306,Pangong,4250.0,FLOOR,INFILTRATION,2.532,2.326,16.833,4.35,10.725,0.268,37.033,6.84,6.28,45.45,11.75,28.96,0.72,100.0,Install sub-base perimeter slab insulation,Ground conduction is primary heat drain.,-25.53,-16.94,-20.45,0,24
SIM_001307,Depsang,5330.0,ROOF,FLOOR,1.499,5.518,4.477,0.454,1.452,1.976,15.377,9.75,35.88,29.11,2.95,9.44,12.85,99.98,Add 100mm exterior roof insulation,Roof conduction loss dominates envelope heat transfer.,-47.18,-40.52,-43.35,0,24
SIM_001308,Kargil,2676.0,FLOOR,WALL,6.223,0.929,16.029,0.549,1.863,0.124,25.717,24.2,3.61,62.33,2.13,7.24,0.48,99.99,Install sub-base perimeter slab insulation,Ground conduction is primary heat drain.,-11.31,-7.42,-9.2,0,24
SIM_001309,Leh,3500.0,WALL,FLOOR,10.378,0.443,6.133,0.756,5.104,0.116,22.931,45.26,1.93,26.75,3.3,22.26,0.51,100.01,Add 75mm exterior insulation (EPS/rockwool),Wall conduction accounts for highest percentage of heat loss.,-14.2,-9.01,-11.54,0,24
SIM_001310,Dras,3280.0,FLOOR,INFILTRATION,1.854,0.802,13.527,0.501,12.336,0.091,29.111,6.37,2.76,46.47,1.72,42.38,0.31,100.01,Install sub-base perimeter slab insulation,Ground conduction is primary heat drain.,-19.69,-11.01,-15.0,0,24
SIM_001311,Siachen,5400.0,FLOOR,INFILTRATION,1.088,0.358,3.717,0.011,1.452,0.003,6.629,16.42,5.4,56.07,0.17,21.9,0.04,100.0,Install sub-base perimeter slab insulation,Ground conduction is primary heat drain.,-33.89,-29.62,-31.72,0,24
SIM_001312,Daulat Beg Oldie,5065.0,FLOOR,WALL,7.756,0.358,8.707,0.012,3.053,0.189,20.075,38.63,1.78,43.37,0.06,15.21,0.94,99.99,Install sub-base perimeter slab insulation,Ground conduction is primary heat drain.,-44.27,-40.93,-42.61,0,24
SIM_001313,Galwan,4300.0,ROOF,SKY_RADIATION,2.236,7.041,3.619,0.251,0.937,3.659,17.743,12.6,39.68,20.4,1.42,5.28,20.62,100.0,Add 100mm exterior roof insulation,Roof conduction loss dominates envelope heat transfer.,-27.75,-20.44,-23.78,0,24
SIM_001314,Hanle,4500.0,WALL,FLOOR,17.625,0.794,10.543,0.884,7.481,0.196,37.524,46.97,2.12,28.1,2.36,19.94,0.52,100.01,Add 75mm exterior insulation (EPS/rockwool),Wall conduction accounts for highest percentage of heat loss.,-26.13,-20.0,-22.96,0,24
SIM_001315,Nyoma,4180.0,FLOOR,GLAZING,1.47,0.561,10.106,1.784,0.894,0.053,14.868,9.89,3.78,67.97,12.0,6.01,0.36,100.01,Install sub-base perimeter slab insulation,Ground conduction is primary heat drain.,-29.19,-22.17,-24.55,0,24
SIM_001316,Chushul,4350.0,FLOOR,INFILTRATION,0.641,1.044,3.777,0.125,3.277,0.141,9.004,7.11,11.59,41.95,1.39,36.4,1.56,100.0,Install sub-base perimeter slab insulation,Ground conduction is primary heat drain.,-28.21,-21.58,-24.87,0,24
SIM_001317,Rezang La,5000.0,FLOOR,INFILTRATION,1.366,0.571,7.204,1.511,4.451,0.059,15.162,9.01,3.77,47.51,9.97,29.35,0.39,100.0,Install sub-base perimeter slab insulation,Ground conduction is primary heat drain.,-30.77,-23.32,-25.91,0,24
SIM_001318,Pangong,4250.0,ROOF,FLOOR,0.924,7.855,7.686,0.01,3.008,0.13,19.613,4.71,40.05,39.19,0.05,15.34,0.66,100.0,Add 100mm exterior roof insulation,Roof conduction loss dominates envelope heat transfer.,-22.68,-12.34,-16.89,0,24
SIM_001319,Depsang,5330.0,FLOOR,ROOF,1.314,6.625,8.75,0.732,1.031,0.073,18.526,7.09,35.76,47.23,3.95,5.57,0.4,100.0,Install sub-base perimeter slab insulation,Ground conduction is primary heat drain.,-37.76,-28.94,-32.67,0,24
SIM_001320,Kargil,2676.0,FLOOR,ROOF,0.481,0.757,2.631,0.22,0.416,0.064,4.568,10.54,16.57,57.59,4.81,9.1,1.39,100.0,Install sub-base perimeter slab insulation,Ground conduction is primary heat drain.,-24.87,-22.53,-23.5,0,24
SIM_001321,Leh,3500.0,WALL,FLOOR,5.779,0.875,5.279,0.078,0.945,0.08,13.035,44.34,6.71,40.49,0.6,7.25,0.62,100.01,Add 75mm exterior insulation (EPS/rockwool),Wall conduction accounts for highest percentage of heat loss.,-9.99,-6.69,-8.37,0,24
SIM_001322,Dras,3280.0,FLOOR,WALL,3.129,1.219,9.786,0.329,0.302,0.243,15.008,20.85,8.12,65.2,2.2,2.01,1.62,100.0,Install sub-base perimeter slab insulation,Ground conduction is primary heat drain.,-27.0,-22.15,-24.67,0,24
SIM_001323,Siachen,5400.0,FLOOR,INFILTRATION,2.438,0.925,5.842,0.32,4.002,0.056,13.583,17.95,6.81,43.01,2.35,29.46,0.41,99.99,Install sub-base perimeter slab insulation,Ground conduction is primary heat drain.,-43.79,-37.42,-40.27,0,24
SIM_001324,Daulat Beg Oldie,5065.0,FLOOR,INFILTRATION,4.001,2.608,14.955,1.794,10.967,0.181,34.505,11.6,7.56,43.34,5.2,31.78,0.52,100.0,Install sub-base perimeter slab insulation,Ground conduction is primary heat drain.,-34.64,-27.1,-29.6,0,24
SIM_001325,Galwan,4300.0,FLOOR,INFILTRATION,3.977,4.56,23.59,2.242,17.764,0.376,52.508,7.57,8.68,44.93,4.27,33.83,0.72,100.0,Install sub-base perimeter slab insulation,Ground conduction is primary heat drain.,-22.79,-18.32,-19.86,0,24
SIM_001326,Hanle,4500.0,FLOOR,INFILTRATION,1.938,2.669,9.751,1.341,2.754,0.144,18.597,10.42,14.35,52.43,7.21,14.81,0.78,100.0,Install sub-base perimeter slab insulation,Ground conduction is primary heat drain.,-18.36,-12.2,-14.58,0,24
SIM_001327,Nyoma,4180.0,FLOOR,WALL,2.955,1.143,3.976,0.882,0.428,0.007,9.391,31.47,12.17,42.34,9.39,4.56,0.08,100.01,Install sub-base perimeter slab insulation,Ground conduction is primary heat drain.,-22.11,-13.43,-17.32,0,24
SIM_001328,Chushul,4350.0,FLOOR,WALL,5.205,1.416,6.211,1.365,3.442,0.171,17.811,29.23,7.95,34.87,7.66,19.33,0.96,100.0,Install sub-base perimeter slab insulation,Ground conduction is primary heat drain.,-38.64,-33.85,-35.51,0,24
SIM_001329,Rezang La,5000.0,WALL,FLOOR,6.842,1.241,4.583,1.769,3.407,0.124,17.967,38.08,6.91,25.51,9.85,18.96,0.69,100.0,Add 75mm exterior insulation (EPS/rockwool),Wall conduction accounts for highest percentage of heat loss.,-26.36,-24.4,-25.0,0,24
SIM_001330,Pangong,4250.0,FLOOR,INFILTRATION,1.838,2.16,13.795,1.152,7.421,0.1,26.466,6.94,8.16,52.12,4.35,28.04,0.38,99.99,Install sub-base perimeter slab insulation,Ground conduction is primary heat drain.,-24.15,-17.11,-19.53,0,24
SIM_001331,Depsang,5330.0,FLOOR,ROOF,0.943,2.417,7.037,1.151,0.696,0.2,12.445,7.58,19.42,56.55,9.25,5.6,1.61,100.01,Install sub-base perimeter slab insulation,Ground conduction is primary heat drain.,-47.17,-40.78,-43.13,0,24
SIM_001332,Kargil,2676.0,FLOOR,INFILTRATION,1.71,1.787,7.6,0.074,4.091,0.207,15.47,11.06,11.55,49.13,0.48,26.45,1.34,100.01,Install sub-base perimeter slab insulation,Ground conduction is primary heat drain.,-14.68,-10.37,-12.55,0,24
SIM_001333,Leh,3500.0,FLOOR,INFILTRATION,2.496,1.823,13.142,2.04,3.815,0.197,23.513,10.62,7.75,55.89,8.68,16.23,0.84,100.01,Install sub-base perimeter slab insulation,Ground conduction is primary heat drain.,-14.61,-6.61,-10.09,0,24
SIM_001334,Dras,3280.0,FLOOR,ROOF,1.829,4.957,5.817,2.713,3.2,1.3,19.816,9.23,25.02,29.36,13.69,16.15,6.56,100.01,Install sub-base perimeter slab insulation,Ground conduction is primary heat drain.,-20.96,-13.3,-16.18,0,24
SIM_001335,Siachen,5400.0,FLOOR,INFILTRATION,2.991,0.645,9.887,1.626,4.095,0.049,19.294,15.5,3.35,51.25,8.43,21.22,0.25,100.0,Install sub-base perimeter slab insulation,Ground conduction is primary heat drain.,-31.89,-27.32,-29.01,0,24
SIM_001336,Daulat Beg Oldie,5065.0,WALL,FLOOR,5.163,0.176,3.796,0.811,1.776,0.096,11.819,43.69,1.49,32.12,6.86,15.03,0.81,100.0,Add 75mm exterior insulation (EPS/rockwool),Wall conduction accounts for highest percentage of heat loss.,-45.58,-42.52,-43.97,0,24
SIM_001337,Galwan,4300.0,FLOOR,ROOF,1.269,1.527,4.963,0.644,0.757,0.163,9.324,13.61,16.38,53.23,6.91,8.12,1.75,100.0,Install sub-base perimeter slab insulation,Ground conduction is primary heat drain.,-27.18,-18.26,-21.88,0,24
SIM_001338,Hanle,4500.0,INFILTRATION,FLOOR,1.583,0.465,5.021,0.26,5.047,0.294,12.668,12.49,3.67,39.63,2.05,39.84,2.32,100.0,Perimeter weatherstripping and door draft seals,High air exchange rate is flushing interior thermal energy.,-27.94,-22.07,-25.01,0,24
SIM_001339,Nyoma,4180.0,WALL,FLOOR,10.418,1.573,10.237,1.721,7.957,0.125,32.031,32.52,4.91,31.96,5.37,24.84,0.39,99.99,Add 75mm exterior insulation (EPS/rockwool),Wall conduction accounts for highest percentage of heat loss.,-28.27,-24.61,-26.04,0,24
SIM_001340,Chushul,4350.0,FLOOR,INFILTRATION,2.129,2.113,9.243,1.415,4.968,0.165,20.033,10.63,10.55,46.14,7.06,24.8,0.83,100.01,Install sub-base perimeter slab insulation,Ground conduction is primary heat drain.,-30.38,-19.81,-23.51,0,24
SIM_001341,Rezang La,5000.0,FLOOR,INFILTRATION,1.094,1.206,10.859,0.768,6.316,0.246,20.488,5.34,5.89,53.0,3.75,30.83,1.2,100.01,Install sub-base perimeter slab insulation,Ground conduction is primary heat drain.,-31.86,-23.81,-27.69,0,24
SIM_001342,Pangong,4250.0,FLOOR,INFILTRATION,3.73,3.679,9.945,0.948,4.114,0.279,22.696,16.44,16.21,43.82,4.18,18.13,1.23,100.01,Install sub-base perimeter slab insulation,Ground conduction is primary heat drain.,-15.81,-11.7,-13.02,0,24
SIM_001343,Depsang,5330.0,FLOOR,INFILTRATION,2.43,1.302,14.934,0.461,6.595,0.211,25.933,9.37,5.02,57.59,1.78,25.43,0.81,100.0,Install sub-base perimeter slab insulation,Ground conduction is primary heat drain.,-31.63,-27.14,-29.35,0,24
SIM_001344,Kargil,2676.0,FLOOR,INFILTRATION,1.65,3.586,15.367,0.26,8.921,0.253,30.036,5.49,11.94,51.16,0.86,29.7,0.84,99.99,Install sub-base perimeter slab insulation,Ground conduction is primary heat drain.,-24.67,-16.27,-20.29,0,24
SIM_001345,Leh,3500.0,ROOF,FLOOR,0.77,6.906,6.18,0.01,1.09,0.173,15.129,5.09,45.65,40.85,0.07,7.2,1.14,100.0,Add 100mm exterior roof insulation,Roof conduction loss dominates envelope heat transfer.,-17.33,-7.67,-11.81,0,24
SIM_001346,Dras,3280.0,WALL,FLOOR,5.943,1.022,4.134,0.437,3.193,0.028,14.758,40.27,6.93,28.01,2.96,21.64,0.19,100.0,Add 75mm exterior insulation (EPS/rockwool),Wall conduction accounts for highest percentage of heat loss.,-29.04,-24.04,-26.56,0,24
SIM_001347,Siachen,5400.0,FLOOR,INFILTRATION,1.435,0.954,11.363,0.55,2.513,0.091,16.906,8.49,5.64,67.21,3.25,14.86,0.54,99.99,Install sub-base perimeter slab insulation,Ground conduction is primary heat drain.,-42.4,-38.75,-39.96,0,24
SIM_001348,Daulat Beg Oldie,5065.0,FLOOR,INFILTRATION,3.419,1.11,9.732,0.997,4.109,0.136,19.503,17.53,5.69,49.9,5.11,21.07,0.7,100.0,Install sub-base perimeter slab insulation,Ground conduction is primary heat drain.,-36.41,-28.28,-31.39,0,24
SIM_001349,Galwan,4300.0,FLOOR,ROOF,3.221,5.64,8.126,0.039,2.286,0.172,19.484,16.53,28.95,41.7,0.2,11.73,0.88,99.99,Install sub-base perimeter slab insulation,Ground conduction is primary heat drain.,-31.35,-20.97,-25.26,0,24
SIM_001350,Hanle,4500.0,WALL,FLOOR,12.397,2.129,8.731,1.482,4.725,0.097,29.561,41.94,7.2,29.54,5.01,15.98,0.33,100.0,Add 75mm exterior insulation (EPS/rockwool),Wall conduction accounts for highest percentage of heat loss.,-17.59,-13.38,-15.19,0,24
SIM_001351,Nyoma,4180.0,WALL,FLOOR,10.222,0.67,7.893,0.597,3.311,0.007,22.701,45.03,2.95,34.77,2.63,14.58,0.03,99.99,Add 75mm exterior insulation (EPS/rockwool),Wall conduction accounts for highest percentage of heat loss.,-18.38,-15.03,-16.75,0,24
SIM_001352,Chushul,4350.0,FLOOR,GLAZING,2.377,0.502,6.181,3.093,1.926,0.047,14.126,16.83,3.55,43.75,21.9,13.63,0.33,99.99,Install sub-base perimeter slab insulation,Ground conduction is primary heat drain.,-39.35,-28.68,-32.85,0,24
SIM_001353,Rezang La,5000.0,FLOOR,INFILTRATION,1.157,0.827,9.59,0.032,7.422,0.335,19.362,5.98,4.27,49.53,0.16,38.33,1.73,100.0,Install sub-base perimeter slab insulation,Ground conduction is primary heat drain.,-30.77,-21.88,-26.28,0,24
SIM_001354,Pangong,4250.0,FLOOR,ROOF,2.38,5.423,6.335,0.08,2.096,1.534,17.848,13.33,30.39,35.49,0.45,11.75,8.59,100.0,Install sub-base perimeter slab insulation,Ground conduction is primary heat drain.,-25.54,-19.19,-22.07,0,24
SIM_001355,Depsang,5330.0,ROOF,FLOOR,3.109,11.794,9.269,0.935,4.756,1.589,31.452,9.89,37.5,29.47,2.97,15.12,5.05,100.0,Add 100mm exterior roof insulation,Roof conduction loss dominates envelope heat transfer.,-47.9,-39.18,-42.51,0,24
SIM_001356,Kargil,2676.0,FLOOR,ROOF,3.252,4.465,5.143,1.123,0.869,1.321,16.173,20.11,27.61,31.8,6.94,5.37,8.17,100.0,Install sub-base perimeter slab insulation,Ground conduction is primary heat drain.,-15.0,-10.39,-12.01,0,24
SIM_001357,Leh,3500.0,FLOOR,INFILTRATION,0.815,0.457,4.013,0.236,3.435,0.2,9.157,8.9,4.99,43.82,2.58,37.52,2.19,100.0,Install sub-base perimeter slab insulation,Ground conduction is primary heat drain.,-16.26,-9.72,-12.94,0,24
SIM_001358,Dras,3280.0,FLOOR,INFILTRATION,2.158,3.256,16.763,1.269,8.789,0.366,32.601,6.62,9.99,51.42,3.89,26.96,1.12,100.0,Install sub-base perimeter slab insulation,Ground conduction is primary heat drain.,-19.33,-13.22,-15.72,0,24
SIM_001359,Siachen,5400.0,FLOOR,WALL,6.211,1.397,8.112,0.709,4.531,0.019,20.978,29.61,6.66,38.67,3.38,21.6,0.09,100.01,Install sub-base perimeter slab insulation,Ground conduction is primary heat drain.,-32.28,-29.65,-30.78,0,24
SIM_001360,Daulat Beg Oldie,5065.0,FLOOR,WALL,3.103,0.615,5.936,0.941,1.65,0.387,12.633,24.56,4.87,46.99,7.45,13.06,3.06,99.99,Install sub-base perimeter slab insulation,Ground conduction is primary heat drain.,-46.68,-40.55,-43.15,0,24
SIM_001361,Galwan,4300.0,WALL,INFILTRATION,2.535,0.907,1.923,0.042,2.35,0.094,7.851,32.29,11.55,24.49,0.54,29.93,1.19,99.99,Add 75mm exterior insulation (EPS/rockwool),Wall conduction accounts for highest percentage of heat loss.,-29.04,-19.24,-23.75,0,24
SIM_001362,Hanle,4500.0,ROOF,FLOOR,3.985,14.485,12.749,0.323,1.574,0.402,33.517,11.89,43.22,38.04,0.96,4.7,1.2,100.01,Add 100mm exterior roof insulation,Roof conduction loss dominates envelope heat transfer.,-30.64,-19.12,-24.13,0,24
SIM_001363,Nyoma,4180.0,FLOOR,INFILTRATION,3.35,1.102,12.658,2.549,9.842,0.178,29.679,11.29,3.71,42.65,8.59,33.16,0.6,100.0,Install sub-base perimeter slab insulation,Ground conduction is primary heat drain.,-30.01,-22.11,-25.06,0,24
SIM_001364,Chushul,4350.0,FLOOR,INFILTRATION,3.525,1.892,15.328,0.207,10.522,0.16,31.635,11.14,5.98,48.45,0.66,33.26,0.51,100.0,Install sub-base perimeter slab insulation,Ground conduction is primary heat drain.,-23.78,-19.1,-21.37,0,24
SIM_001365,Rezang La,5000.0,FLOOR,INFILTRATION,1.133,0.709,8.322,0.47,4.825,0.063,15.523,7.3,4.56,53.61,3.03,31.09,0.41,100.0,Install sub-base perimeter slab insulation,Ground conduction is primary heat drain.,-31.21,-23.37,-26.75,0,24
SIM_001366,Pangong,4250.0,FLOOR,INFILTRATION,1.036,0.249,5.301,1.175,2.996,0.064,10.821,9.57,2.3,48.99,10.86,27.69,0.6,100.01,Install sub-base perimeter slab insulation,Ground conduction is primary heat drain.,-21.1,-11.95,-15.37,0,24
SIM_001367,Depsang,5330.0,FLOOR,INFILTRATION,1.158,0.517,7.72,1.155,1.684,0.031,12.265,9.44,4.21,62.94,9.42,13.73,0.25,99.99,Install sub-base perimeter slab insulation,Ground conduction is primary heat drain.,-31.74,-28.88,-29.9,0,24
SIM_001368,Kargil,2676.0,WALL,FLOOR,4.692,1.101,3.086,0.119,1.301,0.014,10.313,45.5,10.67,29.92,1.16,12.62,0.13,100.0,Add 75mm exterior insulation (EPS/rockwool),Wall conduction accounts for highest percentage of heat loss.,-25.84,-22.72,-24.21,0,24
SIM_001369,Leh,3500.0,FLOOR,WALL,5.468,2.245,20.202,0.296,4.181,0.179,32.571,16.79,6.89,62.02,0.91,12.84,0.55,100.0,Install sub-base perimeter slab insulation,Ground conduction is primary heat drain.,-8.13,-3.01,-5.7,0,24
SIM_001370,Dras,3280.0,ROOF,WALL,10.137,14.985,7.453,0.57,1.893,3.469,38.507,26.33,38.91,19.35,1.48,4.92,9.01,100.0,Add 100mm exterior roof insulation,Roof conduction loss dominates envelope heat transfer.,-30.31,-22.5,-26.14,0,24
SIM_001371,Siachen,5400.0,FLOOR,GLAZING,1.754,1.129,5.828,1.915,0.933,0.04,11.6,15.12,9.74,50.24,16.51,8.04,0.35,100.0,Install sub-base perimeter slab insulation,Ground conduction is primary heat drain.,-42.33,-35.83,-38.53,0,24
SIM_001372,Daulat Beg Oldie,5065.0,FLOOR,INFILTRATION,2.019,3.976,13.667,2.248,7.971,0.28,30.161,6.69,13.18,45.31,7.45,26.43,0.93,99.99,Install sub-base perimeter slab insulation,Ground conduction is primary heat drain.,-33.76,-28.13,-29.9,0,24
SIM_001373,Galwan,4300.0,FLOOR,WALL,3.133,1.463,10.371,1.779,1.778,0.118,18.642,16.8,7.85,55.63,9.55,9.54,0.63,100.0,Install sub-base perimeter slab insulation,Ground conduction is primary heat drain.,-26.09,-20.04,-22.75,0,24
SIM_001374,Hanle,4500.0,FLOOR,INFILTRATION,2.833,0.809,10.569,1.106,7.401,0.063,22.78,12.43,3.55,46.39,4.86,32.49,0.28,100.0,Install sub-base perimeter slab insulation,Ground conduction is primary heat drain.,-17.93,-11.96,-14.18,0,24
SIM_001375,Nyoma,4180.0,WALL,FLOOR,6.442,0.37,4.767,0.819,3.44,0.017,15.855,40.63,2.33,30.07,5.16,21.7,0.11,100.0,Add 75mm exterior insulation (EPS/rockwool),Wall conduction accounts for highest percentage of heat loss.,-18.11,-14.92,-16.57,0,24
SIM_001376,Chushul,4350.0,FLOOR,INFILTRATION,1.664,0.734,12.823,1.282,1.946,0.081,18.531,8.98,3.96,69.2,6.92,10.5,0.44,100.0,Install sub-base perimeter slab insulation,Ground conduction is primary heat drain.,-38.51,-29.95,-32.77,0,24
SIM_001377,Rezang La,5000.0,FLOOR,WALL,2.992,1.306,7.873,0.432,1.933,0.104,14.64,20.44,8.92,53.78,2.95,13.21,0.71,100.01,Install sub-base perimeter slab insulation,Ground conduction is primary heat drain.,-29.96,-22.88,-25.49,0,24
SIM_001378,Pangong,4250.0,ROOF,FLOOR,1.802,9.54,7.145,0.271,2.92,0.877,22.555,7.99,42.3,31.68,1.2,12.95,3.89,100.01,Add 100mm exterior roof insulation,Roof conduction loss dominates envelope heat transfer.,-27.4,-19.7,-22.69,0,24
SIM_001379,Depsang,5330.0,ROOF,FLOOR,0.772,4.382,3.929,2.175,1.353,1.283,13.894,5.56,31.54,28.28,15.66,9.74,9.23,100.01,Add 100mm exterior roof insulation,Roof conduction loss dominates envelope heat transfer.,-45.87,-41.22,-42.78,0,24
SIM_001380,Kargil,2676.0,FLOOR,INFILTRATION,1.766,1.014,19.243,6.509,12.033,0.049,40.615,4.35,2.5,47.38,16.03,29.63,0.12,100.01,Install sub-base perimeter slab insulation,Ground conduction is primary heat drain.,-14.99,-5.87,-9.23,0,24
SIM_001381,Leh,3500.0,FLOOR,INFILTRATION,1.68,1.281,10.295,1.081,6.383,0.055,20.774,8.09,6.16,49.55,5.2,30.72,0.27,99.99,Install sub-base perimeter slab insulation,Ground conduction is primary heat drain.,-11.71,-4.92,-7.23,0,24
SIM_001382,Dras,3280.0,FLOOR,WALL,4.603,1.101,18.106,0.606,2.444,0.149,27.009,17.04,4.07,67.04,2.24,9.05,0.55,99.99,Install sub-base perimeter slab insulation,Ground conduction is primary heat drain.,-19.38,-12.63,-15.88,0,24
SIM_001383,Siachen,5400.0,FLOOR,INFILTRATION,2.598,0.955,8.783,0.223,3.456,0.258,16.273,15.96,5.87,53.97,1.37,21.24,1.59,100.0,Install sub-base perimeter slab insulation,Ground conduction is primary heat drain.,-32.16,-28.17,-30.19,0,24
SIM_001384,Daulat Beg Oldie,5065.0,FLOOR,WALL,13.372,1.285,14.555,1.771,1.075,0.104,32.162,41.58,4.0,45.26,5.51,3.34,0.32,100.01,Install sub-base perimeter slab insulation,Ground conduction is primary heat drain.,-41.31,-39.21,-40.3,0,24
SIM_001385,Galwan,4300.0,FLOOR,ROOF,1.924,8.591,9.878,0.038,2.83,0.444,23.705,8.12,36.24,41.67,0.16,11.94,1.87,100.0,Install sub-base perimeter slab insulation,Ground conduction is primary heat drain.,-27.03,-18.07,-21.73,0,24
SIM_001386,Hanle,4500.0,FLOOR,GLAZING,4.324,1.28,11.742,7.01,0.467,0.126,24.951,17.33,5.13,47.06,28.1,1.87,0.51,100.0,Install sub-base perimeter slab insulation,Ground conduction is primary heat drain.,-24.35,-16.58,-20.02,0,24
SIM_001387,Nyoma,4180.0,FLOOR,INFILTRATION,2.567,0.73,7.757,0.247,4.655,0.167,16.123,15.92,4.53,48.11,1.53,28.87,1.04,100.0,Install sub-base perimeter slab insulation,Ground conduction is primary heat drain.,-34.62,-23.05,-28.14,0,24
SIM_001388,Chushul,4350.0,FLOOR,INFILTRATION,3.882,2.23,14.721,1.019,6.035,0.573,28.459,13.64,7.83,51.73,3.58,21.2,2.01,99.99,Install sub-base perimeter slab insulation,Ground conduction is primary heat drain.,-25.12,-19.78,-22.01,0,24
SIM_001389,Rezang La,5000.0,FLOOR,ROOF,0.952,8.505,10.795,1.676,5.914,2.417,30.259,3.14,28.11,35.68,5.54,19.55,7.99,100.01,Install sub-base perimeter slab insulation,Ground conduction is primary heat drain.,-33.29,-24.07,-27.78,0,24
SIM_001390,Pangong,4250.0,FLOOR,WALL,4.363,1.209,12.798,1.18,1.682,0.057,21.287,20.49,5.68,60.12,5.54,7.9,0.27,100.0,Install sub-base perimeter slab insulation,Ground conduction is primary heat drain.,-12.5,-5.3,-8.6,0,24
SIM_001391,Depsang,5330.0,WALL,FLOOR,9.146,5.866,6.764,1.911,3.53,1.758,28.975,31.56,20.25,23.34,6.6,12.18,6.07,100.0,Add 75mm exterior insulation (EPS/rockwool),Wall conduction accounts for highest percentage of heat loss.,-33.4,-29.51,-31.38,0,24
SIM_001392,Kargil,2676.0,FLOOR,INFILTRATION,4.294,1.088,12.15,0.196,11.328,0.148,29.204,14.7,3.73,41.6,0.67,38.79,0.51,100.0,Install sub-base perimeter slab insulation,Ground conduction is primary heat drain.,-24.65,-19.22,-21.78,0,24
SIM_001393,Leh,3500.0,WALL,FLOOR,7.515,0.321,4.269,0.171,4.112,0.202,16.591,45.3,1.94,25.73,1.03,24.78,1.22,100.0,Add 75mm exterior insulation (EPS/rockwool),Wall conduction accounts for highest percentage of heat loss.,-13.76,-8.95,-11.31,0,24
SIM_001394,Dras,3280.0,FLOOR,GLAZING,2.207,1.207,14.158,3.187,1.65,0.062,22.47,9.82,5.37,63.01,14.18,7.34,0.27,99.99,Install sub-base perimeter slab insulation,Ground conduction is primary heat drain.,-23.04,-18.33,-20.08,0,24
SIM_001395,Siachen,5400.0,FLOOR,INFILTRATION,2.557,2.615,11.739,0.37,6.502,0.212,23.995,10.66,10.9,48.92,1.54,27.1,0.88,100.0,Install sub-base perimeter slab insulation,Ground conduction is primary heat drain.,-43.3,-38.78,-40.28,0,24
SIM_001396,Daulat Beg Oldie,5065.0,ROOF,FLOOR,0.991,11.764,10.443,0.253,3.514,1.187,28.152,3.52,41.79,37.1,0.9,12.48,4.22,100.01,Add 100mm exterior roof insulation,Roof conduction loss dominates envelope heat transfer.,-39.48,-28.84,-33.19,0,24
SIM_001397,Galwan,4300.0,FLOOR,INFILTRATION,1.824,1.902,5.447,0.414,3.17,0.183,12.94,14.09,14.7,42.1,3.2,24.5,1.41,100.0,Install sub-base perimeter slab insulation,Ground conduction is primary heat drain.,-29.08,-21.47,-24.63,0,24
SIM_001398,Hanle,4500.0,FLOOR,INFILTRATION,2.621,1.18,16.424,0.114,7.193,0.273,27.805,9.43,4.24,59.07,0.41,25.87,0.98,100.0,Install sub-base perimeter slab insulation,Ground conduction is primary heat drain.,-17.28,-9.06,-13.17,0,24
SIM_001399,Nyoma,4180.0,FLOOR,INFILTRATION,2.859,2.658,26.055,1.254,8.346,0.196,41.368,6.91,6.43,62.98,3.03,20.18,0.47,100.0,Install sub-base perimeter slab insulation,Ground conduction is primary heat drain.,-14.03,-9.92,-11.8,0,24
SIM_001400,Chushul,4350.0,FLOOR,INFILTRATION,4.007,1.133,12.471,2.212,6.548,0.37,26.74,14.98,4.24,46.64,8.27,24.49,1.38,100.0,Install sub-base perimeter slab insulation,Ground conduction is primary heat drain.,-40.51,-31.61,-34.6,0,24
SIM_001401,Rezang La,5000.0,FLOOR,ROOF,4.077,5.838,21.886,5.293,5.256,0.569,42.919,9.5,13.6,50.99,12.33,12.25,1.33,100.0,Install sub-base perimeter slab insulation,Ground conduction is primary heat drain.,-26.76,-20.84,-22.98,0,24
SIM_001402,Pangong,4250.0,FLOOR,INFILTRATION,1.843,1.4,3.164,0.136,2.358,0.147,9.049,20.37,15.47,34.97,1.51,26.06,1.62,100.0,Install sub-base perimeter slab insulation,Ground conduction is primary heat drain.,-26.15,-21.54,-23.88,0,24
SIM_001403,Depsang,5330.0,WALL,FLOOR,9.131,1.772,6.693,0.519,3.141,0.115,21.37,42.73,8.29,31.32,2.43,14.7,0.54,100.01,Add 75mm exterior insulation (EPS/rockwool),Wall conduction accounts for highest percentage of heat loss.,-45.8,-39.15,-42.14,0,24
SIM_001404,Kargil,2676.0,FLOOR,INFILTRATION,1.601,0.482,4.943,0.085,4.501,0.068,11.681,13.71,4.12,42.32,0.73,38.53,0.58,99.99,Install sub-base perimeter slab insulation,Ground conduction is primary heat drain.,-14.26,-9.54,-11.82,0,24
SIM_001405,Leh,3500.0,FLOOR,INFILTRATION,1.331,1.303,10.146,0.222,3.494,0.133,16.628,8.01,7.83,61.01,1.34,21.01,0.8,100.0,Install sub-base perimeter slab insulation,Ground conduction is primary heat drain.,-13.5,-8.26,-10.84,0,24
SIM_001406,Dras,3280.0,FLOOR,INFILTRATION,2.281,2.075,7.666,1.679,3.531,0.247,17.478,13.05,11.87,43.86,9.61,20.2,1.41,100.0,Install sub-base perimeter slab insulation,Ground conduction is primary heat drain.,-22.98,-14.91,-18.27,0,24
SIM_001407,Siachen,5400.0,FLOOR,INFILTRATION,1.186,0.633,2.847,0.096,2.509,0.001,7.272,16.32,8.71,39.14,1.32,34.5,0.01,100.0,Install sub-base perimeter slab insulation,Ground conduction is primary heat drain.,-34.29,-30.43,-32.32,0,24
SIM_001408,Daulat Beg Oldie,5065.0,FLOOR,INFILTRATION,3.689,2.165,15.88,2.152,10.759,0.113,34.758,10.61,6.23,45.69,6.19,30.95,0.32,99.99,Install sub-base perimeter slab insulation,Ground conduction is primary heat drain.,-43.75,-36.77,-39.54,0,24
SIM_001409,Galwan,4300.0,FLOOR,INFILTRATION,2.362,1.992,12.351,1.125,6.307,0.155,24.292,9.72,8.2,50.84,4.63,25.96,0.64,99.99,Install sub-base perimeter slab insulation,Ground conduction is primary heat drain.,-21.17,-15.22,-17.75,0,24
SIM_001410,Hanle,4500.0,WALL,FLOOR,5.557,0.891,4.156,0.542,4.044,0.45,15.64,35.53,5.7,26.57,3.46,25.86,2.88,100.0,Add 75mm exterior insulation (EPS/rockwool),Wall conduction accounts for highest percentage of heat loss.,-26.39,-22.87,-24.57,0,24
SIM_001411,Nyoma,4180.0,WALL,FLOOR,17.297,2.132,9.019,1.726,6.137,0.094,36.406,47.51,5.86,24.77,4.74,16.86,0.26,100.0,Add 75mm exterior insulation (EPS/rockwool),Wall conduction accounts for highest percentage of heat loss.,-29.88,-24.54,-26.72,0,24
SIM_001412,Chushul,4350.0,ROOF,FLOOR,1.74,19.842,18.045,0.956,4.17,3.129,47.883,3.63,41.44,37.69,2.0,8.71,6.53,100.0,Add 100mm exterior roof insulation,Roof conduction loss dominates envelope heat transfer.,-25.87,-18.23,-21.48,0,24
SIM_001413,Rezang La,5000.0,FLOOR,INFILTRATION,2.23,0.604,8.005,3.195,4.259,0.152,18.445,12.09,3.27,43.4,17.32,23.09,0.82,99.99,Install sub-base perimeter slab insulation,Ground conduction is primary heat drain.,-33.15,-23.64,-27.58,0,24
SIM_001414,Pangong,4250.0,WALL,ROOF,9.274,8.45,6.211,1.428,1.44,0.3,27.104,34.22,31.18,22.92,5.27,5.31,1.11,100.01,Add 75mm exterior insulation (EPS/rockwool),Wall conduction accounts for highest percentage of heat loss.,-18.89,-12.7,-15.12,0,24
SIM_001415,Depsang,5330.0,FLOOR,INFILTRATION,0.397,0.473,2.355,0.113,0.636,0.001,3.974,10.0,11.89,59.26,2.83,15.99,0.02,99.99,Install sub-base perimeter slab insulation,Ground conduction is primary heat drain.,-37.94,-28.31,-32.84,0,24
SIM_001416,Kargil,2676.0,FLOOR,INFILTRATION,1.31,0.782,10.471,1.757,8.554,0.132,23.006,5.69,3.4,45.51,7.64,37.18,0.57,99.99,Install sub-base perimeter slab insulation,Ground conduction is primary heat drain.,-27.25,-18.79,-22.08,0,24
SIM_001417,Leh,3500.0,ROOF,WALL,5.701,6.764,4.661,0.708,0.893,0.953,19.679,28.97,34.37,23.68,3.6,4.54,4.84,100.0,Add 100mm exterior roof insulation,Roof conduction loss dominates envelope heat transfer.,-11.79,-9.37,-10.28,0,24
SIM_001418,Dras,3280.0,FLOOR,INFILTRATION,2.271,0.525,7.47,0.767,3.431,0.078,14.542,15.62,3.61,51.37,5.27,23.59,0.54,100.0,Install sub-base perimeter slab insulation,Ground conduction is primary heat drain.,-30.57,-21.35,-25.48,0,24
SIM_001419,Siachen,5400.0,FLOOR,ROOF,1.467,9.024,9.865,0.451,2.981,2.232,26.02,5.64,34.68,37.91,1.73,11.46,8.58,100.0,Install sub-base perimeter slab insulation,Ground conduction is primary heat drain.,-44.63,-38.87,-41.18,0,24
SIM_001420,Daulat Beg Oldie,5065.0,FLOOR,INFILTRATION,1.614,1.06,10.794,1.231,4.865,0.173,19.736,8.18,5.37,54.69,6.24,24.65,0.88,100.01,Install sub-base perimeter slab insulation,Ground conduction is primary heat drain.,-37.39,-27.25,-30.89,0,24
SIM_001421,Galwan,4300.0,ROOF,FLOOR,1.508,5.649,4.609,0.007,0.934,0.267,12.974,11.62,43.55,35.52,0.05,7.2,2.06,100.0,Add 100mm exterior roof insulation,Roof conduction loss dominates envelope heat transfer.,-32.36,-21.05,-25.96,0,24
SIM_001422,Hanle,4500.0,ROOF,FLOOR,3.16,21.677,17.993,0.49,8.635,3.869,55.823,5.66,38.83,32.23,0.88,15.47,6.93,100.0,Add 100mm exterior roof insulation,Roof conduction loss dominates envelope heat transfer.,-23.79,-8.77,-15.32,0,24
SIM_001423,Nyoma,4180.0,FLOOR,INFILTRATION,2.357,1.557,6.261,0.959,5.191,0.377,16.702,14.11,9.32,37.49,5.74,31.08,2.26,100.0,Install sub-base perimeter slab insulation,Ground conduction is primary heat drain.,-20.85,-15.26,-17.76,0,24
SIM_001424,Chushul,4350.0,FLOOR,ROOF,1.902,1.907,2.809,0.17,1.569,1.408,9.765,19.48,19.53,28.77,1.74,16.06,14.42,100.0,Install sub-base perimeter slab insulation,Ground conduction is primary heat drain.,-40.82,-32.67,-36.43,0,24
SIM_001425,Rezang La,5000.0,FLOOR,WALL,1.741,0.728,7.284,0.144,0.799,0.162,10.857,16.03,6.7,67.09,1.32,7.36,1.49,99.99,Install sub-base perimeter slab insulation,Ground conduction is primary heat drain.,-27.9,-23.28,-25.65,0,24
SIM_001426,Pangong,4250.0,FLOOR,INFILTRATION,1.855,0.967,11.303,0.182,1.955,0.133,16.394,11.31,5.9,68.95,1.11,11.92,0.81,100.0,Install sub-base perimeter slab insulation,Ground conduction is primary heat drain.,-24.72,-17.88,-21.22,0,24
SIM_001427,Depsang,5330.0,FLOOR,INFILTRATION,1.8,1.212,10.512,0.975,5.811,0.179,20.489,8.79,5.92,51.3,4.76,28.36,0.88,100.01,Install sub-base perimeter slab insulation,Ground conduction is primary heat drain.,-43.8,-38.78,-40.47,0,24
SIM_001428,Kargil,2676.0,FLOOR,INFILTRATION,1.726,1.285,11.464,1.466,10.848,0.141,26.929,6.41,4.77,42.57,5.44,40.28,0.52,99.99,Install sub-base perimeter slab insulation,Ground conduction is primary heat drain.,-12.77,-7.43,-9.43,0,24
SIM_001429,Leh,3500.0,FLOOR,INFILTRATION,1.1,0.384,5.579,0.05,3.883,0.05,11.046,9.96,3.48,50.5,0.45,35.15,0.46,100.0,Install sub-base perimeter slab insulation,Ground conduction is primary heat drain.,-14.06,-8.66,-11.3,0,24
SIM_001430,Dras,3280.0,FLOOR,INFILTRATION,1.149,1.213,3.888,0.083,2.418,0.211,8.962,12.82,13.53,43.38,0.93,26.98,2.36,100.0,Install sub-base perimeter slab insulation,Ground conduction is primary heat drain.,-23.94,-15.71,-19.53,0,24
SIM_001431,Siachen,5400.0,ROOF,FLOOR,2.694,17.779,15.754,0.416,5.402,0.767,42.813,6.29,41.53,36.8,0.97,12.62,1.79,100.0,Add 100mm exterior roof insulation,Roof conduction loss dominates envelope heat transfer.,-34.73,-27.03,-30.49,0,24
SIM_001432,Daulat Beg Oldie,5065.0,FLOOR,INFILTRATION,2.036,0.952,10.829,0.259,4.278,0.168,18.523,10.99,5.14,58.47,1.4,23.1,0.91,100.01,Install sub-base perimeter slab insulation,Ground conduction is primary heat drain.,-46.91,-39.69,-42.93,0,24
SIM_001433,Galwan,4300.0,FLOOR,WALL,4.006,1.751,4.698,0.418,0.739,0.136,11.749,34.1,14.9,39.99,3.56,6.29,1.16,100.0,Install sub-base perimeter slab insulation,Ground conduction is primary heat drain.,-22.63,-20.78,-21.61,0,24
SIM_001434,Hanle,4500.0,FLOOR,INFILTRATION,1.251,2.555,10.374,0.287,7.5,0.112,22.079,5.67,11.57,46.98,1.3,33.97,0.51,100.0,Install sub-base perimeter slab insulation,Ground conduction is primary heat drain.,-30.71,-20.32,-25.13,0,24
SIM_001435,Nyoma,4180.0,ROOF,FLOOR,2.579,12.407,9.038,0.309,1.014,0.755,26.103,9.88,47.53,34.63,1.19,3.88,2.89,100.0,Add 100mm exterior roof insulation,Roof conduction loss dominates envelope heat transfer.,-32.13,-23.88,-27.21,0,24
SIM_001436,Chushul,4350.0,FLOOR,WALL,6.825,2.149,18.723,1.263,2.667,0.073,31.701,21.53,6.78,59.06,3.99,8.41,0.23,100.0,Install sub-base perimeter slab insulation,Ground conduction is primary heat drain.,-25.2,-16.54,-19.63,0,24
SIM_001437,Rezang La,5000.0,FLOOR,INFILTRATION,0.652,0.236,3.655,0.656,1.816,0.019,7.034,9.28,3.35,51.96,9.32,25.82,0.27,100.0,Install sub-base perimeter slab insulation,Ground conduction is primary heat drain.,-32.8,-25.45,-28.62,0,24
SIM_001438,Pangong,4250.0,FLOOR,WALL,1.854,0.82,5.697,0.385,0.787,0.073,9.616,19.28,8.53,59.24,4.0,8.19,0.76,100.0,Install sub-base perimeter slab insulation,Ground conduction is primary heat drain.,-14.53,-12.61,-13.47,0,24
SIM_001439,Depsang,5330.0,WALL,FLOOR,10.923,0.691,6.86,1.071,4.868,0.004,24.416,44.74,2.83,28.09,4.39,19.94,0.02,100.01,Add 75mm exterior insulation (EPS/rockwool),Wall conduction accounts for highest percentage of heat loss.,-34.32,-29.38,-31.84,0,24
SIM_001440,Kargil,2676.0,FLOOR,INFILTRATION,1.926,1.124,14.257,2.034,2.688,0.099,22.128,8.7,5.08,64.43,9.19,12.15,0.45,100.0,Install sub-base perimeter slab insulation,Ground conduction is primary heat drain.,-22.47,-17.74,-19.29,0,24
SIM_001441,Leh,3500.0,FLOOR,WALL,3.149,1.523,11.224,0.327,2.438,0.069,18.73,16.81,8.13,59.93,1.75,13.02,0.37,100.01,Install sub-base perimeter slab insulation,Ground conduction is primary heat drain.,-10.31,-7.56,-9.06,0,24
SIM_001442,Dras,3280.0,WALL,FLOOR,8.85,1.765,7.694,2.959,6.093,0.432,27.793,31.84,6.35,27.68,10.65,21.92,1.56,100.0,Add 75mm exterior insulation (EPS/rockwool),Wall conduction accounts for highest percentage of heat loss.,-28.5,-24.56,-26.31,0,24
SIM_001443,Siachen,5400.0,ROOF,WALL,13.068,15.54,8.892,0.491,4.225,1.322,43.539,30.02,35.69,20.42,1.13,9.71,3.04,100.01,Add 100mm exterior roof insulation,Roof conduction loss dominates envelope heat transfer.,-44.68,-39.2,-41.3,0,24
SIM_001444,Daulat Beg Oldie,5065.0,ROOF,FLOOR,1.424,7.936,5.995,0.053,0.14,1.077,16.625,8.57,47.74,36.06,0.32,0.84,6.48,100.01,Add 100mm exterior roof insulation,Roof conduction loss dominates envelope heat transfer.,-39.95,-27.88,-32.81,0,24
SIM_001445,Galwan,4300.0,FLOOR,WALL,2.848,1.7,23.058,0.56,1.292,0.14,29.598,9.62,5.74,77.9,1.89,4.36,0.47,99.98,Install sub-base perimeter slab insulation,Ground conduction is primary heat drain.,-22.26,-16.71,-19.6,0,24
SIM_001446,Hanle,4500.0,FLOOR,ROOF,1.151,2.066,5.061,0.18,1.313,0.041,9.813,11.73,21.05,51.58,1.84,13.38,0.42,100.0,Install sub-base perimeter slab insulation,Ground conduction is primary heat drain.,-19.53,-13.33,-16.12,0,24
SIM_001447,Nyoma,4180.0,FLOOR,INFILTRATION,2.088,0.853,7.391,1.227,4.349,0.023,15.932,13.11,5.35,46.39,7.7,27.3,0.15,100.0,Install sub-base perimeter slab insulation,Ground conduction is primary heat drain.,-19.7,-10.99,-15.21,0,24
SIM_001448,Chushul,4350.0,ROOF,FLOOR,6.959,15.505,7.898,1.59,2.386,1.065,35.402,19.66,43.8,22.31,4.49,6.74,3.01,100.01,Add 100mm exterior roof insulation,Roof conduction loss dominates envelope heat transfer.,-39.52,-33.9,-35.79,0,24
SIM_001449,Rezang La,5000.0,FLOOR,INFILTRATION,1.7,2.74,10.622,2.634,6.757,0.11,24.563,6.92,11.16,43.25,10.72,27.51,0.45,100.01,Install sub-base perimeter slab insulation,Ground conduction is primary heat drain.,-28.94,-20.64,-23.37,0,24
SIM_001450,Pangong,4250.0,ROOF,FLOOR,2.37,11.322,8.327,0.051,4.004,0.656,26.729,8.87,42.36,31.15,0.19,14.98,2.45,100.0,Add 100mm exterior roof insulation,Roof conduction loss dominates envelope heat transfer.,-29.73,-20.3,-24.46,0,24
SIM_001451,Depsang,5330.0,FLOOR,WALL,2.54,0.636,12.827,2.046,0.714,0.041,18.805,13.51,3.38,68.21,10.88,3.8,0.22,100.0,Install sub-base perimeter slab insulation,Ground conduction is primary heat drain.,-42.21,-36.05,-38.15,0,24
SIM_001452,Kargil,2676.0,FLOOR,INFILTRATION,0.559,1.631,2.063,0.01,1.677,0.173,6.114,9.14,26.69,33.75,0.16,27.43,2.83,100.0,Install sub-base perimeter slab insulation,Ground conduction is primary heat drain.,-17.69,-9.89,-13.63,0,24
SIM_001453,Leh,3500.0,ROOF,FLOOR,1.828,16.944,12.117,0.057,5.662,2.361,38.968,4.69,43.48,31.1,0.14,14.53,6.06,100.0,Add 100mm exterior roof insulation,Roof conduction loss dominates envelope heat transfer.,-17.46,-8.23,-12.19,0,24
SIM_001454,Dras,3280.0,FLOOR,WALL,6.033,1.689,20.324,4.779,0.94,0.137,33.902,17.8,4.98,59.95,14.1,2.77,0.4,100.0,Install sub-base perimeter slab insulation,Ground conduction is primary heat drain.,-18.97,-10.32,-13.12,0,24
SIM_001455,Siachen,5400.0,FLOOR,ROOF,0.935,6.248,7.51,0.369,0.607,2.83,18.499,5.05,33.78,40.6,1.99,3.28,15.3,100.0,Install sub-base perimeter slab insulation,Ground conduction is primary heat drain.,-34.87,-28.31,-31.51,0,24
SIM_001456,Daulat Beg Oldie,5065.0,FLOOR,INFILTRATION,1.147,1.283,5.192,0.17,2.241,0.157,10.19,11.26,12.59,50.95,1.67,21.99,1.54,100.0,Install sub-base perimeter slab insulation,Ground conduction is primary heat drain.,-48.55,-38.15,-42.64,0,24
SIM_001457,Galwan,4300.0,FLOOR,WALL,1.338,0.665,5.807,1.034,1.269,0.079,10.192,13.12,6.53,56.97,10.14,12.45,0.78,99.99,Install sub-base perimeter slab insulation,Ground conduction is primary heat drain.,-25.0,-16.66,-19.87,0,24
SIM_001458,Hanle,4500.0,ROOF,FLOOR,0.908,4.767,3.774,0.514,3.131,1.595,14.689,6.18,32.45,25.69,3.5,21.32,10.86,100.0,Add 100mm exterior roof insulation,Roof conduction loss dominates envelope heat transfer.,-27.57,-19.95,-23.48,0,24
SIM_001459,Nyoma,4180.0,WALL,FLOOR,6.05,2.379,5.171,0.789,1.159,0.259,15.808,38.27,15.05,32.71,4.99,7.33,1.64,99.99,Add 75mm exterior insulation (EPS/rockwool),Wall conduction accounts for highest percentage of heat loss.,-32.62,-25.76,-29.03,0,24
SIM_001460,Chushul,4350.0,FLOOR,INFILTRATION,4.076,2.386,17.77,1.524,13.865,0.146,39.766,10.25,6.0,44.69,3.83,34.87,0.37,100.01,Install sub-base perimeter slab insulation,Ground conduction is primary heat drain.,-24.69,-16.98,-19.62,0,24
SIM_001461,Rezang La,5000.0,FLOOR,INFILTRATION,4.867,2.464,23.601,3.4,12.542,0.229,47.102,10.33,5.23,50.11,7.22,26.63,0.49,100.01,Install sub-base perimeter slab insulation,Ground conduction is primary heat drain.,-27.27,-22.57,-24.19,0,24
SIM_001462,Pangong,4250.0,FLOOR,INFILTRATION,2.992,1.624,5.399,1.479,3.113,0.103,14.711,20.34,11.04,36.7,10.06,21.16,0.7,100.0,Install sub-base perimeter slab insulation,Ground conduction is primary heat drain.,-19.65,-11.68,-14.86,0,24
SIM_001463,Depsang,5330.0,FLOOR,WALL,3.816,0.594,7.654,0.176,2.493,0.089,14.823,25.74,4.01,51.64,1.19,16.82,0.6,100.0,Install sub-base perimeter slab insulation,Ground conduction is primary heat drain.,-31.21,-26.96,-29.09,0,24
SIM_001464,Kargil,2676.0,FLOOR,INFILTRATION,1.162,0.813,6.655,0.357,3.049,0.301,12.336,9.42,6.59,53.94,2.89,24.71,2.44,99.99,Install sub-base perimeter slab insulation,Ground conduction is primary heat drain.,-28.4,-19.85,-23.24,0,24
SIM_001465,Leh,3500.0,ROOF,FLOOR,1.89,24.186,14.511,0.473,7.242,4.537,52.838,3.58,45.77,27.46,0.9,13.71,8.59,100.01,Add 100mm exterior roof insulation,Roof conduction loss dominates envelope heat transfer.,-12.95,-5.49,-8.99,0,24
SIM_001466,Dras,3280.0,FLOOR,INFILTRATION,2.228,3.16,13.474,1.113,4.215,0.217,24.407,9.13,12.95,55.21,4.56,17.27,0.89,100.01,Install sub-base perimeter slab insulation,Ground conduction is primary heat drain.,-26.33,-21.85,-23.46,0,24
SIM_001467,Siachen,5400.0,FLOOR,GLAZING,3.945,2.242,19.86,5.55,4.624,0.196,36.416,10.83,6.16,54.53,15.24,12.7,0.54,100.0,Install sub-base perimeter slab insulation,Ground conduction is primary heat drain.,-42.13,-36.39,-38.8,0,24
SIM_001468,Daulat Beg Oldie,5065.0,FLOOR,INFILTRATION,2.482,2.071,17.64,4.954,6.326,0.205,33.678,7.37,6.15,52.38,14.71,18.78,0.61,100.0,Install sub-base perimeter slab insulation,Ground conduction is primary heat drain.,-31.55,-26.05,-27.96,0,24
SIM_001469,Galwan,4300.0,FLOOR,INFILTRATION,4.023,5.566,27.011,2.056,18.707,0.274,57.636,6.98,9.66,46.87,3.57,32.46,0.47,100.01,Install sub-base perimeter slab insulation,Ground conduction is primary heat drain.,-23.65,-17.97,-20.16,0,24
SIM_001470,Hanle,4500.0,FLOOR,INFILTRATION,6.535,2.197,25.364,0.437,11.71,0.211,46.455,14.07,4.73,54.6,0.94,25.21,0.45,100.0,Install sub-base perimeter slab insulation,Ground conduction is primary heat drain.,-18.06,-7.99,-13.0,0,24
SIM_001471,Nyoma,4180.0,FLOOR,INFILTRATION,1.859,1.56,15.314,1.939,3.282,0.119,24.074,7.72,6.48,63.61,8.05,13.63,0.49,99.98,Install sub-base perimeter slab insulation,Ground conduction is primary heat drain.,-17.54,-9.63,-13.25,0,24
SIM_001472,Chushul,4350.0,FLOOR,GLAZING,1.495,1.851,16.243,2.1,0.463,0.337,22.489,6.65,8.23,72.23,9.34,2.06,1.5,100.01,Install sub-base perimeter slab insulation,Ground conduction is primary heat drain.,-36.0,-31.44,-32.85,0,24
SIM_001473,Rezang La,5000.0,FLOOR,INFILTRATION,1.805,2.2,16.095,1.062,8.057,0.124,29.343,6.15,7.5,54.85,3.62,27.46,0.42,100.0,Install sub-base perimeter slab insulation,Ground conduction is primary heat drain.,-25.13,-20.93,-22.32,0,24
SIM_001474,Pangong,4250.0,FLOOR,INFILTRATION,2.561,2.283,17.442,0.89,5.479,0.195,28.85,8.88,7.91,60.46,3.08,18.99,0.68,100.0,Install sub-base perimeter slab insulation,Ground conduction is primary heat drain.,-25.48,-15.45,-19.51,0,24
SIM_001475,Depsang,5330.0,FLOOR,INFILTRATION,2.379,1.611,18.718,6.848,7.868,0.135,37.559,6.34,4.29,49.84,18.23,20.95,0.36,100.01,Install sub-base perimeter slab insulation,Ground conduction is primary heat drain.,-41.71,-36.23,-38.36,0,24
SIM_001476,Kargil,2676.0,INFILTRATION,WALL,9.751,2.342,9.626,0.783,11.466,0.18,34.148,28.56,6.86,28.19,2.29,33.58,0.53,100.01,Perimeter weatherstripping and door draft seals,High air exchange rate is flushing interior thermal energy.,-13.89,-10.18,-11.74,0,24
SIM_001477,Leh,3500.0,ROOF,FLOOR,7.647,13.275,8.473,0.933,0.355,0.51,31.192,24.52,42.56,27.16,2.99,1.14,1.63,100.0,Add 100mm exterior roof insulation,Roof conduction loss dominates envelope heat transfer.,-18.1,-10.04,-13.24,0,24
SIM_001478,Dras,3280.0,FLOOR,INFILTRATION,5.312,1.333,9.195,4.76,7.283,0.067,27.95,19.01,4.77,32.9,17.03,26.06,0.24,100.01,Install sub-base perimeter slab insulation,Ground conduction is primary heat drain.,-22.4,-12.21,-15.92,0,24
SIM_001479,Siachen,5400.0,ROOF,FLOOR,0.671,3.204,2.301,0.162,2.203,2.074,10.614,6.32,30.19,21.67,1.52,20.76,19.54,100.0,Add 100mm exterior roof insulation,Roof conduction loss dominates envelope heat transfer.,-35.32,-29.41,-32.27,0,24
SIM_001480,Daulat Beg Oldie,5065.0,WALL,FLOOR,2.679,0.299,2.548,0.107,1.236,0.015,6.883,38.92,4.34,37.02,1.55,17.96,0.21,100.0,Add 75mm exterior insulation (EPS/rockwool),Wall conduction accounts for highest percentage of heat loss.,-45.15,-42.63,-43.84,0,24
SIM_001481,Galwan,4300.0,FLOOR,INFILTRATION,2.216,1.64,22.082,1.687,2.577,0.124,30.325,7.31,5.41,72.82,5.56,8.5,0.41,100.01,Install sub-base perimeter slab insulation,Ground conduction is primary heat drain.,-21.02,-14.8,-17.14,0,24
SIM_001482,Hanle,4500.0,FLOOR,WALL,8.366,1.88,10.592,0.256,6.826,0.058,27.978,29.9,6.72,37.86,0.91,24.4,0.21,100.0,Install sub-base perimeter slab insulation,Ground conduction is primary heat drain.,-25.11,-21.08,-23.15,0,24
SIM_001483,Nyoma,4180.0,WALL,FLOOR,7.514,3.56,5.469,0.578,0.343,0.469,17.934,41.9,19.85,30.5,3.22,1.91,2.62,100.0,Add 75mm exterior insulation (EPS/rockwool),Wall conduction accounts for highest percentage of heat loss.,-31.7,-26.56,-29.01,0,24
SIM_001484,Chushul,4350.0,FLOOR,WALL,13.167,1.677,14.055,1.487,7.968,0.142,38.494,34.2,4.36,36.51,3.86,20.7,0.37,100.0,Install sub-base perimeter slab insulation,Ground conduction is primary heat drain.,-23.18,-20.09,-21.12,0,24
SIM_001485,Rezang La,5000.0,FLOOR,ROOF,0.88,6.829,7.71,1.547,1.376,1.123,19.465,4.52,35.08,39.61,7.95,7.07,5.77,100.0,Install sub-base perimeter slab insulation,Ground conduction is primary heat drain.,-35.13,-25.7,-29.0,0,24
SIM_001486,Pangong,4250.0,FLOOR,INFILTRATION,2.478,0.496,6.913,0.213,3.892,0.091,14.083,17.59,3.52,49.09,1.51,27.64,0.65,100.0,Install sub-base perimeter slab insulation,Ground conduction is primary heat drain.,-18.96,-11.69,-15.2,0,24
SIM_001487,Depsang,5330.0,FLOOR,ROOF,3.706,14.168,18.582,1.282,4.26,2.531,44.529,8.32,31.82,41.73,2.88,9.57,5.68,100.0,Install sub-base perimeter slab insulation,Ground conduction is primary heat drain.,-32.96,-26.94,-29.89,0,24
SIM_001488,Kargil,2676.0,FLOOR,INFILTRATION,0.582,1.568,4.721,0.171,2.278,0.218,9.538,6.11,16.44,49.49,1.79,23.89,2.29,100.01,Install sub-base perimeter slab insulation,Ground conduction is primary heat drain.,-27.63,-21.56,-24.32,0,24
SIM_001489,Leh,3500.0,FLOOR,INFILTRATION,3.589,1.986,13.565,0.604,9.438,0.133,29.316,12.24,6.78,46.27,2.06,32.2,0.45,100.0,Install sub-base perimeter slab insulation,Ground conduction is primary heat drain.,-10.32,-4.49,-6.72,0,24
SIM_001490,Dras,3280.0,FLOOR,GLAZING,5.27,2.806,31.805,5.516,1.771,0.241,47.41,11.12,5.92,67.09,11.64,3.74,0.51,100.02,Install sub-base perimeter slab insulation,Ground conduction is primary heat drain.,-24.36,-18.58,-21.12,0,24
SIM_001491,Siachen,5400.0,ROOF,FLOOR,2.74,14.758,10.373,0.158,4.358,2.378,34.765,7.88,42.45,29.84,0.46,12.54,6.84,100.01,Add 100mm exterior roof insulation,Roof conduction loss dominates envelope heat transfer.,-47.4,-38.39,-42.1,0,24
SIM_001492,Daulat Beg Oldie,5065.0,FLOOR,INFILTRATION,1.603,1.388,14.593,0.762,9.072,0.081,27.499,5.83,5.05,53.07,2.77,32.99,0.3,100.01,Install sub-base perimeter slab insulation,Ground conduction is primary heat drain.,-33.28,-24.97,-28.59,0,24
SIM_001493,Galwan,4300.0,FLOOR,INFILTRATION,5.323,2.467,22.726,3.829,5.891,0.091,40.327,13.2,6.12,56.35,9.49,14.61,0.23,100.0,Install sub-base perimeter slab insulation,Ground conduction is primary heat drain.,-25.21,-17.32,-20.17,0,24
SIM_001494,Hanle,4500.0,FLOOR,INFILTRATION,1.036,1.581,13.402,4.203,5.627,0.119,25.968,3.99,6.09,51.61,16.18,21.67,0.46,100.0,Install sub-base perimeter slab insulation,Ground conduction is primary heat drain.,-20.46,-13.44,-15.82,0,24
SIM_001495,Nyoma,4180.0,FLOOR,INFILTRATION,2.744,0.867,8.356,0.634,5.914,0.019,18.534,14.81,4.68,45.08,3.42,31.91,0.1,100.0,Install sub-base perimeter slab insulation,Ground conduction is primary heat drain.,-19.03,-13.25,-15.9,0,24
SIM_001496,Chushul,4350.0,FLOOR,INFILTRATION,2.78,2.759,21.718,2.221,12.894,0.133,42.505,6.54,6.49,51.1,5.23,30.34,0.31,100.01,Install sub-base perimeter slab insulation,Ground conduction is primary heat drain.,-35.67,-28.31,-31.15,0,24
SIM_001497,Rezang La,5000.0,FLOOR,INFILTRATION,2.088,2.444,12.768,1.381,6.282,0.091,25.053,8.33,9.75,50.97,5.51,25.07,0.36,99.99,Install sub-base perimeter slab insulation,Ground conduction is primary heat drain.,-29.68,-19.51,-23.78,0,24
SIM_001498,Pangong,4250.0,ROOF,WALL,10.659,11.028,6.064,0.612,4.955,0.553,33.87,31.47,32.56,17.9,1.81,14.63,1.63,100.0,Add 100mm exterior roof insulation,Roof conduction loss dominates envelope heat transfer.,-27.48,-21.01,-23.65,0,24
SIM_001499,Depsang,5330.0,FLOOR,WALL,10.88,1.074,13.257,0.197,10.289,0.129,35.825,30.37,3.0,37.0,0.55,28.72,0.36,100.0,Install sub-base perimeter slab insulation,Ground conduction is primary heat drain.,-44.92,-38.88,-41.82,0,24
SIM_001500,Kargil,2676.0,FLOOR,INFILTRATION,2.998,5.024,14.864,0.956,8.876,0.629,33.347,8.99,15.07,44.57,2.87,26.62,1.89,100.01,Install sub-base perimeter slab insulation,Ground conduction is primary heat drain.,-14.99,-7.92,-10.65,0,24
SIM_001501,Leh,3500.0,FLOOR,INFILTRATION,1.84,0.534,5.932,1.065,3.534,0.148,13.052,14.1,4.09,45.45,8.16,27.07,1.13,100.0,Install sub-base perimeter slab insulation,Ground conduction is primary heat drain.,-18.31,-8.78,-12.52,0,24
SIM_001502,Dras,3280.0,FLOOR,INFILTRATION,3.348,1.554,10.878,2.592,7.212,0.183,25.767,12.99,6.03,42.22,10.06,27.99,0.71,100.0,Install sub-base perimeter slab insulation,Ground conduction is primary heat drain.,-23.2,-11.06,-15.68,0,24
SIM_001503,Siachen,5400.0,FLOOR,WALL,1.822,0.298,3.511,0.348,1.262,0.137,7.379,24.69,4.04,47.59,4.72,17.1,1.86,100.0,Install sub-base perimeter slab insulation,Ground conduction is primary heat drain.,-35.63,-28.84,-31.79,0,24
SIM_001504,Daulat Beg Oldie,5065.0,ROOF,FLOOR,1.524,4.065,3.192,0.615,2.327,1.309,13.034,11.7,31.19,24.49,4.72,17.86,10.04,100.0,Add 100mm exterior roof insulation,Roof conduction loss dominates envelope heat transfer.,-47.01,-40.81,-43.19,0,24
SIM_001505,Galwan,4300.0,FLOOR,INFILTRATION,0.845,1.756,5.271,0.016,4.328,0.117,12.334,6.85,14.24,42.74,0.13,35.09,0.95,100.0,Install sub-base perimeter slab insulation,Ground conduction is primary heat drain.,-25.71,-18.59,-22.08,0,24
SIM_001506,Hanle,4500.0,FLOOR,INFILTRATION,2.631,1.964,15.461,0.606,9.663,0.335,30.66,8.58,6.4,50.43,1.97,31.52,1.09,99.99,Install sub-base perimeter slab insulation,Ground conduction is primary heat drain.,-26.92,-16.21,-20.94,0,24
SIM_001507,Nyoma,4180.0,FLOOR,INFILTRATION,2.691,0.685,9.497,0.32,6.722,0.128,20.043,13.42,3.42,47.38,1.6,33.54,0.64,100.0,Install sub-base perimeter slab insulation,Ground conduction is primary heat drain.,-31.63,-22.03,-26.54,0,24
SIM_001508,Chushul,4350.0,WALL,FLOOR,3.574,1.222,2.903,0.064,1.925,0.133,9.821,36.39,12.44,29.56,0.65,19.61,1.35,100.0,Add 75mm exterior insulation (EPS/rockwool),Wall conduction accounts for highest percentage of heat loss.,-29.45,-21.95,-25.58,0,24
SIM_001509,Rezang La,5000.0,FLOOR,INFILTRATION,1.121,0.525,6.201,0.466,1.597,0.162,10.071,11.13,5.21,61.57,4.62,15.85,1.61,99.99,Install sub-base perimeter slab insulation,Ground conduction is primary heat drain.,-32.44,-25.07,-27.97,0,24
SIM_001510,Pangong,4250.0,ROOF,FLOOR,1.934,2.857,2.177,0.103,0.704,1.637,9.412,20.55,30.35,23.13,1.1,7.48,17.39,100.0,Add 100mm exterior roof insulation,Roof conduction loss dominates envelope heat transfer.,-21.9,-13.04,-16.63,0,24
SIM_001511,Depsang,5330.0,FLOOR,INFILTRATION,1.15,1.762,6.923,1.354,3.78,0.025,14.994,7.67,11.75,46.17,9.03,25.21,0.16,99.99,Install sub-base perimeter slab insulation,Ground conduction is primary heat drain.,-34.94,-29.24,-31.53,0,24
SIM_001512,Kargil,2676.0,FLOOR,INFILTRATION,1.483,0.807,6.205,0.239,5.296,0.128,14.158,10.47,5.7,43.83,1.69,37.41,0.91,100.01,Install sub-base perimeter slab insulation,Ground conduction is primary heat drain.,-26.48,-20.56,-23.13,0,24
SIM_001513,Leh,3500.0,FLOOR,INFILTRATION,2.695,2.338,14.45,0.0,5.304,0.174,24.961,10.8,9.37,57.89,0.0,21.25,0.7,100.01,Install sub-base perimeter slab insulation,Ground conduction is primary heat drain.,-10.51,-3.52,-6.74,0,24
SIM_001514,Dras,3280.0,FLOOR,WALL,3.524,1.096,7.917,1.064,2.539,0.065,16.205,21.75,6.76,48.86,6.56,15.67,0.4,100.0,Install sub-base perimeter slab insulation,Ground conduction is primary heat drain.,-25.53,-20.77,-22.89,0,24
SIM_001515,Siachen,5400.0,FLOOR,INFILTRATION,2.5,3.439,20.404,7.537,16.556,0.353,50.79,4.92,6.77,40.17,14.84,32.6,0.7,100.0,Install sub-base perimeter slab insulation,Ground conduction is primary heat drain.,-42.74,-36.41,-38.76,0,24
SIM_001516,Daulat Beg Oldie,5065.0,FLOOR,INFILTRATION,0.885,1.579,6.3,0.358,2.821,0.101,12.044,7.35,13.11,52.31,2.97,23.42,0.84,100.0,Install sub-base perimeter slab insulation,Ground conduction is primary heat drain.,-36.56,-27.9,-31.59,0,24
SIM_001517,Galwan,4300.0,FLOOR,INFILTRATION,3.19,6.722,22.531,6.297,6.768,0.526,46.034,6.93,14.6,48.94,13.68,14.7,1.14,99.99,Install sub-base perimeter slab insulation,Ground conduction is primary heat drain.,-26.94,-17.01,-20.93,0,24
SIM_001518,Hanle,4500.0,ROOF,FLOOR,0.943,5.026,4.413,0.443,3.379,1.58,15.785,5.97,31.84,27.96,2.8,21.41,10.01,99.99,Add 100mm exterior roof insulation,Roof conduction loss dominates envelope heat transfer.,-19.73,-11.13,-15.19,0,24
SIM_001519,Nyoma,4180.0,FLOOR,INFILTRATION,2.545,0.225,4.563,0.436,3.874,0.054,11.697,21.75,1.92,39.01,3.73,33.12,0.46,99.99,Install sub-base perimeter slab insulation,Ground conduction is primary heat drain.,-23.45,-13.68,-18.25,0,24
SIM_001520,Chushul,4350.0,FLOOR,WALL,2.735,0.786,7.565,1.574,1.897,0.088,14.645,18.67,5.37,51.66,10.75,12.96,0.6,100.01,Install sub-base perimeter slab insulation,Ground conduction is primary heat drain.,-39.77,-31.24,-34.32,0,24
SIM_001521,Rezang La,5000.0,FLOOR,INFILTRATION,1.687,1.086,4.876,0.556,2.638,0.151,10.994,15.34,9.88,44.35,5.06,23.99,1.38,100.0,Install sub-base perimeter slab insulation,Ground conduction is primary heat drain.,-28.78,-25.02,-26.71,0,24
SIM_001522,Pangong,4250.0,ROOF,FLOOR,1.169,11.607,8.228,0.26,2.643,1.944,25.851,4.52,44.9,31.83,1.0,10.23,7.52,100.0,Add 100mm exterior roof insulation,Roof conduction loss dominates envelope heat transfer.,-30.17,-19.46,-23.95,0,24
SIM_001523,Depsang,5330.0,FLOOR,INFILTRATION,1.506,0.424,5.049,0.126,3.352,0.063,10.52,14.31,4.03,47.99,1.2,31.87,0.6,100.0,Install sub-base perimeter slab insulation,Ground conduction is primary heat drain.,-43.11,-38.68,-40.8,0,24
SIM_001524,Kargil,2676.0,FLOOR,INFILTRATION,1.017,2.088,8.424,0.07,6.742,0.25,18.591,5.47,11.23,45.31,0.38,36.27,1.34,100.0,Install sub-base perimeter slab insulation,Ground conduction is primary heat drain.,-13.28,-8.71,-10.86,0,24
SIM_001525,Leh,3500.0,FLOOR,INFILTRATION,0.616,0.493,4.634,0.1,4.157,0.006,10.006,6.16,4.93,46.31,1.0,41.55,0.06,100.01,Install sub-base perimeter slab insulation,Ground conduction is primary heat drain.,-15.99,-10.03,-13.0,0,24
SIM_001526,Dras,3280.0,FLOOR,ROOF,3.048,4.185,14.168,0.051,2.908,0.328,24.687,12.35,16.95,57.39,0.21,11.78,1.33,100.01,Install sub-base perimeter slab insulation,Ground conduction is primary heat drain.,-16.52,-11.54,-14.1,0,24
SIM_001527,Siachen,5400.0,FLOOR,WALL,6.054,1.063,18.854,0.022,2.862,0.082,28.938,20.92,3.67,65.15,0.08,9.89,0.28,99.99,Install sub-base perimeter slab insulation,Ground conduction is primary heat drain.,-30.59,-25.34,-27.96,0,24
SIM_001528,Daulat Beg Oldie,5065.0,FLOOR,INFILTRATION,5.135,4.001,14.559,4.728,6.987,0.579,35.989,14.27,11.12,40.46,13.14,19.41,1.61,100.01,Install sub-base perimeter slab insulation,Ground conduction is primary heat drain.,-43.45,-37.6,-39.73,0,24
SIM_001529,Galwan,4300.0,FLOOR,INFILTRATION,1.611,1.119,9.637,0.857,4.771,0.082,18.077,8.91,6.19,53.31,4.74,26.39,0.45,99.99,Install sub-base perimeter slab insulation,Ground conduction is primary heat drain.,-23.67,-15.87,-18.68,0,24
SIM_001530,Hanle,4500.0,FLOOR,ROOF,4.226,14.537,16.559,2.114,1.59,2.724,41.75,10.12,34.82,39.66,5.06,3.81,6.52,99.99,Install sub-base perimeter slab insulation,Ground conduction is primary heat drain.,-25.47,-18.13,-21.22,0,24
SIM_001531,Nyoma,4180.0,ROOF,FLOOR,2.616,12.692,10.308,1.588,0.62,1.432,29.256,8.94,43.38,35.23,5.43,2.12,4.89,99.99,Add 100mm exterior roof insulation,Roof conduction loss dominates envelope heat transfer.,-31.9,-22.74,-25.92,0,24
SIM_001532,Chushul,4350.0,FLOOR,ROOF,1.492,1.623,7.687,0.689,0.404,0.306,12.201,12.23,13.3,63.0,5.65,3.31,2.51,100.0,Install sub-base perimeter slab insulation,Ground conduction is primary heat drain.,-29.03,-19.99,-23.3,0,24
SIM_001533,Rezang La,5000.0,FLOOR,ROOF,2.387,8.556,13.093,0.96,5.053,0.613,30.663,7.78,27.9,42.7,3.13,16.48,2.0,99.99,Install sub-base perimeter slab insulation,Ground conduction is primary heat drain.,-34.02,-25.06,-28.47,0,24
SIM_001534,Pangong,4250.0,WALL,FLOOR,7.081,1.117,7.004,1.822,5.165,0.263,22.452,31.54,4.98,31.2,8.11,23.01,1.17,100.01,Add 75mm exterior insulation (EPS/rockwool),Wall conduction accounts for highest percentage of heat loss.,-16.66,-13.45,-14.59,0,24
SIM_001535,Depsang,5330.0,ROOF,FLOOR,1.814,9.453,7.822,0.25,0.962,2.057,22.359,8.11,42.28,34.98,1.12,4.3,9.2,99.99,Add 100mm exterior roof insulation,Roof conduction loss dominates envelope heat transfer.,-33.39,-27.7,-30.49,0,24
SIM_001536,Kargil,2676.0,FLOOR,INFILTRATION,2.777,1.653,12.325,0.443,7.348,0.196,24.742,11.23,6.68,49.81,1.79,29.7,0.79,100.0,Install sub-base perimeter slab insulation,Ground conduction is primary heat drain.,-25.07,-17.39,-20.81,0,24
SIM_001537,Leh,3500.0,FLOOR,INFILTRATION,3.108,1.023,17.111,1.709,10.786,0.152,33.889,9.17,3.02,50.49,5.04,31.83,0.45,100.0,Install sub-base perimeter slab insulation,Ground conduction is primary heat drain.,-14.81,-4.94,-8.65,0,24
SIM_001538,Dras,3280.0,WALL,FLOOR,8.16,1.453,6.622,0.343,1.479,0.215,18.273,44.66,7.95,36.24,1.88,8.1,1.17,100.0,Add 75mm exterior insulation (EPS/rockwool),Wall conduction accounts for highest percentage of heat loss.,-30.32,-23.49,-26.7,0,24
SIM_001539,Siachen,5400.0,WALL,FLOOR,4.064,1.0,3.029,0.034,0.214,0.094,8.435,48.18,11.86,35.9,0.4,2.54,1.12,100.0,Add 75mm exterior insulation (EPS/rockwool),Wall conduction accounts for highest percentage of heat loss.,-42.88,-41.45,-42.18,0,24
SIM_001540,Daulat Beg Oldie,5065.0,FLOOR,INFILTRATION,2.985,1.773,7.531,0.846,4.564,0.153,17.852,16.72,9.93,42.19,4.74,25.57,0.86,100.01,Install sub-base perimeter slab insulation,Ground conduction is primary heat drain.,-36.49,-28.54,-31.3,0,24
SIM_001541,Galwan,4300.0,FLOOR,GLAZING,2.605,0.709,8.433,3.006,1.891,0.296,16.94,15.38,4.18,49.78,17.74,11.16,1.75,99.99,Install sub-base perimeter slab insulation,Ground conduction is primary heat drain.,-26.84,-21.85,-23.61,0,24
SIM_001542,Hanle,4500.0,FLOOR,WALL,2.509,2.418,12.119,1.297,0.493,0.231,19.068,13.16,12.68,63.56,6.8,2.59,1.21,100.0,Install sub-base perimeter slab insulation,Ground conduction is primary heat drain.,-16.94,-12.35,-14.08,0,24
SIM_001543,Nyoma,4180.0,FLOOR,WALL,3.834,1.03,14.714,0.7,3.285,0.032,23.594,16.25,4.36,62.37,2.96,13.92,0.13,99.99,Install sub-base perimeter slab insulation,Ground conduction is primary heat drain.,-18.71,-11.3,-14.99,0,24
SIM_001544,Chushul,4350.0,FLOOR,WALL,2.78,2.043,20.324,1.02,0.489,0.183,26.838,10.36,7.61,75.73,3.8,1.82,0.68,100.0,Install sub-base perimeter slab insulation,Ground conduction is primary heat drain.,-34.17,-27.83,-30.9,0,24
SIM_001545,Rezang La,5000.0,FLOOR,INFILTRATION,4.531,3.005,21.014,2.629,8.324,0.299,39.802,11.38,7.55,52.8,6.61,20.91,0.75,100.0,Install sub-base perimeter slab insulation,Ground conduction is primary heat drain.,-27.46,-20.1,-22.53,0,24
SIM_001546,Pangong,4250.0,FLOOR,WALL,6.217,0.843,7.508,1.591,0.898,0.165,17.222,36.1,4.9,43.59,9.24,5.21,0.96,100.0,Install sub-base perimeter slab insulation,Ground conduction is primary heat drain.,-24.33,-20.26,-21.73,0,24
SIM_001547,Depsang,5330.0,FLOOR,INFILTRATION,2.113,0.898,8.7,0.486,2.432,0.064,14.691,14.38,6.11,59.22,3.31,16.55,0.43,100.0,Install sub-base perimeter slab insulation,Ground conduction is primary heat drain.,-46.51,-38.37,-41.73,0,24
SIM_001548,Kargil,2676.0,FLOOR,INFILTRATION,1.646,0.848,3.327,0.456,2.041,0.1,8.418,19.56,10.07,39.53,5.42,24.24,1.19,100.01,Install sub-base perimeter slab insulation,Ground conduction is primary heat drain.,-16.96,-9.61,-12.45,0,24
SIM_001549,Leh,3500.0,FLOOR,WALL,2.724,0.534,4.693,0.273,1.242,0.124,9.59,28.41,5.57,48.93,2.85,12.95,1.29,100.0,Install sub-base perimeter slab insulation,Ground conduction is primary heat drain.,-12.16,-9.19,-10.52,0,24
SIM_001550,Dras,3280.0,FLOOR,WALL,1.206,0.377,2.926,0.228,0.235,0.07,5.041,23.91,7.47,58.05,4.52,4.65,1.39,99.99,Install sub-base perimeter slab insulation,Ground conduction is primary heat drain.,-19.34,-16.65,-18.09,0,24
SIM_001551,Siachen,5400.0,ROOF,FLOOR,1.141,9.401,6.864,0.214,1.009,1.011,19.639,5.81,47.87,34.95,1.09,5.14,5.15,100.01,Add 100mm exterior roof insulation,Roof conduction loss dominates envelope heat transfer.,-35.47,-26.22,-30.37,0,24
SIM_001552,Daulat Beg Oldie,5065.0,FLOOR,INFILTRATION,1.184,0.415,5.586,0.268,5.43,0.332,13.215,8.96,3.14,42.27,2.03,41.09,2.51,100.0,Install sub-base perimeter slab insulation,Ground conduction is primary heat drain.,-46.87,-40.98,-43.61,0,24
SIM_001553,Galwan,4300.0,FLOOR,ROOF,1.757,10.07,11.737,1.533,0.233,1.335,26.666,6.59,37.76,44.02,5.75,0.87,5.01,100.0,Install sub-base perimeter slab insulation,Ground conduction is primary heat drain.,-28.41,-18.58,-21.89,0,24
SIM_001554,Hanle,4500.0,FLOOR,INFILTRATION,1.414,2.122,12.058,1.884,6.221,0.181,23.881,5.92,8.89,50.49,7.89,26.05,0.76,100.0,Install sub-base perimeter slab insulation,Ground conduction is primary heat drain.,-28.19,-20.07,-22.98,0,24
SIM_001555,Nyoma,4180.0,FLOOR,WALL,3.353,0.525,4.786,0.298,1.969,0.092,11.023,30.42,4.76,43.42,2.71,17.87,0.83,100.01,Install sub-base perimeter slab insulation,Ground conduction is primary heat drain.,-27.1,-24.67,-25.93,0,24
SIM_001556,Chushul,4350.0,ROOF,FLOOR,2.807,7.043,4.545,0.301,0.173,1.807,16.676,16.83,42.23,27.25,1.81,1.04,10.84,100.0,Add 100mm exterior roof insulation,Roof conduction loss dominates envelope heat transfer.,-27.83,-21.52,-24.24,0,24
SIM_001557,Rezang La,5000.0,FLOOR,INFILTRATION,0.804,0.677,3.556,0.071,2.832,0.003,7.942,10.12,8.52,44.77,0.9,35.65,0.04,100.0,Install sub-base perimeter slab insulation,Ground conduction is primary heat drain.,-32.87,-26.04,-29.3,0,24
SIM_001558,Pangong,4250.0,FLOOR,WALL,2.194,0.721,8.494,0.295,2.078,0.083,13.865,15.83,5.2,61.26,2.13,14.98,0.6,100.0,Install sub-base perimeter slab insulation,Ground conduction is primary heat drain.,-19.26,-10.19,-13.57,0,24
SIM_001559,Depsang,5330.0,WALL,INFILTRATION,4.195,0.345,1.955,0.498,3.683,0.036,10.712,39.17,3.22,18.25,4.65,34.38,0.33,100.0,Add 75mm exterior insulation (EPS/rockwool),Wall conduction accounts for highest percentage of heat loss.,-35.69,-31.19,-33.41,0,24
SIM_001560,Kargil,2676.0,FLOOR,INFILTRATION,1.311,0.921,4.639,1.015,2.357,0.106,10.349,12.67,8.9,44.82,9.8,22.78,1.03,100.0,Install sub-base perimeter slab insulation,Ground conduction is primary heat drain.,-26.11,-20.4,-22.81,0,24
SIM_001561,Leh,3500.0,FLOOR,INFILTRATION,2.721,2.841,10.282,3.639,4.905,0.248,24.637,11.05,11.53,41.74,14.77,19.91,1.01,100.01,Install sub-base perimeter slab insulation,Ground conduction is primary heat drain.,-13.9,-7.49,-9.68,0,24
SIM_001562,Dras,3280.0,FLOOR,ROOF,1.116,1.335,4.647,1.045,1.09,0.094,9.326,11.96,14.31,49.82,11.21,11.68,1.01,99.99,Install sub-base perimeter slab insulation,Ground conduction is primary heat drain.,-32.05,-21.48,-25.91,0,24
SIM_001563,Siachen,5400.0,FLOOR,INFILTRATION,3.655,3.436,23.818,1.569,4.397,0.045,36.921,9.9,9.31,64.51,4.25,11.91,0.12,100.0,Install sub-base perimeter slab insulation,Ground conduction is primary heat drain.,-41.73,-34.48,-37.27,0,24
SIM_001564,Daulat Beg Oldie,5065.0,FLOOR,INFILTRATION,0.637,1.421,7.063,0.449,3.742,0.087,13.399,4.75,10.61,52.71,3.35,27.93,0.65,100.0,Install sub-base perimeter slab insulation,Ground conduction is primary heat drain.,-35.31,-31.39,-32.59,0,24
SIM_001565,Galwan,4300.0,FLOOR,WALL,3.58,0.895,10.209,2.753,3.209,0.048,20.695,17.3,4.33,49.33,13.3,15.51,0.23,100.0,Install sub-base perimeter slab insulation,Ground conduction is primary heat drain.,-24.61,-17.56,-20.38,0,24
SIM_001566,Hanle,4500.0,FLOOR,WALL,3.202,1.114,10.537,0.553,1.215,0.069,16.69,19.18,6.68,63.13,3.31,7.28,0.41,99.99,Install sub-base perimeter slab insulation,Ground conduction is primary heat drain.,-17.76,-8.75,-13.11,0,24
SIM_001567,Nyoma,4180.0,FLOOR,ROOF,0.592,1.436,2.455,0.219,1.09,0.508,6.3,9.4,22.8,38.96,3.48,17.3,8.06,100.0,Install sub-base perimeter slab insulation,Ground conduction is primary heat drain.,-20.53,-15.78,-18.21,0,24
SIM_001568,Chushul,4350.0,FLOOR,GLAZING,1.96,3.646,15.882,7.624,7.305,0.326,36.742,5.33,9.92,43.23,20.75,19.88,0.89,100.0,Install sub-base perimeter slab insulation,Ground conduction is primary heat drain.,-35.28,-27.47,-30.37,0,24
SIM_001569,Rezang La,5000.0,FLOOR,INFILTRATION,1.718,1.838,11.766,0.918,4.959,0.235,21.434,8.01,8.58,54.89,4.28,23.14,1.1,100.0,Install sub-base perimeter slab insulation,Ground conduction is primary heat drain.,-29.3,-21.05,-24.61,0,24
SIM_001570,Pangong,4250.0,FLOOR,ROOF,1.939,2.714,11.742,0.749,1.682,0.257,19.084,10.16,14.22,61.53,3.93,8.82,1.35,100.01,Install sub-base perimeter slab insulation,Ground conduction is primary heat drain.,-22.37,-16.93,-19.25,0,24
SIM_001571,Depsang,5330.0,FLOOR,INFILTRATION,3.141,4.412,21.378,5.364,13.466,0.213,47.974,6.55,9.2,44.56,11.18,28.07,0.44,100.0,Install sub-base perimeter slab insulation,Ground conduction is primary heat drain.,-44.57,-36.93,-39.84,0,24
SIM_001572,Kargil,2676.0,WALL,FLOOR,4.499,3.56,4.342,0.898,3.437,1.191,17.927,25.1,19.86,24.22,5.01,19.17,6.64,100.0,Add 75mm exterior insulation (EPS/rockwool),Wall conduction accounts for highest percentage of heat loss.,-14.64,-10.51,-12.29,0,24
SIM_001573,Leh,3500.0,WALL,FLOOR,8.658,0.467,5.266,0.382,2.491,0.127,17.392,49.78,2.69,30.28,2.2,14.33,0.73,100.01,Add 75mm exterior insulation (EPS/rockwool),Wall conduction accounts for highest percentage of heat loss.,-15.18,-10.44,-12.62,0,24
SIM_001574,Dras,3280.0,ROOF,FLOOR,1.636,15.028,9.593,1.837,1.339,2.216,31.648,5.17,47.48,30.31,5.8,4.23,7.0,99.99,Add 100mm exterior roof insulation,Roof conduction loss dominates envelope heat transfer.,-21.32,-13.42,-15.82,0,24
SIM_001575,Siachen,5400.0,FLOOR,ROOF,0.742,6.15,6.989,1.438,2.639,1.252,19.21,3.86,32.01,36.38,7.49,13.74,6.52,100.0,Install sub-base perimeter slab insulation,Ground conduction is primary heat drain.,-34.56,-29.24,-31.56,0,24
SIM_001576,Daulat Beg Oldie,5065.0,FLOOR,INFILTRATION,4.233,2.814,32.787,3.762,14.7,0.225,58.521,7.23,4.81,56.03,6.43,25.12,0.38,100.0,Install sub-base perimeter slab insulation,Ground conduction is primary heat drain.,-44.27,-35.14,-38.35,0,24
SIM_001577,Galwan,4300.0,FLOOR,INFILTRATION,1.918,0.685,4.884,0.029,4.804,0.213,12.532,15.31,5.47,38.97,0.23,38.33,1.7,100.01,Install sub-base perimeter slab insulation,Ground conduction is primary heat drain.,-24.27,-20.09,-22.15,0,24
SIM_001578,Hanle,4500.0,FLOOR,ROOF,1.986,8.84,10.175,0.33,2.19,0.6,24.12,8.23,36.65,42.18,1.37,9.08,2.49,100.0,Install sub-base perimeter slab insulation,Ground conduction is primary heat drain.,-33.42,-20.46,-25.88,0,24
SIM_001579,Nyoma,4180.0,FLOOR,INFILTRATION,1.881,0.484,7.952,1.595,2.128,0.058,14.097,13.34,3.43,56.41,11.31,15.09,0.41,99.99,Install sub-base perimeter slab insulation,Ground conduction is primary heat drain.,-32.91,-25.02,-27.87,0,24
SIM_001580,Chushul,4350.0,FLOOR,INFILTRATION,0.769,0.322,4.354,0.022,2.683,0.152,8.303,9.27,3.87,52.44,0.27,32.32,1.83,100.0,Install sub-base perimeter slab insulation,Ground conduction is primary heat drain.,-27.12,-20.39,-23.7,0,24
SIM_001581,Rezang La,5000.0,FLOOR,ROOF,4.419,8.276,8.494,0.953,5.971,3.054,31.167,14.18,26.55,27.25,3.06,19.16,9.8,100.0,Install sub-base perimeter slab insulation,Ground conduction is primary heat drain.,-32.25,-25.65,-28.25,0,24
SIM_001582,Pangong,4250.0,FLOOR,INFILTRATION,2.166,0.447,4.973,0.038,3.524,0.117,11.265,19.23,3.97,44.14,0.34,31.28,1.04,100.0,Install sub-base perimeter slab insulation,Ground conduction is primary heat drain.,-18.02,-10.96,-14.46,0,24
SIM_001583,Depsang,5330.0,ROOF,FLOOR,2.696,18.436,16.217,0.088,4.298,0.755,42.491,6.35,43.39,38.17,0.21,10.12,1.78,100.02,Add 100mm exterior roof insulation,Roof conduction loss dominates envelope heat transfer.,-36.59,-27.77,-31.78,0,24
SIM_001584,Kargil,2676.0,FLOOR,INFILTRATION,3.432,0.702,8.744,2.818,4.494,0.09,20.28,16.92,3.46,43.12,13.89,22.16,0.44,99.99,Install sub-base perimeter slab insulation,Ground conduction is primary heat drain.,-25.0,-18.61,-20.95,0,24
SIM_001585,Leh,3500.0,WALL,FLOOR,6.723,1.419,4.902,0.699,4.424,0.139,18.306,36.73,7.75,26.78,3.82,24.17,0.76,100.01,Add 75mm exterior insulation (EPS/rockwool),Wall conduction accounts for highest percentage of heat loss.,-11.47,-8.95,-9.95,0,24
SIM_001586,Dras,3280.0,FLOOR,INFILTRATION,2.465,0.351,3.799,0.23,2.732,0.071,9.648,25.55,3.63,39.38,2.39,28.31,0.74,100.0,Install sub-base perimeter slab insulation,Ground conduction is primary heat drain.,-30.33,-23.09,-26.42,0,24
SIM_001587,Siachen,5400.0,FLOOR,WALL,2.621,1.547,19.116,0.214,2.147,0.07,25.716,10.19,6.02,74.33,0.83,8.35,0.27,99.99,Install sub-base perimeter slab insulation,Ground conduction is primary heat drain.,-41.92,-36.16,-38.92,0,24
SIM_001588,Daulat Beg Oldie,5065.0,WALL,ROOF,7.79,4.835,4.643,1.622,3.736,1.265,23.892,32.61,20.24,19.43,6.79,15.64,5.3,100.01,Add 75mm exterior insulation (EPS/rockwool),Wall conduction accounts for highest percentage of heat loss.,-34.34,-31.68,-32.51,0,24
SIM_001589,Galwan,4300.0,FLOOR,WALL,2.759,1.985,12.246,0.602,1.526,0.166,19.285,14.31,10.29,63.5,3.12,7.91,0.86,99.99,Install sub-base perimeter slab insulation,Ground conduction is primary heat drain.,-25.04,-19.32,-22.07,0,24
SIM_001590,Hanle,4500.0,FLOOR,INFILTRATION,2.27,1.224,11.914,0.919,6.054,0.149,22.529,10.07,5.43,52.88,4.08,26.87,0.66,99.99,Install sub-base perimeter slab insulation,Ground conduction is primary heat drain.,-20.44,-8.25,-13.47,0,24
SIM_001591,Nyoma,4180.0,WALL,FLOOR,16.895,0.766,10.98,0.872,5.529,0.224,35.265,47.91,2.17,31.14,2.47,15.68,0.63,100.0,Add 75mm exterior insulation (EPS/rockwool),Wall conduction accounts for highest percentage of heat loss.,-18.24,-12.99,-15.63,0,24
SIM_001592,Chushul,4350.0,FLOOR,WALL,8.252,1.633,9.537,0.916,5.535,0.256,26.13,31.58,6.25,36.5,3.51,21.18,0.98,100.0,Install sub-base perimeter slab insulation,Ground conduction is primary heat drain.,-34.56,-31.33,-32.67,0,24
SIM_001593,Rezang La,5000.0,FLOOR,INFILTRATION,5.376,2.058,17.168,0.286,8.462,0.131,33.481,16.06,6.15,51.28,0.85,25.27,0.39,100.0,Install sub-base perimeter slab insulation,Ground conduction is primary heat drain.,-26.53,-21.45,-23.92,0,24
SIM_001594,Pangong,4250.0,FLOOR,INFILTRATION,1.261,1.105,9.311,0.364,5.84,0.141,18.023,7.0,6.13,51.66,2.02,32.4,0.79,100.0,Install sub-base perimeter slab insulation,Ground conduction is primary heat drain.,-25.6,-18.78,-21.73,0,24
SIM_001595,Depsang,5330.0,ROOF,FLOOR,4.497,23.767,15.135,0.31,0.665,2.796,47.17,9.53,50.39,32.09,0.66,1.41,5.93,100.01,Add 100mm exterior roof insulation,Roof conduction loss dominates envelope heat transfer.,-45.81,-38.56,-41.29,0,24
SIM_001596,Kargil,2676.0,FLOOR,INFILTRATION,1.738,1.289,5.038,0.225,2.981,0.103,11.374,15.28,11.34,44.29,1.97,26.21,0.91,100.0,Install sub-base perimeter slab insulation,Ground conduction is primary heat drain.,-16.24,-9.64,-12.73,0,24
SIM_001597,Leh,3500.0,ROOF,FLOOR,0.984,7.846,7.151,0.253,2.893,0.542,19.668,5.01,39.89,36.36,1.28,14.71,2.75,100.0,Add 100mm exterior roof insulation,Roof conduction loss dominates envelope heat transfer.,-18.89,-7.92,-12.77,0,24
SIM_001598,Dras,3280.0,WALL,FLOOR,4.485,0.181,3.614,0.292,2.562,0.125,11.26,39.83,1.61,32.1,2.6,22.75,1.11,100.0,Add 75mm exterior insulation (EPS/rockwool),Wall conduction accounts for highest percentage of heat loss.,-23.17,-15.74,-18.9,0,24
SIM_001599,Siachen,5400.0,FLOOR,INFILTRATION,1.453,0.666,8.316,1.509,5.601,0.146,17.692,8.21,3.77,47.0,8.53,31.66,0.83,100.0,Install sub-base perimeter slab insulation,Ground conduction is primary heat drain.,-33.89,-27.67,-30.14,0,24
SIM_001600,Daulat Beg Oldie,5065.0,WALL,INFILTRATION,4.883,2.04,3.67,0.661,3.938,0.0,15.192,32.14,13.43,24.16,4.35,25.92,0.0,100.0,Add 75mm exterior insulation (EPS/rockwool),Wall conduction accounts for highest percentage of heat loss.,-46.92,-41.78,-44.23,0,24
SIM_001601,Galwan,4300.0,ROOF,WALL,6.252,7.547,5.434,1.489,4.311,1.718,26.752,23.37,28.21,20.31,5.57,16.11,6.42,99.99,Add 100mm exterior roof insulation,Roof conduction loss dominates envelope heat transfer.,-25.33,-20.3,-22.58,0,24
SIM_001602,Hanle,4500.0,FLOOR,INFILTRATION,1.842,0.997,9.043,2.526,3.03,0.297,17.735,10.39,5.62,50.99,14.24,17.08,1.68,100.0,Install sub-base perimeter slab insulation,Ground conduction is primary heat drain.,-26.04,-19.59,-22.09,0,24
SIM_001603,Nyoma,4180.0,FLOOR,INFILTRATION,1.776,2.083,7.33,1.283,4.104,0.184,16.759,10.59,12.43,43.74,7.66,24.49,1.1,100.01,Install sub-base perimeter slab insulation,Ground conduction is primary heat drain.,-33.21,-23.91,-27.32,0,24
SIM_001604,Chushul,4350.0,FLOOR,INFILTRATION,1.953,0.461,6.469,0.593,5.648,0.15,15.275,12.79,3.02,42.35,3.88,36.98,0.98,100.0,Install sub-base perimeter slab insulation,Ground conduction is primary heat drain.,-26.3,-20.04,-23.02,0,24
SIM_001605,Rezang La,5000.0,FLOOR,ROOF,2.056,5.321,5.482,0.041,2.165,0.061,15.126,13.59,35.18,36.24,0.27,14.31,0.41,100.0,Install sub-base perimeter slab insulation,Ground conduction is primary heat drain.,-33.13,-25.44,-28.74,0,24
SIM_001606,Pangong,4250.0,FLOOR,INFILTRATION,1.392,0.799,10.032,1.591,6.401,0.037,20.253,6.88,3.95,49.53,7.86,31.61,0.18,100.01,Install sub-base perimeter slab insulation,Ground conduction is primary heat drain.,-19.09,-8.63,-12.73,0,24
SIM_001607,Depsang,5330.0,FLOOR,ROOF,1.34,4.837,6.3,0.75,0.414,0.028,13.67,9.8,35.38,46.09,5.49,3.03,0.21,100.0,Install sub-base perimeter slab insulation,Ground conduction is primary heat drain.,-39.2,-28.01,-32.89,0,24
SIM_001608,Kargil,2676.0,ROOF,FLOOR,1.446,10.406,9.122,2.502,1.47,1.246,26.192,5.52,39.73,34.83,9.55,5.61,4.76,100.0,Add 100mm exterior roof insulation,Roof conduction loss dominates envelope heat transfer.,-26.96,-17.24,-20.87,0,24
SIM_001609,Leh,3500.0,FLOOR,INFILTRATION,1.163,2.26,5.632,0.053,5.252,0.963,15.322,7.59,14.75,36.76,0.34,34.28,6.28,100.0,Install sub-base perimeter slab insulation,Ground conduction is primary heat drain.,-13.8,-7.77,-10.74,0,24
SIM_001610,Dras,3280.0,FLOOR,INFILTRATION,4.157,1.468,28.686,1.153,8.723,0.11,44.298,9.38,3.31,64.76,2.6,19.69,0.25,99.99,Install sub-base perimeter slab insulation,Ground conduction is primary heat drain.,-25.56,-17.8,-21.22,0,24
SIM_001611,Siachen,5400.0,FLOOR,INFILTRATION,0.986,0.498,6.063,1.146,3.186,0.014,11.894,8.29,4.19,50.97,9.64,26.79,0.12,100.0,Install sub-base perimeter slab insulation,Ground conduction is primary heat drain.,-45.06,-35.84,-39.66,0,24
SIM_001612,Daulat Beg Oldie,5065.0,FLOOR,INFILTRATION,3.091,1.846,14.22,0.22,9.663,0.247,29.288,10.55,6.3,48.55,0.75,32.99,0.84,99.98,Install sub-base perimeter slab insulation,Ground conduction is primary heat drain.,-33.39,-27.24,-29.99,0,24
SIM_001613,Galwan,4300.0,FLOOR,ROOF,1.183,6.178,6.933,0.326,2.125,1.175,17.92,6.6,34.48,38.69,1.82,11.86,6.56,100.01,Install sub-base perimeter slab insulation,Ground conduction is primary heat drain.,-26.01,-19.6,-22.51,0,24
SIM_001614,Hanle,4500.0,FLOOR,INFILTRATION,2.758,2.154,14.092,0.988,5.203,0.212,25.407,10.85,8.48,55.46,3.89,20.48,0.84,100.0,Install sub-base perimeter slab insulation,Ground conduction is primary heat drain.,-17.39,-12.67,-14.59,0,24
SIM_001615,Nyoma,4180.0,FLOOR,INFILTRATION,1.315,0.493,8.424,0.976,2.683,0.081,13.972,9.41,3.53,60.29,6.98,19.2,0.58,99.99,Install sub-base perimeter slab insulation,Ground conduction is primary heat drain.,-19.59,-11.14,-15.1,0,24
SIM_001616,Chushul,4350.0,FLOOR,INFILTRATION,3.232,2.44,9.443,0.239,4.98,0.219,20.555,15.73,11.87,45.94,1.16,24.23,1.07,100.0,Install sub-base perimeter slab insulation,Ground conduction is primary heat drain.,-33.22,-29.22,-30.92,0,24
SIM_001617,Rezang La,5000.0,FLOOR,INFILTRATION,1.56,1.177,12.468,0.326,4.181,0.067,19.778,7.89,5.95,63.04,1.65,21.14,0.34,100.01,Install sub-base perimeter slab insulation,Ground conduction is primary heat drain.,-29.87,-20.64,-24.91,0,24
SIM_001618,Pangong,4250.0,ROOF,FLOOR,2.817,11.888,10.908,0.544,4.254,0.708,31.119,9.05,38.2,35.05,1.75,13.67,2.28,100.0,Add 100mm exterior roof insulation,Roof conduction loss dominates envelope heat transfer.,-27.73,-19.69,-22.93,0,24
SIM_001619,Depsang,5330.0,ROOF,FLOOR,0.959,9.513,8.79,1.771,0.186,1.308,22.526,4.26,42.23,39.02,7.86,0.82,5.8,99.99,Add 100mm exterior roof insulation,Roof conduction loss dominates envelope heat transfer.,-47.84,-37.73,-41.05,0,24
SIM_001620,Kargil,2676.0,ROOF,FLOOR,1.434,10.181,9.721,1.172,3.035,1.378,26.92,5.33,37.82,36.11,4.35,11.27,5.12,100.0,Add 100mm exterior roof insulation,Roof conduction loss dominates envelope heat transfer.,-13.62,-8.98,-10.46,0,24
SIM_001621,Leh,3500.0,FLOOR,INFILTRATION,2.258,1.982,8.933,0.408,4.982,0.193,18.757,12.04,10.57,47.63,2.18,26.56,1.03,100.01,Install sub-base perimeter slab insulation,Ground conduction is primary heat drain.,-17.89,-8.74,-12.72,0,24
SIM_001622,Dras,3280.0,FLOOR,INFILTRATION,5.074,2.864,15.71,5.186,10.639,0.195,39.669,12.79,7.22,39.6,13.07,26.82,0.49,99.99,Install sub-base perimeter slab insulation,Ground conduction is primary heat drain.,-20.06,-13.64,-15.95,0,24
SIM_001623,Siachen,5400.0,INFILTRATION,FLOOR,1.342,0.169,2.798,0.171,3.046,0.064,7.59,17.69,2.23,36.86,2.26,40.13,0.84,100.01,Perimeter weatherstripping and door draft seals,High air exchange rate is flushing interior thermal energy.,-34.6,-30.07,-32.24,0,24
SIM_001624,Daulat Beg Oldie,5065.0,FLOOR,INFILTRATION,3.669,0.787,13.407,0.76,8.859,0.237,27.719,13.24,2.84,48.37,2.74,31.96,0.85,100.0,Install sub-base perimeter slab insulation,Ground conduction is primary heat drain.,-45.27,-38.54,-41.61,0,24
SIM_001625,Galwan,4300.0,FLOOR,INFILTRATION,2.425,3.41,20.948,2.999,11.69,0.279,41.751,5.81,8.17,50.17,7.18,28.0,0.67,100.0,Install sub-base perimeter slab insulation,Ground conduction is primary heat drain.,-20.62,-15.49,-17.29,0,24
SIM_001626,Hanle,4500.0,WALL,FLOOR,13.793,0.785,9.001,0.999,2.467,0.059,27.104,50.89,2.9,33.21,3.69,9.1,0.22,100.01,Add 75mm exterior insulation (EPS/rockwool),Wall conduction accounts for highest percentage of heat loss.,-26.92,-19.33,-22.99,0,24
SIM_001627,Nyoma,4180.0,ROOF,FLOOR,6.576,21.864,16.877,1.725,1.218,1.715,49.974,13.16,43.75,33.77,3.45,2.44,3.43,100.0,Add 100mm exterior roof insulation,Roof conduction loss dominates envelope heat transfer.,-30.85,-22.77,-25.94,0,24
SIM_001628,Chushul,4350.0,ROOF,FLOOR,1.079,3.482,2.712,0.247,1.816,1.645,10.981,9.83,31.71,24.69,2.25,16.53,14.98,99.99,Add 100mm exterior roof insulation,Roof conduction loss dominates envelope heat transfer.,-29.17,-22.06,-24.99,0,24
SIM_001629,Rezang La,5000.0,WALL,FLOOR,15.638,0.648,6.952,0.775,0.87,0.045,24.928,62.73,2.6,27.89,3.11,3.49,0.18,100.0,Add 75mm exterior insulation (EPS/rockwool),Wall conduction accounts for highest percentage of heat loss.,-27.64,-24.44,-25.73,0,24
SIM_001630,Pangong,4250.0,FLOOR,INFILTRATION,1.232,0.809,3.134,0.491,1.66,0.109,7.435,16.58,10.89,42.15,6.6,22.33,1.47,100.02,Install sub-base perimeter slab insulation,Ground conduction is primary heat drain.,-20.89,-11.94,-15.91,0,24
SIM_001631,Depsang,5330.0,FLOOR,WALL,6.309,1.145,6.341,0.199,0.785,0.004,14.783,42.68,7.74,42.9,1.35,5.31,0.03,100.01,Install sub-base perimeter slab insulation,Ground conduction is primary heat drain.,-34.65,-31.89,-33.27,0,24
SIM_001632,Kargil,2676.0,FLOOR,WALL,9.918,7.129,10.403,0.35,2.942,1.51,32.252,30.75,22.1,32.26,1.09,9.12,4.68,100.0,Install sub-base perimeter slab insulation,Ground conduction is primary heat drain.,-23.75,-19.86,-21.75,0,24
SIM_001633,Leh,3500.0,WALL,FLOOR,4.931,0.765,4.707,0.848,2.672,0.027,13.95,35.34,5.49,33.74,6.08,19.16,0.19,100.0,Add 75mm exterior insulation (EPS/rockwool),Wall conduction accounts for highest percentage of heat loss.,-11.42,-9.19,-10.08,0,24
SIM_001634,Dras,3280.0,FLOOR,INFILTRATION,1.912,0.815,9.232,0.047,5.394,0.103,17.504,10.92,4.66,52.74,0.27,30.82,0.59,100.0,Install sub-base perimeter slab insulation,Ground conduction is primary heat drain.,-27.95,-19.46,-23.73,0,24
SIM_001635,Siachen,5400.0,FLOOR,WALL,2.769,0.82,10.023,0.904,2.425,0.044,16.985,16.3,4.83,59.01,5.32,14.28,0.26,100.0,Install sub-base perimeter slab insulation,Ground conduction is primary heat drain.,-38.86,-35.35,-36.43,0,24
SIM_001636,Daulat Beg Oldie,5065.0,FLOOR,WALL,2.738,1.592,7.915,1.225,1.172,0.157,14.8,18.5,10.76,53.48,8.28,7.92,1.06,100.0,Install sub-base perimeter slab insulation,Ground conduction is primary heat drain.,-29.49,-25.38,-26.74,0,24
SIM_001637,Galwan,4300.0,ROOF,FLOOR,1.027,11.251,9.563,0.86,2.848,1.583,27.132,3.79,41.47,35.25,3.17,10.5,5.83,100.01,Add 100mm exterior roof insulation,Roof conduction loss dominates envelope heat transfer.,-29.88,-20.15,-23.81,0,24
SIM_001638,Hanle,4500.0,FLOOR,WALL,11.818,2.192,19.755,2.975,2.312,0.337,39.389,30.0,5.56,50.15,7.55,5.87,0.85,99.98,Install sub-base perimeter slab insulation,Ground conduction is primary heat drain.,-14.39,-11.23,-12.93,0,24
SIM_001639,Nyoma,4180.0,FLOOR,INFILTRATION,2.176,0.934,15.931,0.477,11.098,0.115,30.73,7.08,3.04,51.84,1.55,36.11,0.37,99.99,Install sub-base perimeter slab insulation,Ground conduction is primary heat drain.,-19.35,-9.91,-14.41,0,24
SIM_001640,Chushul,4350.0,FLOOR,WALL,2.244,0.396,5.693,0.892,0.191,0.127,9.543,23.51,4.15,59.66,9.34,2.01,1.33,100.0,Install sub-base perimeter slab insulation,Ground conduction is primary heat drain.,-39.56,-31.3,-35.12,0,24
SIM_001641,Rezang La,5000.0,FLOOR,ROOF,0.938,2.168,7.696,1.927,0.495,0.242,13.466,6.96,16.1,57.15,14.31,3.68,1.8,100.0,Install sub-base perimeter slab insulation,Ground conduction is primary heat drain.,-30.48,-22.0,-24.96,0,24
SIM_001642,Pangong,4250.0,WALL,FLOOR,3.646,0.442,2.152,0.12,2.036,0.012,8.407,43.36,5.26,25.6,1.42,24.21,0.15,100.0,Add 75mm exterior insulation (EPS/rockwool),Wall conduction accounts for highest percentage of heat loss.,-25.68,-22.57,-24.12,0,24
SIM_001643,Depsang,5330.0,FLOOR,INFILTRATION,2.246,2.047,20.002,1.025,16.328,0.168,41.816,5.37,4.89,47.83,2.45,39.05,0.4,99.99,Install sub-base perimeter slab insulation,Ground conduction is primary heat drain.,-43.19,-37.41,-39.95,0,24
SIM_001644,Kargil,2676.0,FLOOR,WALL,4.698,2.125,10.548,1.34,3.983,0.194,22.886,20.53,9.28,46.09,5.85,17.4,0.85,100.0,Install sub-base perimeter slab insulation,Ground conduction is primary heat drain.,-15.73,-9.05,-11.73,0,24
SIM_001645,Leh,3500.0,FLOOR,INFILTRATION,1.234,0.327,2.586,0.193,1.342,0.069,5.75,21.46,5.68,44.98,3.36,23.33,1.19,100.0,Install sub-base perimeter slab insulation,Ground conduction is primary heat drain.,-14.82,-11.18,-13.11,0,24
SIM_001646,Dras,3280.0,FLOOR,INFILTRATION,3.843,3.211,8.756,0.392,5.564,0.237,22.004,17.46,14.6,39.79,1.78,25.29,1.08,100.0,Install sub-base perimeter slab insulation,Ground conduction is primary heat drain.,-22.09,-13.5,-17.4,0,24
SIM_001647,Siachen,5400.0,FLOOR,INFILTRATION,0.742,0.369,6.244,1.447,3.208,0.04,12.05,6.16,3.06,51.82,12.01,26.62,0.33,100.0,Install sub-base perimeter slab insulation,Ground conduction is primary heat drain.,-33.63,-28.58,-30.6,0,24
SIM_001648,Daulat Beg Oldie,5065.0,ROOF,FLOOR,1.258,10.948,10.109,0.283,5.762,1.826,30.186,4.17,36.27,33.49,0.94,19.09,6.05,100.01,Add 100mm exterior roof insulation,Roof conduction loss dominates envelope heat transfer.,-48.36,-36.67,-41.65,0,24
SIM_001649,Galwan,4300.0,FLOOR,INFILTRATION,1.213,0.346,4.36,0.898,3.625,0.134,10.575,11.47,3.27,41.22,8.49,34.28,1.27,100.0,Install sub-base perimeter slab insulation,Ground conduction is primary heat drain.,-25.25,-19.66,-21.58,0,24
SIM_001650,Hanle,4500.0,WALL,FLOOR,13.133,1.083,11.337,0.469,4.145,0.281,30.447,43.13,3.56,37.23,1.54,13.61,0.92,99.99,Add 75mm exterior insulation (EPS/rockwool),Wall conduction accounts for highest percentage of heat loss.,-25.77,-19.93,-22.83,0,24
SIM_001651,Nyoma,4180.0,FLOOR,WALL,6.28,2.669,8.98,2.429,3.964,0.254,24.576,25.55,10.86,36.54,9.89,16.13,1.03,100.0,Install sub-base perimeter slab insulation,Ground conduction is primary heat drain.,-29.87,-27.09,-27.91,0,24
SIM_001652,Chushul,4350.0,FLOOR,INFILTRATION,2.273,1.812,12.32,2.462,2.895,0.095,21.858,10.4,8.29,56.36,11.27,13.25,0.43,100.0,Install sub-base perimeter slab insulation,Ground conduction is primary heat drain.,-25.57,-21.08,-22.78,0,24
SIM_001653,Rezang La,5000.0,WALL,FLOOR,4.279,1.054,2.892,0.004,1.687,0.012,9.928,43.1,10.61,29.13,0.04,16.99,0.12,99.99,Add 75mm exterior insulation (EPS/rockwool),Wall conduction accounts for highest percentage of heat loss.,-31.9,-26.35,-29.04,0,24
SIM_001654,Pangong,4250.0,WALL,FLOOR,11.515,1.51,9.058,0.836,4.955,0.177,28.05,41.05,5.38,32.29,2.98,17.67,0.63,100.0,Add 75mm exterior insulation (EPS/rockwool),Wall conduction accounts for highest percentage of heat loss.,-18.8,-11.97,-14.68,0,24
SIM_001655,Depsang,5330.0,WALL,FLOOR,14.929,0.905,10.296,1.005,9.553,0.022,36.709,40.67,2.46,28.05,2.74,26.02,0.06,100.0,Add 75mm exterior insulation (EPS/rockwool),Wall conduction accounts for highest percentage of heat loss.,-32.1,-29.34,-30.66,0,24
SIM_001656,Kargil,2676.0,ROOF,FLOOR,3.121,16.025,10.324,0.839,7.465,2.173,39.949,7.81,40.11,25.84,2.1,18.69,5.44,99.99,Add 100mm exterior roof insulation,Roof conduction loss dominates envelope heat transfer.,-25.26,-19.57,-21.53,0,24
SIM_001657,Leh,3500.0,FLOOR,INFILTRATION,2.85,3.771,22.457,4.151,18.836,0.198,52.263,5.45,7.22,42.97,7.94,36.04,0.38,100.0,Install sub-base perimeter slab insulation,Ground conduction is primary heat drain.,-11.53,-3.87,-6.68,0,24
SIM_001658,Dras,3280.0,FLOOR,WALL,3.741,1.533,20.819,1.411,0.548,0.087,28.138,13.29,5.45,73.99,5.01,1.95,0.31,100.0,Install sub-base perimeter slab insulation,Ground conduction is primary heat drain.,-24.71,-18.75,-20.82,0,24
SIM_001659,Siachen,5400.0,ROOF,WALL,6.359,8.967,5.856,0.526,0.35,0.383,22.441,28.33,39.96,26.1,2.34,1.56,1.71,100.0,Add 100mm exterior roof insulation,Roof conduction loss dominates envelope heat transfer.,-44.84,-40.09,-41.76,0,24
SIM_001660,Daulat Beg Oldie,5065.0,ROOF,FLOOR,2.046,8.005,7.098,0.371,2.499,0.867,20.887,9.8,38.33,33.99,1.78,11.97,4.15,100.02,Add 100mm exterior roof insulation,Roof conduction loss dominates envelope heat transfer.,-38.49,-28.99,-32.61,0,24
SIM_001661,Galwan,4300.0,FLOOR,WALL,7.109,2.644,13.969,0.878,1.645,0.112,26.357,26.97,10.03,53.0,3.33,6.24,0.42,99.99,Install sub-base perimeter slab insulation,Ground conduction is primary heat drain.,-22.31,-19.18,-20.61,0,24
SIM_001662,Hanle,4500.0,FLOOR,INFILTRATION,2.896,0.77,7.596,0.562,4.764,0.208,16.796,17.24,4.58,45.22,3.35,28.36,1.24,99.99,Install sub-base perimeter slab insulation,Ground conduction is primary heat drain.,-18.97,-13.52,-15.7,0,24
SIM_001663,Nyoma,4180.0,WALL,FLOOR,11.572,1.725,7.203,0.18,2.894,0.022,23.595,49.04,7.31,30.53,0.76,12.26,0.09,99.99,Add 75mm exterior insulation (EPS/rockwool),Wall conduction accounts for highest percentage of heat loss.,-18.83,-15.2,-17.03,0,24
SIM_001664,Chushul,4350.0,FLOOR,INFILTRATION,1.962,4.251,15.509,0.769,9.217,0.193,31.901,6.15,13.33,48.62,2.41,28.89,0.61,100.01,Install sub-base perimeter slab insulation,Ground conduction is primary heat drain.,-37.68,-27.74,-32.11,0,24
SIM_001665,Rezang La,5000.0,FLOOR,INFILTRATION,0.545,0.489,3.569,0.349,2.821,0.077,7.85,6.95,6.23,45.46,4.44,35.94,0.98,100.0,Install sub-base perimeter slab insulation,Ground conduction is primary heat drain.,-30.45,-24.14,-26.68,0,24
SIM_001666,Pangong,4250.0,WALL,FLOOR,3.283,0.314,3.034,0.453,1.892,0.01,8.985,36.54,3.49,33.76,5.04,21.06,0.11,100.0,Add 75mm exterior insulation (EPS/rockwool),Wall conduction accounts for highest percentage of heat loss.,-24.66,-22.55,-23.42,0,24
SIM_001667,Depsang,5330.0,FLOOR,WALL,4.273,3.831,20.904,0.355,0.474,0.27,30.107,14.19,12.73,69.43,1.18,1.57,0.9,100.0,Install sub-base perimeter slab insulation,Ground conduction is primary heat drain.,-41.08,-35.81,-38.55,0,24
SIM_001668,Kargil,2676.0,FLOOR,ROOF,2.193,5.458,6.263,0.822,1.798,1.053,17.587,12.47,31.03,35.61,4.67,10.22,5.99,99.99,Install sub-base perimeter slab insulation,Ground conduction is primary heat drain.,-14.65,-9.85,-11.4,0,24
SIM_001669,Leh,3500.0,FLOOR,INFILTRATION,1.65,2.28,10.006,2.881,7.945,0.321,25.082,6.58,9.09,39.89,11.48,31.68,1.28,100.0,Install sub-base perimeter slab insulation,Ground conduction is primary heat drain.,-15.85,-8.19,-11.16,0,24
SIM_001670,Dras,3280.0,FLOOR,INFILTRATION,0.917,1.086,6.668,0.609,3.66,0.088,13.028,7.04,8.33,51.18,4.68,28.09,0.68,100.0,Install sub-base perimeter slab insulation,Ground conduction is primary heat drain.,-20.92,-15.96,-17.63,0,24
SIM_001671,Siachen,5400.0,ROOF,FLOOR,0.797,7.247,6.092,0.578,3.663,1.514,19.891,4.01,36.44,30.63,2.9,18.42,7.61,100.01,Add 100mm exterior roof insulation,Roof conduction loss dominates envelope heat transfer.,-33.44,-28.49,-30.73,0,24
SIM_001672,Daulat Beg Oldie,5065.0,ROOF,FLOOR,7.381,23.836,19.691,1.764,0.977,3.942,57.59,12.82,41.39,34.19,3.06,1.7,6.84,100.0,Add 100mm exterior roof insulation,Roof conduction loss dominates envelope heat transfer.,-43.06,-38.41,-40.49,0,24
SIM_001673,Galwan,4300.0,FLOOR,GLAZING,3.589,1.891,29.741,4.18,2.556,0.082,42.039,8.54,4.5,70.75,9.94,6.08,0.2,100.01,Install sub-base perimeter slab insulation,Ground conduction is primary heat drain.,-21.3,-13.9,-16.23,0,24
SIM_001674,Hanle,4500.0,ROOF,FLOOR,2.521,7.181,7.009,0.293,0.292,0.386,17.682,14.26,40.61,39.64,1.66,1.65,2.19,100.01,Add 100mm exterior roof insulation,Roof conduction loss dominates envelope heat transfer.,-31.75,-20.41,-24.94,0,24
SIM_001675,Nyoma,4180.0,FLOOR,WALL,3.863,2.986,5.926,1.047,0.918,1.401,16.14,23.93,18.5,36.72,6.49,5.68,8.68,100.0,Install sub-base perimeter slab insulation,Ground conduction is primary heat drain.,-33.13,-26.48,-28.75,0,24
SIM_001676,Chushul,4350.0,ROOF,FLOOR,1.567,17.535,17.34,2.288,5.602,2.686,47.017,3.33,37.29,36.88,4.87,11.91,5.71,99.99,Add 100mm exterior roof insulation,Roof conduction loss dominates envelope heat transfer.,-27.79,-19.02,-22.54,0,24
SIM_001677,Rezang La,5000.0,FLOOR,INFILTRATION,0.865,0.886,5.338,0.432,4.367,0.078,11.966,7.23,7.4,44.61,3.61,36.5,0.65,100.0,Install sub-base perimeter slab insulation,Ground conduction is primary heat drain.,-31.2,-25.75,-27.65,0,24
SIM_001678,Pangong,4250.0,INFILTRATION,FLOOR,1.969,1.19,2.389,0.015,2.502,0.124,8.189,24.05,14.53,29.17,0.18,30.55,1.52,100.0,Perimeter weatherstripping and door draft seals,High air exchange rate is flushing interior thermal energy.,-20.28,-13.18,-16.7,0,24
SIM_001679,Depsang,5330.0,WALL,FLOOR,10.422,1.327,7.853,0.204,5.781,0.006,25.593,40.72,5.18,30.68,0.8,22.59,0.02,99.99,Add 75mm exterior insulation (EPS/rockwool),Wall conduction accounts for highest percentage of heat loss.,-32.06,-29.28,-30.68,0,24
SIM_001680,Kargil,2676.0,FLOOR,INFILTRATION,1.038,1.218,6.93,0.901,4.192,0.131,14.41,7.2,8.45,48.1,6.25,29.09,0.91,100.0,Install sub-base perimeter slab insulation,Ground conduction is primary heat drain.,-25.53,-20.07,-22.07,0,24
SIM_001681,Leh,3500.0,ROOF,WALL,5.789,6.975,4.774,0.591,1.057,0.141,19.328,29.95,36.09,24.7,3.06,5.47,0.73,100.0,Add 100mm exterior roof insulation,Roof conduction loss dominates envelope heat transfer.,-13.38,-8.7,-10.46,0,24
SIM_001682,Dras,3280.0,FLOOR,ROOF,2.486,5.099,20.134,1.704,1.968,0.377,31.767,7.83,16.05,63.38,5.36,6.19,1.19,100.0,Install sub-base perimeter slab insulation,Ground conduction is primary heat drain.,-24.47,-19.17,-21.04,0,24
SIM_001683,Siachen,5400.0,FLOOR,INFILTRATION,3.276,2.262,9.553,1.024,3.361,0.108,19.584,16.73,11.55,48.78,5.23,17.16,0.55,100.0,Install sub-base perimeter slab insulation,Ground conduction is primary heat drain.,-42.49,-38.36,-39.51,0,24
SIM_001684,Daulat Beg Oldie,5065.0,ROOF,FLOOR,2.108,6.339,5.884,0.297,2.542,0.58,17.75,11.87,35.71,33.15,1.67,14.32,3.26,99.98,Add 100mm exterior roof insulation,Roof conduction loss dominates envelope heat transfer.,-36.83,-28.26,-31.42,0,24
SIM_001685,Galwan,4300.0,FLOOR,INFILTRATION,1.677,0.54,5.818,0.995,3.067,0.203,12.3,13.64,4.39,47.3,8.09,24.93,1.65,100.0,Install sub-base perimeter slab insulation,Ground conduction is primary heat drain.,-27.62,-22.61,-24.71,0,24
SIM_001686,Hanle,4500.0,FLOOR,WALL,2.63,1.094,8.078,0.547,1.731,0.488,14.567,18.05,7.51,55.45,3.75,11.88,3.35,99.99,Install sub-base perimeter slab insulation,Ground conduction is primary heat drain.,-21.76,-12.6,-16.46,0,24
SIM_001687,Nyoma,4180.0,FLOOR,WALL,1.4,0.849,1.982,0.124,0.377,0.0,4.731,29.59,17.95,41.88,2.61,7.97,0.0,100.0,Install sub-base perimeter slab insulation,Ground conduction is primary heat drain.,-20.94,-14.71,-17.87,0,24
SIM_001688,Chushul,4350.0,FLOOR,INFILTRATION,1.218,1.532,10.553,1.154,7.495,0.269,22.22,5.48,6.89,47.49,5.19,33.73,1.21,99.99,Install sub-base perimeter slab insulation,Ground conduction is primary heat drain.,-40.23,-31.13,-35.07,0,24
SIM_001689,Rezang La,5000.0,WALL,FLOOR,5.671,0.793,4.126,0.281,2.405,0.08,13.356,42.46,5.93,30.89,2.11,18.01,0.6,100.0,Add 75mm exterior insulation (EPS/rockwool),Wall conduction accounts for highest percentage of heat loss.,-27.72,-25.35,-26.49,0,24
SIM_001690,Pangong,4250.0,ROOF,FLOOR,1.791,9.767,5.662,0.177,4.539,2.624,24.56,7.29,39.77,23.05,0.72,18.48,10.68,99.99,Add 100mm exterior roof insulation,Roof conduction loss dominates envelope heat transfer.,-27.61,-19.96,-23.37,0,24
SIM_001691,Depsang,5330.0,FLOOR,INFILTRATION,1.357,1.155,5.739,0.185,3.316,0.033,11.785,11.51,9.8,48.7,1.57,28.14,0.28,100.0,Install sub-base perimeter slab insulation,Ground conduction is primary heat drain.,-46.91,-41.64,-43.78,0,24
SIM_001692,Kargil,2676.0,FLOOR,INFILTRATION,0.63,1.582,4.294,0.715,2.515,0.122,9.858,6.39,16.05,43.56,7.25,25.51,1.24,100.0,Install sub-base perimeter slab insulation,Ground conduction is primary heat drain.,-16.86,-10.42,-13.07,0,24
SIM_001693,Leh,3500.0,ROOF,FLOOR,1.073,7.071,5.478,0.652,1.563,1.345,17.182,6.25,41.15,31.88,3.79,9.09,7.83,99.99,Add 100mm exterior roof insulation,Roof conduction loss dominates envelope heat transfer.,-19.48,-7.68,-12.18,0,24
SIM_001694,Dras,3280.0,WALL,FLOOR,10.146,1.802,6.204,0.053,4.827,0.072,23.104,43.91,7.8,26.85,0.23,20.89,0.31,99.99,Add 75mm exterior insulation (EPS/rockwool),Wall conduction accounts for highest percentage of heat loss.,-19.85,-16.11,-18.03,0,24
SIM_001695,Siachen,5400.0,FLOOR,INFILTRATION,1.74,1.474,10.421,0.034,3.231,0.125,17.026,10.22,8.66,61.21,0.2,18.98,0.73,100.0,Install sub-base perimeter slab insulation,Ground conduction is primary heat drain.,-30.54,-24.67,-27.6,0,24
SIM_001696,Daulat Beg Oldie,5065.0,WALL,FLOOR,5.859,1.396,5.372,0.449,2.735,0.109,15.92,36.8,8.77,33.75,2.82,17.18,0.68,100.0,Add 75mm exterior insulation (EPS/rockwool),Wall conduction accounts for highest percentage of heat loss.,-43.69,-41.18,-42.48,0,24
SIM_001697,Galwan,4300.0,ROOF,WALL,9.699,18.292,8.004,0.036,2.057,0.753,38.841,24.97,47.1,20.61,0.09,5.3,1.94,100.01,Add 100mm exterior roof insulation,Roof conduction loss dominates envelope heat transfer.,-24.74,-20.56,-22.29,0,24
SIM_001698,Hanle,4500.0,ROOF,FLOOR,0.611,6.282,4.595,1.658,0.5,2.694,16.34,3.74,38.45,28.12,10.14,3.06,16.49,100.0,Add 100mm exterior roof insulation,Roof conduction loss dominates envelope heat transfer.,-28.69,-22.1,-25.23,0,24
SIM_001699,Nyoma,4180.0,WALL,FLOOR,6.93,0.721,4.547,1.195,3.991,0.048,17.433,39.76,4.13,26.08,6.86,22.9,0.28,100.01,Add 75mm exterior insulation (EPS/rockwool),Wall conduction accounts for highest percentage of heat loss.,-31.51,-26.42,-28.66,0,24
SIM_001700,Chushul,4350.0,FLOOR,INFILTRATION,1.517,3.534,19.089,0.676,4.073,0.289,29.178,5.2,12.11,65.42,2.32,13.96,0.99,100.0,Install sub-base perimeter slab insulation,Ground conduction is primary heat drain.,-25.88,-19.18,-22.28,0,24
SIM_001701,Rezang La,5000.0,FLOOR,INFILTRATION,2.39,1.072,10.742,0.692,3.75,0.055,18.701,12.78,5.73,57.44,3.7,20.05,0.29,99.99,Install sub-base perimeter slab insulation,Ground conduction is primary heat drain.,-28.12,-22.43,-24.4,0,24
SIM_001702,Pangong,4250.0,WALL,FLOOR,8.982,0.663,7.917,0.948,4.31,0.069,22.89,39.24,2.9,34.59,4.14,18.83,0.3,100.0,Add 75mm exterior insulation (EPS/rockwool),Wall conduction accounts for highest percentage of heat loss.,-15.22,-11.48,-12.75,0,24
SIM_001703,Depsang,5330.0,FLOOR,WALL,2.213,1.982,15.943,0.381,2.069,0.147,22.734,9.73,8.72,70.13,1.68,9.1,0.65,100.01,Install sub-base perimeter slab insulation,Ground conduction is primary heat drain.,-32.11,-23.68,-27.83,0,24
SIM_001704,Kargil,2676.0,ROOF,FLOOR,9.19,21.444,12.081,0.765,6.307,3.229,53.016,17.34,40.45,22.79,1.44,11.9,6.09,100.01,Add 100mm exterior roof insulation,Roof conduction loss dominates envelope heat transfer.,-28.36,-20.6,-23.75,0,24
SIM_001705,Leh,3500.0,FLOOR,INFILTRATION,3.581,2.56,13.114,0.531,5.057,0.195,25.037,14.3,10.22,52.38,2.12,20.2,0.78,100.0,Install sub-base perimeter slab insulation,Ground conduction is primary heat drain.,-10.94,-2.99,-6.05,0,24
SIM_001706,Dras,3280.0,FLOOR,INFILTRATION,4.314,1.136,15.131,5.288,8.674,0.085,34.627,12.46,3.28,43.7,15.27,25.05,0.25,100.01,Install sub-base perimeter slab insulation,Ground conduction is primary heat drain.,-29.12,-18.4,-22.5,0,24
SIM_001707,Siachen,5400.0,FLOOR,ROOF,3.113,6.591,27.141,1.901,2.055,0.374,41.175,7.56,16.01,65.92,4.62,4.99,0.91,100.01,Install sub-base perimeter slab insulation,Ground conduction is primary heat drain.,-40.29,-34.75,-37.38,0,24
SIM_001708,Daulat Beg Oldie,5065.0,FLOOR,WALL,17.461,1.649,19.234,4.647,2.176,0.144,45.31,38.54,3.64,42.45,10.26,4.8,0.32,100.01,Install sub-base perimeter slab insulation,Ground conduction is primary heat drain.,-30.89,-27.17,-28.39,0,24
SIM_001709,Galwan,4300.0,ROOF,FLOOR,1.779,12.446,10.966,1.165,4.914,2.261,33.532,5.31,37.12,32.7,3.48,14.66,6.74,100.01,Add 100mm exterior roof insulation,Roof conduction loss dominates envelope heat transfer.,-30.74,-19.78,-24.19,0,24
SIM_001710,Hanle,4500.0,FLOOR,WALL,3.009,0.904,5.453,0.336,1.084,0.122,10.907,27.59,8.29,49.99,3.08,9.93,1.12,100.0,Install sub-base perimeter slab insulation,Ground conduction is primary heat drain.,-22.44,-12.36,-16.52,0,24
SIM_001711,Nyoma,4180.0,FLOOR,INFILTRATION,1.042,1.112,5.197,1.432,2.377,0.033,11.194,9.31,9.93,46.43,12.8,21.24,0.29,100.0,Install sub-base perimeter slab insulation,Ground conduction is primary heat drain.,-21.68,-12.33,-16.39,0,24
SIM_001712,Chushul,4350.0,FLOOR,WALL,7.16,3.224,31.676,5.595,4.053,0.191,51.899,13.8,6.21,61.03,10.78,7.81,0.37,100.0,Install sub-base perimeter slab insulation,Ground conduction is primary heat drain.,-36.28,-27.08,-30.99,0,24
SIM_001713,Rezang La,5000.0,FLOOR,INFILTRATION,2.275,1.638,14.896,0.792,6.661,0.124,26.385,8.62,6.21,56.45,3.0,25.25,0.47,100.0,Install sub-base perimeter slab insulation,Ground conduction is primary heat drain.,-26.46,-19.43,-22.69,0,24
SIM_001714,Pangong,4250.0,WALL,FLOOR,7.763,0.493,5.177,3.335,3.999,0.085,20.853,37.23,2.37,24.83,15.99,19.18,0.41,100.01,Add 75mm exterior insulation (EPS/rockwool),Wall conduction accounts for highest percentage of heat loss.,-24.28,-20.16,-21.6,0,24
SIM_001715,Depsang,5330.0,FLOOR,INFILTRATION,2.06,1.39,12.951,2.847,7.61,0.09,26.946,7.64,5.16,48.06,10.56,28.24,0.33,99.99,Install sub-base perimeter slab insulation,Ground conduction is primary heat drain.,-45.02,-37.05,-40.25,0,24
SIM_001716,Kargil,2676.0,FLOOR,INFILTRATION,2.486,0.736,7.178,1.329,4.021,0.078,15.829,15.71,4.65,45.35,8.4,25.4,0.49,100.0,Install sub-base perimeter slab insulation,Ground conduction is primary heat drain.,-14.6,-7.92,-10.71,0,24
SIM_001717,Leh,3500.0,FLOOR,INFILTRATION,1.293,1.28,8.998,0.732,3.606,0.172,16.081,8.04,7.96,55.95,4.55,22.42,1.07,99.99,Install sub-base perimeter slab insulation,Ground conduction is primary heat drain.,-18.03,-6.67,-11.1,0,24
SIM_001718,Dras,3280.0,INFILTRATION,WALL,4.989,4.031,4.2,0.116,7.877,2.47,23.683,21.07,17.02,17.73,0.49,33.26,10.43,100.0,Perimeter weatherstripping and door draft seals,High air exchange rate is flushing interior thermal energy.,-21.57,-16.63,-19.03,0,24
SIM_001719,Siachen,5400.0,FLOOR,INFILTRATION,0.766,0.675,4.089,0.426,2.161,0.005,8.121,9.43,8.31,50.34,5.25,26.61,0.06,100.0,Install sub-base perimeter slab insulation,Ground conduction is primary heat drain.,-34.7,-28.77,-31.55,0,24
SIM_001720,Daulat Beg Oldie,5065.0,FLOOR,ROOF,2.397,5.976,6.333,0.576,1.514,0.745,17.541,13.67,34.07,36.1,3.28,8.63,4.25,100.0,Install sub-base perimeter slab insulation,Ground conduction is primary heat drain.,-50.37,-39.16,-43.45,0,24
SIM_001721,Galwan,4300.0,ROOF,FLOOR,4.96,18.28,12.407,4.407,2.126,2.612,44.791,11.07,40.81,27.7,9.84,4.75,5.83,100.0,Add 100mm exterior roof insulation,Roof conduction loss dominates envelope heat transfer.,-24.59,-17.97,-20.05,0,24
SIM_001722,Hanle,4500.0,FLOOR,WALL,18.71,2.843,25.807,2.098,0.867,0.27,50.595,36.98,5.62,51.01,4.15,1.71,0.53,100.0,Install sub-base perimeter slab insulation,Ground conduction is primary heat drain.,-21.23,-18.84,-19.93,0,24
SIM_001723,Nyoma,4180.0,FLOOR,INFILTRATION,0.959,0.755,4.836,0.009,1.373,0.198,8.13,11.79,9.29,59.49,0.11,16.89,2.44,100.01,Install sub-base perimeter slab insulation,Ground conduction is primary heat drain.,-30.83,-24.2,-27.56,0,24
SIM_001724,Chushul,4350.0,FLOOR,WALL,1.389,0.817,7.778,0.856,0.334,0.145,11.318,12.27,7.21,68.72,7.56,2.95,1.28,99.99,Install sub-base perimeter slab insulation,Ground conduction is primary heat drain.,-25.41,-21.54,-23.07,0,24
SIM_001725,Rezang La,5000.0,FLOOR,INFILTRATION,1.271,0.459,9.33,0.508,5.226,0.121,16.915,7.51,2.71,55.16,3.0,30.9,0.71,99.99,Install sub-base perimeter slab insulation,Ground conduction is primary heat drain.,-33.9,-25.49,-28.59,0,24
SIM_001726,Pangong,4250.0,FLOOR,WALL,1.705,1.542,8.719,1.122,0.691,0.22,13.997,12.18,11.02,62.29,8.02,4.93,1.57,100.01,Install sub-base perimeter slab insulation,Ground conduction is primary heat drain.,-16.6,-10.32,-12.71,0,24
SIM_001727,Depsang,5330.0,FLOOR,ROOF,1.247,1.584,4.84,1.563,0.312,0.048,9.594,13.0,16.52,50.44,16.29,3.25,0.5,100.0,Install sub-base perimeter slab insulation,Ground conduction is primary heat drain.,-32.88,-28.51,-29.87,0,24
SIM_001728,Kargil,2676.0,FLOOR,INFILTRATION,1.461,2.359,3.766,0.121,2.84,1.06,11.607,12.59,20.33,32.44,1.04,24.47,9.14,100.01,Install sub-base perimeter slab insulation,Ground conduction is primary heat drain.,-26.57,-20.84,-23.4,0,24
SIM_001729,Leh,3500.0,FLOOR,GLAZING,2.792,2.553,12.161,3.876,1.58,0.131,23.092,12.09,11.06,52.66,16.78,6.84,0.57,100.0,Install sub-base perimeter slab insulation,Ground conduction is primary heat drain.,-13.97,-5.03,-8.27,0,24
SIM_001730,Dras,3280.0,ROOF,INFILTRATION,3.75,7.5,3.547,0.081,4.032,2.993,21.905,17.12,34.24,16.19,0.37,18.41,13.67,100.0,Add 100mm exterior roof insulation,Roof conduction loss dominates envelope heat transfer.,-31.79,-23.5,-27.43,0,24
SIM_001731,Siachen,5400.0,FLOOR,INFILTRATION,1.904,1.18,10.786,0.507,5.489,0.053,19.919,9.56,5.93,54.15,2.54,27.56,0.27,100.01,Install sub-base perimeter slab insulation,Ground conduction is primary heat drain.,-41.12,-35.75,-37.66,0,24
SIM_001732,Daulat Beg Oldie,5065.0,FLOOR,WALL,2.892,0.876,7.514,0.11,0.819,0.022,12.234,23.64,7.16,61.42,0.9,6.69,0.18,99.99,Install sub-base perimeter slab insulation,Ground conduction is primary heat drain.,-35.94,-28.79,-32.49,0,24
SIM_001733,Galwan,4300.0,FLOOR,INFILTRATION,0.836,0.908,4.921,0.137,4.68,0.128,11.61,7.2,7.82,42.39,1.18,40.31,1.1,100.0,Install sub-base perimeter slab insulation,Ground conduction is primary heat drain.,-27.65,-22.58,-24.82,0,24
SIM_001734,Hanle,4500.0,FLOOR,WALL,3.439,2.552,15.696,2.079,2.404,0.231,26.4,13.03,9.67,59.45,7.88,9.11,0.87,100.01,Install sub-base perimeter slab insulation,Ground conduction is primary heat drain.,-19.24,-7.6,-12.81,0,24
SIM_001735,Nyoma,4180.0,FLOOR,INFILTRATION,1.804,1.619,16.0,5.017,7.516,0.101,32.056,5.63,5.05,49.91,15.65,23.45,0.31,100.0,Install sub-base perimeter slab insulation,Ground conduction is primary heat drain.,-21.22,-10.26,-15.25,0,24
SIM_001736,Chushul,4350.0,FLOOR,INFILTRATION,1.226,1.671,6.416,2.279,3.134,0.098,14.825,8.27,11.27,43.28,15.37,21.14,0.66,99.99,Install sub-base perimeter slab insulation,Ground conduction is primary heat drain.,-40.65,-30.07,-33.88,0,24
SIM_001737,Rezang La,5000.0,WALL,ROOF,5.788,4.612,3.086,0.257,3.659,1.843,19.245,30.07,23.96,16.03,1.33,19.01,9.58,99.98,Add 75mm exterior insulation (EPS/rockwool),Wall conduction accounts for highest percentage of heat loss.,-30.76,-24.16,-27.11,0,24
SIM_001738,Pangong,4250.0,ROOF,FLOOR,3.687,10.483,9.343,0.482,6.975,3.969,34.939,10.55,30.0,26.74,1.38,19.96,11.36,99.99,Add 100mm exterior roof insulation,Roof conduction loss dominates envelope heat transfer.,-27.72,-20.09,-23.33,0,24
SIM_001739,Depsang,5330.0,FLOOR,INFILTRATION,3.142,1.448,12.82,0.554,5.474,0.1,23.539,13.35,6.15,54.46,2.35,23.26,0.43,100.0,Install sub-base perimeter slab insulation,Ground conduction is primary heat drain.,-42.27,-37.63,-39.79,0,24
SIM_001740,Kargil,2676.0,ROOF,FLOOR,1.131,11.632,6.586,0.061,2.636,1.783,23.829,4.75,48.82,27.64,0.26,11.06,7.48,100.01,Add 100mm exterior roof insulation,Roof conduction loss dominates envelope heat transfer.,-17.41,-10.0,-13.0,0,24
SIM_001741,Leh,3500.0,FLOOR,INFILTRATION,2.864,0.855,11.42,2.804,3.375,0.082,21.4,13.38,3.99,53.37,13.1,15.77,0.38,99.99,Install sub-base perimeter slab insulation,Ground conduction is primary heat drain.,-14.0,-5.54,-8.99,0,24
SIM_001742,Dras,3280.0,FLOOR,INFILTRATION,2.309,0.669,5.827,0.0,4.283,0.107,13.195,17.5,5.07,44.16,0.0,32.46,0.81,100.0,Install sub-base perimeter slab insulation,Ground conduction is primary heat drain.,-22.69,-12.84,-17.77,0,24
SIM_001743,Siachen,5400.0,ROOF,FLOOR,2.115,8.64,6.967,0.011,1.067,0.151,18.951,11.16,45.59,36.76,0.06,5.63,0.79,99.99,Add 100mm exterior roof insulation,Roof conduction loss dominates envelope heat transfer.,-35.2,-28.01,-31.3,0,24
SIM_001744,Daulat Beg Oldie,5065.0,FLOOR,INFILTRATION,1.233,0.904,7.305,1.097,3.802,0.061,14.402,8.56,6.28,50.72,7.61,26.4,0.42,99.99,Install sub-base perimeter slab insulation,Ground conduction is primary heat drain.,-46.88,-40.61,-42.92,0,24
SIM_001745,Galwan,4300.0,FLOOR,INFILTRATION,2.112,0.664,7.285,1.786,4.36,0.151,16.358,12.91,4.06,44.53,10.92,26.66,0.92,100.0,Install sub-base perimeter slab insulation,Ground conduction is primary heat drain.,-23.82,-17.96,-20.35,0,24
SIM_001746,Hanle,4500.0,FLOOR,INFILTRATION,1.522,0.697,8.738,0.643,3.567,0.185,15.352,9.91,4.54,56.92,4.19,23.24,1.2,100.0,Install sub-base perimeter slab insulation,Ground conduction is primary heat drain.,-28.76,-17.14,-22.22,0,24
SIM_001747,Nyoma,4180.0,WALL,FLOOR,5.293,0.615,5.121,0.737,4.255,0.17,16.191,32.69,3.8,31.63,4.55,26.28,1.05,100.0,Add 75mm exterior insulation (EPS/rockwool),Wall conduction accounts for highest percentage of heat loss.,-31.03,-26.67,-28.39,0,24
SIM_001748,Chushul,4350.0,FLOOR,INFILTRATION,2.772,5.364,16.787,0.025,10.422,0.344,35.714,7.76,15.02,47.0,0.07,29.18,0.96,99.99,Install sub-base perimeter slab insulation,Ground conduction is primary heat drain.,-26.3,-18.36,-22.03,0,24
SIM_001749,Rezang La,5000.0,WALL,FLOOR,4.892,0.539,4.576,0.949,2.951,0.119,14.027,34.88,3.84,32.62,6.77,21.04,0.85,100.0,Add 75mm exterior insulation (EPS/rockwool),Wall conduction accounts for highest percentage of heat loss.,-28.89,-26.28,-27.14,0,24
SIM_001750,Pangong,4250.0,WALL,FLOOR,14.214,0.813,9.558,0.297,4.67,0.165,29.717,47.83,2.74,32.16,1.0,15.71,0.56,100.0,Add 75mm exterior insulation (EPS/rockwool),Wall conduction accounts for highest percentage of heat loss.,-14.8,-11.56,-13.18,0,24
SIM_001751,Depsang,5330.0,FLOOR,INFILTRATION,0.98,1.307,5.546,0.59,1.366,0.057,9.846,9.96,13.27,56.33,5.99,13.88,0.57,100.0,Install sub-base perimeter slab insulation,Ground conduction is primary heat drain.,-36.83,-26.99,-31.3,0,24
SIM_001752,Kargil,2676.0,INFILTRATION,WALL,6.415,0.26,4.385,0.049,6.455,0.114,17.677,36.29,1.47,24.81,0.28,36.51,0.64,100.0,Perimeter weatherstripping and door draft seals,High air exchange rate is flushing interior thermal energy.,-26.12,-22.07,-24.03,0,24
SIM_001753,Leh,3500.0,INFILTRATION,WALL,2.252,0.926,2.156,0.058,3.666,0.118,9.176,24.54,10.09,23.5,0.63,39.96,1.29,100.01,Perimeter weatherstripping and door draft seals,High air exchange rate is flushing interior thermal energy.,-13.1,-9.93,-11.55,0,24
SIM_001754,Dras,3280.0,WALL,INFILTRATION,6.122,0.721,3.309,1.183,4.297,0.298,15.93,38.43,4.52,20.77,7.43,26.98,1.87,100.0,Add 75mm exterior insulation (EPS/rockwool),Wall conduction accounts for highest percentage of heat loss.,-28.49,-23.65,-25.73,0,24
SIM_001755,Siachen,5400.0,FLOOR,INFILTRATION,0.769,0.433,4.715,0.612,0.912,0.025,7.465,10.3,5.8,63.16,8.19,12.21,0.34,100.0,Install sub-base perimeter slab insulation,Ground conduction is primary heat drain.,-43.04,-40.22,-41.12,0,24
SIM_001756,Daulat Beg Oldie,5065.0,ROOF,FLOOR,2.879,10.542,9.022,0.352,0.386,2.202,25.382,11.34,41.53,35.54,1.38,1.52,8.68,99.99,Add 100mm exterior roof insulation,Roof conduction loss dominates envelope heat transfer.,-33.25,-27.62,-30.28,0,24
SIM_001757,Galwan,4300.0,FLOOR,WALL,5.53,1.235,13.98,0.545,0.39,0.124,21.804,25.36,5.67,64.11,2.5,1.79,0.57,100.0,Install sub-base perimeter slab insulation,Ground conduction is primary heat drain.,-23.56,-18.12,-20.6,0,24
SIM_001758,Hanle,4500.0,FLOOR,INFILTRATION,1.255,2.178,7.262,0.051,4.64,0.238,15.626,8.03,13.94,46.48,0.33,29.7,1.53,100.01,Install sub-base perimeter slab insulation,Ground conduction is primary heat drain.,-20.9,-12.11,-16.46,0,24
SIM_001759,Nyoma,4180.0,INFILTRATION,FLOOR,1.034,0.394,4.818,0.225,4.886,0.301,11.659,8.87,3.38,41.33,1.93,41.91,2.58,100.0,Perimeter weatherstripping and door draft seals,High air exchange rate is flushing interior thermal energy.,-20.94,-15.31,-18.13,0,24
SIM_001760,Chushul,4350.0,FLOOR,INFILTRATION,2.951,6.906,8.943,0.273,8.031,3.007,30.112,9.8,22.93,29.7,0.91,26.67,9.99,100.0,Install sub-base perimeter slab insulation,Ground conduction is primary heat drain.,-38.75,-31.97,-35.12,0,24
SIM_001761,Rezang La,5000.0,FLOOR,GLAZING,1.234,0.732,9.194,2.026,0.363,0.045,13.595,9.08,5.39,67.63,14.9,2.67,0.33,100.0,Install sub-base perimeter slab insulation,Ground conduction is primary heat drain.,-29.55,-20.98,-23.74,0,24
SIM_001762,Pangong,4250.0,WALL,FLOOR,6.585,1.438,5.793,0.267,2.909,0.598,17.589,37.44,8.17,32.93,1.52,16.54,3.4,100.0,Add 75mm exterior insulation (EPS/rockwool),Wall conduction accounts for highest percentage of heat loss.,-28.03,-20.65,-23.93,0,24
SIM_001763,Depsang,5330.0,FLOOR,INFILTRATION,4.947,1.55,18.867,0.477,9.009,0.17,35.021,14.13,4.43,53.87,1.36,25.72,0.49,100.0,Install sub-base perimeter slab insulation,Ground conduction is primary heat drain.,-42.41,-36.18,-39.18,0,24
SIM_001764,Kargil,2676.0,FLOOR,INFILTRATION,4.74,2.451,23.881,4.517,6.891,0.117,42.598,11.13,5.75,56.06,10.6,16.18,0.28,100.0,Install sub-base perimeter slab insulation,Ground conduction is primary heat drain.,-10.95,-5.52,-7.19,0,24
SIM_001765,Leh,3500.0,WALL,FLOOR,6.998,0.793,6.598,0.0,0.843,0.014,15.246,45.9,5.2,43.28,0.0,5.53,0.09,100.0,Add 75mm exterior insulation (EPS/rockwool),Wall conduction accounts for highest percentage of heat loss.,-12.83,-10.65,-11.75,0,24
SIM_001766,Dras,3280.0,WALL,FLOOR,12.403,1.239,7.834,0.986,1.936,0.211,24.609,50.4,5.04,31.84,4.0,7.87,0.86,100.01,Add 75mm exterior insulation (EPS/rockwool),Wall conduction accounts for highest percentage of heat loss.,-19.11,-15.99,-17.41,0,24
SIM_001767,Siachen,5400.0,FLOOR,WALL,6.536,2.325,35.839,2.293,0.869,0.136,47.999,13.62,4.84,74.67,4.78,1.81,0.28,100.0,Install sub-base perimeter slab insulation,Ground conduction is primary heat drain.,-28.72,-23.82,-26.3,0,24
SIM_001768,Daulat Beg Oldie,5065.0,FLOOR,WALL,0.995,0.169,2.118,0.404,0.377,0.004,4.067,24.47,4.16,52.07,9.93,9.27,0.11,100.01,Install sub-base perimeter slab insulation,Ground conduction is primary heat drain.,-44.61,-41.99,-43.22,0,24
SIM_001769,Galwan,4300.0,FLOOR,INFILTRATION,3.406,1.681,12.837,1.211,3.679,0.209,23.023,14.79,7.3,55.76,5.26,15.98,0.91,100.0,Install sub-base perimeter slab insulation,Ground conduction is primary heat drain.,-24.72,-17.77,-20.31,0,24
SIM_001770,Hanle,4500.0,FLOOR,WALL,9.983,0.848,10.76,0.423,1.839,0.049,23.901,41.77,3.55,45.02,1.77,7.69,0.21,100.01,Install sub-base perimeter slab insulation,Ground conduction is primary heat drain.,-26.97,-22.43,-24.69,0,24
SIM_001771,Nyoma,4180.0,WALL,FLOOR,6.56,0.41,5.76,0.446,5.164,0.243,18.582,35.3,2.21,31.0,2.4,27.79,1.31,100.01,Add 75mm exterior insulation (EPS/rockwool),Wall conduction accounts for highest percentage of heat loss.,-30.89,-25.49,-28.12,0,24
SIM_001772,Chushul,4350.0,WALL,FLOOR,7.613,1.235,4.798,0.583,4.01,0.123,18.361,41.46,6.73,26.13,3.18,21.84,0.67,100.01,Add 75mm exterior insulation (EPS/rockwool),Wall conduction accounts for highest percentage of heat loss.,-26.48,-22.47,-24.33,0,24
SIM_001773,Rezang La,5000.0,FLOOR,WALL,1.805,0.254,3.373,1.267,1.605,0.068,8.373,21.56,3.03,40.29,15.13,19.17,0.81,99.99,Install sub-base perimeter slab insulation,Ground conduction is primary heat drain.,-33.14,-25.08,-28.14,0,24
SIM_001774,Pangong,4250.0,FLOOR,INFILTRATION,3.512,1.429,18.158,2.337,4.146,0.197,29.778,11.79,4.8,60.98,7.85,13.92,0.66,100.0,Install sub-base perimeter slab insulation,Ground conduction is primary heat drain.,-17.22,-10.69,-13.26,0,24
SIM_001775,Depsang,5330.0,WALL,FLOOR,4.183,0.351,2.806,1.452,0.318,0.007,9.116,45.89,3.85,30.78,15.92,3.49,0.07,100.0,Add 75mm exterior insulation (EPS/rockwool),Wall conduction accounts for highest percentage of heat loss.,-36.61,-30.11,-33.22,0,24
SIM_001776,Kargil,2676.0,FLOOR,WALL,1.613,0.745,8.956,0.157,1.427,0.085,12.984,12.43,5.74,68.98,1.21,10.99,0.65,100.0,Install sub-base perimeter slab insulation,Ground conduction is primary heat drain.,-23.44,-17.51,-20.37,0,24
SIM_001777,Leh,3500.0,FLOOR,INFILTRATION,4.831,1.983,18.619,0.599,12.377,0.224,38.633,12.51,5.13,48.19,1.55,32.04,0.58,100.0,Install sub-base perimeter slab insulation,Ground conduction is primary heat drain.,-11.72,-3.78,-7.39,0,24
SIM_001778,Dras,3280.0,WALL,FLOOR,7.221,1.484,4.489,3.026,0.736,0.042,16.998,42.48,8.73,26.41,17.8,4.33,0.24,99.99,Add 75mm exterior insulation (EPS/rockwool),Wall conduction accounts for highest percentage of heat loss.,-28.9,-25.31,-26.89,0,24
SIM_001779,Siachen,5400.0,FLOOR,INFILTRATION,2.474,1.703,13.089,1.353,7.399,0.087,26.104,9.48,6.52,50.14,5.18,28.34,0.33,99.99,Install sub-base perimeter slab insulation,Ground conduction is primary heat drain.,-42.83,-38.01,-39.85,0,24
SIM_001780,Daulat Beg Oldie,5065.0,WALL,FLOOR,5.541,0.524,3.852,0.296,2.597,0.033,12.843,43.14,4.08,29.99,2.31,20.22,0.25,99.99,Add 75mm exterior insulation (EPS/rockwool),Wall conduction accounts for highest percentage of heat loss.,-35.46,-28.62,-31.68,0,24
SIM_001781,Galwan,4300.0,FLOOR,GLAZING,1.622,1.78,9.334,2.014,1.737,0.1,16.587,9.78,10.73,56.27,12.14,10.47,0.61,100.0,Install sub-base perimeter slab insulation,Ground conduction is primary heat drain.,-25.26,-16.96,-20.58,0,24
SIM_001782,Hanle,4500.0,WALL,FLOOR,6.433,0.582,5.652,0.609,3.496,0.082,16.855,38.17,3.45,33.53,3.62,20.74,0.49,100.0,Add 75mm exterior insulation (EPS/rockwool),Wall conduction accounts for highest percentage of heat loss.,-18.47,-14.61,-16.64,0,24
SIM_001783,Nyoma,4180.0,WALL,FLOOR,10.984,1.964,9.394,0.276,6.893,0.016,29.528,37.2,6.65,31.82,0.93,23.34,0.05,99.99,Add 75mm exterior insulation (EPS/rockwool),Wall conduction accounts for highest percentage of heat loss.,-18.59,-13.2,-15.91,0,24
SIM_001784,Chushul,4350.0,FLOOR,INFILTRATION,4.292,1.493,17.444,2.647,5.706,0.071,31.653,13.56,4.72,55.11,8.36,18.03,0.22,100.0,Install sub-base perimeter slab insulation,Ground conduction is primary heat drain.,-36.1,-28.28,-30.84,0,24
SIM_001785,Rezang La,5000.0,WALL,FLOOR,25.042,2.107,17.573,1.528,10.356,0.124,56.731,44.14,3.71,30.98,2.69,18.25,0.22,99.99,Add 75mm exterior insulation (EPS/rockwool),Wall conduction accounts for highest percentage of heat loss.,-28.0,-21.49,-24.26,0,24
SIM_001786,Pangong,4250.0,FLOOR,INFILTRATION,0.431,0.204,3.222,0.059,1.87,0.117,5.902,7.3,3.45,54.58,1.0,31.68,1.98,99.99,Install sub-base perimeter slab insulation,Ground conduction is primary heat drain.,-26.84,-19.66,-23.19,0,24
SIM_001787,Depsang,5330.0,FLOOR,INFILTRATION,2.808,1.134,8.343,0.037,5.799,0.039,18.161,15.46,6.24,45.94,0.21,31.93,0.22,100.0,Install sub-base perimeter slab insulation,Ground conduction is primary heat drain.,-47.7,-41.36,-44.21,0,24
SIM_001788,Kargil,2676.0,WALL,FLOOR,9.614,0.545,4.448,0.281,1.107,0.036,16.031,59.97,3.4,27.75,1.75,6.91,0.23,100.01,Add 75mm exterior insulation (EPS/rockwool),Wall conduction accounts for highest percentage of heat loss.,-12.18,-10.51,-11.42,0,24
SIM_001789,Leh,3500.0,FLOOR,WALL,7.254,2.373,13.238,2.198,0.92,0.204,26.188,27.7,9.06,50.55,8.39,3.51,0.78,99.99,Install sub-base perimeter slab insulation,Ground conduction is primary heat drain.,-12.86,-8.68,-10.25,0,24
SIM_001790,Dras,3280.0,FLOOR,INFILTRATION,0.982,0.48,3.9,0.117,3.364,0.153,8.996,10.91,5.34,43.35,1.31,37.39,1.7,100.0,Install sub-base perimeter slab insulation,Ground conduction is primary heat drain.,-22.77,-14.42,-18.33,0,24
SIM_001791,Siachen,5400.0,FLOOR,INFILTRATION,3.483,2.131,25.192,2.104,6.398,0.114,39.421,8.83,5.41,63.91,5.34,16.23,0.29,100.01,Install sub-base perimeter slab insulation,Ground conduction is primary heat drain.,-28.31,-23.73,-25.48,0,24
SIM_001792,Daulat Beg Oldie,5065.0,FLOOR,INFILTRATION,0.822,1.151,5.205,1.059,3.873,0.112,12.222,6.72,9.42,42.59,8.66,31.69,0.92,100.0,Install sub-base perimeter slab insulation,Ground conduction is primary heat drain.,-46.86,-40.66,-42.66,0,24
SIM_001793,Galwan,4300.0,WALL,FLOOR,8.501,0.946,7.764,2.714,2.378,0.05,22.353,38.03,4.23,34.73,12.14,10.64,0.23,100.0,Add 75mm exterior insulation (EPS/rockwool),Wall conduction accounts for highest percentage of heat loss.,-21.02,-17.59,-19.14,0,24
SIM_001794,Hanle,4500.0,FLOOR,WALL,8.313,1.439,12.041,0.132,0.298,0.064,22.288,37.3,6.46,54.03,0.59,1.34,0.29,100.01,Install sub-base perimeter slab insulation,Ground conduction is primary heat drain.,-24.15,-17.6,-20.86,0,24
SIM_001795,Nyoma,4180.0,FLOOR,WALL,2.421,1.721,19.191,1.418,0.45,0.129,25.33,9.56,6.79,75.76,5.6,1.78,0.51,100.0,Install sub-base perimeter slab insulation,Ground conduction is primary heat drain.,-26.51,-22.2,-24.26,0,24
SIM_001796,Chushul,4350.0,WALL,FLOOR,15.803,1.881,12.933,1.593,2.262,0.133,34.604,45.67,5.43,37.37,4.6,6.54,0.38,99.99,Add 75mm exterior insulation (EPS/rockwool),Wall conduction accounts for highest percentage of heat loss.,-28.31,-20.0,-23.69,0,24
SIM_001797,Rezang La,5000.0,FLOOR,INFILTRATION,1.455,2.136,10.149,1.32,2.612,0.197,17.868,8.14,11.95,56.8,7.39,14.62,1.1,100.0,Install sub-base perimeter slab insulation,Ground conduction is primary heat drain.,-26.98,-22.4,-23.99,0,24
SIM_001798,Pangong,4250.0,FLOOR,INFILTRATION,1.928,1.042,15.427,2.23,11.336,0.188,32.151,6.0,3.24,47.98,6.94,35.26,0.58,100.0,Install sub-base perimeter slab insulation,Ground conduction is primary heat drain.,-18.66,-9.82,-13.19,0,24
SIM_001799,Depsang,5330.0,FLOOR,INFILTRATION,3.441,1.692,19.066,0.459,5.011,0.104,29.773,11.56,5.68,64.04,1.54,16.83,0.35,100.0,Install sub-base perimeter slab insulation,Ground conduction is primary heat drain.,-28.22,-24.34,-26.06,0,24
SIM_001800,Kargil,2676.0,FLOOR,INFILTRATION,3.794,1.343,16.596,2.358,15.766,0.101,39.958,9.5,3.36,41.54,5.9,39.46,0.25,100.01,Install sub-base perimeter slab insulation,Ground conduction is primary heat drain.,-26.41,-17.01,-20.49,0,24
SIM_001801,Leh,3500.0,FLOOR,INFILTRATION,1.848,1.825,13.585,0.98,4.271,0.205,22.714,8.14,8.03,59.81,4.32,18.8,0.9,100.0,Install sub-base perimeter slab insulation,Ground conduction is primary heat drain.,-14.22,-5.67,-9.17,0,24
SIM_001802,Dras,3280.0,FLOOR,INFILTRATION,1.415,0.315,5.892,0.506,4.249,0.046,12.424,11.39,2.53,47.43,4.08,34.2,0.37,100.0,Install sub-base perimeter slab insulation,Ground conduction is primary heat drain.,-26.98,-20.63,-23.05,0,24
SIM_001803,Siachen,5400.0,ROOF,FLOOR,0.772,9.598,8.705,0.363,2.554,1.232,23.225,3.32,41.33,37.48,1.56,11.0,5.31,100.0,Add 100mm exterior roof insulation,Roof conduction loss dominates envelope heat transfer.,-48.63,-39.16,-42.93,0,24
SIM_001804,Daulat Beg Oldie,5065.0,FLOOR,INFILTRATION,2.336,1.651,7.774,0.785,2.425,0.249,15.22,15.35,10.85,51.08,5.16,15.94,1.63,100.01,Install sub-base perimeter slab insulation,Ground conduction is primary heat drain.,-38.23,-27.28,-31.91,0,24
SIM_001805,Galwan,4300.0,FLOOR,GLAZING,2.251,3.183,17.593,4.036,2.017,0.219,29.3,7.68,10.86,60.04,13.77,6.89,0.75,99.99,Install sub-base perimeter slab insulation,Ground conduction is primary heat drain.,-21.99,-16.12,-18.65,0,24
SIM_001806,Hanle,4500.0,FLOOR,INFILTRATION,3.451,2.397,20.067,2.515,16.139,0.33,44.899,7.69,5.34,44.69,5.6,35.94,0.74,100.0,Install sub-base perimeter slab insulation,Ground conduction is primary heat drain.,-17.08,-10.8,-13.49,0,24
SIM_001807,Nyoma,4180.0,FLOOR,INFILTRATION,0.892,0.773,8.569,3.446,4.678,0.178,18.537,4.81,4.17,46.23,18.59,25.24,0.96,100.0,Install sub-base perimeter slab insulation,Ground conduction is primary heat drain.,-23.47,-11.03,-16.57,0,24
SIM_001808,Chushul,4350.0,FLOOR,WALL,2.392,1.333,6.626,0.422,0.8,0.135,11.708,20.43,11.38,56.6,3.6,6.83,1.16,100.0,Install sub-base perimeter slab insulation,Ground conduction is primary heat drain.,-37.75,-32.47,-34.53,0,24
SIM_001809,Rezang La,5000.0,FLOOR,INFILTRATION,2.026,1.36,12.432,0.907,4.532,0.044,21.302,9.51,6.39,58.36,4.26,21.28,0.21,100.01,Install sub-base perimeter slab insulation,Ground conduction is primary heat drain.,-24.31,-19.69,-21.19,0,24
SIM_001810,Pangong,4250.0,FLOOR,INFILTRATION,3.264,1.11,10.585,2.529,3.775,0.069,21.333,15.3,5.2,49.62,11.86,17.7,0.33,100.01,Install sub-base perimeter slab insulation,Ground conduction is primary heat drain.,-21.12,-16.04,-17.73,0,24
SIM_001811,Depsang,5330.0,FLOOR,INFILTRATION,1.596,1.873,10.79,2.136,3.632,0.094,20.121,7.93,9.31,53.63,10.61,18.05,0.46,99.99,Install sub-base perimeter slab insulation,Ground conduction is primary heat drain.,-44.6,-37.38,-39.7,0,24
SIM_001812,Kargil,2676.0,FLOOR,INFILTRATION,1.383,1.753,11.615,0.441,10.389,0.1,25.68,5.38,6.83,45.23,1.72,40.45,0.39,100.0,Install sub-base perimeter slab insulation,Ground conduction is primary heat drain.,-13.53,-8.28,-10.53,0,24
SIM_001813,Leh,3500.0,FLOOR,INFILTRATION,4.882,2.148,10.856,4.14,5.074,0.237,27.338,17.86,7.86,39.71,15.14,18.56,0.87,100.0,Install sub-base perimeter slab insulation,Ground conduction is primary heat drain.,-16.28,-10.01,-12.17,0,24
SIM_001814,Dras,3280.0,FLOOR,INFILTRATION,4.072,4.086,32.738,1.647,4.429,0.303,47.274,8.61,8.64,69.25,3.48,9.37,0.64,99.99,Install sub-base perimeter slab insulation,Ground conduction is primary heat drain.,-15.14,-10.46,-12.56,0,24
SIM_001815,Siachen,5400.0,FLOOR,ROOF,0.692,3.729,4.691,0.856,3.495,1.208,14.672,4.71,25.42,31.97,5.84,23.82,8.23,99.99,Install sub-base perimeter slab insulation,Ground conduction is primary heat drain.,-34.81,-29.17,-31.68,0,24
SIM_001816,Daulat Beg Oldie,5065.0,WALL,FLOOR,9.356,0.835,8.394,0.802,1.949,0.205,21.542,43.43,3.88,38.97,3.72,9.05,0.95,100.0,Add 75mm exterior insulation (EPS/rockwool),Wall conduction accounts for highest percentage of heat loss.,-44.15,-40.29,-42.09,0,24
SIM_001817,Galwan,4300.0,FLOOR,INFILTRATION,4.076,0.981,11.346,1.4,6.366,0.102,24.271,16.79,4.04,46.75,5.77,26.23,0.42,100.0,Install sub-base perimeter slab insulation,Ground conduction is primary heat drain.,-22.61,-17.39,-19.21,0,24
SIM_001818,Hanle,4500.0,WALL,FLOOR,9.288,6.943,7.023,2.385,6.137,2.845,34.621,26.83,20.05,20.29,6.89,17.73,8.22,100.01,Add 75mm exterior insulation (EPS/rockwool),Wall conduction accounts for highest percentage of heat loss.,-28.4,-22.49,-24.81,0,24
SIM_001819,Nyoma,4180.0,FLOOR,INFILTRATION,1.229,2.323,12.223,0.288,6.364,0.565,22.991,5.34,10.1,53.16,1.25,27.68,2.46,99.99,Install sub-base perimeter slab insulation,Ground conduction is primary heat drain.,-29.96,-22.56,-26.07,0,24
SIM_001820,Chushul,4350.0,FLOOR,INFILTRATION,3.768,3.261,17.189,1.328,8.928,0.332,34.806,10.82,9.37,49.39,3.82,25.65,0.95,100.0,Install sub-base perimeter slab insulation,Ground conduction is primary heat drain.,-24.53,-18.94,-21.55,0,24
SIM_001821,Rezang La,5000.0,FLOOR,INFILTRATION,2.842,0.988,15.298,1.869,5.968,0.031,26.996,10.53,3.66,56.67,6.92,22.11,0.12,100.01,Install sub-base perimeter slab insulation,Ground conduction is primary heat drain.,-31.68,-21.26,-24.93,0,24
SIM_001822,Pangong,4250.0,FLOOR,ROOF,1.625,2.369,17.581,1.876,1.535,0.16,25.146,6.46,9.42,69.92,7.46,6.11,0.64,100.01,Install sub-base perimeter slab insulation,Ground conduction is primary heat drain.,-17.19,-8.78,-11.59,0,24
SIM_001823,Depsang,5330.0,FLOOR,WALL,1.926,0.972,6.952,0.181,0.751,0.01,10.792,17.85,9.0,64.42,1.68,6.96,0.09,100.0,Install sub-base perimeter slab insulation,Ground conduction is primary heat drain.,-32.98,-28.86,-30.98,0,24
SIM_001824,Kargil,2676.0,FLOOR,INFILTRATION,1.876,0.406,6.031,0.181,1.884,0.139,10.517,17.84,3.86,57.34,1.72,17.92,1.32,100.0,Install sub-base perimeter slab insulation,Ground conduction is primary heat drain.,-25.44,-20.89,-22.69,0,24
SIM_001825,Leh,3500.0,FLOOR,GLAZING,0.921,0.836,7.133,2.509,2.146,0.114,13.659,6.74,6.12,52.22,18.37,15.71,0.83,99.99,Install sub-base perimeter slab insulation,Ground conduction is primary heat drain.,-12.69,-7.68,-9.51,0,24
SIM_001826,Dras,3280.0,FLOOR,WALL,2.887,1.319,6.587,0.0,0.281,0.044,11.118,25.97,11.86,59.25,0.0,2.53,0.39,100.0,Install sub-base perimeter slab insulation,Ground conduction is primary heat drain.,-28.04,-23.21,-25.49,0,24
SIM_001827,Siachen,5400.0,FLOOR,INFILTRATION,1.993,2.478,13.885,1.521,4.861,0.089,24.828,8.03,9.98,55.92,6.13,19.58,0.36,100.0,Install sub-base perimeter slab insulation,Ground conduction is primary heat drain.,-43.41,-35.12,-38.02,0,24
SIM_001828,Daulat Beg Oldie,5065.0,FLOOR,INFILTRATION,3.163,0.772,5.675,0.166,4.209,0.097,14.082,22.46,5.48,40.3,1.18,29.89,0.69,100.0,Install sub-base perimeter slab insulation,Ground conduction is primary heat drain.,-34.16,-27.78,-30.78,0,24
SIM_001829,Galwan,4300.0,WALL,FLOOR,9.419,0.498,4.865,0.374,2.28,0.064,17.499,53.82,2.85,27.8,2.14,13.03,0.36,100.0,Add 75mm exterior insulation (EPS/rockwool),Wall conduction accounts for highest percentage of heat loss.,-24.42,-21.53,-23.02,0,24
SIM_001830,Hanle,4500.0,ROOF,FLOOR,2.719,11.784,7.89,1.175,0.322,1.314,25.205,10.79,46.75,31.3,4.66,1.28,5.21,99.99,Add 100mm exterior roof insulation,Roof conduction loss dominates envelope heat transfer.,-22.65,-12.43,-15.79,0,24
SIM_001831,Nyoma,4180.0,FLOOR,INFILTRATION,1.393,1.136,7.429,0.515,2.998,0.022,13.493,10.33,8.42,55.06,3.82,22.22,0.16,100.01,Install sub-base perimeter slab insulation,Ground conduction is primary heat drain.,-19.75,-11.27,-15.34,0,24
SIM_001832,Chushul,4350.0,FLOOR,INFILTRATION,2.606,1.511,10.649,1.256,5.434,0.128,21.583,12.07,7.0,49.34,5.82,25.18,0.59,100.0,Install sub-base perimeter slab insulation,Ground conduction is primary heat drain.,-38.45,-30.83,-33.64,0,24
SIM_001833,Rezang La,5000.0,FLOOR,INFILTRATION,4.267,1.702,8.944,0.503,6.791,0.183,22.391,19.06,7.6,39.94,2.25,30.33,0.82,100.0,Install sub-base perimeter slab insulation,Ground conduction is primary heat drain.,-26.16,-21.53,-23.42,0,24
SIM_001834,Pangong,4250.0,ROOF,FLOOR,1.675,14.019,9.08,1.051,0.809,2.128,28.762,5.82,48.74,31.57,3.65,2.81,7.4,99.99,Add 100mm exterior roof insulation,Roof conduction loss dominates envelope heat transfer.,-27.9,-18.48,-21.96,0,24
SIM_001835,Depsang,5330.0,FLOOR,WALL,5.046,3.111,5.49,0.62,2.649,1.242,18.156,27.79,17.13,30.24,3.41,14.59,6.84,100.0,Install sub-base perimeter slab insulation,Ground conduction is primary heat drain.,-45.57,-40.98,-43.01,0,24
SIM_001836,Kargil,2676.0,WALL,FLOOR,9.636,1.671,6.332,2.465,1.293,0.084,21.481,44.86,7.78,29.48,11.47,6.02,0.39,100.0,Add 75mm exterior insulation (EPS/rockwool),Wall conduction accounts for highest percentage of heat loss.,-13.5,-10.58,-11.57,0,24
SIM_001837,Leh,3500.0,FLOOR,INFILTRATION,3.564,2.899,13.94,0.078,7.698,0.501,28.681,12.43,10.11,48.6,0.27,26.84,1.75,100.0,Install sub-base perimeter slab insulation,Ground conduction is primary heat drain.,-13.56,-7.45,-10.32,0,24
SIM_001838,Dras,3280.0,FLOOR,WALL,3.457,0.515,8.595,1.629,1.101,0.051,15.349,22.52,3.36,56.0,10.61,7.18,0.33,100.0,Install sub-base perimeter slab insulation,Ground conduction is primary heat drain.,-20.78,-12.44,-15.33,0,24
SIM_001839,Siachen,5400.0,FLOOR,WALL,1.826,1.678,9.684,1.128,0.533,0.083,14.932,12.23,11.24,64.85,7.55,3.57,0.56,100.0,Install sub-base perimeter slab insulation,Ground conduction is primary heat drain.,-33.2,-26.4,-29.08,0,24
SIM_001840,Daulat Beg Oldie,5065.0,FLOOR,INFILTRATION,2.334,2.062,22.666,1.839,9.25,0.199,38.35,6.09,5.38,59.1,4.79,24.12,0.52,100.0,Install sub-base perimeter slab insulation,Ground conduction is primary heat drain.,-44.48,-35.3,-39.01,0,24
SIM_001841,Galwan,4300.0,FLOOR,INFILTRATION,1.495,2.888,10.669,1.443,7.665,0.676,24.837,6.02,11.63,42.96,5.81,30.86,2.72,100.0,Install sub-base perimeter slab insulation,Ground conduction is primary heat drain.,-23.9,-18.7,-20.75,0,24
SIM_001842,Hanle,4500.0,FLOOR,INFILTRATION,4.014,1.026,9.863,0.457,4.343,0.14,19.843,20.23,5.17,49.71,2.3,21.89,0.71,100.01,Install sub-base perimeter slab insulation,Ground conduction is primary heat drain.,-30.43,-16.95,-22.47,0,24
SIM_001843,Nyoma,4180.0,ROOF,FLOOR,1.866,14.801,10.421,0.424,5.672,1.927,35.111,5.31,42.15,29.68,1.21,16.15,5.49,99.99,Add 100mm exterior roof insulation,Roof conduction loss dominates envelope heat transfer.,-33.82,-23.69,-28.1,0,24
SIM_001844,Chushul,4350.0,WALL,FLOOR,11.837,1.45,8.15,0.055,0.57,0.052,22.114,53.53,6.55,36.86,0.25,2.58,0.24,100.01,Add 75mm exterior insulation (EPS/rockwool),Wall conduction accounts for highest percentage of heat loss.,-23.28,-21.28,-22.24,0,24
SIM_001845,Rezang La,5000.0,FLOOR,INFILTRATION,1.033,0.127,3.864,0.084,1.465,0.093,6.667,15.5,1.9,57.95,1.27,21.97,1.4,99.99,Install sub-base perimeter slab insulation,Ground conduction is primary heat drain.,-32.29,-25.25,-28.73,0,24
SIM_001846,Pangong,4250.0,FLOOR,WALL,6.717,1.513,21.785,5.179,1.531,0.1,36.826,18.24,4.11,59.16,14.06,4.16,0.27,100.0,Install sub-base perimeter slab insulation,Ground conduction is primary heat drain.,-14.69,-8.08,-10.48,0,24
SIM_001847,Depsang,5330.0,FLOOR,WALL,6.577,1.554,21.642,2.438,2.409,0.074,34.694,18.96,4.48,62.38,7.03,6.94,0.21,100.0,Install sub-base perimeter slab insulation,Ground conduction is primary heat drain.,-31.66,-26.93,-29.24,0,24
SIM_001848,Kargil,2676.0,ROOF,FLOOR,1.891,14.701,9.671,0.026,5.067,2.209,33.565,5.63,43.8,28.81,0.08,15.1,6.58,100.0,Add 100mm exterior roof insulation,Roof conduction loss dominates envelope heat transfer.,-27.73,-18.36,-22.45,0,24
SIM_001849,Leh,3500.0,FLOOR,GLAZING,4.109,1.857,14.006,5.694,4.017,0.401,30.084,13.66,6.17,46.56,18.93,13.35,1.33,100.0,Install sub-base perimeter slab insulation,Ground conduction is primary heat drain.,-12.05,-7.26,-8.99,0,24
SIM_001850,Dras,3280.0,FLOOR,INFILTRATION,1.778,2.21,8.702,0.248,6.484,0.507,19.928,8.92,11.09,43.66,1.24,32.53,2.55,99.99,Install sub-base perimeter slab insulation,Ground conduction is primary heat drain.,-26.96,-21.38,-23.93,0,24
SIM_001851,Siachen,5400.0,ROOF,FLOOR,1.874,14.134,9.423,1.898,4.39,2.429,34.148,5.49,41.39,27.59,5.56,12.86,7.11,100.0,Add 100mm exterior roof insulation,Roof conduction loss dominates envelope heat transfer.,-47.42,-39.89,-42.52,0,24
SIM_001852,Daulat Beg Oldie,5065.0,ROOF,FLOOR,1.72,22.449,17.289,1.65,4.825,3.505,51.438,3.34,43.64,33.61,3.21,9.38,6.81,99.99,Add 100mm exterior roof insulation,Roof conduction loss dominates envelope heat transfer.,-36.72,-26.71,-30.24,0,24
SIM_001853,Galwan,4300.0,FLOOR,INFILTRATION,1.479,0.387,5.771,0.362,4.312,0.071,12.383,11.95,3.13,46.6,2.92,34.82,0.57,99.99,Install sub-base perimeter slab insulation,Ground conduction is primary heat drain.,-27.18,-18.86,-22.19,0,24
SIM_001854,Hanle,4500.0,FLOOR,INFILTRATION,0.485,0.689,2.386,0.05,2.015,0.111,5.736,8.45,12.01,41.6,0.86,35.13,1.94,99.99,Install sub-base perimeter slab insulation,Ground conduction is primary heat drain.,-20.12,-13.82,-16.97,0,24
SIM_001855,Nyoma,4180.0,FLOOR,WALL,1.683,0.319,3.135,0.109,0.201,0.0,5.447,30.89,5.86,57.55,2.0,3.69,0.0,99.99,Install sub-base perimeter slab insulation,Ground conduction is primary heat drain.,-21.94,-14.68,-18.3,0,24
SIM_001856,Chushul,4350.0,FLOOR,WALL,13.151,1.145,18.132,1.765,13.126,0.132,47.449,27.72,2.41,38.21,3.72,27.66,0.28,100.0,Install sub-base perimeter slab insulation,Ground conduction is primary heat drain.,-36.7,-29.9,-33.17,0,24
SIM_001857,Rezang La,5000.0,ROOF,WALL,7.175,9.322,4.648,0.434,3.339,2.915,27.832,25.78,33.49,16.7,1.56,12.0,10.47,100.0,Add 100mm exterior roof insulation,Roof conduction loss dominates envelope heat transfer.,-29.63,-24.08,-26.67,0,24
SIM_001858,Pangong,4250.0,FLOOR,INFILTRATION,1.193,0.54,6.571,0.515,3.659,0.034,12.512,9.54,4.32,52.51,4.12,29.24,0.27,100.0,Install sub-base perimeter slab insulation,Ground conduction is primary heat drain.,-26.88,-19.96,-23.08,0,24
SIM_001859,Depsang,5330.0,FLOOR,WALL,2.734,2.699,25.777,1.093,1.152,0.237,33.692,8.11,8.01,76.51,3.24,3.42,0.7,99.99,Install sub-base perimeter slab insulation,Ground conduction is primary heat drain.,-43.3,-36.92,-39.24,0,24
SIM_001860,Kargil,2676.0,FLOOR,INFILTRATION,1.509,1.221,6.103,1.143,3.839,0.143,13.957,10.81,8.75,43.72,8.19,27.5,1.02,99.99,Install sub-base perimeter slab insulation,Ground conduction is primary heat drain.,-14.16,-7.74,-10.35,0,24
SIM_001861,Leh,3500.0,FLOOR,WALL,11.788,2.285,19.091,7.011,1.762,0.102,42.038,28.04,5.44,45.41,16.68,4.19,0.24,100.0,Install sub-base perimeter slab insulation,Ground conduction is primary heat drain.,-9.6,-6.62,-7.68,0,24
SIM_001862,Dras,3280.0,FLOOR,GLAZING,6.908,2.3,32.317,8.406,0.725,0.15,50.806,13.6,4.53,63.61,16.55,1.43,0.29,100.01,Install sub-base perimeter slab insulation,Ground conduction is primary heat drain.,-18.9,-11.14,-14.14,0,24
SIM_001863,Siachen,5400.0,FLOOR,WALL,3.1,0.724,7.07,1.741,2.599,0.115,15.349,20.2,4.72,46.06,11.34,16.93,0.75,100.0,Install sub-base perimeter slab insulation,Ground conduction is primary heat drain.,-33.05,-27.01,-29.4,0,24
SIM_001864,Daulat Beg Oldie,5065.0,ROOF,WALL,9.431,11.235,7.719,0.427,8.34,4.23,41.382,22.79,27.15,18.65,1.03,20.15,10.22,99.99,Add 100mm exterior roof insulation,Roof conduction loss dominates envelope heat transfer.,-46.19,-40.58,-43.21,0,24
SIM_001865,Galwan,4300.0,FLOOR,ROOF,2.48,10.819,10.946,1.081,1.548,0.693,27.567,9.0,39.25,39.71,3.92,5.61,2.51,100.0,Install sub-base perimeter slab insulation,Ground conduction is primary heat drain.,-28.1,-20.12,-22.98,0,24
SIM_001866,Hanle,4500.0,FLOOR,WALL,8.18,1.327,10.764,2.115,3.881,0.173,26.439,30.94,5.02,40.71,8.0,14.68,0.65,100.0,Install sub-base perimeter slab insulation,Ground conduction is primary heat drain.,-23.98,-21.59,-22.45,0,24
SIM_001867,Nyoma,4180.0,FLOOR,WALL,2.005,0.262,3.168,0.0,0.249,0.116,5.799,34.57,4.51,54.63,0.0,4.29,1.99,99.99,Install sub-base perimeter slab insulation,Ground conduction is primary heat drain.,-31.52,-24.8,-28.16,0,24
SIM_001868,Chushul,4350.0,FLOOR,ROOF,7.879,10.107,11.488,1.201,3.315,2.853,36.843,21.39,27.43,31.18,3.26,9.0,7.74,100.0,Install sub-base perimeter slab insulation,Ground conduction is primary heat drain.,-25.07,-20.29,-22.48,0,24
SIM_001869,Rezang La,5000.0,FLOOR,INFILTRATION,0.729,0.805,3.24,0.15,2.105,0.012,7.042,10.35,11.44,46.01,2.13,29.9,0.17,100.0,Install sub-base perimeter slab insulation,Ground conduction is primary heat drain.,-32.26,-26.16,-28.81,0,24
SIM_001870,Pangong,4250.0,FLOOR,ROOF,2.894,8.322,9.038,0.714,3.155,1.439,25.561,11.32,32.56,35.36,2.79,12.34,5.63,100.0,Install sub-base perimeter slab insulation,Ground conduction is primary heat drain.,-16.99,-10.8,-13.46,0,24
SIM_001871,Depsang,5330.0,FLOOR,WALL,1.415,0.39,4.107,1.375,0.934,0.254,8.475,16.7,4.6,48.46,16.22,11.02,2.99,99.99,Install sub-base perimeter slab insulation,Ground conduction is primary heat drain.,-35.67,-30.3,-32.73,0,24
SIM_001872,Kargil,2676.0,ROOF,FLOOR,1.835,10.523,10.335,1.64,6.394,1.482,32.21,5.7,32.67,32.09,5.09,19.85,4.6,100.0,Add 100mm exterior roof insulation,Roof conduction loss dominates envelope heat transfer.,-27.12,-19.16,-22.21,0,24
SIM_001873,Leh,3500.0,ROOF,FLOOR,1.136,9.894,7.427,0.757,1.659,1.676,22.549,5.04,43.88,32.94,3.36,7.36,7.43,100.01,Add 100mm exterior roof insulation,Roof conduction loss dominates envelope heat transfer.,-16.88,-6.35,-10.24,0,24
SIM_001874,Dras,3280.0,FLOOR,INFILTRATION,0.717,0.81,5.56,0.113,4.669,0.018,11.887,6.03,6.82,46.77,0.95,39.28,0.15,100.0,Install sub-base perimeter slab insulation,Ground conduction is primary heat drain.,-30.18,-23.77,-26.83,0,24
SIM_001875,Siachen,5400.0,FLOOR,ROOF,4.11,4.297,19.884,1.012,2.573,0.209,32.085,12.81,13.39,61.97,3.15,8.02,0.65,99.99,Install sub-base perimeter slab insulation,Ground conduction is primary heat drain.,-44.42,-35.98,-39.18,0,24
SIM_001876,Daulat Beg Oldie,5065.0,FLOOR,GLAZING,1.062,0.961,6.443,2.947,1.899,0.055,13.367,7.95,7.19,48.2,22.04,14.21,0.41,100.0,Install sub-base perimeter slab insulation,Ground conduction is primary heat drain.,-35.1,-25.23,-29.2,0,24
SIM_001877,Galwan,4300.0,FLOOR,INFILTRATION,0.932,0.397,3.473,1.035,1.758,0.12,7.716,12.08,5.15,45.01,13.42,22.79,1.55,100.0,Install sub-base perimeter slab insulation,Ground conduction is primary heat drain.,-27.41,-22.51,-24.33,0,24
SIM_001878,Hanle,4500.0,FLOOR,INFILTRATION,0.707,0.294,3.648,0.265,0.836,0.065,5.815,12.15,5.05,62.75,4.55,14.37,1.12,99.99,Install sub-base perimeter slab insulation,Ground conduction is primary heat drain.,-21.83,-11.19,-15.69,0,24
SIM_001879,Nyoma,4180.0,FLOOR,INFILTRATION,1.606,0.451,7.208,1.327,3.777,0.08,14.449,11.12,3.12,49.89,9.18,26.14,0.55,100.0,Install sub-base perimeter slab insulation,Ground conduction is primary heat drain.,-21.83,-9.64,-15.0,0,24
SIM_001880,Chushul,4350.0,FLOOR,INFILTRATION,2.055,1.214,18.997,5.526,11.367,0.124,39.283,5.23,3.09,48.36,14.07,28.94,0.32,100.01,Install sub-base perimeter slab insulation,Ground conduction is primary heat drain.,-37.87,-28.42,-32.07,0,24
SIM_001881,Rezang La,5000.0,FLOOR,ROOF,0.864,9.654,10.351,1.071,1.695,1.051,24.686,3.5,39.11,41.93,4.34,6.87,4.26,100.01,Install sub-base perimeter slab insulation,Ground conduction is primary heat drain.,-32.15,-24.01,-26.8,0,24
SIM_001882,Pangong,4250.0,FLOOR,INFILTRATION,1.568,0.824,11.494,5.021,7.758,0.117,26.78,5.85,3.08,42.92,18.75,28.97,0.44,100.01,Install sub-base perimeter slab insulation,Ground conduction is primary heat drain.,-25.59,-17.8,-20.88,0,24
SIM_001883,Depsang,5330.0,FLOOR,ROOF,1.32,5.112,7.554,2.114,3.941,2.324,22.365,5.9,22.86,33.77,9.45,17.62,10.39,99.99,Install sub-base perimeter slab insulation,Ground conduction is primary heat drain.,-48.62,-40.01,-43.05,0,24
SIM_001884,Kargil,2676.0,FLOOR,INFILTRATION,0.997,1.362,7.952,0.571,5.073,0.312,16.267,6.13,8.37,48.88,3.51,31.19,1.92,100.0,Install sub-base perimeter slab insulation,Ground conduction is primary heat drain.,-15.02,-10.64,-12.36,0,24
SIM_001885,Leh,3500.0,FLOOR,INFILTRATION,1.241,1.916,12.044,1.245,9.739,0.232,26.419,4.7,7.25,45.59,4.71,36.87,0.88,100.0,Install sub-base perimeter slab insulation,Ground conduction is primary heat drain.,-15.42,-9.7,-11.74,0,24
SIM_001886,Dras,3280.0,FLOOR,WALL,3.094,1.222,11.29,0.697,1.42,0.104,17.827,17.36,6.85,63.33,3.91,7.97,0.58,100.0,Install sub-base perimeter slab insulation,Ground conduction is primary heat drain.,-16.01,-10.61,-13.4,0,24
SIM_001887,Siachen,5400.0,WALL,FLOOR,3.503,0.242,2.813,0.093,1.432,0.151,8.235,42.54,2.93,34.16,1.13,17.39,1.84,99.99,Add 75mm exterior insulation (EPS/rockwool),Wall conduction accounts for highest percentage of heat loss.,-33.93,-30.8,-32.38,0,24
SIM_001888,Daulat Beg Oldie,5065.0,FLOOR,INFILTRATION,2.384,2.568,10.253,4.206,6.848,0.341,26.599,8.96,9.65,38.55,15.81,25.75,1.28,100.0,Install sub-base perimeter slab insulation,Ground conduction is primary heat drain.,-46.33,-37.65,-40.71,0,24
SIM_001889,Galwan,4300.0,FLOOR,INFILTRATION,5.141,0.843,12.842,0.188,5.983,0.223,25.22,20.38,3.34,50.92,0.75,23.72,0.88,99.99,Install sub-base perimeter slab insulation,Ground conduction is primary heat drain.,-23.6,-18.1,-20.36,0,24
SIM_001890,Hanle,4500.0,FLOOR,WALL,2.817,1.125,10.141,2.159,1.32,0.429,17.991,15.66,6.25,56.37,12.0,7.34,2.38,100.0,Install sub-base perimeter slab insulation,Ground conduction is primary heat drain.,-27.61,-20.51,-23.4,0,24
SIM_001891,Nyoma,4180.0,FLOOR,INFILTRATION,1.033,1.478,6.607,1.169,3.143,0.108,13.537,7.63,10.92,48.8,8.63,23.22,0.8,100.0,Install sub-base perimeter slab insulation,Ground conduction is primary heat drain.,-32.6,-22.91,-26.62,0,24
SIM_001892,Chushul,4350.0,FLOOR,INFILTRATION,0.734,0.761,3.491,0.278,2.136,0.041,7.442,9.86,10.23,46.92,3.73,28.71,0.55,100.0,Install sub-base perimeter slab insulation,Ground conduction is primary heat drain.,-27.67,-22.67,-24.92,0,24
SIM_001893,Rezang La,5000.0,FLOOR,WALL,17.414,2.96,19.492,3.533,1.994,0.186,45.579,38.21,6.49,42.77,7.75,4.38,0.41,100.01,Install sub-base perimeter slab insulation,Ground conduction is primary heat drain.,-27.29,-23.44,-24.92,0,24
SIM_001894,Pangong,4250.0,FLOOR,INFILTRATION,3.997,3.654,14.356,1.259,5.131,0.336,28.733,13.91,12.72,49.96,4.38,17.86,1.17,100.0,Install sub-base perimeter slab insulation,Ground conduction is primary heat drain.,-13.1,-9.88,-11.25,0,24
SIM_001895,Depsang,5330.0,FLOOR,INFILTRATION,2.035,0.463,4.449,0.328,3.36,0.012,10.647,19.12,4.35,41.79,3.08,31.56,0.11,100.01,Install sub-base perimeter slab insulation,Ground conduction is primary heat drain.,-33.25,-28.45,-30.75,0,24
SIM_001896,Kargil,2676.0,WALL,INFILTRATION,9.664,1.52,4.598,0.277,5.52,0.118,21.698,44.54,7.01,21.19,1.28,25.44,0.55,100.01,Add 75mm exterior insulation (EPS/rockwool),Wall conduction accounts for highest percentage of heat loss.,-24.31,-21.57,-22.88,0,24
SIM_001897,Leh,3500.0,FLOOR,INFILTRATION,2.703,3.783,24.475,9.996,12.858,0.195,54.01,5.0,7.0,45.32,18.51,23.81,0.36,100.0,Install sub-base perimeter slab insulation,Ground conduction is primary heat drain.,-10.48,-2.96,-5.79,0,24
SIM_001898,Dras,3280.0,ROOF,FLOOR,3.072,13.253,10.122,0.877,0.737,2.801,30.862,9.95,42.94,32.8,2.84,2.39,9.08,100.0,Add 100mm exterior roof insulation,Roof conduction loss dominates envelope heat transfer.,-28.85,-21.12,-24.43,0,24
SIM_001899,Siachen,5400.0,FLOOR,INFILTRATION,0.83,0.662,5.495,0.662,3.66,0.08,11.39,7.29,5.82,48.25,5.81,32.13,0.7,100.0,Install sub-base perimeter slab insulation,Ground conduction is primary heat drain.,-46.11,-40.13,-42.2,0,24
SIM_001900,Daulat Beg Oldie,5065.0,FLOOR,INFILTRATION,0.978,1.419,2.344,0.013,2.154,0.202,7.11,13.75,19.96,32.97,0.18,30.29,2.84,99.99,Install sub-base perimeter slab insulation,Ground conduction is primary heat drain.,-38.2,-29.12,-33.64,0,24
SIM_001901,Galwan,4300.0,FLOOR,INFILTRATION,1.883,1.821,17.627,0.391,11.639,0.166,33.526,5.62,5.43,52.58,1.17,34.72,0.49,100.01,Install sub-base perimeter slab insulation,Ground conduction is primary heat drain.,-26.97,-16.59,-21.42,0,24
SIM_001902,Hanle,4500.0,FLOOR,INFILTRATION,2.417,2.336,19.482,6.606,12.401,0.203,43.446,5.56,5.38,44.84,15.21,28.54,0.47,100.0,Install sub-base perimeter slab insulation,Ground conduction is primary heat drain.,-18.37,-9.91,-12.98,0,24
SIM_001903,Nyoma,4180.0,ROOF,WALL,7.458,9.389,4.649,0.077,1.046,0.063,22.682,32.88,41.39,20.5,0.34,4.61,0.28,100.0,Add 100mm exterior roof insulation,Roof conduction loss dominates envelope heat transfer.,-20.51,-15.64,-17.91,0,24
SIM_001904,Chushul,4350.0,FLOOR,INFILTRATION,1.422,1.369,9.321,1.357,6.658,0.225,20.352,6.99,6.73,45.8,6.67,32.71,1.11,100.01,Install sub-base perimeter slab insulation,Ground conduction is primary heat drain.,-36.72,-30.52,-32.89,0,24
SIM_001905,Rezang La,5000.0,FLOOR,WALL,2.243,0.228,4.371,0.699,1.81,0.036,9.387,23.89,2.43,46.56,7.45,19.29,0.38,100.0,Install sub-base perimeter slab insulation,Ground conduction is primary heat drain.,-29.46,-22.53,-25.14,0,24
SIM_001906,Pangong,4250.0,WALL,ROOF,6.264,5.006,4.658,0.978,1.571,1.003,19.479,32.16,25.7,23.91,5.02,8.06,5.15,100.0,Add 75mm exterior insulation (EPS/rockwool),Wall conduction accounts for highest percentage of heat loss.,-26.28,-22.45,-24.28,0,24
SIM_001907,Depsang,5330.0,ROOF,WALL,5.525,6.774,5.512,1.138,3.268,1.889,24.107,22.92,28.1,22.87,4.72,13.56,7.84,100.01,Add 100mm exterior roof insulation,Roof conduction loss dominates envelope heat transfer.,-46.45,-41.32,-43.37,0,24
SIM_001908,Kargil,2676.0,FLOOR,INFILTRATION,5.276,3.129,23.434,1.647,17.606,0.284,51.377,10.27,6.09,45.61,3.21,34.27,0.55,100.0,Install sub-base perimeter slab insulation,Ground conduction is primary heat drain.,-12.48,-6.35,-9.2,0,24
SIM_001909,Leh,3500.0,ROOF,FLOOR,1.037,6.384,6.179,0.042,0.601,0.174,14.417,7.19,44.28,42.86,0.29,4.17,1.2,99.99,Add 100mm exterior roof insulation,Roof conduction loss dominates envelope heat transfer.,-16.51,-8.86,-12.01,0,24
SIM_001910,Dras,3280.0,FLOOR,INFILTRATION,3.078,1.608,13.315,0.736,5.246,0.359,24.342,12.64,6.6,54.7,3.03,21.55,1.47,99.99,Install sub-base perimeter slab insulation,Ground conduction is primary heat drain.,-18.1,-13.45,-15.49,0,24
SIM_001911,Siachen,5400.0,FLOOR,INFILTRATION,2.543,3.408,4.557,0.614,3.464,1.917,16.503,15.41,20.65,27.61,3.72,20.99,11.62,100.0,Install sub-base perimeter slab insulation,Ground conduction is primary heat drain.,-35.42,-28.58,-31.8,0,24
SIM_001912,Daulat Beg Oldie,5065.0,FLOOR,INFILTRATION,1.567,0.886,2.577,0.079,1.574,0.117,6.8,23.05,13.03,37.89,1.17,23.14,1.72,100.0,Install sub-base perimeter slab insulation,Ground conduction is primary heat drain.,-46.27,-42.34,-44.32,0,24
SIM_001913,Galwan,4300.0,ROOF,FLOOR,2.562,4.131,3.743,0.215,1.658,0.288,12.597,20.34,32.79,29.72,1.71,13.16,2.28,100.0,Add 100mm exterior roof insulation,Roof conduction loss dominates envelope heat transfer.,-27.57,-19.34,-22.49,0,24
SIM_001914,Hanle,4500.0,FLOOR,WALL,9.135,1.301,10.901,1.297,0.495,0.051,23.181,39.41,5.61,47.02,5.6,2.14,0.22,100.0,Install sub-base perimeter slab insulation,Ground conduction is primary heat drain.,-23.95,-21.02,-22.09,0,24
SIM_001915,Nyoma,4180.0,ROOF,FLOOR,4.259,21.439,19.914,2.908,8.762,3.141,60.423,7.05,35.48,32.96,4.81,14.5,5.2,100.0,Add 100mm exterior roof insulation,Roof conduction loss dominates envelope heat transfer.,-30.19,-22.81,-25.95,0,24
SIM_001916,Chushul,4350.0,FLOOR,INFILTRATION,1.956,2.158,4.03,0.096,2.423,0.167,10.829,18.07,19.92,37.21,0.88,22.37,1.54,99.99,Install sub-base perimeter slab insulation,Ground conduction is primary heat drain.,-29.03,-20.57,-24.72,0,24
SIM_001917,Rezang La,5000.0,FLOOR,ROOF,0.728,2.998,7.65,0.49,0.232,0.111,12.209,5.96,24.56,62.66,4.01,1.9,0.91,100.0,Install sub-base perimeter slab insulation,Ground conduction is primary heat drain.,-32.33,-26.52,-28.76,0,24
SIM_001918,Pangong,4250.0,FLOOR,GLAZING,2.645,1.208,9.828,4.877,1.018,0.102,19.679,13.44,6.14,49.94,24.78,5.17,0.52,99.99,Install sub-base perimeter slab insulation,Ground conduction is primary heat drain.,-15.13,-7.85,-11.24,0,24
SIM_001919,Depsang,5330.0,FLOOR,INFILTRATION,0.953,3.064,3.583,0.944,3.132,2.04,13.716,6.95,22.34,26.13,6.88,22.83,14.87,100.0,Install sub-base perimeter slab insulation,Ground conduction is primary heat drain.,-35.54,-30.23,-32.85,0,24
SIM_001920,Kargil,2676.0,ROOF,FLOOR,1.406,11.498,7.01,2.222,1.696,0.772,24.603,5.71,46.73,28.49,9.03,6.89,3.14,99.99,Add 100mm exterior roof insulation,Roof conduction loss dominates envelope heat transfer.,-29.38,-17.71,-22.09,0,24
SIM_001921,Leh,3500.0,WALL,FLOOR,15.523,1.091,7.073,0.098,1.156,0.029,24.969,62.17,4.37,28.33,0.39,4.63,0.12,100.01,Add 75mm exterior insulation (EPS/rockwool),Wall conduction accounts for highest percentage of heat loss.,-11.1,-7.28,-9.13,0,24
SIM_001922,Dras,3280.0,ROOF,FLOOR,1.19,5.922,5.514,0.609,1.501,0.435,15.17,7.84,39.04,36.35,4.01,9.89,2.87,100.0,Add 100mm exterior roof insulation,Roof conduction loss dominates envelope heat transfer.,-33.4,-22.69,-27.12,0,24
SIM_001923,Siachen,5400.0,FLOOR,GLAZING,1.248,0.654,9.255,1.758,1.177,0.029,14.121,8.84,4.63,65.54,12.45,8.33,0.21,100.0,Install sub-base perimeter slab insulation,Ground conduction is primary heat drain.,-44.61,-34.56,-38.7,0,24
SIM_001924,Daulat Beg Oldie,5065.0,WALL,FLOOR,4.151,0.344,3.67,0.466,2.318,0.056,11.005,37.72,3.12,33.35,4.24,21.06,0.51,100.0,Add 75mm exterior insulation (EPS/rockwool),Wall conduction accounts for highest percentage of heat loss.,-33.96,-31.83,-32.76,0,24
SIM_001925,Galwan,4300.0,ROOF,FLOOR,0.798,12.232,7.61,0.727,3.804,4.036,29.207,2.73,41.88,26.06,2.49,13.02,13.82,100.0,Add 100mm exterior roof insulation,Roof conduction loss dominates envelope heat transfer.,-29.05,-20.82,-24.65,0,24
SIM_001926,Hanle,4500.0,FLOOR,WALL,2.877,0.753,6.167,0.257,1.716,0.075,11.845,24.28,6.36,52.06,2.17,14.49,0.63,99.99,Install sub-base perimeter slab insulation,Ground conduction is primary heat drain.,-21.08,-11.25,-14.97,0,24
SIM_001927,Nyoma,4180.0,FLOOR,ROOF,0.826,11.979,12.372,0.316,2.659,0.169,28.322,2.92,42.3,43.69,1.12,9.39,0.6,100.02,Install sub-base perimeter slab insulation,Ground conduction is primary heat drain.,-23.22,-13.66,-17.95,0,24
SIM_001928,Chushul,4350.0,FLOOR,WALL,4.39,1.686,14.789,0.722,0.372,0.059,22.019,19.94,7.66,67.16,3.28,1.69,0.27,100.0,Install sub-base perimeter slab insulation,Ground conduction is primary heat drain.,-32.14,-27.65,-29.54,0,24
SIM_001929,Rezang La,5000.0,FLOOR,WALL,2.399,0.522,6.791,1.778,0.552,0.037,12.078,19.86,4.32,56.22,14.72,4.57,0.31,100.0,Install sub-base perimeter slab insulation,Ground conduction is primary heat drain.,-30.6,-21.14,-24.45,0,24
SIM_001930,Pangong,4250.0,FLOOR,INFILTRATION,2.595,2.285,11.227,0.65,6.161,0.478,23.395,11.09,9.77,47.99,2.78,26.33,2.04,100.0,Install sub-base perimeter slab insulation,Ground conduction is primary heat drain.,-24.95,-19.86,-22.19,0,24
SIM_001931,Depsang,5330.0,FLOOR,GLAZING,0.944,0.782,6.342,2.403,0.406,0.073,10.95,8.62,7.15,57.92,21.95,3.71,0.66,100.01,Install sub-base perimeter slab insulation,Ground conduction is primary heat drain.,-47.68,-40.04,-42.58,0,24
SIM_001932,Kargil,2676.0,FLOOR,INFILTRATION,2.412,2.633,4.637,0.181,2.737,1.055,13.654,17.66,19.28,33.96,1.32,20.04,7.73,99.99,Install sub-base perimeter slab insulation,Ground conduction is primary heat drain.,-16.87,-11.05,-13.18,0,24
SIM_001933,Leh,3500.0,ROOF,FLOOR,1.793,18.417,13.897,0.379,5.303,2.924,42.713,4.2,43.12,32.54,0.89,12.42,6.85,100.02,Add 100mm exterior roof insulation,Roof conduction loss dominates envelope heat transfer.,-14.21,-7.28,-10.4,0,24
SIM_001934,Dras,3280.0,WALL,FLOOR,6.322,0.675,4.182,1.803,1.607,0.075,14.665,43.11,4.61,28.52,12.3,10.96,0.51,100.01,Add 75mm exterior insulation (EPS/rockwool),Wall conduction accounts for highest percentage of heat loss.,-18.71,-16.15,-17.1,0,24
SIM_001935,Siachen,5400.0,FLOOR,WALL,5.598,0.905,20.019,3.826,1.343,0.083,31.775,17.62,2.85,63.0,12.04,4.23,0.26,100.0,Install sub-base perimeter slab insulation,Ground conduction is primary heat drain.,-32.17,-25.69,-28.36,0,24
SIM_001936,Daulat Beg Oldie,5065.0,WALL,FLOOR,10.225,1.106,7.551,0.999,4.649,0.376,24.906,41.06,4.44,30.32,4.01,18.67,1.51,100.01,Add 75mm exterior insulation (EPS/rockwool),Wall conduction accounts for highest percentage of heat loss.,-44.35,-41.74,-42.84,0,24
SIM_001937,Galwan,4300.0,FLOOR,INFILTRATION,2.961,3.236,12.982,2.393,9.195,0.272,31.04,9.54,10.43,41.82,7.71,29.62,0.88,100.0,Install sub-base perimeter slab insulation,Ground conduction is primary heat drain.,-25.9,-17.96,-20.86,0,24
SIM_001938,Hanle,4500.0,FLOOR,WALL,10.609,2.057,13.966,0.492,2.324,0.08,29.528,35.93,6.97,47.3,1.67,7.87,0.27,100.01,Install sub-base perimeter slab insulation,Ground conduction is primary heat drain.,-24.06,-18.6,-21.17,0,24
SIM_001939,Nyoma,4180.0,FLOOR,INFILTRATION,3.135,2.825,18.078,0.388,5.446,0.158,30.03,10.44,9.41,60.2,1.29,18.14,0.53,100.01,Install sub-base perimeter slab insulation,Ground conduction is primary heat drain.,-25.58,-20.87,-23.24,0,24
SIM_001940,Chushul,4350.0,FLOOR,WALL,6.602,2.844,6.769,1.042,4.549,0.454,22.26,29.66,12.78,30.41,4.68,20.43,2.04,100.0,Install sub-base perimeter slab insulation,Ground conduction is primary heat drain.,-26.98,-23.27,-24.95,0,24
SIM_001941,Rezang La,5000.0,FLOOR,INFILTRATION,4.035,1.219,15.173,0.696,9.751,0.169,31.043,13.0,3.93,48.88,2.24,31.41,0.55,100.01,Install sub-base perimeter slab insulation,Ground conduction is primary heat drain.,-27.76,-22.84,-24.86,0,24
SIM_001942,Pangong,4250.0,WALL,FLOOR,6.834,1.321,6.167,1.766,2.717,0.083,18.889,36.18,7.0,32.65,9.35,14.38,0.44,100.0,Add 75mm exterior insulation (EPS/rockwool),Wall conduction accounts for highest percentage of heat loss.,-16.74,-12.75,-14.07,0,24
SIM_001943,Depsang,5330.0,WALL,FLOOR,11.321,0.882,6.321,0.91,1.201,0.028,20.663,54.79,4.27,30.59,4.41,5.81,0.13,100.0,Add 75mm exterior insulation (EPS/rockwool),Wall conduction accounts for highest percentage of heat loss.,-32.68,-30.42,-31.71,0,24
SIM_001944,Kargil,2676.0,FLOOR,GLAZING,2.068,1.969,11.675,2.253,1.983,0.155,20.103,10.29,9.79,58.08,11.21,9.86,0.77,100.0,Install sub-base perimeter slab insulation,Ground conduction is primary heat drain.,-24.27,-16.82,-20.39,0,24
SIM_001945,Leh,3500.0,FLOOR,INFILTRATION,3.455,1.762,16.79,4.879,10.997,0.177,38.06,9.08,4.63,44.11,12.82,28.89,0.47,100.0,Install sub-base perimeter slab insulation,Ground conduction is primary heat drain.,-11.84,-5.13,-7.51,0,24
SIM_001946,Dras,3280.0,FLOOR,WALL,2.772,0.947,9.568,0.716,2.76,0.08,16.843,16.46,5.62,56.8,4.25,16.39,0.48,100.0,Install sub-base perimeter slab insulation,Ground conduction is primary heat drain.,-28.78,-23.95,-25.83,0,24
SIM_001947,Siachen,5400.0,FLOOR,INFILTRATION,2.522,1.975,25.527,1.472,10.472,0.081,42.05,6.0,4.7,60.71,3.5,24.9,0.19,100.0,Install sub-base perimeter slab insulation,Ground conduction is primary heat drain.,-41.29,-34.61,-37.29,0,24
SIM_001948,Daulat Beg Oldie,5065.0,ROOF,FLOOR,0.713,7.889,4.976,0.228,1.592,1.473,16.872,4.23,46.76,29.49,1.35,9.44,8.73,100.0,Add 100mm exterior roof insulation,Roof conduction loss dominates envelope heat transfer.,-40.09,-28.19,-33.17,0,24
SIM_001949,Galwan,4300.0,FLOOR,INFILTRATION,7.392,4.906,16.72,1.593,11.059,0.562,42.232,17.5,11.62,39.59,3.77,26.19,1.33,100.0,Install sub-base perimeter slab insulation,Ground conduction is primary heat drain.,-26.59,-18.5,-21.8,0,24
SIM_001950,Hanle,4500.0,FLOOR,INFILTRATION,1.957,2.045,19.915,2.855,5.079,0.134,31.985,6.12,6.39,62.26,8.93,15.88,0.42,100.0,Install sub-base perimeter slab insulation,Ground conduction is primary heat drain.,-18.13,-7.68,-11.61,0,24
SIM_001951,Nyoma,4180.0,WALL,FLOOR,7.147,0.877,5.748,0.376,4.681,0.245,19.075,37.47,4.6,30.14,1.97,24.54,1.28,100.0,Add 75mm exterior insulation (EPS/rockwool),Wall conduction accounts for highest percentage of heat loss.,-16.6,-14.86,-15.74,0,24
SIM_001952,Chushul,4350.0,WALL,FLOOR,14.902,0.737,9.19,0.756,4.273,0.042,29.901,49.84,2.46,30.73,2.53,14.29,0.14,99.99,Add 75mm exterior insulation (EPS/rockwool),Wall conduction accounts for highest percentage of heat loss.,-35.46,-32.63,-33.91,0,24
SIM_001953,Rezang La,5000.0,ROOF,FLOOR,1.0,12.065,8.587,0.969,0.52,1.275,24.414,4.09,49.42,35.17,3.97,2.13,5.22,100.0,Add 100mm exterior roof insulation,Roof conduction loss dominates envelope heat transfer.,-31.34,-24.32,-26.59,0,24
SIM_001954,Pangong,4250.0,ROOF,FLOOR,1.566,11.954,7.528,0.505,2.336,1.595,25.483,6.14,46.91,29.54,1.98,9.17,6.26,100.0,Add 100mm exterior roof insulation,Roof conduction loss dominates envelope heat transfer.,-27.61,-19.8,-22.83,0,24
SIM_001955,Depsang,5330.0,FLOOR,INFILTRATION,3.208,2.01,18.932,1.582,5.035,0.092,30.859,10.4,6.51,61.35,5.13,16.32,0.3,100.01,Install sub-base perimeter slab insulation,Ground conduction is primary heat drain.,-42.42,-36.52,-38.46,0,24
SIM_001956,Kargil,2676.0,FLOOR,INFILTRATION,4.603,7.297,24.77,1.881,9.018,0.503,48.071,9.57,15.18,51.53,3.91,18.76,1.05,100.0,Install sub-base perimeter slab insulation,Ground conduction is primary heat drain.,-14.17,-6.46,-9.2,0,24
SIM_001957,Leh,3500.0,WALL,FLOOR,22.485,2.024,10.259,0.441,2.549,0.167,37.924,59.29,5.34,27.05,1.16,6.72,0.44,100.0,Add 75mm exterior insulation (EPS/rockwool),Wall conduction accounts for highest percentage of heat loss.,-13.5,-8.11,-10.63,0,24
SIM_001958,Dras,3280.0,FLOOR,INFILTRATION,1.297,0.64,4.377,0.431,2.207,0.085,9.037,14.35,7.08,48.43,4.77,24.42,0.95,100.0,Install sub-base perimeter slab insulation,Ground conduction is primary heat drain.,-21.07,-17.1,-18.63,0,24
SIM_001959,Siachen,5400.0,FLOOR,INFILTRATION,1.882,0.852,9.279,0.208,5.172,0.074,17.466,10.77,4.88,53.12,1.19,29.61,0.42,99.99,Install sub-base perimeter slab insulation,Ground conduction is primary heat drain.,-29.69,-25.8,-27.68,0,24
SIM_001960,Daulat Beg Oldie,5065.0,ROOF,FLOOR,1.635,7.237,5.644,1.879,0.458,1.142,17.996,9.09,40.22,31.36,10.44,2.55,6.34,100.0,Add 100mm exterior roof insulation,Roof conduction loss dominates envelope heat transfer.,-50.48,-40.28,-43.74,0,24
SIM_001961,Galwan,4300.0,FLOOR,INFILTRATION,2.333,1.657,5.449,0.016,3.727,0.173,13.354,17.47,12.4,40.8,0.12,27.91,1.29,99.99,Install sub-base perimeter slab insulation,Ground conduction is primary heat drain.,-27.12,-18.39,-22.77,0,24
SIM_001962,Hanle,4500.0,FLOOR,WALL,4.854,1.093,15.726,0.7,1.142,0.095,23.611,20.56,4.63,66.61,2.97,4.84,0.4,100.01,Install sub-base perimeter slab insulation,Ground conduction is primary heat drain.,-27.06,-16.7,-21.44,0,24
SIM_001963,Nyoma,4180.0,FLOOR,WALL,5.931,5.449,31.153,1.595,5.661,0.272,50.06,11.85,10.88,62.23,3.19,11.31,0.54,100.0,Install sub-base perimeter slab insulation,Ground conduction is primary heat drain.,-27.16,-20.99,-23.85,0,24
SIM_001964,Chushul,4350.0,FLOOR,WALL,6.021,3.491,18.141,4.176,0.388,0.297,32.513,18.52,10.74,55.8,12.84,1.19,0.91,100.0,Install sub-base perimeter slab insulation,Ground conduction is primary heat drain.,-26.86,-19.29,-22.26,0,24
SIM_001965,Rezang La,5000.0,FLOOR,WALL,4.874,2.572,14.89,1.079,4.537,0.198,28.15,17.32,9.14,52.89,3.83,16.12,0.7,100.0,Install sub-base perimeter slab insulation,Ground conduction is primary heat drain.,-29.23,-22.72,-25.58,0,24
SIM_001966,Pangong,4250.0,WALL,FLOOR,4.758,0.611,3.373,0.172,2.627,0.229,11.769,40.43,5.19,28.66,1.46,22.32,1.95,100.01,Add 75mm exterior insulation (EPS/rockwool),Wall conduction accounts for highest percentage of heat loss.,-19.62,-13.24,-16.23,0,24
SIM_001967,Depsang,5330.0,WALL,FLOOR,5.035,0.648,4.585,0.353,3.392,0.074,14.088,35.74,4.6,32.55,2.5,24.08,0.53,100.0,Add 75mm exterior insulation (EPS/rockwool),Wall conduction accounts for highest percentage of heat loss.,-32.41,-29.99,-31.18,0,24
SIM_001968,Kargil,2676.0,FLOOR,INFILTRATION,1.892,2.661,20.765,2.05,7.4,0.106,34.873,5.42,7.63,59.54,5.88,21.22,0.3,99.99,Install sub-base perimeter slab insulation,Ground conduction is primary heat drain.,-22.81,-18.74,-20.0,0,24
SIM_001969,Leh,3500.0,FLOOR,INFILTRATION,4.483,1.114,14.765,1.302,4.617,0.124,26.405,16.98,4.22,55.91,4.93,17.48,0.47,99.99,Install sub-base perimeter slab insulation,Ground conduction is primary heat drain.,-12.85,-5.6,-8.39,0,24
SIM_001970,Dras,3280.0,ROOF,WALL,8.213,9.799,5.311,0.181,5.116,0.268,28.887,28.43,33.92,18.39,0.63,17.71,0.93,100.01,Add 100mm exterior roof insulation,Roof conduction loss dominates envelope heat transfer.,-29.71,-24.34,-26.66,0,24
SIM_001971,Siachen,5400.0,WALL,FLOOR,16.915,0.834,10.097,0.926,1.348,0.058,30.178,56.05,2.76,33.46,3.07,4.47,0.19,100.0,Add 75mm exterior insulation (EPS/rockwool),Wall conduction accounts for highest percentage of heat loss.,-42.73,-38.95,-40.38,0,24
SIM_001972,Daulat Beg Oldie,5065.0,ROOF,FLOOR,1.769,5.754,5.126,0.416,4.754,2.302,20.121,8.79,28.6,25.48,2.07,23.63,11.44,100.01,Add 100mm exterior roof insulation,Roof conduction loss dominates envelope heat transfer.,-35.13,-29.99,-32.24,0,24
SIM_001973,Galwan,4300.0,FLOOR,INFILTRATION,2.088,2.996,19.705,2.385,5.836,0.19,33.2,6.29,9.02,59.35,7.18,17.58,0.57,99.99,Install sub-base perimeter slab insulation,Ground conduction is primary heat drain.,-24.84,-19.25,-21.42,0,24
SIM_001974,Hanle,4500.0,FLOOR,INFILTRATION,1.482,0.893,4.538,0.221,3.74,0.015,10.889,13.61,8.2,41.67,2.03,34.35,0.14,100.0,Install sub-base perimeter slab insulation,Ground conduction is primary heat drain.,-19.88,-13.48,-16.48,0,24
SIM_001975,Nyoma,4180.0,FLOOR,ROOF,1.412,5.224,5.503,0.046,2.37,0.053,14.608,9.66,35.76,37.67,0.32,16.22,0.36,99.99,Install sub-base perimeter slab insulation,Ground conduction is primary heat drain.,-23.48,-11.88,-17.36,0,24
SIM_001976,Chushul,4350.0,FLOOR,INFILTRATION,2.522,0.952,10.321,2.441,4.507,0.059,20.803,12.12,4.58,49.61,11.74,21.67,0.29,100.01,Install sub-base perimeter slab insulation,Ground conduction is primary heat drain.,-36.16,-27.49,-31.08,0,24
SIM_001977,Rezang La,5000.0,FLOOR,INFILTRATION,1.787,2.145,9.62,0.425,4.462,0.207,18.646,9.58,11.51,51.59,2.28,23.93,1.11,100.0,Install sub-base perimeter slab insulation,Ground conduction is primary heat drain.,-27.81,-23.15,-25.16,0,24
SIM_001978,Pangong,4250.0,WALL,FLOOR,3.05,0.351,1.689,0.013,1.592,0.007,6.703,45.5,5.24,25.2,0.2,23.75,0.11,100.0,Add 75mm exterior insulation (EPS/rockwool),Wall conduction accounts for highest percentage of heat loss.,-27.01,-22.0,-24.44,0,24
SIM_001979,Depsang,5330.0,FLOOR,INFILTRATION,3.309,1.52,16.629,1.196,7.06,0.162,29.875,11.07,5.09,55.66,4.0,23.63,0.54,99.99,Install sub-base perimeter slab insulation,Ground conduction is primary heat drain.,-44.78,-36.91,-39.85,0,24
SIM_001980,Kargil,2676.0,FLOOR,INFILTRATION,1.295,1.83,7.9,0.037,2.128,0.058,13.248,9.77,13.81,59.63,0.28,16.06,0.44,99.99,Install sub-base perimeter slab insulation,Ground conduction is primary heat drain.,-13.8,-8.93,-11.37,0,24
SIM_001981,Leh,3500.0,WALL,FLOOR,13.619,0.871,7.451,0.193,1.383,0.161,23.678,57.52,3.68,31.47,0.82,5.84,0.68,100.01,Add 75mm exterior insulation (EPS/rockwool),Wall conduction accounts for highest percentage of heat loss.,-12.58,-9.38,-11.02,0,24
SIM_001982,Dras,3280.0,FLOOR,INFILTRATION,1.324,0.304,3.928,0.647,1.475,0.126,7.804,16.96,3.89,50.34,8.29,18.9,1.62,100.0,Install sub-base perimeter slab insulation,Ground conduction is primary heat drain.,-22.41,-15.47,-18.37,0,24
SIM_001983,Siachen,5400.0,FLOOR,INFILTRATION,1.034,0.693,9.204,3.059,5.395,0.087,19.472,5.31,3.56,47.27,15.71,27.71,0.45,100.01,Install sub-base perimeter slab insulation,Ground conduction is primary heat drain.,-34.09,-26.15,-29.15,0,24
SIM_001984,Daulat Beg Oldie,5065.0,FLOOR,WALL,2.537,1.227,10.749,0.233,0.59,0.074,15.41,16.46,7.96,69.75,1.51,3.83,0.48,99.99,Install sub-base perimeter slab insulation,Ground conduction is primary heat drain.,-40.46,-37.24,-39.05,0,24
SIM_001985,Galwan,4300.0,FLOOR,INFILTRATION,1.711,2.099,8.198,1.646,4.681,0.107,18.441,9.28,11.38,44.45,8.92,25.38,0.58,99.99,Install sub-base perimeter slab insulation,Ground conduction is primary heat drain.,-25.83,-16.31,-20.29,0,24
SIM_001986,Hanle,4500.0,FLOOR,INFILTRATION,1.893,3.751,15.76,0.437,5.318,0.237,27.396,6.91,13.69,57.53,1.6,19.41,0.87,100.01,Install sub-base perimeter slab insulation,Ground conduction is primary heat drain.,-26.17,-17.33,-21.5,0,24
SIM_001987,Nyoma,4180.0,WALL,FLOOR,7.029,0.798,5.958,0.198,5.18,0.041,19.203,36.6,4.16,31.03,1.03,26.97,0.21,100.0,Add 75mm exterior insulation (EPS/rockwool),Wall conduction accounts for highest percentage of heat loss.,-31.4,-25.59,-28.55,0,24
SIM_001988,Chushul,4350.0,FLOOR,ROOF,1.17,1.967,6.973,0.317,0.821,0.271,11.519,10.16,17.08,60.53,2.75,7.13,2.36,100.01,Install sub-base perimeter slab insulation,Ground conduction is primary heat drain.,-23.72,-19.4,-21.48,0,24
SIM_001989,Rezang La,5000.0,WALL,FLOOR,7.532,0.384,3.424,0.515,3.24,0.044,15.14,49.75,2.54,22.62,3.4,21.4,0.29,100.0,Add 75mm exterior insulation (EPS/rockwool),Wall conduction accounts for highest percentage of heat loss.,-28.7,-26.16,-27.03,0,24
SIM_001990,Pangong,4250.0,ROOF,FLOOR,1.494,5.833,4.155,0.551,0.426,2.37,14.829,10.07,39.34,28.02,3.72,2.87,15.98,100.0,Add 100mm exterior roof insulation,Roof conduction loss dominates envelope heat transfer.,-20.23,-14.01,-16.29,0,24
SIM_001991,Depsang,5330.0,FLOOR,WALL,3.59,1.65,11.674,1.8,2.925,0.221,21.859,16.42,7.55,53.41,8.23,13.38,1.01,100.0,Install sub-base perimeter slab insulation,Ground conduction is primary heat drain.,-30.98,-27.14,-28.96,0,24
SIM_001992,Kargil,2676.0,FLOOR,INFILTRATION,2.108,2.898,17.796,0.45,5.761,0.276,29.289,7.2,9.9,60.76,1.54,19.67,0.94,100.01,Install sub-base perimeter slab insulation,Ground conduction is primary heat drain.,-23.19,-19.03,-20.96,0,24
SIM_001993,Leh,3500.0,FLOOR,INFILTRATION,4.443,5.301,17.194,0.613,7.611,0.6,35.76,12.42,14.82,48.08,1.71,21.28,1.68,99.99,Install sub-base perimeter slab insulation,Ground conduction is primary heat drain.,-8.98,-4.34,-6.57,0,24
SIM_001994,Dras,3280.0,FLOOR,INFILTRATION,2.007,0.615,10.536,1.145,5.028,0.094,19.425,10.33,3.17,54.24,5.9,25.88,0.48,100.0,Install sub-base perimeter slab insulation,Ground conduction is primary heat drain.,-28.46,-19.37,-22.94,0,24
SIM_001995,Siachen,5400.0,FLOOR,INFILTRATION,2.903,0.727,11.833,0.626,7.191,0.098,23.378,12.42,3.11,50.62,2.68,30.76,0.42,100.01,Install sub-base perimeter slab insulation,Ground conduction is primary heat drain.,-43.09,-38.55,-40.42,0,24
SIM_001996,Daulat Beg Oldie,5065.0,FLOOR,INFILTRATION,1.737,2.373,13.038,3.608,9.622,0.34,30.718,5.66,7.73,42.44,11.74,31.32,1.11,100.0,Install sub-base perimeter slab insulation,Ground conduction is primary heat drain.,-32.77,-26.07,-28.35,0,24
SIM_001997,Galwan,4300.0,FLOOR,INFILTRATION,1.9,0.645,3.435,0.386,2.289,0.167,8.822,21.53,7.31,38.93,4.38,25.95,1.89,99.99,Install sub-base perimeter slab insulation,Ground conduction is primary heat drain.,-26.44,-22.7,-24.33,0,24
SIM_001998,Hanle,4500.0,FLOOR,INFILTRATION,1.256,1.8,5.527,0.038,2.731,0.214,11.567,10.86,15.56,47.78,0.33,23.61,1.85,99.99,Install sub-base perimeter slab insulation,Ground conduction is primary heat drain.,-19.38,-11.57,-15.56,0,24
SIM_001999,Nyoma,4180.0,FLOOR,INFILTRATION,3.128,1.078,9.395,2.234,4.029,0.016,19.88,15.73,5.42,47.26,11.24,20.27,0.08,100.0,Install sub-base perimeter slab insulation,Ground conduction is primary heat drain.,-20.4,-13.45,-16.57,0,24
SIM_002000,Chushul,4350.0,ROOF,INFILTRATION,3.376,3.679,2.764,0.151,3.5,0.502,13.973,24.16,26.33,19.78,1.08,25.05,3.59,99.99,Add 100mm exterior roof insulation,Roof conduction loss dominates envelope heat transfer.,-39.65,-33.91,-36.61,0,24
SIM_002001,Rezang La,5000.0,INFILTRATION,FLOOR,3.635,2.458,3.966,0.095,4.063,0.257,14.473,25.11,16.98,27.4,0.66,28.07,1.77,99.99,Perimeter weatherstripping and door draft seals,High air exchange rate is flushing interior thermal energy.,-28.45,-25.23,-26.82,0,24
SIM_002002,Pangong,4250.0,FLOOR,INFILTRATION,2.255,1.87,11.332,1.659,2.403,0.122,19.641,11.48,9.52,57.7,8.45,12.23,0.62,100.0,Install sub-base perimeter slab insulation,Ground conduction is primary heat drain.,-22.28,-18.82,-19.83,0,24
SIM_002003,Depsang,5330.0,WALL,FLOOR,14.267,1.23,9.043,0.128,4.114,0.146,28.929,49.32,4.25,31.26,0.44,14.22,0.51,100.0,Add 75mm exterior insulation (EPS/rockwool),Wall conduction accounts for highest percentage of heat loss.,-46.27,-38.57,-42.25,0,24
SIM_002004,Kargil,2676.0,FLOOR,INFILTRATION,4.909,1.798,9.518,2.744,5.031,0.2,24.199,20.28,7.43,39.33,11.34,20.79,0.83,100.0,Install sub-base perimeter slab insulation,Ground conduction is primary heat drain.,-11.71,-7.88,-9.19,0,24
SIM_002005,Leh,3500.0,FLOOR,INFILTRATION,0.665,0.566,4.692,0.304,1.649,0.013,7.889,8.43,7.18,59.48,3.85,20.9,0.16,100.0,Install sub-base perimeter slab insulation,Ground conduction is primary heat drain.,-14.73,-11.04,-12.38,0,24
SIM_002006,Dras,3280.0,FLOOR,GLAZING,2.418,1.567,19.486,5.069,2.095,0.052,30.688,7.88,5.11,63.5,16.52,6.83,0.17,100.01,Install sub-base perimeter slab insulation,Ground conduction is primary heat drain.,-17.97,-6.72,-11.03,0,24
SIM_002007,Siachen,5400.0,ROOF,WALL,7.633,9.827,5.235,0.049,3.064,0.057,25.865,29.51,37.99,20.24,0.19,11.85,0.22,100.0,Add 100mm exterior roof insulation,Roof conduction loss dominates envelope heat transfer.,-36.2,-28.83,-32.33,0,24
SIM_002008,Daulat Beg Oldie,5065.0,FLOOR,INFILTRATION,1.632,1.884,5.77,0.546,3.098,0.191,13.121,12.44,14.36,43.98,4.16,23.61,1.45,100.0,Install sub-base perimeter slab insulation,Ground conduction is primary heat drain.,-47.0,-41.95,-43.69,0,24
SIM_002009,Galwan,4300.0,FLOOR,INFILTRATION,3.808,1.554,11.832,0.39,5.849,0.107,23.538,16.18,6.6,50.27,1.66,24.85,0.45,100.01,Install sub-base perimeter slab insulation,Ground conduction is primary heat drain.,-23.7,-17.21,-20.35,0,24
SIM_002010,Hanle,4500.0,FLOOR,INFILTRATION,2.689,1.206,12.26,2.245,5.343,0.094,23.837,11.28,5.06,51.43,9.42,22.41,0.39,99.99,Install sub-base perimeter slab insulation,Ground conduction is primary heat drain.,-29.81,-17.11,-21.79,0,24
SIM_002011,Nyoma,4180.0,FLOOR,ROOF,2.054,9.287,9.622,0.112,3.135,0.263,24.473,8.39,37.95,39.32,0.46,12.81,1.07,100.0,Install sub-base perimeter slab insulation,Ground conduction is primary heat drain.,-32.9,-24.4,-27.94,0,24
SIM_002012,Chushul,4350.0,WALL,FLOOR,9.346,0.892,5.105,0.374,1.447,0.086,17.25,54.18,5.17,29.59,2.17,8.39,0.5,100.0,Add 75mm exterior insulation (EPS/rockwool),Wall conduction accounts for highest percentage of heat loss.,-23.81,-22.4,-23.24,0,24
SIM_002013,Rezang La,5000.0,FLOOR,GLAZING,1.934,1.6,7.504,2.332,0.346,0.203,13.919,13.9,11.49,53.91,16.76,2.49,1.46,100.01,Install sub-base perimeter slab insulation,Ground conduction is primary heat drain.,-31.42,-26.91,-28.69,0,24
SIM_002014,Pangong,4250.0,ROOF,FLOOR,1.553,22.43,13.833,0.688,5.463,3.334,47.3,3.28,47.42,29.24,1.46,11.55,7.05,100.0,Add 100mm exterior roof insulation,Roof conduction loss dominates envelope heat transfer.,-20.26,-9.4,-13.84,0,24
SIM_002015,Depsang,5330.0,WALL,FLOOR,13.207,1.806,11.309,0.373,1.191,0.047,27.934,47.28,6.47,40.48,1.34,4.27,0.17,100.01,Add 75mm exterior insulation (EPS/rockwool),Wall conduction accounts for highest percentage of heat loss.,-32.78,-29.11,-30.98,0,24
SIM_002016,Kargil,2676.0,FLOOR,INFILTRATION,0.466,1.964,4.528,0.02,4.503,0.286,11.767,3.96,16.69,38.48,0.17,38.27,2.43,100.0,Install sub-base perimeter slab insulation,Ground conduction is primary heat drain.,-26.77,-23.02,-24.81,0,24
SIM_002017,Leh,3500.0,WALL,FLOOR,11.515,0.924,6.576,0.136,5.634,0.112,24.897,46.25,3.71,26.41,0.55,22.63,0.45,100.0,Add 75mm exterior insulation (EPS/rockwool),Wall conduction accounts for highest percentage of heat loss.,-14.13,-6.23,-9.92,0,24
SIM_002018,Dras,3280.0,ROOF,FLOOR,0.802,9.63,8.158,0.419,2.378,1.709,23.098,3.47,41.69,35.32,1.82,10.3,7.4,100.0,Add 100mm exterior roof insulation,Roof conduction loss dominates envelope heat transfer.,-34.37,-21.6,-26.79,0,24
SIM_002019,Siachen,5400.0,ROOF,FLOOR,0.248,1.844,1.843,0.035,0.51,0.179,4.66,5.33,39.58,39.54,0.76,10.94,3.85,100.0,Add 100mm exterior roof insulation,Roof conduction loss dominates envelope heat transfer.,-44.48,-42.34,-43.44,0,24
SIM_002020,Daulat Beg Oldie,5065.0,ROOF,FLOOR,2.276,14.86,10.045,0.673,3.266,3.372,34.491,6.6,43.08,29.12,1.95,9.47,9.78,100.0,Add 100mm exterior roof insulation,Roof conduction loss dominates envelope heat transfer.,-34.74,-29.14,-31.41,0,24
SIM_002021,Galwan,4300.0,WALL,FLOOR,13.241,2.104,8.522,1.519,6.241,0.174,31.801,41.64,6.61,26.8,4.78,19.62,0.55,100.0,Add 75mm exterior insulation (EPS/rockwool),Wall conduction accounts for highest percentage of heat loss.,-25.89,-21.57,-23.46,0,24
SIM_002022,Hanle,4500.0,ROOF,FLOOR,1.279,5.517,5.089,0.997,4.151,1.322,18.355,6.97,30.06,27.73,5.43,22.61,7.2,100.0,Add 100mm exterior roof insulation,Roof conduction loss dominates envelope heat transfer.,-20.46,-10.46,-14.54,0,24
SIM_002023,Nyoma,4180.0,FLOOR,INFILTRATION,1.209,0.352,6.46,0.91,1.662,0.089,10.682,11.32,3.29,60.48,8.52,15.55,0.84,100.0,Install sub-base perimeter slab insulation,Ground conduction is primary heat drain.,-22.08,-12.11,-16.63,0,24
SIM_002024,Chushul,4350.0,FLOOR,INFILTRATION,2.495,0.75,13.572,1.639,4.935,0.066,23.457,10.64,3.2,57.86,6.99,21.04,0.28,100.01,Install sub-base perimeter slab insulation,Ground conduction is primary heat drain.,-39.53,-28.15,-32.97,0,24
SIM_002025,Rezang La,5000.0,WALL,FLOOR,11.104,0.992,6.856,1.076,6.656,0.181,26.865,41.33,3.69,25.52,4.0,24.78,0.67,99.99,Add 75mm exterior insulation (EPS/rockwool),Wall conduction accounts for highest percentage of heat loss.,-26.35,-23.65,-24.87,0,24
SIM_002026,Pangong,4250.0,FLOOR,INFILTRATION,3.992,1.649,14.233,1.361,9.875,0.222,31.333,12.74,5.26,45.42,4.34,31.52,0.71,99.99,Install sub-base perimeter slab insulation,Ground conduction is primary heat drain.,-26.01,-18.22,-21.22,0,24
SIM_002027,Depsang,5330.0,ROOF,FLOOR,4.934,19.49,17.029,1.65,5.478,1.862,50.443,9.78,38.64,33.76,3.27,10.86,3.69,100.0,Add 100mm exterior roof insulation,Roof conduction loss dominates envelope heat transfer.,-47.48,-39.89,-42.47,0,24
SIM_002028,Kargil,2676.0,FLOOR,INFILTRATION,9.068,2.085,34.1,1.543,13.793,0.089,60.679,14.94,3.44,56.2,2.54,22.73,0.15,100.0,Install sub-base perimeter slab insulation,Ground conduction is primary heat drain.,-10.03,-4.78,-6.52,0,24
SIM_002029,Leh,3500.0,FLOOR,INFILTRATION,2.034,2.905,20.183,1.305,14.535,0.267,41.23,4.93,7.05,48.95,3.16,35.25,0.65,99.99,Install sub-base perimeter slab insulation,Ground conduction is primary heat drain.,-15.31,-6.83,-10.34,0,24
SIM_002030,Dras,3280.0,ROOF,FLOOR,2.822,16.565,11.088,1.493,2.903,2.914,37.785,7.47,43.84,29.34,3.95,7.68,7.71,99.99,Add 100mm exterior roof insulation,Roof conduction loss dominates envelope heat transfer.,-18.32,-14.21,-16.17,0,24
SIM_002031,Siachen,5400.0,WALL,FLOOR,7.116,1.689,6.487,0.432,0.221,0.003,15.947,44.62,10.59,40.68,2.71,1.39,0.02,100.01,Add 75mm exterior insulation (EPS/rockwool),Wall conduction accounts for highest percentage of heat loss.,-33.15,-29.05,-31.11,0,24
SIM_002032,Daulat Beg Oldie,5065.0,FLOOR,WALL,2.44,1.909,9.826,0.641,1.109,0.128,16.052,15.2,11.89,61.21,3.99,6.91,0.8,100.0,Install sub-base perimeter slab insulation,Ground conduction is primary heat drain.,-46.2,-38.46,-41.93,0,24
SIM_002033,Galwan,4300.0,FLOOR,INFILTRATION,1.781,1.305,11.879,1.251,8.0,0.126,24.343,7.32,5.36,48.8,5.14,32.86,0.52,100.0,Install sub-base perimeter slab insulation,Ground conduction is primary heat drain.,-23.17,-17.52,-19.62,0,24
SIM_002034,Hanle,4500.0,FLOOR,WALL,3.009,0.789,10.09,1.364,2.968,0.259,18.479,16.28,4.27,54.6,7.38,16.06,1.4,99.99,Install sub-base perimeter slab insulation,Ground conduction is primary heat drain.,-29.29,-20.41,-23.77,0,24
SIM_002035,Nyoma,4180.0,FLOOR,INFILTRATION,2.145,2.724,25.39,0.345,4.75,0.258,35.613,6.02,7.65,71.3,0.97,13.34,0.72,100.0,Install sub-base perimeter slab insulation,Ground conduction is primary heat drain.,-26.27,-22.01,-24.3,0,24
SIM_002036,Chushul,4350.0,WALL,FLOOR,7.541,1.091,6.211,0.626,1.633,0.126,17.228,43.77,6.33,36.05,3.64,9.48,0.73,100.0,Add 75mm exterior insulation (EPS/rockwool),Wall conduction accounts for highest percentage of heat loss.,-24.74,-22.56,-23.34,0,24
SIM_002037,Rezang La,5000.0,FLOOR,WALL,3.727,0.775,9.806,2.787,2.814,0.049,19.959,18.68,3.88,49.13,13.96,14.1,0.24,99.99,Install sub-base perimeter slab insulation,Ground conduction is primary heat drain.,-29.24,-21.62,-24.82,0,24
SIM_002038,Pangong,4250.0,FLOOR,ROOF,2.257,10.323,10.867,0.661,3.656,0.843,28.606,7.89,36.09,37.99,2.31,12.78,2.95,100.01,Install sub-base perimeter slab insulation,Ground conduction is primary heat drain.,-21.44,-12.85,-16.03,0,24
SIM_002039,Depsang,5330.0,FLOOR,INFILTRATION,1.83,0.188,3.245,0.0,2.245,0.013,7.521,24.32,2.5,43.15,0.0,29.84,0.18,99.99,Install sub-base perimeter slab insulation,Ground conduction is primary heat drain.,-32.66,-28.83,-30.74,0,24
SIM_002040,Kargil,2676.0,FLOOR,WALL,6.554,1.611,22.984,4.017,1.896,0.067,37.129,17.65,4.34,61.9,10.82,5.11,0.18,100.0,Install sub-base perimeter slab insulation,Ground conduction is primary heat drain.,-23.32,-16.8,-19.44,0,24
SIM_002041,Leh,3500.0,ROOF,INFILTRATION,1.595,3.854,3.177,0.141,3.516,1.549,13.832,11.53,27.86,22.97,1.02,25.42,11.2,100.0,Add 100mm exterior roof insulation,Roof conduction loss dominates envelope heat transfer.,-14.27,-8.48,-11.22,0,24
SIM_002042,Dras,3280.0,ROOF,FLOOR,1.722,13.97,13.931,1.394,3.931,2.896,37.844,4.55,36.92,36.81,3.68,10.39,7.65,100.0,Add 100mm exterior roof insulation,Roof conduction loss dominates envelope heat transfer.,-34.85,-20.98,-26.63,0,24
SIM_002043,Siachen,5400.0,FLOOR,WALL,7.57,1.385,10.186,0.298,6.822,0.222,26.482,28.58,5.23,38.46,1.12,25.76,0.84,99.99,Install sub-base perimeter slab insulation,Ground conduction is primary heat drain.,-41.59,-39.07,-40.3,0,24
SIM_002044,Daulat Beg Oldie,5065.0,ROOF,FLOOR,2.688,16.056,12.784,0.536,0.891,3.143,36.098,7.45,44.48,35.41,1.48,2.47,8.71,100.0,Add 100mm exterior roof insulation,Roof conduction loss dominates envelope heat transfer.,-40.16,-27.46,-32.16,0,24
SIM_002045,Galwan,4300.0,FLOOR,INFILTRATION,2.155,1.059,14.787,1.034,3.017,0.094,22.146,9.73,4.78,66.77,4.67,13.63,0.43,100.01,Install sub-base perimeter slab insulation,Ground conduction is primary heat drain.,-24.49,-17.37,-19.92,0,24
SIM_002046,Hanle,4500.0,WALL,INFILTRATION,7.92,0.557,6.329,0.329,6.875,0.286,22.296,35.52,2.5,28.39,1.48,30.84,1.28,100.01,Add 75mm exterior insulation (EPS/rockwool),Wall conduction accounts for highest percentage of heat loss.,-20.3,-12.74,-16.29,0,24
SIM_002047,Nyoma,4180.0,FLOOR,INFILTRATION,7.437,1.2,16.137,0.629,8.574,0.128,34.105,21.81,3.52,47.32,1.84,25.14,0.38,100.01,Install sub-base perimeter slab insulation,Ground conduction is primary heat drain.,-18.94,-10.59,-14.61,0,24
SIM_002048,Chushul,4350.0,FLOOR,ROOF,5.778,5.787,7.011,0.708,3.164,2.256,24.704,23.39,23.43,28.38,2.86,12.81,9.13,100.0,Install sub-base perimeter slab insulation,Ground conduction is primary heat drain.,-37.41,-33.05,-35.01,0,24
SIM_002049,Rezang La,5000.0,FLOOR,INFILTRATION,3.292,0.828,13.708,0.926,5.751,0.097,24.602,13.38,3.36,55.72,3.76,23.38,0.4,100.0,Install sub-base perimeter slab insulation,Ground conduction is primary heat drain.,-29.36,-22.13,-24.81,0,24
SIM_002050,Pangong,4250.0,FLOOR,INFILTRATION,1.539,0.761,11.671,1.046,7.29,0.144,22.452,6.85,3.39,51.98,4.66,32.47,0.64,99.99,Install sub-base perimeter slab insulation,Ground conduction is primary heat drain.,-26.92,-17.22,-21.75,0,24
SIM_002051,Depsang,5330.0,FLOOR,INFILTRATION,3.577,4.628,15.566,0.288,5.504,0.449,30.012,11.92,15.42,51.87,0.96,18.34,1.5,100.01,Install sub-base perimeter slab insulation,Ground conduction is primary heat drain.,-44.79,-36.41,-40.26,0,24
SIM_002052,Kargil,2676.0,FLOOR,WALL,6.703,3.242,20.895,1.238,6.116,0.112,38.305,17.5,8.46,54.55,3.23,15.97,0.29,100.0,Install sub-base perimeter slab insulation,Ground conduction is primary heat drain.,-10.76,-6.38,-7.81,0,24
SIM_002053,Leh,3500.0,FLOOR,INFILTRATION,7.064,1.924,15.159,0.729,12.664,0.114,37.654,18.76,5.11,40.26,1.94,33.63,0.3,100.0,Install sub-base perimeter slab insulation,Ground conduction is primary heat drain.,-14.04,-8.34,-10.8,0,24
SIM_002054,Dras,3280.0,FLOOR,INFILTRATION,1.825,1.462,8.233,0.755,7.052,0.645,19.972,9.14,7.32,41.22,3.78,35.31,3.23,100.0,Install sub-base perimeter slab insulation,Ground conduction is primary heat drain.,-21.74,-15.53,-17.86,0,24
SIM_002055,Siachen,5400.0,FLOOR,INFILTRATION,2.629,0.922,10.433,0.605,5.903,0.265,20.758,12.67,4.44,50.26,2.92,28.44,1.28,100.01,Install sub-base perimeter slab insulation,Ground conduction is primary heat drain.,-32.61,-28.69,-30.59,0,24
SIM_002056,Daulat Beg Oldie,5065.0,FLOOR,INFILTRATION,1.813,1.377,17.099,0.689,6.092,0.19,27.261,6.65,5.05,62.72,2.53,22.35,0.7,100.0,Install sub-base perimeter slab insulation,Ground conduction is primary heat drain.,-45.07,-36.9,-40.27,0,24
SIM_002057,Galwan,4300.0,FLOOR,INFILTRATION,5.14,0.851,10.966,0.251,7.858,0.166,25.232,20.37,3.37,43.46,1.0,31.14,0.66,100.0,Install sub-base perimeter slab insulation,Ground conduction is primary heat drain.,-24.11,-17.91,-20.49,0,24
SIM_002058,Hanle,4500.0,FLOOR,WALL,5.49,2.159,8.126,1.858,3.063,0.341,21.037,26.1,10.26,38.63,8.83,14.56,1.62,100.0,Install sub-base perimeter slab insulation,Ground conduction is primary heat drain.,-25.8,-19.49,-21.48,0,24
SIM_002059,Nyoma,4180.0,ROOF,FLOOR,1.394,14.589,12.899,1.402,3.228,1.509,35.021,3.98,41.66,36.83,4.0,9.22,4.31,100.0,Add 100mm exterior roof insulation,Roof conduction loss dominates envelope heat transfer.,-32.59,-23.38,-26.77,0,24
SIM_002060,Chushul,4350.0,FLOOR,GLAZING,2.474,0.964,11.291,5.863,1.757,0.055,22.404,11.04,4.3,50.4,26.17,7.84,0.25,100.0,Install sub-base perimeter slab insulation,Ground conduction is primary heat drain.,-27.91,-16.37,-20.76,0,24
SIM_002061,Rezang La,5000.0,WALL,FLOOR,11.729,1.063,7.229,2.406,5.656,0.101,28.185,41.62,3.77,25.65,8.54,20.07,0.36,100.01,Add 75mm exterior insulation (EPS/rockwool),Wall conduction accounts for highest percentage of heat loss.,-29.57,-26.4,-27.47,0,24
SIM_002062,Pangong,4250.0,FLOOR,INFILTRATION,1.67,0.7,5.421,0.602,1.932,0.126,10.452,15.98,6.7,51.87,5.76,18.48,1.21,100.0,Install sub-base perimeter slab insulation,Ground conduction is primary heat drain.,-20.02,-11.73,-15.29,0,24
SIM_002063,Depsang,5330.0,FLOOR,WALL,4.697,0.98,12.365,1.364,1.095,0.067,20.569,22.84,4.76,60.12,6.63,5.33,0.33,100.01,Install sub-base perimeter slab insulation,Ground conduction is primary heat drain.,-33.65,-27.63,-30.36,0,24
SIM_002064,Kargil,2676.0,FLOOR,WALL,3.374,1.192,8.926,2.516,1.011,0.082,17.101,19.73,6.97,52.2,14.72,5.91,0.48,100.01,Install sub-base perimeter slab insulation,Ground conduction is primary heat drain.,-24.29,-18.84,-21.03,0,24
SIM_002065,Leh,3500.0,WALL,FLOOR,6.923,0.453,3.966,0.975,2.959,0.024,15.301,45.25,2.96,25.92,6.37,19.34,0.15,99.99,Add 75mm exterior insulation (EPS/rockwool),Wall conduction accounts for highest percentage of heat loss.,-11.84,-7.68,-9.52,0,24
SIM_002066,Dras,3280.0,FLOOR,INFILTRATION,2.399,1.201,9.336,0.154,2.912,0.097,16.099,14.9,7.46,57.99,0.96,18.09,0.61,100.01,Install sub-base perimeter slab insulation,Ground conduction is primary heat drain.,-26.44,-21.87,-24.16,0,24
SIM_002067,Siachen,5400.0,FLOOR,GLAZING,2.317,0.842,10.576,2.73,2.163,0.066,18.695,12.4,4.5,56.57,14.6,11.57,0.36,100.0,Install sub-base perimeter slab insulation,Ground conduction is primary heat drain.,-43.54,-34.45,-38.96,0,24
SIM_002068,Daulat Beg Oldie,5065.0,ROOF,FLOOR,0.513,4.05,2.776,0.054,2.13,1.687,11.209,4.57,36.13,24.77,0.48,19.0,15.05,100.0,Add 100mm exterior roof insulation,Roof conduction loss dominates envelope heat transfer.,-37.08,-28.97,-32.78,0,24
SIM_002069,Galwan,4300.0,FLOOR,INFILTRATION,4.089,2.352,21.146,1.841,7.156,0.204,36.788,11.12,6.39,57.48,5.0,19.45,0.56,100.0,Install sub-base perimeter slab insulation,Ground conduction is primary heat drain.,-22.8,-16.95,-19.28,0,24
SIM_002070,Hanle,4500.0,FLOOR,INFILTRATION,4.67,3.463,29.594,2.508,14.225,0.192,54.653,8.54,6.34,54.15,4.59,26.03,0.35,100.0,Install sub-base perimeter slab insulation,Ground conduction is primary heat drain.,-20.39,-6.36,-12.24,0,24
SIM_002071,Nyoma,4180.0,FLOOR,WALL,2.797,0.605,9.102,0.245,2.454,0.066,15.268,18.32,3.97,59.61,1.6,16.07,0.43,100.0,Install sub-base perimeter slab insulation,Ground conduction is primary heat drain.,-18.04,-12.57,-15.32,0,24
SIM_002072,Chushul,4350.0,FLOOR,INFILTRATION,2.417,1.495,9.953,1.384,2.847,0.129,18.223,13.26,8.2,54.62,7.59,15.62,0.71,100.0,Install sub-base perimeter slab insulation,Ground conduction is primary heat drain.,-37.63,-31.2,-33.69,0,24
SIM_002073,Rezang La,5000.0,WALL,FLOOR,18.043,2.28,10.372,0.867,0.806,0.091,32.458,55.59,7.02,31.95,2.67,2.48,0.28,99.99,Add 75mm exterior insulation (EPS/rockwool),Wall conduction accounts for highest percentage of heat loss.,-25.71,-23.27,-24.56,0,24
SIM_002074,Pangong,4250.0,FLOOR,INFILTRATION,3.41,3.357,14.27,0.421,5.917,0.158,27.532,12.39,12.19,51.83,1.53,21.49,0.57,100.0,Install sub-base perimeter slab insulation,Ground conduction is primary heat drain.,-23.94,-17.46,-20.26,0,24
SIM_002075,Depsang,5330.0,FLOOR,INFILTRATION,3.167,0.82,10.083,1.144,6.997,0.081,22.292,14.21,3.68,45.23,5.13,31.39,0.36,100.0,Install sub-base perimeter slab insulation,Ground conduction is primary heat drain.,-43.48,-37.51,-40.03,0,24
SIM_002076,Kargil,2676.0,ROOF,WALL,11.577,11.671,7.168,0.692,3.34,0.66,35.109,32.98,33.24,20.42,1.97,9.51,1.88,100.0,Add 100mm exterior roof insulation,Roof conduction loss dominates envelope heat transfer.,-15.24,-9.73,-11.89,0,24
SIM_002077,Leh,3500.0,FLOOR,WALL,2.53,1.082,7.773,2.027,1.774,0.485,15.672,16.15,6.9,49.6,12.94,11.32,3.09,100.0,Install sub-base perimeter slab insulation,Ground conduction is primary heat drain.,-15.16,-10.84,-12.22,0,24
SIM_002078,Dras,3280.0,FLOOR,INFILTRATION,3.478,1.35,12.403,4.665,8.288,0.137,30.321,11.47,4.45,40.91,15.38,27.34,0.45,100.0,Install sub-base perimeter slab insulation,Ground conduction is primary heat drain.,-20.85,-13.82,-16.3,0,24
SIM_002079,Siachen,5400.0,FLOOR,INFILTRATION,1.692,0.954,10.458,0.044,6.116,0.074,19.338,8.75,4.93,54.08,0.23,31.62,0.39,100.0,Install sub-base perimeter slab insulation,Ground conduction is primary heat drain.,-31.25,-25.34,-28.29,0,24
SIM_002080,Daulat Beg Oldie,5065.0,FLOOR,INFILTRATION,0.529,0.599,3.942,0.155,2.674,0.254,8.153,6.49,7.34,48.35,1.9,32.8,3.12,100.0,Install sub-base perimeter slab insulation,Ground conduction is primary heat drain.,-46.31,-41.08,-43.68,0,24
SIM_002081,Galwan,4300.0,FLOOR,INFILTRATION,4.177,0.947,22.43,3.5,9.038,0.062,40.155,10.4,2.36,55.86,8.72,22.51,0.15,100.0,Install sub-base perimeter slab insulation,Ground conduction is primary heat drain.,-21.01,-13.55,-16.25,0,24
SIM_002082,Hanle,4500.0,FLOOR,INFILTRATION,4.714,2.06,27.488,3.824,5.235,0.266,43.587,10.82,4.73,63.06,8.77,12.01,0.61,100.0,Install sub-base perimeter slab insulation,Ground conduction is primary heat drain.,-23.32,-17.34,-19.81,0,24
SIM_002083,Nyoma,4180.0,ROOF,FLOOR,3.105,7.075,6.798,0.354,3.835,1.818,22.986,13.51,30.78,29.57,1.54,16.69,7.91,100.0,Add 100mm exterior roof insulation,Roof conduction loss dominates envelope heat transfer.,-29.08,-23.95,-26.4,0,24
SIM_002084,Chushul,4350.0,FLOOR,WALL,4.449,1.27,15.963,2.558,3.79,0.112,28.141,15.81,4.51,56.72,9.09,13.47,0.4,100.0,Install sub-base perimeter slab insulation,Ground conduction is primary heat drain.,-25.77,-15.99,-20.21,0,24
SIM_002085,Rezang La,5000.0,FLOOR,ROOF,0.851,5.82,6.91,0.167,5.557,1.989,21.294,4.0,27.33,32.45,0.78,26.1,9.34,100.0,Install sub-base perimeter slab insulation,Ground conduction is primary heat drain.,-29.93,-24.86,-27.17,0,24
SIM_002086,Pangong,4250.0,FLOOR,WALL,3.169,0.498,6.32,0.368,1.95,0.093,12.398,25.56,4.02,50.97,2.97,15.73,0.75,100.0,Install sub-base perimeter slab insulation,Ground conduction is primary heat drain.,-21.02,-10.52,-14.28,0,24
SIM_002087,Depsang,5330.0,WALL,ROOF,9.981,9.473,7.717,0.614,1.038,1.046,29.869,33.42,31.71,25.84,2.05,3.48,3.5,100.0,Add 75mm exterior insulation (EPS/rockwool),Wall conduction accounts for highest percentage of heat loss.,-33.59,-29.89,-31.71,0,24
SIM_002088,Kargil,2676.0,FLOOR,WALL,4.943,1.263,9.097,0.641,1.219,0.072,17.235,28.68,7.33,52.78,3.72,7.07,0.42,100.0,Install sub-base perimeter slab insulation,Ground conduction is primary heat drain.,-21.37,-17.49,-18.91,0,24
SIM_002089,Leh,3500.0,FLOOR,INFILTRATION,5.051,1.158,15.517,1.263,7.832,0.116,30.937,16.33,3.74,50.16,4.08,25.31,0.38,100.0,Install sub-base perimeter slab insulation,Ground conduction is primary heat drain.,-9.2,-4.33,-6.24,0,24
SIM_002090,Dras,3280.0,FLOOR,INFILTRATION,1.042,0.499,5.978,0.347,3.755,0.052,11.672,8.93,4.28,51.21,2.98,32.17,0.44,100.01,Install sub-base perimeter slab insulation,Ground conduction is primary heat drain.,-31.08,-22.72,-26.52,0,24
SIM_002091,Siachen,5400.0,WALL,FLOOR,3.246,1.476,2.832,0.262,2.324,0.148,10.288,31.56,14.34,27.53,2.55,22.59,1.44,100.01,Add 75mm exterior insulation (EPS/rockwool),Wall conduction accounts for highest percentage of heat loss.,-44.52,-41.85,-43.25,0,24
SIM_002092,Daulat Beg Oldie,5065.0,FLOOR,INFILTRATION,1.935,1.796,8.573,0.206,6.609,0.127,19.247,10.06,9.33,44.54,1.07,34.34,0.66,100.0,Install sub-base perimeter slab insulation,Ground conduction is primary heat drain.,-32.48,-27.69,-29.75,0,24
SIM_002093,Galwan,4300.0,WALL,FLOOR,14.256,1.413,10.14,1.245,10.108,0.162,37.325,38.19,3.79,27.17,3.34,27.08,0.43,100.0,Add 75mm exterior insulation (EPS/rockwool),Wall conduction accounts for highest percentage of heat loss.,-26.04,-21.52,-23.53,0,24
SIM_002094,Hanle,4500.0,WALL,FLOOR,4.518,0.219,3.312,0.891,2.353,0.189,11.481,39.35,1.91,28.85,7.76,20.49,1.64,100.0,Add 75mm exterior insulation (EPS/rockwool),Wall conduction accounts for highest percentage of heat loss.,-20.73,-13.39,-16.74,0,24
SIM_002095,Nyoma,4180.0,WALL,ROOF,4.764,3.67,2.526,0.644,2.101,0.75,14.455,32.96,25.39,17.47,4.45,14.54,5.19,100.0,Add 75mm exterior insulation (EPS/rockwool),Wall conduction accounts for highest percentage of heat loss.,-19.72,-16.41,-18.17,0,24
SIM_002096,Chushul,4350.0,FLOOR,INFILTRATION,5.154,1.666,18.799,0.828,11.417,0.231,38.096,13.53,4.37,49.35,2.17,29.97,0.61,100.0,Install sub-base perimeter slab insulation,Ground conduction is primary heat drain.,-37.9,-28.32,-32.45,0,24
SIM_002097,Rezang La,5000.0,FLOOR,WALL,2.368,0.457,5.313,1.028,1.844,0.051,11.061,21.41,4.13,48.03,9.29,16.67,0.46,99.99,Install sub-base perimeter slab insulation,Ground conduction is primary heat drain.,-29.74,-22.47,-25.27,0,24
SIM_002098,Pangong,4250.0,FLOOR,ROOF,1.688,6.916,8.148,1.776,3.971,1.894,24.393,6.92,28.35,33.4,7.28,16.28,7.77,100.0,Install sub-base perimeter slab insulation,Ground conduction is primary heat drain.,-25.3,-19.56,-21.64,0,24
SIM_002099,Depsang,5330.0,FLOOR,INFILTRATION,2.997,0.704,10.021,0.04,3.255,0.05,17.067,17.56,4.13,58.72,0.24,19.07,0.29,100.01,Install sub-base perimeter slab insulation,Ground conduction is primary heat drain.,-41.36,-36.61,-39.04,0,24
SIM_002100,Kargil,2676.0,FLOOR,INFILTRATION,2.026,1.232,4.182,0.144,2.678,0.166,10.428,19.43,11.81,40.1,1.38,25.68,1.59,99.99,Install sub-base perimeter slab insulation,Ground conduction is primary heat drain.,-17.63,-10.82,-13.48,0,24
